/**
 * generated by fontconvert.py
 * name: kimchi_ui_10_regular
 * size: 10
 * mode: 2-bit  compressed: true
 * Command used: python lib/EpdFont/scripts/convert-korean-fonts.py
 * Source copyright/licensing: source/KOREAN-FONTS.md and source/korean-font-sources.json.
 */
#pragma once
#include "EpdFontData.h"

static const uint8_t kimchi_ui_10_regularBitmaps[85654] = {
    0x85, 0x96, 0x3D, 0x8C, 0x1B, 0xC7, 0x15, 0xC7, 0x7F, 0xBB, 0x03, 0x6B, 0x91, 0x2C, 0xC4, 0x71,
    0xE1, 0x54, 0x36, 0x8F, 0x4D, 0x0A, 0x17, 0xA4, 0xD8, 0x08, 0x08, 0x81, 0x8C, 0x74, 0x93, 0xA4,
    0x70, 0x91, 0x22, 0x57, 0xB8, 0x87, 0x7B, 0x15, 0x51, 0x00, 0x16, 0x5B, 0x9C, 0xE5, 0x05, 0x5C,
    0xBA, 0x88, 0x8A, 0xF4, 0x50, 0x19, 0x90, 0x40, 0x48, 0x24, 0x2C, 0x08, 0x47, 0xB9, 0x1B, 0xC0,
    0x45, 0x8A, 0x00, 0xF6, 0x22, 0x29, 0x83, 0x04, 0x13, 0xB8, 0x31, 0x6C, 0x24, 0x79, 0x3A, 0x11,
    0x10, 0x45, 0x93, 0x9C, 0xCC, 0x80, 0xB9, 0x4F, 0xDF, 0x49, 0xF3, 0xFE, 0x8F, 0xB7, 0xFB, 0xDE,
    0x9B, 0x37, 0x73, 0xEF, 0x63, 0x66, 0xE5, 0x6C, 0x30, 0x5C, 0xCF, 0x9E, 0xBB, 0x53, 0xA2, 0x19,
    0x40, 0x73, 0x97, 0xCC, 0x3D, 0x64, 0x3F, 0x04, 0xDE, 0xFE, 0x7A, 0x85, 0xAA, 0x3D, 0xCA, 0x7A,
    0x0A, 0x1A, 0x1E, 0x8C, 0xBE, 0xE2, 0x38, 0x6C, 0x28, 0x73, 0x47, 0x2B, 0xF2, 0x6D, 0x55, 0x47,
    0xB6, 0xF0, 0x43, 0x30, 0x09, 0x79, 0xA8, 0xF5, 0x91, 0x74, 0xCD, 0xA1, 0x31, 0xEF, 0x1A, 0x43,
    0xE7, 0x90, 0x62, 0x0B, 0x1F, 0x79, 0xCC, 0x1C, 0x63, 0x86, 0x26, 0x8E, 0xAA, 0x7F, 0x2C, 0x45,
    0xA8, 0x31, 0x69, 0x56, 0xBF, 0xCE, 0xEB, 0x4F, 0x7D, 0x81, 0xC8, 0xED, 0xC8, 0x03, 0x3E, 0xF5,
    0xD3, 0x28, 0x73, 0x90, 0x9C, 0x96, 0xA5, 0xE7, 0x9D, 0x5E, 0xC5, 0x5D, 0x63, 0xF0, 0xC6, 0xE4,
    0xCE, 0x18, 0xC5, 0x9D, 0xF9, 0x6D, 0x4A, 0x5F, 0x2C, 0xE9, 0x1C, 0xD1, 0xD3, 0x74, 0x35, 0xED,
    0x3D, 0xF4, 0x9C, 0xC2, 0xD3, 0xF1, 0x1C, 0x56, 0x03, 0xE9, 0x55, 0x52, 0xCA, 0x42, 0xF9, 0xFB,
    0x93, 0x45, 0xB9, 0x34, 0x92, 0x46, 0x41, 0x8B, 0x2E, 0x86, 0x8A, 0x19, 0x53, 0xE4, 0x8C, 0xA6,
    0xCC, 0xA8, 0x30, 0x74, 0x69, 0x51, 0xF0, 0x10, 0x43, 0x9B, 0x16, 0x9A, 0xD2, 0x16, 0x56, 0xD5,
    0xA7, 0x54, 0xD8, 0xD2, 0x6A, 0x5A, 0xB4, 0x31, 0xD1, 0x06, 0xE1, 0x4D, 0xB1, 0xF7, 0x5E, 0xB8,
    0x72, 0x43, 0xB1, 0x21, 0x3E, 0xC4, 0x57, 0x84, 0x33, 0x8C, 0x56, 0x4F, 0x42, 0x90, 0x8B, 0x92,
    0xBD, 0xAE, 0x19, 0x0C, 0x47, 0x4F, 0x82, 0xC4, 0x60, 0xF3, 0x16, 0x77, 0x79, 0x88, 0xE0, 0xB3,
    0x26, 0x77, 0xD1, 0xBD, 0x2D, 0x28, 0x69, 0x71, 0x9B, 0x77, 0xE8, 0x32, 0x60, 0xC8, 0x94, 0x5B,
    0x2F, 0xE9, 0x4C, 0xAC, 0x51, 0x6E, 0x98, 0x35, 0x53, 0xBC, 0x20, 0x67, 0x88, 0xAF, 0x51, 0x18,
    0x55, 0xD1, 0x20, 0x9A, 0xE5, 0xD2, 0x91, 0x4A, 0x0E, 0x84, 0x6B, 0xA8, 0x5C, 0x72, 0x7F, 0xC2,
    0xAC, 0xA8, 0x45, 0x39, 0x22, 0x8A, 0x1A, 0x0D, 0xF7, 0x60, 0x81, 0x6A, 0x28, 0x2D, 0x3D, 0x38,
    0x1A, 0xA5, 0xBD, 0xE6, 0x5B, 0xF4, 0xB8, 0x31, 0xC8, 0x5B, 0x08, 0x78, 0x1E, 0x38, 0x8E, 0x2D,
    0x99, 0xC0, 0x00, 0x4C, 0x85, 0x31, 0x54, 0x9D, 0xB1, 0xCF, 0xB7, 0x96, 0xD2, 0xD1, 0x71, 0xEC,
    0x3B, 0xFE, 0xE0, 0xB2, 0xBF, 0x39, 0xF5, 0xB1, 0xD3, 0xCA, 0xF5, 0x94, 0xAB, 0x94, 0x5B, 0x8D,
    0xBF, 0x0A, 0x61, 0x8D, 0x72, 0x3B, 0xEC, 0x07, 0x77, 0x7F, 0x54, 0x0F, 0x60, 0x08, 0xBF, 0x3A,
    0xE0, 0x38, 0xB0, 0x2C, 0xDD, 0x41, 0xDE, 0x80, 0x8F, 0x78, 0x92, 0xF9, 0x59, 0xB4, 0x99, 0xD8,
    0x72, 0x49, 0x74, 0xAB, 0xC7, 0xDE, 0x30, 0x1B, 0xF2, 0xE6, 0xF4, 0x7D, 0x5E, 0x84, 0x7A, 0x9B,
    0xCB, 0x82, 0x99, 0x30, 0x88, 0x98, 0x52, 0x19, 0xA4, 0x33, 0x6E, 0xF2, 0x2D, 0x21, 0xC8, 0x68,
    0x24, 0xE4, 0x0D, 0xCA, 0x51, 0x5A, 0x34, 0x74, 0xA1, 0x02, 0x21, 0xF3, 0xE7, 0xB2, 0x1E, 0xA9,
    0xEA, 0xF6, 0xC7, 0x6E, 0x86, 0x4C, 0x91, 0x21, 0xBE, 0x3F, 0xAE, 0x3B, 0xC1, 0xDE, 0xCB, 0xE3,
    0xEB, 0x70, 0xE7, 0x76, 0xC6, 0x6C, 0x7F, 0xEC, 0x8B, 0xAD, 0x8D, 0x96, 0xFD, 0xB1, 0x9B, 0x23,
    0x92, 0x54, 0x95, 0x30, 0xFF, 0x30, 0x5F, 0x76, 0xC2, 0x20, 0x7B, 0x3F, 0xED, 0x7D, 0x8A, 0x54,
    0xB9, 0xEF, 0x4F, 0xEA, 0x62, 0xC3, 0x6C, 0x3D, 0x04, 0x48, 0x1D, 0xD3, 0xDB, 0x6F, 0xB3, 0x1B,
    0x3D, 0x33, 0x88, 0x46, 0x1C, 0x50, 0x34, 0x7C, 0x64, 0x8B, 0x05, 0x47, 0x96, 0x25, 0xF4, 0x6B,
    0xF2, 0xF4, 0xC7, 0x91, 0x7B, 0x60, 0x34, 0xAA, 0x43, 0x70, 0xC0, 0xD9, 0x73, 0xCD, 0x65, 0xB3,
    0xD3, 0xE9, 0xC7, 0x96, 0x05, 0x58, 0x28, 0x96, 0xF4, 0x27, 0x36, 0xC6, 0xF5, 0x83, 0x5D, 0x44,
    0xB5, 0xE5, 0x29, 0x99, 0x27, 0x77, 0x64, 0x35, 0x40, 0xD6, 0xA0, 0x52, 0x2C, 0xA0, 0x1F, 0xEB,
    0x60, 0x35, 0x71, 0xBA, 0xCE, 0xE4, 0x0E, 0x1C, 0x9A, 0xCE, 0x17, 0xBD, 0xD9, 0xFD, 0xE3, 0x96,
    0x4C, 0x3B, 0x5A, 0x44, 0x9F, 0x72, 0x4B, 0xE6, 0xFB, 0xBD, 0xE1, 0xFE, 0x37, 0x4B, 0xF3, 0xC6,
    0x4F, 0x0E, 0x3A, 0x40, 0xE9, 0x33, 0xB2, 0x10, 0xE0, 0x8D, 0xF7, 0x21, 0x09, 0xF6, 0x2D, 0xFC,
    0xB8, 0x26, 0xA6, 0x16, 0x9E, 0x35, 0x64, 0x8D, 0xA0, 0xDC, 0x14, 0x55, 0x0F, 0x28, 0x47, 0x4F,
    0xD1, 0x61, 0xC3, 0x5E, 0x6A, 0x24, 0x34, 0x86, 0xC2, 0x0E, 0xA3, 0x36, 0x6C, 0x59, 0x8D, 0x9D,
    0x64, 0x5E, 0x48, 0x90, 0xC2, 0x85, 0xC0, 0x6A, 0xB2, 0x93, 0x48, 0x42, 0x26, 0xD1, 0x20, 0x9A,
    0x65, 0xC7, 0x8F, 0x29, 0xBF, 0x5E, 0x72, 0x27, 0xD2, 0x00, 0xCD, 0x94, 0x0C, 0x81, 0x4B, 0x9C,
    0x64, 0x49, 0x97, 0x6C, 0x92, 0x6D, 0x9A, 0x93, 0x56, 0x98, 0x34, 0xC2, 0x42, 0x30, 0x42, 0x5B,
    0x68, 0x9D, 0x23, 0xBD, 0x9A, 0xA8, 0x8A, 0x06, 0x21, 0x55, 0x87, 0x5B, 0x8D, 0x6A, 0x81, 0x33,
    0x84, 0x50, 0xAF, 0x46, 0xF6, 0xA2, 0x24, 0x1A, 0x44, 0xB3, 0xEB, 0x2C, 0xA3, 0x0A, 0xE1, 0x2A,
    0x76, 0xBB, 0x5E, 0x73, 0x87, 0x0E, 0x03, 0x4A, 0x3B, 0x3D, 0xDD, 0x6D, 0x16, 0xFD, 0xAA, 0xE0,
    0x04, 0x55, 0xA7, 0x08, 0x55, 0x94, 0xEC, 0x76, 0xBD, 0x4E, 0x73, 0x10, 0xF4, 0x15, 0x84, 0x10,
    0x56, 0xA3, 0xC9, 0x77, 0xE5, 0x72, 0x69, 0xA0, 0xDC, 0xCD, 0xA8, 0x0F, 0x54, 0x2D, 0x85, 0x7D,
    0x34, 0xA1, 0x5C, 0x92, 0x22, 0xA2, 0x1A, 0xD1, 0x56, 0xEE, 0x21, 0x73, 0x4E, 0x3C, 0xDF, 0x3A,
    0x82, 0x67, 0x39, 0x23, 0x49, 0x34, 0x52, 0x38, 0xC9, 0xBD, 0x30, 0x13, 0x78, 0x2D, 0x62, 0x98,
    0x62, 0xB0, 0x16, 0xF0, 0x74, 0x0D, 0xEB, 0x0D, 0xF9, 0x7A, 0x8B, 0x5A, 0x07, 0x8A, 0xC3, 0x17,
    0xB5, 0x36, 0xCF, 0x5D, 0xDB, 0x3C, 0x6B, 0x8C, 0x11, 0x19, 0x18, 0x99, 0x4D, 0x8D, 0x18, 0x6F,
    0xA4, 0xDF, 0x18, 0xD1, 0xCE, 0x48, 0x69, 0x8D, 0xA0, 0xD7, 0xE8, 0x2D, 0x3A, 0x58, 0xFD, 0xDC,
    0xE9, 0x67, 0xA2, 0x65, 0xAE, 0xE5, 0x9E, 0x4E, 0x85, 0x57, 0x7C, 0x21, 0xF9, 0x7F, 0x85, 0x20,
    0xEC, 0x0B, 0x9D, 0xCB, 0x55, 0x50, 0x92, 0x62, 0x27, 0x28, 0x77, 0xCE, 0x67, 0x15, 0x77, 0xA5,
    0x0A, 0x2E, 0x57, 0x55, 0x44, 0xD1, 0x84, 0x60, 0x57, 0xBF, 0xB9, 0x3E, 0x63, 0xAF, 0x59, 0xE1,
    0x96, 0xAA, 0x4D, 0xF1, 0x6B, 0xEE, 0x64, 0x5B, 0xCA, 0x6F, 0xD3, 0x0A, 0x4F, 0x01, 0x7D, 0xDD,
    0x2A, 0xAA, 0x49, 0x45, 0x74, 0x84, 0x68, 0xA4, 0xAC, 0x45, 0xED, 0xB4, 0x8B, 0x2C, 0xD4, 0x7A,
    0x2C, 0x3D, 0xE6, 0x86, 0x77, 0x0D, 0x74, 0x2C, 0xC5, 0x06, 0x7E, 0xE9, 0x61, 0x0E, 0x66, 0x88,
    0x31, 0x54, 0xFD, 0xB1, 0xDC, 0x0A, 0x36, 0x84, 0xF5, 0xE8, 0xE8, 0xB7, 0x18, 0x5E, 0x0B, 0x41,
    0xDF, 0x8C, 0x96, 0xB0, 0x77, 0x88, 0xE9, 0x8C, 0x17, 0x79, 0xA8, 0x53, 0xE7, 0xA5, 0x0E, 0xEC,
    0xA2, 0x53, 0x47, 0xA2, 0x69, 0x53, 0x5A, 0x93, 0xE2, 0x46, 0x8A, 0x5F, 0xEA, 0x5C, 0xFE, 0xD5,
    0xC0, 0xEF, 0x1D, 0xFC, 0xA8, 0xDE, 0x75, 0x76, 0x07, 0x66, 0xCC, 0xA9, 0x06, 0xAC, 0x99, 0x19,
    0x36, 0x48, 0x37, 0xFB, 0x0F, 0xBE, 0x9D, 0x7F, 0x91, 0x35, 0x2D, 0xF5, 0x49, 0xEE, 0x74, 0xF1,
    0xDE, 0xCF, 0x5C, 0x59, 0xAA, 0x8F, 0x6B, 0xF5, 0x0B, 0xF5, 0x67, 0xAB, 0x3E, 0xCF, 0xFE, 0x42,
    0xFE, 0x0F, 0xFE, 0x49, 0xB6, 0x66, 0x03, 0x4B, 0x9E, 0xC2, 0x82, 0xC3, 0x48, 0xA9, 0x43, 0xEF,
    0xA1, 0xA9, 0x28, 0x9C, 0x90, 0xFF, 0xB5, 0x81, 0x17, 0x69, 0x15, 0x76, 0xFC, 0x6D, 0x4D, 0xFE,
    0x65, 0x93, 0x62, 0x9D, 0x6C, 0x92, 0x6D, 0x9A, 0x83, 0xA1, 0xA8, 0xF7, 0xD0, 0x94, 0xB6, 0x97,
    0xF6, 0x4F, 0x0A, 0x24, 0xCF, 0x3C, 0xEC, 0x3B, 0xE8, 0x00, 0xFA, 0x5A, 0x3E, 0x3D, 0xF5, 0x77,
    0xC7, 0x7B, 0x0B, 0x0C, 0xCC, 0xCE, 0xCF, 0xFB, 0x3D, 0x30, 0xB0, 0x4A, 0xF7, 0x98, 0xC4, 0x7A,
    0x40, 0x5E, 0x49, 0x2B, 0x82, 0x3D, 0xE0, 0x21, 0x77, 0x19, 0xD0, 0x3D, 0xBD, 0xEC, 0x49, 0x97,
    0x7D, 0xEE, 0x32, 0x47, 0x83, 0x67, 0x1A, 0xD5, 0x83, 0x63, 0xF7, 0xC0, 0xA9, 0x57, 0x51, 0xD4,
    0x1F, 0xBB, 0x5C, 0x50, 0x0B, 0x4A, 0x43, 0xAB, 0x4D, 0x57, 0x33, 0x28, 0xEC, 0xEE, 0x70, 0xFF,
    0xA0, 0xEA, 0xB6, 0xCA, 0x97, 0xDC, 0x9F, 0xD8, 0x61, 0xEA, 0x5B, 0x97, 0x3D, 0x48, 0xD7, 0xE1,
    0x42, 0x39, 0x89, 0x28, 0xDC, 0xA3, 0x63, 0xD7, 0xF9, 0xD2, 0x09, 0xEC, 0x70, 0xF2, 0x92, 0x30,
    0xB1, 0xCB, 0xA8, 0x4A, 0x79, 0xF3, 0x3B, 0xC4, 0xE7, 0x28, 0x89, 0xF2, 0x93, 0xF4, 0x95, 0x41,
    0xBC, 0x81, 0x0E, 0x53, 0x66, 0xCF, 0x0F, 0xB3, 0x29, 0xE9, 0x72, 0xD8, 0xDD, 0x4C, 0x20, 0x3B,
    0x14, 0x4B, 0xE9, 0xFF, 0x4E, 0x2A, 0x25, 0xD3, 0xEC, 0xC2, 0x27, 0x43, 0x16, 0x25, 0x51, 0x9E,
    0xB4, 0x45, 0x72, 0x65, 0x07, 0xB9, 0x9B, 0xE2, 0x57, 0x23, 0x1F, 0x82, 0x4F, 0xAE, 0xA0, 0xCA,
    0x1E, 0xF7, 0x27, 0xEE, 0xD6, 0x16, 0x25, 0xFA, 0x89, 0x26, 0xC8, 0x24, 0xFE, 0x5E, 0xA5, 0xD7,
    0x7A, 0x07, 0x3F, 0xCB, 0x9A, 0xFB, 0x13, 0x57, 0x6E, 0x39, 0xFF, 0xF7, 0x36, 0x6C, 0x27, 0x76,
    0x51, 0x38, 0x51, 0x37, 0x40, 0x90, 0xF3, 0xA1, 0x77, 0x69, 0xBF, 0x91, 0x1E, 0x31, 0x47, 0x38,
    0x45, 0x69, 0xA5, 0x87, 0xCC, 0x38, 0x69, 0x52, 0xD5, 0x05, 0xC7, 0x89, 0x47, 0x2E, 0x9E, 0x80,
    0x97, 0xC6, 0xF3, 0x45, 0xBF, 0xDE, 0x1E, 0x7D, 0xE3, 0x17, 0xDA, 0xA6, 0x85, 0xA6, 0x91, 0x67,
    0x37, 0xF1, 0xC9, 0x92, 0xED, 0x84, 0x45, 0xEA, 0xF9, 0x1D, 0xDC, 0x15, 0xFC, 0x3F, 0x2B, 0xF9,
    0xA5, 0x2F, 0xB4, 0xF8, 0x5C, 0xE5, 0xCD, 0x2E, 0x2B, 0x27, 0x9B, 0x57, 0xE6, 0xF5, 0x25, 0xC2,
    0x39, 0x5E, 0x1F, 0x5B, 0x2E, 0xE2, 0xB9, 0xDF, 0x3E, 0x5E, 0x20, 0x57, 0x28, 0x7D, 0x15, 0x4F,
    0x30, 0xAA, 0x36, 0xD0, 0xDF, 0x1D, 0x49, 0x6F, 0xD7, 0x28, 0x37, 0x48, 0x85, 0x62, 0xCB, 0x0D,
    0xDF, 0x43, 0x73, 0x5D, 0x76, 0xCB, 0x27, 0xB9, 0xDC, 0x94, 0x9E, 0x45, 0xE9, 0x1E, 0xFD, 0x31,
    0x15, 0x6C, 0xC5, 0xCC, 0x20, 0xBD, 0xCC, 0xB7, 0x72, 0xA7, 0x95, 0x2B, 0xDE, 0xB3, 0xEA, 0x13,
    0xF2, 0xCF, 0xC9, 0xFE, 0x0D, 0x6B, 0x98, 0x53, 0x29, 0xB7, 0x67, 0x54, 0xD3, 0xED, 0x96, 0xDE,
    0xB4, 0xF5, 0x74, 0xD0, 0xBA, 0x3D, 0x1C, 0xEA, 0x77, 0x06, 0xD3, 0xA2, 0xDB, 0xF5, 0xAA, 0x6A,
    0x37, 0x6A, 0xA1, 0x5D, 0x2E, 0xDA, 0x65, 0xE9, 0xCE, 0xC8, 0xFC, 0x9E, 0x72, 0x65, 0x69, 0x55,
    0x74, 0xB0, 0x86, 0x65, 0xFA, 0x8D, 0xCF, 0xE5, 0xCF, 0x6D, 0x94, 0x47, 0xAD, 0xC1, 0xB4, 0x19,
    0x6A, 0xA4, 0xC4, 0x17, 0x3F, 0x6D, 0xD4, 0x67, 0x2E, 0xFF, 0xAC, 0xE6, 0xEF, 0x10, 0xE0, 0x43,
    0x30, 0x30, 0x80, 0x29, 0xDF, 0xF7, 0xE8, 0x9A, 0x10, 0x46, 0x13, 0x0C, 0xB3, 0xCC, 0x47, 0x9F,
    0x76, 0x0F, 0xC3, 0x6A, 0x14, 0x42, 0x2E, 0xA5, 0xD7, 0xEC, 0xA8, 0xC5, 0x53, 0x16, 0xF4, 0x68,
    0x5D, 0xAC, 0x67, 0x9F, 0xC9, 0x63, 0xF9, 0xCE, 0x58, 0xF0, 0x27, 0x5A, 0x91, 0xCE, 0x8D, 0x4A,
    0x7B, 0xEE, 0xA6, 0x15, 0xB5, 0x0B, 0x7E, 0x00, 0xE1, 0x6B, 0x57, 0x1F, 0x5B, 0xE0, 0x7F, 0xA5,
    0x97, 0x01, 0x84, 0x24, 0xD9, 0x19, 0xC7, 0x7F, 0x55, 0xCF, 0x6C, 0xD9, 0xAD, 0x9B, 0x7E, 0xC1,
    0xE2, 0x5C, 0xB6, 0xBB, 0x03, 0x38, 0xD1, 0xD7, 0x1D, 0x2C, 0xEA, 0x72, 0x35, 0xDB, 0xB5, 0x39,
    0x11, 0x04, 0x37, 0xC8, 0x39, 0x10, 0x09, 0x01, 0x12, 0x64, 0xD1, 0xC9, 0xF5, 0xC9, 0x64, 0xA6,
    0x38, 0x02, 0x41, 0x86, 0x04, 0x08, 0x2C, 0x16, 0x7B, 0xBD, 0xA1, 0x8B, 0xED, 0x75, 0x73, 0xC9,
    0xED, 0xCC, 0x63, 0x71, 0x88, 0xB8, 0x4A, 0xE0, 0x00, 0x57, 0xC9, 0x1D, 0xD8, 0xC5, 0x7E, 0xB3,
    0xD3, 0x71, 0xB3, 0x7D, 0xBD, 0xF3, 0xF2, 0xAA, 0xBA, 0xB7, 0x67, 0xE7, 0x32, 0x9B, 0xCC, 0x98,
    0xF7, 0xFE, 0x5F, 0xF7, 0x9B, 0xEF, 0xFD, 0xBE, 0xBF, 0x9E, 0x57, 0xAF, 0xEA, 0x75, 0x8F, 0xA6,
    0x3D, 0x90, 0x45, 0x43, 0xF0, 0xC6, 0x68, 0x9B, 0xAC, 0x7C, 0x61, 0x46, 0xBB, 0xB9, 0x08, 0x0B,
    0xB9, 0x3F, 0x5D, 0x52, 0xDB, 0x12, 0x28, 0xB1, 0x03, 0xC2, 0x07, 0xA6, 0x81, 0xB4, 0xC8, 0x5A,
    0x10, 0x57, 0xB2, 0x53, 0xB6, 0x6F, 0x12, 0x33, 0xD7, 0xF6, 0xE0, 0xBA, 0xB5, 0x02, 0xF0, 0xF2,
    0xC6, 0xEF, 0xD3, 0xCE, 0xC4, 0x26, 0x3A, 0x69, 0x53, 0x27, 0x24, 0x26, 0x48, 0x63, 0xD4, 0x2C,
    0xDC, 0xB8, 0xCC, 0xE9, 0xA4, 0x43, 0x77, 0x62, 0xD3, 0x8B, 0x1B, 0xFF, 0x48, 0x62, 0xE2, 0x06,
    0x23, 0x8D, 0x04, 0x57, 0x73, 0x75, 0xCF, 0xF0, 0x49, 0xC2, 0x0E, 0xDA, 0x0A, 0x31, 0x17, 0xB6,
    0xAF, 0xCF, 0x06, 0x33, 0xC9, 0xBC, 0xC1, 0x62, 0x18, 0x8C, 0xE9, 0xDC, 0x25, 0xD6, 0xC4, 0xE7,
    0x68, 0x43, 0x27, 0xE7, 0xCE, 0x3E, 0xD2, 0x41, 0x02, 0xB3, 0xA5, 0x4C, 0xE7, 0xF5, 0x54, 0x59,
    0x58, 0x03, 0x4D, 0xA6, 0xE9, 0x37, 0xE9, 0x4C, 0xF1, 0x56, 0x81, 0x22, 0x2B, 0x32, 0x7E, 0xFE,
    0x39, 0x6A, 0xB2, 0x83, 0x4E, 0x02, 0xB3, 0xB2, 0x74, 0x55, 0xFA, 0x1B, 0xE3, 0x51, 0x36, 0x5E,
    0x8B, 0x1E, 0x99, 0x17, 0xE3, 0x47, 0x86, 0xB8, 0x7C, 0xCF, 0xC6, 0x71, 0xD4, 0xDF, 0x90, 0x51,
    0x39, 0x5F, 0x72, 0x25, 0x5F, 0xD6, 0x75, 0xD2, 0x3B, 0x42, 0xF6, 0x92, 0x7C, 0x20, 0x45, 0x26,
    0xB2, 0x9E, 0x85, 0xB5, 0xE5, 0x56, 0xDC, 0xBB, 0x26, 0xFF, 0xCC, 0xAF, 0x49, 0xDC, 0x5B, 0x6E,
    0x85, 0xB5, 0x9F, 0x0E, 0x92, 0x1D, 0x6B, 0x50, 0x95, 0xFC, 0xC4, 0x2D, 0x8F, 0xF0, 0x26, 0x81,
    0x35, 0x9D, 0xAB, 0xE3, 0x57, 0x6F, 0xC4, 0xB7, 0x6D, 0x7D, 0xEF, 0xE3, 0xDA, 0xDE, 0xB4, 0xB6,
    0xF7, 0xB7, 0xDA, 0x2F, 0x7F, 0xD3, 0x5A, 0x61, 0x4B, 0x3F, 0x28, 0xBC, 0x83, 0x64, 0x70, 0xD3,
    0x4E, 0x97, 0x92, 0x6E, 0x31, 0x1A, 0x49, 0x24, 0xD1, 0xBA, 0x34, 0x73, 0x04, 0xA7, 0xC1, 0x24,
    0xB5, 0xD6, 0x20, 0xCC, 0x05, 0x83, 0x41, 0x95, 0xA1, 0x93, 0x8F, 0xB2, 0xCD, 0x88, 0x1E, 0x12,
    0x98, 0x26, 0xBF, 0xC6, 0x4E, 0xAB, 0xDC, 0xA8, 0xCC, 0x85, 0x39, 0xFD, 0xD5, 0xD6, 0x9D, 0x7E,
    0xA7, 0x38, 0x87, 0xA6, 0x4E, 0x84, 0x20, 0xC7, 0x6A, 0x5F, 0x89, 0x1D, 0xCA, 0x17, 0xFB, 0x22,
    0xB0, 0x50, 0x68, 0x4D, 0xF7, 0x4B, 0xB3, 0xB3, 0x67, 0xEC, 0x53, 0x6D, 0xEC, 0x99, 0xCE, 0x9E,
    0x39, 0x77, 0xDB, 0xA0, 0x8E, 0xA8, 0x37, 0x1D, 0x7D, 0xAD, 0x5F, 0x6B, 0x6F, 0x11, 0xA6, 0x1B,
    0xE9, 0x4F, 0x52, 0xF5, 0x4C, 0x6F, 0xE6, 0xEF, 0x8C, 0x24, 0x2E, 0x5A, 0x45, 0x4B, 0xE2, 0x77,
    0x46, 0xCD, 0xFC, 0xF2, 0x35, 0x5A, 0x11, 0xB5, 0x65, 0x82, 0xEF, 0xA3, 0xEE, 0x25, 0xEE, 0xD5,
    0x8D, 0x5D, 0xC6, 0xE5, 0x3B, 0x90, 0x63, 0x51, 0x86, 0xDF, 0x11, 0x82, 0x66, 0x19, 0x34, 0x31,
    0x68, 0x32, 0xD0, 0x5E, 0x0E, 0x5A, 0x99, 0x36, 0x84, 0xEC, 0x40, 0xDD, 0xFB, 0x14, 0x22, 0xF5,
    0x06, 0x64, 0xFA, 0x47, 0x89, 0x97, 0x6B, 0x6B, 0x54, 0x8A, 0xE6, 0x1C, 0x5C, 0xA0, 0x8D, 0x57,
    0x59, 0xA5, 0x4F, 0xAD, 0xEA, 0xA0, 0x89, 0xBE, 0x62, 0xB5, 0x0D, 0xA1, 0xFA, 0xC8, 0x38, 0x2B,
    0x65, 0xAA, 0x8D, 0x4A, 0x46, 0x03, 0xAF, 0x60, 0x84, 0x32, 0xFE, 0x24, 0x0D, 0x13, 0x65, 0x4D,
    0xA7, 0x20, 0x62, 0xB2, 0x4F, 0x46, 0xD2, 0x77, 0x75, 0x61, 0xEE, 0x4C, 0xCF, 0x8D, 0x43, 0xD8,
    0x8C, 0xEA, 0xF0, 0xE7, 0x71, 0xE4, 0xA7, 0x9D, 0x3C, 0xD3, 0x06, 0x2F, 0xEF, 0x18, 0x54, 0xFA,
    0xB6, 0x21, 0xE4, 0x33, 0x67, 0xAA, 0x3E, 0xC9, 0x89, 0x94, 0x15, 0x32, 0x94, 0x61, 0x13, 0x3F,
    0x75, 0xCE, 0x4A, 0x1C, 0x07, 0xE0, 0x12, 0x14, 0xF8, 0x39, 0x81, 0xA1, 0x0B, 0x5B, 0x20, 0x4E,
    0x41, 0x92, 0x85, 0x5C, 0xD9, 0x26, 0x1C, 0x83, 0x00, 0x11, 0x70, 0x89, 0xC3, 0xD6, 0x04, 0xBA,
    0x09, 0xBC, 0x96, 0xC2, 0x6D, 0x03, 0xBB, 0xB9, 0xB3, 0x13, 0x94, 0xC9, 0x50, 0x69, 0x44, 0x38,
    0xF8, 0x10, 0x6D, 0x9F, 0xD0, 0xA0, 0x46, 0x0B, 0x5D, 0xFD, 0x4F, 0xBD, 0x6A, 0x07, 0xE6, 0x38,
    0x00, 0xF4, 0xD9, 0xBD, 0xE8, 0x00, 0x6F, 0xA7, 0x50, 0x14, 0x67, 0xF7, 0x5A, 0xFD, 0x06, 0xFE,
    0x81, 0xE3, 0x7E, 0x6B, 0x58, 0xB4, 0x36, 0xD0, 0x05, 0x7E, 0x95, 0xC0, 0x9E, 0x81, 0x7F, 0x19,
    0x7C, 0x53, 0x38, 0x5A, 0x08, 0x92, 0x91, 0xF3, 0xDA, 0x42, 0xDB, 0x29, 0x75, 0xD7, 0x63, 0x34,
    0xCE, 0x9D, 0x91, 0xF3, 0x03, 0xA0, 0xC8, 0xAA, 0x58, 0xB4, 0x66, 0x02, 0x5D, 0x33, 0x8B, 0x3B,
    0x05, 0x88, 0x54, 0xF3, 0x7E, 0xDE, 0x47, 0x99, 0x18, 0x75, 0xFF, 0x43, 0x42, 0x7B, 0x80, 0x46,
    0xD3, 0x20, 0x4C, 0x5E, 0x99, 0x3D, 0xAC, 0x0C, 0x1A, 0xF8, 0xB6, 0x81, 0x6F, 0x99, 0xEA, 0x7D,
    0xB1, 0x6E, 0x1A, 0x68, 0xA6, 0x33, 0xBF, 0x5F, 0xE4, 0x90, 0xCD, 0x3C, 0xBD, 0xBC, 0x77, 0xAC,
    0x5F, 0x0B, 0x35, 0xF3, 0xF3, 0xAC, 0x9D, 0xA2, 0x1E, 0x0E, 0x6E, 0x12, 0xBC, 0x01, 0x68, 0x0D,
    0xD4, 0x35, 0x10, 0x6B, 0xA0, 0xA7, 0xED, 0x3E, 0xA2, 0x07, 0x37, 0xBC, 0xC9, 0x10, 0x94, 0xB5,
    0x10, 0xA4, 0x9A, 0xCA, 0x86, 0x06, 0x7A, 0x70, 0x33, 0x46, 0xDB, 0xA9, 0xB7, 0xB3, 0x49, 0x78,
    0x7F, 0x4A, 0x9B, 0x26, 0x91, 0x73, 0xCF, 0xF0, 0x10, 0x38, 0x12, 0x2E, 0x97, 0xC4, 0x6E, 0xAE,
    0x4D, 0xA7, 0x62, 0xCB, 0x1A, 0x1A, 0x94, 0x86, 0xB3, 0x68, 0x43, 0x0D, 0x82, 0x04, 0xDF, 0x00,
    0x00, 0xD6, 0x9A, 0xC9, 0x20, 0x15, 0x58, 0xC8, 0xDA, 0x74, 0x32, 0x48, 0x9E, 0xCD, 0x38, 0xC0,
    0x61, 0xC4, 0x30, 0x82, 0xE2, 0xD4, 0x85, 0xAA, 0x20, 0xEC, 0x51, 0xAF, 0x9F, 0xBA, 0x10, 0x88,
    0x42, 0xA7, 0x53, 0x17, 0xBE, 0x82, 0x46, 0x25, 0x00, 0xCA, 0x3C, 0xBF, 0xD7, 0xA3, 0x0C, 0xE4,
    0x48, 0x0B, 0x4C, 0x4D, 0xE2, 0xE8, 0xFF, 0x15, 0x82, 0x64, 0x59, 0x06, 0xA0, 0xFF, 0x57, 0xB7,
    0x05, 0x7A, 0xB0, 0x5D, 0x8E, 0x12, 0x8D, 0x32, 0x1A, 0x2F, 0xD7, 0x50, 0x58, 0xA1, 0x18, 0x5E,
    0xA7, 0x28, 0xC7, 0xB3, 0x9C, 0x32, 0x15, 0x53, 0xB2, 0xB6, 0xC0, 0x4B, 0x36, 0x83, 0x49, 0xAE,
    0x9B, 0x29, 0x00, 0x08, 0x7A, 0x8A, 0x3E, 0x40, 0xDB, 0x44, 0xEF, 0x19, 0xBD, 0x2B, 0x5A, 0xB6,
    0xB4, 0xAC, 0x68, 0xD1, 0x5A, 0x82, 0x8F, 0xC5, 0x7F, 0x28, 0x58, 0xA1, 0x2B, 0x34, 0xD9, 0xE4,
    0xF0, 0xB9, 0xD1, 0x62, 0xD1, 0x66, 0x3B, 0x67, 0x9F, 0xB6, 0xEB, 0xFD, 0x6A, 0xE7, 0xA8, 0x54,
    0x50, 0xE6, 0xD9, 0x28, 0x73, 0xE5, 0x9C, 0x63, 0x2A, 0xB6, 0xAC, 0xC1, 0x4B, 0x41, 0x19, 0x08,
    0x81, 0xDA, 0xD9, 0xFD, 0x68, 0x03, 0xEF, 0xA7, 0x78, 0x7F, 0xCF, 0xCF, 0xEE, 0xF5, 0x83, 0x1F,
    0xE3, 0x5B, 0xC1, 0xFF, 0x6E, 0x72, 0x66, 0x2F, 0x95, 0x66, 0x55, 0x00, 0x67, 0xF6, 0x02, 0x5E,
    0xE6, 0x7A, 0xC3, 0x2F, 0x82, 0xBF, 0xA6, 0xDE, 0x01, 0x4C, 0xF1, 0x1F, 0x12, 0x7E, 0xCF, 0xAC,
    0x78, 0x72, 0x91, 0xD5, 0x99, 0xF3, 0x1F, 0x1D, 0xFD, 0x84, 0x36, 0x57, 0x88, 0xF8, 0x92, 0xCC,
    0xBF, 0x97, 0x4A, 0xF0, 0xBA, 0x91, 0x9A, 0x73, 0x6D, 0xB9, 0xB8, 0xE6, 0x9C, 0x73, 0xE5, 0x8E,
    0xD2, 0x90, 0x0E, 0x6D, 0x9A, 0xCE, 0xF9, 0xD5, 0x99, 0x33, 0x5E, 0x82, 0x9F, 0x83, 0xC0, 0x65,
    0x16, 0xBB, 0xE3, 0xF9, 0xAA, 0x09, 0x8D, 0x35, 0xE2, 0xE6, 0xAD, 0xB1, 0x6F, 0x53, 0xFC, 0x84,
    0x30, 0xA1, 0x06, 0xAD, 0xD3, 0xD7, 0xAE, 0xE1, 0x7D, 0x8A, 0x7A, 0xD7, 0x9C, 0xB6, 0x50, 0xBD,
    0x5B, 0x0A, 0x38, 0x6D, 0x21, 0xDE, 0xFC, 0xCC, 0x0A, 0x59, 0xB4, 0x98, 0xC0, 0x34, 0xD0, 0xD5,
    0x93, 0x5A, 0x99, 0x18, 0xAF, 0x10, 0xD8, 0x2D, 0xA0, 0x6B, 0xA0, 0x09, 0xE8, 0xE3, 0x43, 0x2A,
    0x4D, 0xFE, 0x80, 0xB5, 0x48, 0x60, 0xA4, 0xAC, 0xAB, 0xE4, 0xE7, 0x93, 0x61, 0x6A, 0x1F, 0x23,
    0xCC, 0x15, 0xEE, 0xB3, 0x3E, 0x64, 0x1C, 0xA4, 0xA2, 0x2A, 0x69, 0x76, 0xA7, 0xC8, 0x30, 0x75,
    0xE4, 0xA2, 0x44, 0x86, 0x66, 0xF7, 0x80, 0x30, 0x41, 0x19, 0xBC, 0x1C, 0x56, 0x01, 0xC2, 0xC7,
    0x5C, 0x19, 0x26, 0x23, 0x97, 0x52, 0xC6, 0xFB, 0x99, 0xE9, 0x5A, 0x33, 0x56, 0x46, 0x9C, 0x02,
    0xB3, 0xBE, 0x63, 0x9A, 0x9F, 0x19, 0x1A, 0x10, 0x43, 0xEF, 0x18, 0xDE, 0xA9, 0x69, 0xCD, 0x07,
    0x6F, 0x3D, 0xE5, 0x87, 0x15, 0xBF, 0x8A, 0xBF, 0x4F, 0x58, 0xE7, 0xFC, 0xD2, 0xC9, 0xFC, 0x41,
    0xDB, 0xE4, 0xA5, 0xF7, 0x4E, 0x04, 0xD7, 0x6A, 0x38, 0x2D, 0xC8, 0xFE, 0x33, 0xE4, 0xBE, 0x3A,
    0xF2, 0x31, 0xBC, 0x55, 0x82, 0x31, 0xCB, 0x97, 0x78, 0xE1, 0x05, 0xC2, 0x2D, 0x94, 0x1C, 0x56,
    0x65, 0xCF, 0xF7, 0x0F, 0xF7, 0x9B, 0x9F, 0x3B, 0x64, 0xFB, 0x2E, 0xBD, 0xA0, 0x08, 0x71, 0x98,
    0x4A, 0x97, 0x6E, 0xDD, 0xBF, 0x95, 0x76, 0xAD, 0xB5, 0xA9, 0x83, 0x41, 0xAA, 0x97, 0xB0, 0x08,
    0x93, 0xF5, 0xBB, 0xDB, 0x3B, 0x34, 0x8B, 0xE6, 0x98, 0xE0, 0x09, 0x9D, 0x61, 0xB2, 0xA6, 0x4C,
    0xC6, 0xE1, 0x33, 0x3D, 0xA3, 0xFC, 0x7C, 0x2E, 0xEF, 0x66, 0x29, 0x60, 0x0D, 0x62, 0x28, 0xD0,
    0xA0, 0x52, 0x3C, 0x03, 0xAB, 0xC0, 0xBC, 0xD6, 0x91, 0x19, 0xB9, 0x50, 0x58, 0x5B, 0xFC, 0xFB,
    0xCD, 0x24, 0x83, 0xBE, 0xB7, 0xD9, 0xB9, 0x65, 0x82, 0x03, 0x16, 0x17, 0xE0, 0xA4, 0xFC, 0x2A,
    0xFE, 0xF8, 0xF0, 0x02, 0x54, 0x7C, 0xDA, 0xF7, 0x1D, 0x5F, 0x4C, 0x06, 0x25, 0x2F, 0x30, 0xE7,
    0x87, 0x25, 0x5F, 0xAD, 0xE9, 0x21, 0xB9, 0x76, 0x94, 0x1C, 0xC1, 0xDA, 0x53, 0xE7, 0x8B, 0x34,
    0x08, 0xF1, 0x92, 0xE7, 0x9D, 0x31, 0xE7, 0x5B, 0xBD, 0x55, 0xBE, 0x72, 0x26, 0x45, 0xD1, 0xF3,
    0xE8, 0xEA, 0xC7, 0x0C, 0xFA, 0xD8, 0xEE, 0x41, 0xF0, 0x51, 0xE2, 0x3D, 0x21, 0x98, 0xB2, 0xA4,
    0xF1, 0xDE, 0x4A, 0x9A, 0xD6, 0xAC, 0x84, 0xF9, 0xC8, 0x2F, 0x84, 0xB9, 0x32, 0x2F, 0x9F, 0xAF,
    0xEF, 0x63, 0x80, 0x8E, 0xE5, 0x9B, 0x37, 0x00, 0x1E, 0x4D, 0x39, 0x38, 0xBC, 0x15, 0xCC, 0x7F,
    0xEB, 0xE8, 0x1D, 0xB0, 0x58, 0xA0, 0x3C, 0x2B, 0x6D, 0x65, 0x26, 0x37, 0x76, 0x19, 0x97, 0x77,
    0xB3, 0x8B, 0x0B, 0x70, 0x52, 0xBE, 0xBA, 0x03, 0x82, 0x1F, 0xB2, 0xB4, 0x74, 0x32, 0x1E, 0x42,
    0x9B, 0x5C, 0x78, 0xEF, 0x44, 0x70, 0x2D, 0x74, 0x3A, 0x11, 0x79, 0xF8, 0xAD, 0xFD, 0xF0, 0x57,
    0x17, 0x5E, 0x5E, 0x25, 0x0B, 0x80, 0xE0, 0xC0, 0xAD, 0x9E, 0x59, 0x0B, 0xF3, 0xAC, 0x5E, 0xC8,
    0x65, 0x71, 0xED, 0x91, 0x91, 0xF7, 0x93, 0x62, 0xDD, 0xCF, 0xBB, 0xC3, 0xF4, 0xB5, 0x27, 0x00,
    0xE7, 0x79, 0xBA, 0x5F, 0x13, 0x00, 0x51, 0xE6, 0x58, 0x8D, 0x43, 0xB3, 0xFE, 0x97, 0xEA, 0x6E,
    0x7E, 0x11, 0x22, 0x10, 0x48, 0x4F, 0xC4, 0xCF, 0xBF, 0x61, 0xB5, 0x4E, 0x04, 0xB7, 0x22, 0x9C,
    0x4E, 0x42, 0x56, 0x47, 0x06, 0x2C, 0xC3, 0x45, 0x80, 0x98, 0xB8, 0x4E, 0x4F, 0x23, 0x21, 0x45,
    0xF0, 0x9D, 0xF2, 0xF7, 0xBA, 0x3B, 0xBA, 0x78, 0x00, 0x16, 0xEE, 0x42, 0x0C, 0x11, 0x64, 0x5C,
    0x28, 0xD0, 0x29, 0xC2, 0x5C, 0x8F, 0x1E, 0x63, 0x87, 0xC9, 0xBE, 0x73, 0xF6, 0xF2, 0xC5, 0xAE,
    0x73, 0x63, 0x97, 0x71, 0x79, 0x37, 0x2B, 0x1C, 0x6A, 0x71, 0x5D, 0x7A, 0x5E, 0x11, 0xF9, 0x26,
    0x56, 0xE6, 0x52, 0x90, 0xBA, 0x8C, 0xD6, 0x84, 0x75, 0x82, 0x3F, 0xA1, 0xA6, 0xF8, 0x63, 0x3C,
    0x29, 0xE5, 0xE7, 0x7C, 0xDD, 0xD0, 0x84, 0xFF, 0x00, 0xAD, 0x98, 0x01, 0x84, 0x6C, 0xD7, 0x19,
    0xC7, 0x7F, 0xF7, 0x1E, 0x9B, 0x2B, 0xB9, 0xC9, 0x1C, 0x08, 0x5A, 0xED, 0xCC, 0x14, 0x45, 0x3D,
    0xB3, 0x6F, 0x82, 0x87, 0x4B, 0xEF, 0xDB, 0xBD, 0x5A, 0x04, 0x48, 0x1F, 0x54, 0x41, 0x29, 0x0A,
    0x14, 0x09, 0xA6, 0x0C, 0x9D, 0x24, 0x97, 0x02, 0x0A, 0x8B, 0x2A, 0x0A, 0x5D, 0x04, 0x31, 0x9B,
    0x64, 0x2E, 0x96, 0xBC, 0xB6, 0x2F, 0xFB, 0x8E, 0x06, 0x41, 0x68, 0x6E, 0x00, 0xD0, 0xE7, 0x36,
    0x0D, 0xC8, 0xA3, 0xFD, 0xB2, 0x3B, 0x61, 0x32, 0x99, 0xDD, 0xD3, 0x73, 0x32, 0x3B, 0xB3, 0x33,
    0x9B, 0x19, 0x3B, 0xD3, 0xD7, 0xF3, 0x7D, 0x67, 0xDD, 0xFD, 0xCE, 0xF7, 0xFD, 0xFF, 0xDF, 0x39,
    0x73, 0xCE, 0x37, 0x67, 0xAE, 0xB2, 0x42, 0xD8, 0x3F, 0x64, 0xDE, 0x6E, 0x03, 0xFB, 0xC0, 0x6F,
    0x32, 0x38, 0x33, 0xF0, 0x49, 0x49, 0x68, 0x2A, 0x94, 0x11, 0xA2, 0xAC, 0x83, 0xEE, 0x3F, 0x40,
    0xDB, 0x09, 0xBB, 0x34, 0x48, 0xD1, 0x74, 0x89, 0x33, 0x41, 0x99, 0x7D, 0xCB, 0xAD, 0x3E, 0x40,
    0xFC, 0x25, 0x7B, 0x83, 0xEC, 0x58, 0x19, 0x94, 0x09, 0x7E, 0xE5, 0xEC, 0x66, 0xE8, 0x62, 0x9D,
    0x46, 0xE6, 0xB5, 0x87, 0xA6, 0xF9, 0x2F, 0x83, 0x08, 0xBC, 0x5E, 0xC2, 0x0E, 0x00, 0xA0, 0x81,
    0x76, 0x0E, 0xFB, 0x06, 0x7E, 0x5D, 0x42, 0x51, 0x41, 0x55, 0x10, 0x94, 0x1D, 0x94, 0x49, 0x51,
    0x9F, 0x3D, 0x20, 0xB6, 0x17, 0x68, 0x34, 0x75, 0xC7, 0x96, 0x4E, 0xAD, 0x46, 0x0F, 0x88, 0x26,
    0xD7, 0x19, 0x9D, 0x36, 0xAD, 0xF9, 0xF3, 0xCF, 0x66, 0x8C, 0x03, 0xCF, 0x88, 0x06, 0x9A, 0x8B,
    0x0C, 0x72, 0xC9, 0x90, 0xA0, 0x4C, 0x0B, 0x65, 0xCF, 0x89, 0xFB, 0xEF, 0xA0, 0x89, 0xA9, 0x13,
    0x65, 0x2D, 0x3C, 0x43, 0x68, 0x40, 0xE5, 0xA0, 0x01, 0x7D, 0x00, 0x51, 0x39, 0x25, 0xEA, 0xAC,
    0x9F, 0x1A, 0x1A, 0x5A, 0x70, 0x3B, 0x47, 0x1B, 0x82, 0x1C, 0x94, 0x81, 0x18, 0xA8, 0x31, 0x6F,
    0xC1, 0xC3, 0x03, 0xE2, 0xCF, 0x46, 0xDC, 0x76, 0xD2, 0x45, 0x53, 0x10, 0x20, 0xB0, 0xD4, 0xBD,
    0xCD, 0x8F, 0x79, 0x1F, 0xEF, 0xEB, 0x63, 0x68, 0x40, 0x0A, 0x1D, 0xB8, 0x07, 0x10, 0x9D, 0xD3,
    0x1E, 0xE4, 0xDD, 0xD0, 0x14, 0x20, 0x33, 0x2D, 0xC8, 0xBA, 0xCA, 0x38, 0xBB, 0x1B, 0xE5, 0x36,
    0xF0, 0x6E, 0x46, 0xF0, 0x71, 0xF9, 0xE4, 0xDC, 0xF7, 0x08, 0x47, 0x44, 0x75, 0x76, 0x76, 0x16,
    0xB8, 0x95, 0x71, 0x7C, 0xAB, 0xB9, 0x6B, 0x80, 0x06, 0x60, 0x81, 0xBB, 0x74, 0x78, 0x13, 0x6E,
    0xD3, 0x24, 0x21, 0xCE, 0x1C, 0x4F, 0xB6, 0x82, 0x3B, 0xF3, 0x63, 0xDE, 0xC7, 0xFB, 0xFA, 0x18,
    0x2A, 0x10, 0x80, 0xE8, 0x4B, 0xC7, 0x9A, 0xAD, 0x61, 0xCD, 0x1C, 0xAB, 0x9F, 0x29, 0xEF, 0xE6,
    0x70, 0xFB, 0xC9, 0x57, 0x5B, 0x6B, 0xA2, 0xB7, 0xFC, 0xA4, 0x39, 0xDC, 0x68, 0xB5, 0x5B, 0xBB,
    0xC4, 0x1D, 0x54, 0x05, 0x00, 0xD8, 0x0B, 0xC6, 0x47, 0x95, 0x30, 0x14, 0x52, 0xA1, 0x2E, 0xD4,
    0x16, 0xB4, 0xEE, 0x8D, 0x0C, 0xC7, 0x83, 0xD2, 0xB9, 0x81, 0xCA, 0xE1, 0xCC, 0xF7, 0xCC, 0xF7,
    0x68, 0x24, 0x8E, 0x4A, 0xE8, 0x2A, 0xA1, 0x08, 0x84, 0x45, 0x29, 0x82, 0xA9, 0xBD, 0xFD, 0x8E,
    0xE0, 0xFD, 0xB4, 0xAD, 0xD0, 0xFD, 0x13, 0x34, 0x3A, 0xD3, 0x28, 0xA3, 0x09, 0x4A, 0x0D, 0x95,
    0x15, 0xAA, 0xC1, 0x21, 0x95, 0x7F, 0x9E, 0xDA, 0xFC, 0x98, 0xCE, 0xBC, 0xAF, 0x8F, 0x01, 0x61,
    0x7F, 0xC2, 0xAD, 0x91, 0x03, 0x71, 0x58, 0x0E, 0xD2, 0x21, 0x0B, 0x53, 0xF5, 0xCF, 0xCE, 0xE2,
    0xEC, 0x6E, 0x74, 0x7E, 0xAA, 0x01, 0x6B, 0xCD, 0xB8, 0x9F, 0x0B, 0xCC, 0xD5, 0xDA, 0x7C, 0xDC,
    0xCF, 0x16, 0x2D, 0xCE, 0xC1, 0xB9, 0x4D, 0xA3, 0x96, 0x97, 0xAD, 0x1A, 0xF7, 0x2B, 0x6B, 0x2B,
    0x81, 0x02, 0xBA, 0xC1, 0x41, 0x7B, 0x60, 0xA2, 0x0B, 0x76, 0xEB, 0xE8, 0x09, 0xC1, 0xC1, 0x76,
    0xF8, 0xFE, 0xE4, 0x8F, 0xA6, 0xF8, 0xF3, 0x2D, 0x51, 0x0A, 0x1E, 0xFF, 0x8B, 0x9F, 0x66, 0x97,
    0xF8, 0x47, 0x1E, 0x1F, 0xA6, 0x35, 0x61, 0xEB, 0x29, 0x50, 0x81, 0x6C, 0x32, 0x85, 0x6D, 0x30,
    0x75, 0x36, 0xAF, 0x0E, 0xD3, 0xCC, 0x93, 0x95, 0xB0, 0xD3, 0xCC, 0x2B, 0x42, 0x43, 0xF8, 0x29,
    0x8C, 0xA8, 0xD7, 0x17, 0x37, 0xD7, 0x16, 0x8C, 0x4F, 0xEF, 0x10, 0xD7, 0x09, 0x47, 0x70, 0x6F,
    0xA3, 0xE5, 0x9A, 0xD6, 0x8C, 0xDC, 0x9F, 0xA4, 0x95, 0xE7, 0xB6, 0x4B, 0xEC, 0xFD, 0x11, 0x40,
    0x02, 0xC7, 0xA8, 0xAC, 0x11, 0x54, 0x5E, 0xB8, 0xDE, 0x5D, 0x3E, 0xB7, 0xB3, 0x9A, 0xF1, 0xD2,
    0xAC, 0x66, 0xDC, 0xB4, 0xD5, 0xA0, 0x3A, 0x0E, 0xAA, 0xBD, 0x81, 0x89, 0x2F, 0x08, 0xF2, 0x03,
    0x82, 0x7F, 0x96, 0x60, 0x0D, 0x7C, 0xFB, 0xC9, 0xF2, 0x88, 0x07, 0x84, 0xE7, 0x5B, 0x67, 0x40,
    0xCA, 0xB4, 0xC3, 0xCD, 0x2B, 0xF1, 0x94, 0xCB, 0x20, 0x5A, 0x9F, 0x01, 0x02, 0xB2, 0x75, 0x06,
    0xFF, 0xF3, 0xBA, 0x03, 0xD4, 0x81, 0x16, 0x90, 0x00, 0x77, 0x80, 0xEF, 0x41, 0x07, 0x0A, 0xBC,
    0xFE, 0x62, 0xFB, 0xC5, 0xE8, 0xC1, 0x63, 0xD4, 0x6F, 0x0D, 0x00, 0x08, 0xFA, 0x9A, 0x5A, 0x6B,
    0xC7, 0xFD, 0xC1, 0x37, 0xED, 0x91, 0xA1, 0x26, 0x24, 0x09, 0x00, 0xA0, 0xCC, 0x4C, 0x3F, 0x1C,
    0xAA, 0xF1, 0x7B, 0xAA, 0x6C, 0x2A, 0xA3, 0x57, 0xEA, 0xEC, 0x3B, 0xFE, 0xA4, 0x7F, 0x54, 0x39,
    0x70, 0x99, 0xFD, 0xBF, 0x6F, 0xAD, 0xD9, 0xEB, 0x1F, 0xF9, 0xE7, 0x95, 0x7D, 0x70, 0x88, 0x15,
    0x34, 0xE8, 0x76, 0xA9, 0xFF, 0x32, 0xD4, 0x79, 0x4F, 0x93, 0xAE, 0xD4, 0x9D, 0xA7, 0xF7, 0xDF,
    0x7E, 0x65, 0x34, 0xCD, 0x6A, 0xBD, 0x40, 0xFB, 0xFC, 0xD6, 0xEF, 0xD7, 0xF9, 0xD8, 0x49, 0xFF,
    0x4D, 0x00, 0xCD, 0x7A, 0xF1, 0x3E, 0xEB, 0x3C, 0x2A, 0x79, 0xBD, 0xDC, 0xB9, 0x21, 0x7E, 0x2C,
    0xFB, 0x66, 0x9D, 0x47, 0xBA, 0xD4, 0x3A, 0x32, 0xEA, 0xD5, 0x34, 0xFA, 0xAA, 0xA5, 0x32, 0x7E,
    0x1D, 0x11, 0x90, 0xB5, 0x0D, 0x65, 0x36, 0xEA, 0xF7, 0x54, 0x2E, 0xC7, 0x51, 0x26, 0x7B, 0x03,
    0x24, 0x1E, 0x21, 0x89, 0xA4, 0x20, 0xE9, 0x2A, 0x21, 0x21, 0x09, 0x87, 0xAA, 0x24, 0x32, 0x34,
    0x96, 0x3F, 0xFD, 0xF5, 0xEA, 0xF1, 0xA3, 0xEC, 0xB5, 0x01, 0x0E, 0x3C, 0xCC, 0xE2, 0xB2, 0x2E,
    0x49, 0xB2, 0xF6, 0xA3, 0xC9, 0x55, 0xDE, 0xCE, 0xEE, 0x22, 0x0C, 0x45, 0x95, 0xA2, 0x33, 0x71,
    0xCF, 0xF7, 0x39, 0xAD, 0xF8, 0xCA, 0x60, 0x2B, 0x46, 0xC7, 0x78, 0x8B, 0x46, 0x22, 0x23, 0x61,
    0x25, 0x1C, 0x03, 0x54, 0x04, 0x86, 0xD0, 0xA0, 0x72, 0x84, 0x99, 0xC6, 0x99, 0xEC, 0x22, 0xC7,
    0x9C, 0x96, 0x7C, 0x95, 0x63, 0x8D, 0x07, 0x91, 0x85, 0xF0, 0xCB, 0xB4, 0x73, 0x54, 0x46, 0xE4,
    0xFD, 0x73, 0x69, 0x23, 0x3D, 0x64, 0xC8, 0x59, 0x89, 0xCD, 0x3D, 0xE3, 0xA9, 0x20, 0x0F, 0x90,
    0x3D, 0x44, 0xE7, 0x75, 0x48, 0xA0, 0xE0, 0xB2, 0xC9, 0x06, 0xEA, 0x0A, 0xB7, 0xB5, 0x79, 0x3D,
    0x29, 0x40, 0x96, 0xDA, 0xE6, 0xC1, 0x40, 0xB8, 0x90, 0x65, 0xBA, 0xD4, 0x48, 0x3A, 0xC5, 0x21,
    0x05, 0x32, 0xD5, 0xC3, 0x9B, 0xE1, 0x54, 0x7E, 0x96, 0x9F, 0x65, 0x67, 0x99, 0xB0, 0x5A, 0x96,
    0x55, 0x9C, 0xAE, 0xC6, 0xB9, 0x8A, 0x38, 0x33, 0x67, 0xF9, 0x32, 0x86, 0x66, 0x59, 0x9F, 0xA7,
    0xF9, 0x29, 0x0F, 0xAF, 0x19, 0xFB, 0x6F, 0x68, 0x3B, 0xD2, 0xCC, 0xE5, 0x5E, 0xB3, 0x7C, 0x88,
    0x5E, 0x10, 0xA2, 0x1C, 0x0D, 0x2D, 0xE6, 0x85, 0x69, 0x82, 0xBE, 0x40, 0xDB, 0x4C, 0x9F, 0x19,
    0xFD, 0xB9, 0x68, 0xB9, 0xAF, 0xE5, 0xAE, 0x16, 0xAD, 0x25, 0xFA, 0x48, 0xC2, 0xFF, 0x08, 0x56,
    0xD8, 0x17, 0x9A, 0x7C, 0x0B, 0x12, 0x10, 0xC8, 0x01, 0x4E, 0x27, 0x5C, 0x0C, 0x18, 0x46, 0xB9,
    0x28, 0xA7, 0x66, 0x85, 0x6E, 0x8E, 0x0C, 0x24, 0xB3, 0x6A, 0x5B, 0xDD, 0x8C, 0x0C, 0x84, 0x66,
    0xB6, 0xC9, 0xF0, 0x45, 0x36, 0x78, 0x0C, 0xBD, 0xAD, 0x67, 0x54, 0x6F, 0x11, 0x77, 0x08, 0xCB,
    0xFF, 0xFB, 0x74, 0x34, 0xD4, 0xE0, 0x3D, 0x18, 0x9D, 0x8E, 0xF0, 0xB0, 0xB1, 0xC3, 0x5C, 0x89,
    0x3C, 0x9B, 0x46, 0x3B, 0x63, 0xCF, 0xFF, 0xA6, 0x44, 0x59, 0x01, 0xD6, 0x5D, 0xC6, 0xE3, 0xAC,
    0x40, 0xE5, 0xD7, 0x2B, 0xCD, 0xEC, 0x2B, 0x6D, 0xE9, 0x32, 0x6E, 0xCD, 0x33, 0xFD, 0x7C, 0x7E,
    0x19, 0xEB, 0x85, 0xE5, 0x31, 0x95, 0x20, 0x53, 0x75, 0xCF, 0xCE, 0x32, 0xBD, 0x86, 0xE3, 0x2F,
    0x0E, 0x1F, 0xCF, 0x2E, 0x0E, 0x4F, 0xC8, 0x3A, 0x20, 0x9C, 0x2C, 0x5E, 0x01, 0xCB, 0x62, 0x81,
    0xD5, 0x3D, 0x77, 0xE7, 0xAC, 0xAD, 0x04, 0x3A, 0x15, 0x7C, 0x62, 0x9E, 0x78, 0xAE, 0x0E, 0x23,
    0xFC, 0x20, 0x8B, 0x9E, 0xDB, 0x84, 0xD8, 0x05, 0x58, 0x9B, 0xC7, 0x9F, 0x8D, 0xFB, 0x0E, 0x42,
    0x20, 0x45, 0xA0, 0x40, 0x98, 0x1D, 0x53, 0x37, 0x2A, 0xB8, 0x51, 0x99, 0x0F, 0xF4, 0x10, 0xF0,
    0xCE, 0x7C, 0x1D, 0xE6, 0x01, 0x1C, 0x50, 0xE8, 0x89, 0xFE, 0xE4, 0x57, 0x76, 0xE2, 0xC9, 0x04,
    0xF1, 0x61, 0xE2, 0x01, 0xE4, 0x32, 0x76, 0x08, 0xDD, 0x70, 0x12, 0x1C, 0x38, 0xBF, 0x23, 0xE3,
    0x22, 0x2E, 0x60, 0x17, 0xBA, 0xB0, 0xF8, 0x93, 0x67, 0x60, 0x24, 0xB8, 0xCA, 0x54, 0x54, 0xE9,
    0x2F, 0xA6, 0x27, 0x88, 0x46, 0xFC, 0xAE, 0x99, 0x8E, 0x0E, 0x83, 0x5C, 0x99, 0x98, 0x1D, 0xE0,
    0xAC, 0xBA, 0x38, 0x18, 0x22, 0xCB, 0xB2, 0x05, 0xD2, 0x65, 0x5D, 0x2F, 0x2F, 0xCB, 0x1F, 0xA4,
    0xA3, 0xFD, 0x37, 0xEE, 0x92, 0x5E, 0x13, 0x48, 0xE8, 0x50, 0x50, 0x51, 0xAF, 0x13, 0x75, 0x09,
    0x65, 0xEB, 0x9C, 0x93, 0x4E, 0xBD, 0x8A, 0xCD, 0x5A, 0x82, 0x30, 0x23, 0x86, 0xE7, 0xAE, 0x4A,
    0x51, 0x68, 0x73, 0x7D, 0x24, 0xBB, 0xF4, 0x52, 0x7E, 0x90, 0x42, 0x33, 0x23, 0xBA, 0x80, 0x97,
    0x2B, 0xB8, 0x0F, 0x69, 0x87, 0x34, 0xA5, 0xDB, 0x3E, 0x92, 0xA7, 0x6C, 0x46, 0x03, 0x52, 0xB8,
    0x73, 0x75, 0x47, 0x6F, 0x0E, 0x48, 0x55, 0x9E, 0x42, 0x7B, 0x1A, 0xF5, 0x9D, 0x1C, 0x65, 0x92,
    0xAF, 0x7F, 0xE5, 0xC6, 0xE7, 0xD0, 0x83, 0x47, 0xAE, 0x4E, 0xE4, 0x5B, 0x13, 0x4D, 0x2F, 0xE4,
    0x3F, 0x67, 0x67, 0x67, 0x23, 0xA2, 0xE0, 0x12, 0xB9, 0x7B, 0x85, 0xFC, 0xE5, 0x14, 0x79, 0x04,
    0xE9, 0x2F, 0x49, 0x7B, 0x0E, 0xF9, 0x0F, 0x12, 0xD9, 0x9C, 0x84, 0xCB, 0x4A, 0x91, 0x10, 0x8D,
    0x96, 0x61, 0xCF, 0xA1, 0x79, 0x09, 0xBB, 0xF7, 0xB2, 0x87, 0xA5, 0x82, 0x14, 0x7A, 0x50, 0xF9,
    0x59, 0xF0, 0x08, 0x7A, 0x5B, 0x2F, 0x5A, 0x5C, 0x43, 0xBD, 0x05, 0xB2, 0xD1, 0x44, 0xAC, 0x9D,
    0xF4, 0x4F, 0xDE, 0x24, 0xE5, 0x66, 0x4D, 0x40, 0x43, 0x1B, 0x52, 0x9E, 0x46, 0xA3, 0xB1, 0x32,
    0x38, 0xD4, 0x2C, 0x4A, 0x7C, 0x18, 0x4A, 0x50, 0x91, 0x70, 0x3F, 0xA8, 0x96, 0xF3, 0xDF, 0x86,
    0xE8, 0x0E, 0x77, 0x76, 0x5E, 0xD0, 0x2F, 0xAC, 0x23, 0xF8, 0x26, 0x92, 0xB2, 0x26, 0x3C, 0xC9,
    0xAF, 0xC3, 0x2C, 0xA7, 0x39, 0x38, 0xB4, 0xB2, 0x94, 0x66, 0x76, 0x10, 0x8D, 0xCB, 0x5A, 0x33,
    0x07, 0x00, 0x41, 0xAF, 0xD7, 0x9A, 0xD0, 0xE8, 0x91, 0x36, 0x8F, 0x86, 0xA1, 0xCD, 0x81, 0xB6,
    0xE5, 0xD6, 0x1B, 0x00, 0xA2, 0xCC, 0x4A, 0x1D, 0xC6, 0xE6, 0xB5, 0xBF, 0xFA, 0x97, 0x5E, 0xAE,
    0x34, 0x6B, 0x6B, 0x80, 0x6D, 0x59, 0xA6, 0xAF, 0x09, 0x36, 0xA1, 0x08, 0x83, 0x5C, 0xBD, 0x6F,
    0x42, 0x9B, 0xF1, 0xFC, 0x76, 0x14, 0x8D, 0xB7, 0x89, 0x87, 0x1B, 0x51, 0xF0, 0x2A, 0x3C, 0x86,
    0xF7, 0xE1, 0x84, 0x6D, 0x59, 0x94, 0xA0, 0x1F, 0xF0, 0xEC, 0xB3, 0xFE, 0xAF, 0x92, 0xCD, 0xE8,
    0xBA, 0x05, 0xA7, 0xA5, 0xAB, 0xF4, 0xB0, 0x25, 0xD7, 0x07, 0x79, 0xF4, 0x12, 0xB5, 0x74, 0x23,
    0x96, 0x4D, 0x60, 0xDB, 0x7F, 0x1C, 0xFA, 0x23, 0xDC, 0x05, 0x81, 0x2F, 0xE0, 0xD5, 0x1B, 0x61,
    0xF3, 0xD9, 0x6B, 0xCE, 0x0C, 0x9D, 0xC3, 0x7D, 0x20, 0x7C, 0x04, 0x44, 0x2F, 0x66, 0x5C, 0xB5,
    0x63, 0xEE, 0xD3, 0x4D, 0x98, 0x70, 0x9C, 0x72, 0x8E, 0xB4, 0x82, 0x7F, 0x53, 0xD5, 0xC3, 0x8F,
    0x82, 0xB2, 0xA6, 0x7E, 0x17, 0x1A, 0x1D, 0xBD, 0xF8, 0x63, 0x13, 0xC7, 0xEE, 0x00, 0xA9, 0x9F,
    0xA8, 0x0F, 0x32, 0xF5, 0xF7, 0xE0, 0x43, 0xC2, 0x7F, 0xF0, 0x88, 0x60, 0xC2, 0x39, 0x8C, 0x78,
    0x00, 0x43, 0x7A, 0xA0, 0x4A, 0xA8, 0x15, 0x90, 0xA6, 0x00, 0x74, 0x95, 0x69, 0xA4, 0xAA, 0x6C,
    0xB5, 0xE2, 0x2A, 0xAD, 0xEB, 0x22, 0xA9, 0x3D, 0xD7, 0xE9, 0xE8, 0xEF, 0x26, 0x45, 0xD4, 0x6A,
    0x55, 0xAA, 0x5B, 0x2F, 0xD5, 0x50, 0x9B, 0x50, 0xB4, 0x09, 0x24, 0xCE, 0x68, 0x02, 0x3F, 0x34,
    0x20, 0x15, 0xB3, 0x96, 0x12, 0x99, 0x06, 0x9A, 0x38, 0xDB, 0x45, 0x99, 0x94, 0xA0, 0x12, 0xF8,
    0xBC, 0x82, 0x7D, 0x03, 0x4D, 0x40, 0xAF, 0xE9, 0xCF, 0xC3, 0x7B, 0x04, 0x8F, 0x71, 0xFB, 0x10,
    0x48, 0x49, 0xEB, 0x74, 0x34, 0x12, 0x53, 0x45, 0x3F, 0x2A, 0x9D, 0x31, 0x7C, 0x3F, 0xE7, 0x31,
    0x58, 0xE7, 0x36, 0xAB, 0x24, 0x05, 0xCF, 0x54, 0xE8, 0x1C, 0x00, 0xF5, 0x37, 0x43, 0xE8, 0xFA,
    0xD5, 0xEA, 0x34, 0x3C, 0x08, 0x0D, 0xBA, 0xE8, 0x4C, 0xDC, 0x78, 0x49, 0xE8, 0x56, 0x16, 0x0B,
    0xDC, 0x05, 0xD2, 0x35, 0xBD, 0x01, 0x29, 0xBC, 0x32, 0xAF, 0x38, 0xD2, 0xEF, 0x0B, 0xCA, 0x10,
    0x67, 0x97, 0x43, 0xC7, 0x04, 0xD5, 0x92, 0x61, 0xDC, 0x3F, 0x74, 0x6E, 0x7C, 0x9F, 0x22, 0x28,
    0x83, 0xCC, 0xC7, 0xF4, 0x07, 0xA4, 0x1C, 0x07, 0x95, 0x32, 0x71, 0xD6, 0x20, 0x75, 0x1E, 0xD6,
    0x02, 0x08, 0xC8, 0x2A, 0xE0, 0xE6, 0x6A, 0xE0, 0x0B, 0x0F, 0x2C, 0xCA, 0x28, 0xB3, 0x00, 0x2A,
    0x33, 0xD0, 0x0B, 0x07, 0x1A, 0xEB, 0x69, 0x99, 0xDE, 0x3A, 0xDB, 0x34, 0xA9, 0x49, 0x64, 0xD6,
    0xE5, 0xDA, 0xCE, 0x4E, 0x90, 0x35, 0xF2, 0x5F, 0xAD, 0x97, 0x41, 0x6C, 0x24, 0x47, 0x15, 0x86,
    0xBF, 0xEE, 0x92, 0xD3, 0x64, 0x1B, 0xA6, 0x10, 0xCA, 0x05, 0x2D, 0xF6, 0x70, 0xE0, 0x80, 0x22,
    0xDB, 0xCD, 0x21, 0x87, 0x0E, 0x69, 0x7B, 0x5A, 0xCA, 0x81, 0x1B, 0xC9, 0x05, 0x71, 0xE2, 0x96,
    0x1B, 0x07, 0x72, 0x18, 0x89, 0x41, 0x71, 0x4C, 0x4B, 0xB9, 0x8B, 0xBD, 0x73, 0xC0, 0x07, 0x0E,
    0xAB, 0x31, 0xCA, 0x8C, 0xC4, 0x88, 0x38, 0x61, 0xD7, 0x5B, 0x62, 0x0F, 0x1C, 0x22, 0x91, 0x46,
    0x70, 0x05, 0x5A, 0x0A, 0x17, 0xBC, 0x82, 0xBC, 0xDD, 0x9D, 0xA0, 0xC9, 0xAC, 0xED, 0xA2, 0xAA,
    0x5B, 0xDB, 0x9E, 0x75, 0x3C, 0xC4, 0xCE, 0xE6, 0xD5, 0x7B, 0xBF, 0xDB, 0xAF, 0xAB, 0xEA, 0xBD,
    0xE9, 0xAA, 0xF7, 0xEA, 0x15, 0xF0, 0x2A, 0x20, 0xC1, 0x9D, 0x1B, 0x55, 0x7C, 0xF4, 0xC8, 0x6C,
    0x92, 0xE4, 0x29, 0x31, 0x63, 0x54, 0x21, 0x28, 0xB3, 0x28, 0x5E, 0xE7, 0xDF, 0x6D, 0xBA, 0x16,
    0x1F, 0xCD, 0x70, 0x63, 0x80, 0x2C, 0xFA, 0x24, 0x4B, 0x46, 0x93, 0x9D, 0xB0, 0x1C, 0x53, 0x09,
    0xD2, 0xB0, 0x7B, 0x1E, 0x84, 0x65, 0x32, 0x2A, 0xA2, 0x13, 0x80, 0x6F, 0x01, 0xA9, 0xA0, 0xBD,
    0x88, 0x93, 0xD2, 0x09, 0x17, 0x4B, 0x07, 0x61, 0x8D, 0x1D, 0x32, 0xBA, 0xFB, 0x53, 0x42, 0x5B,
    0x20, 0xEA, 0x4F, 0xA2, 0xFE, 0x2D, 0xEA, 0x9F, 0xA2, 0xCC, 0x22, 0x4F, 0x63, 0xB3, 0xFB, 0x7B,
    0xD3, 0xFD, 0xD0, 0x00, 0xEA, 0x6E, 0x61, 0x4F, 0xE1, 0x23, 0xE6, 0xFB, 0x15, 0x3B, 0x08, 0x53,
    0x40, 0xC8, 0xB4, 0x15, 0x61, 0xF5, 0xDA, 0xD0, 0x61, 0x07, 0x65, 0x3C, 0xC6, 0xB9, 0xC7, 0x35,
    0x3C, 0x66, 0xB8, 0xB7, 0x4C, 0x10, 0xB2, 0xA0, 0xF2, 0xA3, 0x94, 0x61, 0x3E, 0x2A, 0xF5, 0x70,
    0xCF, 0x9E, 0xE2, 0xC6, 0x02, 0x52, 0x81, 0xBC, 0x64, 0x40, 0xBA, 0x80, 0x40, 0x34, 0x7B, 0x68,
    0x8F, 0x93, 0xD1, 0x83, 0xE1, 0xAD, 0x81, 0x12, 0xA6, 0xE3, 0x40, 0xC2, 0x4A, 0x90, 0xC8, 0x38,
    0xD0, 0x38, 0xD8, 0xC2, 0xE9, 0x0E, 0x18, 0xA8, 0xFB, 0x42, 0x32, 0x7A, 0x78, 0x74, 0xB3, 0x1E,
    0x21, 0x40, 0x76, 0x45, 0x58, 0x21, 0x15, 0xE2, 0xBC, 0x3F, 0x1F, 0xBE, 0x7C, 0x4F, 0xAC, 0x2D,
    0xEE, 0x14, 0xD2, 0xAE, 0x0B, 0xF8, 0xBF, 0x9F, 0x25, 0xF3, 0xE1, 0x5B, 0xC6, 0xDA, 0xBB, 0x06,
    0x54, 0xD1, 0x48, 0x37, 0x87, 0x0D, 0x24, 0x73, 0xCD, 0xE1, 0x45, 0x8D, 0x94, 0x34, 0x9C, 0xAA,
    0x7A, 0x8D, 0xC8, 0x8E, 0x6B, 0x3C, 0xAD, 0xD1, 0xE6, 0x1E, 0x1F, 0x1A, 0x8F, 0xF7, 0xC5, 0xA3,
    0x1C, 0xD4, 0xB8, 0x55, 0xA3, 0xAE, 0x31, 0xFA, 0xC0, 0x63, 0x68, 0x6B, 0xE7, 0xAD, 0xA6, 0x2F,
    0xF4, 0xA2, 0x23, 0x11, 0xBA, 0x78, 0xFF, 0xB5, 0x32, 0xC7, 0x1E, 0xEA, 0x19, 0x1F, 0xE5, 0xEE,
    0xE9, 0xA1, 0x71, 0x20, 0xE2, 0x61, 0xE0, 0x61, 0xC3, 0x83, 0xF6, 0xA0, 0x3E, 0x70, 0x10, 0x58,
    0x07, 0xDC, 0xF1, 0xD0, 0xF3, 0xD0, 0x55, 0x06, 0x50, 0xC5, 0x63, 0x48, 0x72, 0x60, 0x0B, 0x50,
    0xA6, 0x11, 0x78, 0x70, 0xEC, 0xE6, 0x1F, 0x29, 0x33, 0x8D, 0xDE, 0x32, 0xA2, 0xBC, 0xDC, 0x5D,
    0x2A, 0x67, 0xE3, 0xE2, 0x02, 0xD6, 0xA0, 0xAA, 0xE0, 0xA7, 0x05, 0x74, 0x69, 0xA9, 0x7E, 0xEE,
    0xE5, 0xF0, 0x52, 0x01, 0xBF, 0x35, 0x70, 0xBF, 0x24, 0x28, 0x17, 0x62, 0x62, 0x78, 0x0B, 0x6D,
    0x4F, 0x58, 0xA3, 0xC3, 0x3A, 0x9A, 0x8C, 0xA8, 0xE8, 0xA3, 0xCC, 0xCA, 0x0A, 0xF1, 0x2A, 0xE1,
    0xAC, 0x09, 0x32, 0xE2, 0x4F, 0xD8, 0x1E, 0xE5, 0x13, 0x65, 0xA8, 0xB9, 0x6B, 0xCD, 0xBB, 0x3F,
    0xAC, 0xF7, 0x72, 0x64, 0x76, 0x47, 0x7E, 0x23, 0x67, 0x69, 0xC7, 0x3D, 0x03, 0x28, 0xB3, 0xBC,
    0xA5, 0x75, 0xAF, 0x65, 0x7D, 0x82, 0x3F, 0x97, 0xF0, 0x4E, 0x01, 0x9B, 0xB4, 0xE4, 0x23, 0xD5,
    0x47, 0xAC, 0x8F, 0xDC, 0x01, 0x71, 0xBE, 0x2C, 0xBA, 0xFD, 0xBB, 0xC5, 0xE8, 0x76, 0xFE, 0x47,
    0x3F, 0x3A, 0xF3, 0x3F, 0x3A, 0xC1, 0x45, 0xF4, 0x60, 0x79, 0xA4, 0xBB, 0x4F, 0x1D, 0xDC, 0x83,
    0x1D, 0x1A, 0x12, 0xF4, 0x72, 0xEE, 0x08, 0x6B, 0x3B, 0x64, 0x2E, 0xC8, 0x5D, 0x8C, 0xAF, 0x6E,
    0x10, 0xF7, 0x51, 0x15, 0x40, 0x1B, 0xDF, 0xCB, 0xC2, 0x5D, 0x59, 0x13, 0x0E, 0x73, 0x70, 0xE6,
    0x0A, 0xC7, 0x70, 0x65, 0x73, 0x3D, 0xCB, 0xF3, 0x43, 0x1A, 0x4A, 0x63, 0xC7, 0x97, 0xB2, 0x4B,
    0x90, 0x13, 0xC3, 0x3A, 0xAD, 0xE9, 0xAB, 0xDA, 0x65, 0x00, 0x42, 0x68, 0x68, 0x68, 0x3D, 0x75,
    0x7C, 0x29, 0xD3, 0x2B, 0x41, 0xAE, 0xFE, 0x01, 0xC7, 0x74, 0x42, 0xE3, 0xF8, 0xCA, 0x9F, 0xF7,
    0x2B, 0xC4, 0x07, 0x28, 0xA9, 0x8D, 0xC6, 0x3C, 0x17, 0x5C, 0xCA, 0xA8, 0xB7, 0x23, 0x74, 0xBE,
    0xF6, 0x79, 0x2C, 0xAE, 0x41, 0x5C, 0x5C, 0xD9, 0x62, 0x3C, 0xF3, 0x01, 0xF2, 0x9A, 0x32, 0x04,
    0x25, 0x54, 0xD6, 0x56, 0xF3, 0x61, 0x25, 0x94, 0x03, 0x65, 0x92, 0x51, 0x1E, 0xCD, 0xC0, 0x0A,
    0x0C, 0xF7, 0x68, 0xA9, 0x1A, 0xD7, 0xD2, 0x52, 0x92, 0x43, 0xAF, 0x80, 0x37, 0x0C, 0xFC, 0xAE,
    0x84, 0xFB, 0x15, 0x41, 0x25, 0x84, 0xC6, 0x87, 0x63, 0x4A, 0x74, 0x74, 0x8B, 0xD8, 0x9E, 0xA0,
    0xD1, 0xAC, 0x39, 0x59, 0x27, 0xCA, 0x33, 0x94, 0xB9, 0x36, 0x44, 0x5B, 0x5A, 0xEA, 0xC4, 0x8E,
    0xCF, 0x47, 0x6C, 0xF0, 0x63, 0xD3, 0xB3, 0x66, 0xAA, 0x1E, 0x47, 0xEC, 0x1D, 0xEF, 0x31, 0xF6,
    0x18, 0x86, 0x37, 0x69, 0x49, 0xD7, 0xF2, 0xE4, 0xFF, 0xDD, 0x02, 0x12, 0x03, 0x2F, 0x96, 0xF0,
    0xBA, 0x80, 0x4C, 0xA0, 0x4A, 0x09, 0xCD, 0x3A, 0xEA, 0xE8, 0x90, 0xC8, 0x5A, 0x62, 0xA2, 0x5C,
    0xA3, 0xCC, 0x2A, 0x61, 0x99, 0x41, 0x75, 0x6D, 0x58, 0x68, 0x6B, 0x68, 0xA9, 0x02, 0xA1, 0x71,
    0xA8, 0x37, 0xCA, 0x07, 0x0B, 0x0E, 0xCD, 0xD4, 0x13, 0x29, 0x04, 0xEA, 0x71, 0x6E, 0x3C, 0x67,
    0x14, 0x58, 0x7B, 0x8C, 0xFA, 0xC8, 0xF9, 0x19, 0xBD, 0x02, 0x68, 0x0D, 0xAC, 0x7A, 0xC8, 0x3C,
    0xF4, 0xB5, 0x9D, 0x21, 0x7A, 0xF8, 0xEB, 0x60, 0x3E, 0x02, 0x65, 0x2D, 0x44, 0x85, 0x06, 0x8D,
    0x83, 0x35, 0xF4, 0xF0, 0x66, 0x86, 0xB6, 0xC7, 0xF4, 0x2C, 0xB4, 0x71, 0xE3, 0x3C, 0xE9, 0x4E,
    0xD9, 0x1E, 0x1D, 0x1E, 0xD2, 0x8F, 0xAA, 0x18, 0x94, 0x51, 0x45, 0xB0, 0x7F, 0xB4, 0xEF, 0x82,
    0xCB, 0xDA, 0x62, 0xAA, 0x0C, 0x48, 0x0D, 0x71, 0x15, 0xE5, 0xBB, 0xB7, 0x0F, 0xEF, 0xD0, 0xAD,
    0xBA, 0x3E, 0xAD, 0x94, 0xC4, 0x47, 0xC7, 0x6C, 0xD2, 0x25, 0x25, 0x2E, 0xC6, 0x80, 0x78, 0x71,
    0x21, 0x2D, 0xCA, 0x36, 0xA9, 0x28, 0xDC, 0xAF, 0x52, 0x65, 0xC5, 0xF7, 0xF1, 0x7D, 0xFD, 0x98,
    0x68, 0x26, 0xC9, 0xDB, 0x32, 0x50, 0x32, 0x46, 0xE4, 0xDA, 0x5C, 0xB4, 0x15, 0x64, 0x1C, 0x38,
    0x8D, 0xD7, 0xBB, 0xB7, 0x50, 0x4D, 0x82, 0x72, 0x7B, 0x64, 0xE2, 0x53, 0xDA, 0x1C, 0x98, 0xD0,
    0xD2, 0xA2, 0x61, 0x9F, 0xE7, 0x2E, 0x30, 0x5C, 0x9C, 0xE5, 0xC0, 0xB5, 0xD6, 0xF0, 0xCA, 0x33,
    0x44, 0xDF, 0x27, 0x68, 0x73, 0x60, 0xEB, 0x47, 0x20, 0x82, 0xE7, 0x8B, 0xFC, 0xA8, 0x1A, 0x3F,
    0x3A, 0x1D, 0xD4, 0x2D, 0x02, 0xA1, 0x21, 0x61, 0x2A, 0xAA, 0x14, 0x9D, 0xCB, 0x16, 0x72, 0xC0,
    0x83, 0x8A, 0x47, 0x06, 0x5B, 0x31, 0x9B, 0xE0, 0x35, 0x1A, 0x89, 0x4C, 0x5D, 0x4C, 0x4C, 0xD2,
    0x14, 0x3A, 0x02, 0x91, 0xA1, 0x25, 0x65, 0x16, 0x65, 0xC3, 0xC9, 0x04, 0xF5, 0x87, 0x12, 0xF5,
    0x7E, 0x8E, 0xFA, 0x0F, 0x28, 0x8B, 0x7B, 0x2E, 0x1A, 0x9D, 0x99, 0x3A, 0xC9, 0x9C, 0x74, 0x9F,
    0x48, 0xFE, 0xFF, 0xAF, 0xB4, 0x1B, 0x10, 0xD7, 0x7D, 0xB4, 0x4F, 0xFE, 0xF6, 0x06, 0x64, 0xC0,
    0x18, 0x78, 0x17, 0xD8, 0x7E, 0x9C, 0xFD, 0x77, 0xD4, 0xD2, 0xEC, 0x1F, 0x54, 0x28, 0x83, 0xFA,
    0x2B, 0xC1, 0x94, 0xD0, 0x05, 0xA9, 0xB2, 0x02, 0x2C, 0x39, 0x85, 0x3E, 0xAF, 0x23, 0xBD, 0x7A,
    0x83, 0xFB, 0xED, 0xDD, 0x7A, 0x14, 0x96, 0x93, 0x05, 0x8F, 0xDC, 0xB3, 0xD3, 0x24, 0xBF, 0xFA,
    0x94, 0x47, 0x77, 0x0D, 0xF7, 0x60, 0x8B, 0x86, 0x7A, 0xD6, 0x3E, 0x3F, 0x3C, 0x84, 0x19, 0xAA,
    0x44, 0xE7, 0x64, 0xF0, 0x09, 0xD8, 0xB2, 0x5E, 0xE9, 0x0C, 0xD6, 0xA0, 0xE3, 0x78, 0x8F, 0xCE,
    0x94, 0x8D, 0x37, 0xD9, 0xE9, 0xDE, 0x93, 0xD0, 0xE6, 0x71, 0x8C, 0xFA, 0x1B, 0xCC, 0x9A, 0x19,
    0xE4, 0xF9, 0x7D, 0xEF, 0x33, 0x1A, 0xB6, 0xE0, 0x00, 0x4E, 0x61, 0x54, 0x82, 0xC0, 0x00, 0xD2,
    0xD7, 0x49, 0x33, 0x26, 0xC9, 0x7E, 0xF5, 0xCC, 0x69, 0xFE, 0xCD, 0xE7, 0xB2, 0xBE, 0xAE, 0x96,
    0x9F, 0xDA, 0xAA, 0x50, 0x45, 0x92, 0x6F, 0x51, 0x97, 0x9D, 0x76, 0xBE, 0xEF, 0x12, 0xC0, 0x48,
    0x98, 0x42, 0x26, 0x64, 0x30, 0x11, 0x56, 0x09, 0xAA, 0x2B, 0x16, 0xB1, 0xC3, 0x66, 0x36, 0x87,
    0x80, 0x9B, 0x13, 0xBE, 0xC0, 0xC2, 0x58, 0xC0, 0xC3, 0x53, 0xD5, 0xC4, 0x04, 0x05, 0x28, 0x03,
    0x51, 0x0E, 0x9D, 0x4B, 0xC4, 0x6A, 0x70, 0x51, 0xAC, 0x9E, 0x25, 0x09, 0x34, 0xAC, 0x43, 0xFA,
    0x79, 0x62, 0x55, 0xD0, 0x9C, 0x83, 0xEC, 0x0C, 0xAC, 0xB5, 0x64, 0xF3, 0xE1, 0xE8, 0x4C, 0xD7,
    0x42, 0x9C, 0x0F, 0x04, 0x75, 0x24, 0x02, 0x77, 0x8A, 0x47, 0x27, 0x9C, 0x8E, 0x4C, 0x6D, 0xA9,
    0x2F, 0xA4, 0x0B, 0xDC, 0xF7, 0xCA, 0xB0, 0xF2, 0xDF, 0x24, 0xE1, 0xBF, 0x33, 0x6C, 0xC1, 0x14,
    0xA4, 0x66, 0x65, 0x40, 0xA0, 0x7F, 0x56, 0xC8, 0x1C, 0xA3, 0xFD, 0x77, 0xCE, 0xB5, 0x2B, 0x8E,
    0xEF, 0x8B, 0x96, 0x03, 0x2D, 0x5B, 0x5A, 0xB4, 0x76, 0xD5, 0xB5, 0x84, 0x1F, 0x09, 0x56, 0xE8,
    0x09, 0xDD, 0x67, 0x41, 0x83, 0x2A, 0x08, 0xF2, 0xA6, 0xEE, 0x75, 0xD6, 0x99, 0x46, 0x85, 0x28,
    0xC7, 0xE6, 0xD3, 0x5C, 0xF7, 0x8B, 0x9C, 0xAC, 0x00, 0x49, 0x01, 0xDF, 0x31, 0xF0, 0x5D, 0x27,
    0xDD, 0xFC, 0xC9, 0xE3, 0xAA, 0xD7, 0x1C, 0x57, 0x8C, 0x2B, 0x90, 0x31, 0x41, 0xD9, 0x6F, 0xF2,
    0x49, 0x7D, 0x7E, 0x9E, 0x36, 0xE7, 0x27, 0x71, 0xBE, 0x8E, 0x2A, 0x9C, 0xD6, 0xF0, 0x25, 0x48,
    0x61, 0x4C, 0x38, 0x43, 0x7D, 0x19, 0xF5, 0x1B, 0x82, 0xE9, 0xE5, 0xCE, 0xCF, 0xC6, 0x24, 0xEB,
    0x00, 0x2F, 0xF0, 0x85, 0x9F, 0x59, 0x64, 0x00, 0x13, 0x80, 0x0A, 0x08, 0x0A, 0x96, 0x9F, 0x5E,
    0x2B, 0x9F, 0x7D, 0x7A, 0xB5, 0x1B, 0x36, 0xE6, 0xDC, 0x86, 0xFD, 0x25, 0xF1, 0xD1, 0x09, 0x9B,
    0x6C, 0x33, 0xE0, 0x51, 0x3E, 0x0E, 0xEF, 0x16, 0x12, 0xBD, 0x6C, 0xA4, 0xA3, 0x8C, 0xAC, 0x3B,
    0x79, 0x5D, 0x99, 0x71, 0xA9, 0x8A, 0x37, 0x8A, 0x98, 0xC4, 0x6F, 0xEB, 0xA3, 0x19, 0x2F, 0xD6,
    0xD7, 0x67, 0x60, 0x0D, 0x32, 0xE8, 0x3F, 0xDE, 0xB4, 0xA7, 0x26, 0x19, 0x99, 0x41, 0x5C, 0x8E,
    0x57, 0x2B, 0x79, 0x41, 0x1C, 0x3D, 0x30, 0xF2, 0x4E, 0x5E, 0xED, 0x86, 0x65, 0x6F, 0x54, 0xBC,
    0x74, 0x02, 0x10, 0xFF, 0x02, 0xC2, 0x3F, 0x16, 0xF0, 0xA1, 0x79, 0xEA, 0x3B, 0xCA, 0xCE, 0x84,
    0x8D, 0x8C, 0xF8, 0x1B, 0xC0, 0xE5, 0x56, 0x2C, 0x29, 0xE0, 0xBD, 0x0A, 0x44, 0xCE, 0x55, 0x39,
    0xF9, 0x25, 0xB7, 0x4D, 0x94, 0xAF, 0xD7, 0xDA, 0xD0, 0x84, 0x33, 0xF4, 0xE8, 0xCC, 0xEA, 0xC1,
    0x72, 0xAB, 0xD9, 0x0E, 0x7A, 0xDD, 0x1D, 0xC4, 0x6D, 0xF6, 0x96, 0xED, 0xE1, 0x5E, 0x06, 0x2D,
    0xF7, 0x6C, 0xB5, 0x3D, 0xBC, 0xB1, 0xA8, 0x71, 0x1D, 0x5C, 0xB7, 0xC1, 0x94, 0x8D, 0xD4, 0x8F,
    0x85, 0xF6, 0x0A, 0xE3, 0xEB, 0xA7, 0x31, 0xA5, 0xD4, 0x15, 0xE6, 0xC7, 0x3F, 0xC8, 0xC7, 0x30,
    0x08, 0x6E, 0x24, 0xFB, 0x26, 0x3A, 0x25, 0x9A, 0xD2, 0xBD, 0xCD, 0x7A, 0x87, 0x86, 0xAC, 0x35,
    0xF3, 0x61, 0x21, 0xD0, 0xB2, 0xB5, 0xC5, 0x7C, 0x98, 0x2F, 0x6A, 0x5C, 0x07, 0x6B, 0xDB, 0xDF,
    0xD2, 0xDE, 0x92, 0x9C, 0x09, 0x5F, 0xBE, 0x3A, 0x13, 0x02, 0x8B, 0x26, 0x06, 0x93, 0x8D, 0x34,
    0x6E, 0x1C, 0x92, 0xE5, 0x6D, 0x30, 0xDD, 0x48, 0xF5, 0xFA, 0xB2, 0x3E, 0x49, 0xF1, 0x5E, 0x25,
    0x02, 0xA0, 0x97, 0x37, 0x92, 0x72, 0x2E, 0xCB, 0x7A, 0xC4, 0xAF, 0x50, 0x97, 0x0E, 0xFC, 0xA5,
    0x78, 0xEA, 0x7B, 0x62, 0x36, 0x61, 0xB5, 0xDD, 0x43, 0x97, 0xB8, 0x27, 0xF2, 0x75, 0xC0, 0x1A,
    0x57, 0xA7, 0x55, 0x84, 0xA6, 0x7A, 0x6A, 0xFB, 0xF5, 0xB7, 0xBF, 0x94, 0xE5, 0x89, 0x90, 0xF5,
    0xE9, 0x64, 0x34, 0x64, 0x4F, 0x99, 0x8F, 0x8C, 0x04, 0x67, 0x9D, 0x45, 0x95, 0x7E, 0x85, 0x0F,
    0x11, 0x8D, 0xC4, 0x85, 0xA8, 0xE6, 0xED, 0x74, 0x22, 0x59, 0xDF, 0x0F, 0xD3, 0xDB, 0xFA, 0x5F,
    0x3A, 0x3F, 0xFF, 0x31, 0xDB, 0x5D, 0x73, 0xD5, 0x69, 0x93, 0x62, 0x2E, 0xF0, 0x40, 0xEC, 0xDE,
    0x0C, 0x39, 0xD7, 0x36, 0xB7, 0x88, 0x35, 0xEA, 0xFD, 0x2B, 0x5F, 0x6F, 0x17, 0x83, 0x25, 0x43,
    0x2E, 0xE4, 0xAD, 0x50, 0xBA, 0xCD, 0x19, 0xF8, 0x1A, 0xCA, 0x12, 0x7F, 0xAF, 0x88, 0x55, 0x71,
    0x55, 0x43, 0xB1, 0x5B, 0xAA, 0xB7, 0x2F, 0x77, 0x97, 0xB4, 0x85, 0xDE, 0x97, 0x0D, 0x76, 0x32,
    0xBE, 0x9D, 0x41, 0x37, 0x27, 0x3A, 0x85, 0x9F, 0x54, 0x70, 0x00, 0x59, 0x9F, 0x2C, 0x63, 0x90,
    0xEC, 0xCB, 0x33, 0x36, 0x07, 0x48, 0xA1, 0x0F, 0x63, 0xD8, 0xF3, 0x2B, 0xDA, 0x1D, 0x91, 0xA9,
    0x22, 0x83, 0xA4, 0x19, 0x75, 0xBD, 0x40, 0x99, 0xB4, 0xBE, 0x12, 0xC6, 0x27, 0x00, 0x54, 0x50,
    0x12, 0x18, 0x42, 0x83, 0xB5, 0xC7, 0xC3, 0xC3, 0x9B, 0x64, 0x7C, 0x36, 0x2F, 0x1A, 0xAA, 0x78,
    0x16, 0x8D, 0xC6, 0xCA, 0x68, 0xEF, 0x5C, 0x9C, 0xEC, 0x85, 0x02, 0x2A, 0x8F, 0x88, 0xE9, 0xE0,
    0x0C, 0xBA, 0x2C, 0x3C, 0x09, 0x4B, 0xA1, 0xA2, 0x61, 0x65, 0x88, 0x0B, 0x7E, 0x6E, 0xAE, 0x7F,
    0x5C, 0xEE, 0xE6, 0xD5, 0x57, 0x1B, 0x65, 0x50, 0x7A, 0xBD, 0xCE, 0x83, 0xDB, 0xF4, 0x2A, 0x5E,
    0x84, 0xEB, 0xD3, 0xDD, 0xDB, 0xA2, 0x5F, 0xD5, 0x68, 0x36, 0x82, 0xE3, 0xE4, 0xEF, 0x3F, 0x6B,
    0x66, 0xDF, 0xE4, 0xD6, 0x75, 0xD9, 0xCD, 0x41, 0x35, 0xE5, 0xE9, 0x9B, 0x4B, 0x17, 0xDB, 0x5A,
    0xEB, 0xEA, 0x8F, 0x4F, 0xEB, 0xD3, 0x94, 0xCE, 0xF8, 0xEC, 0xA2, 0xA0, 0xCC, 0x63, 0x7E, 0x7F,
    0xAA, 0xE6, 0xB7, 0x55, 0xD9, 0x55, 0x46, 0x5F, 0xC8, 0xFF, 0x03, 0x5D, 0x91, 0x01, 0x64, 0x24,
    0x57, 0x1C, 0xC6, 0x7F, 0x9B, 0xC9, 0x66, 0x13, 0xBB, 0x99, 0x5D, 0x4C, 0xF5, 0xF4, 0x92, 0x24,
    0x58, 0xE8, 0x75, 0xBB, 0x5B, 0xA4, 0x3A, 0xE2, 0x35, 0xF3, 0x0E, 0x40, 0x8B, 0xA1, 0x2D, 0x54,
    0x4B, 0x00, 0xA0, 0xCD, 0x3A, 0x4B, 0xEB, 0xA4, 0xF2, 0x68, 0x0F, 0x40, 0x17, 0x00, 0xB0, 0x28,
    0xDA, 0x75, 0x64, 0xD4, 0x21, 0xB7, 0xC9, 0x75, 0x9F, 0x16, 0x40, 0x7B, 0x03, 0x28, 0x60, 0x54,
    0x29, 0x42, 0xFD, 0xD9, 0x1C, 0x7B, 0xC9, 0xDE, 0x4D, 0xDF, 0x98, 0xE3, 0xDA, 0x7E, 0xFF, 0x31,
    0xBE, 0xF9, 0xDE, 0x7F, 0xF8, 0xBE, 0xEF, 0x1D, 0xD1, 0xA5, 0xCE, 0x1A, 0x9B, 0x28, 0xFA, 0xD4,
    0xAC, 0x9F, 0xA8, 0x30, 0x58, 0x9D, 0x9E, 0xFF, 0x21, 0xE3, 0xEF, 0xF3, 0xC5, 0x78, 0x6C, 0xF2,
    0xDC, 0xC6, 0xF1, 0x95, 0xF4, 0x0C, 0x22, 0x90, 0x25, 0x59, 0x72, 0xFA, 0xF9, 0x67, 0x49, 0xC4,
    0xB5, 0xB5, 0xF6, 0xDA, 0x46, 0xA8, 0xCB, 0xCD, 0xB0, 0xDE, 0x09, 0x82, 0xF5, 0xC4, 0xB3, 0xE2,
    0x90, 0x3B, 0xA8, 0xD3, 0x2D, 0x55, 0xDF, 0x84, 0x3A, 0xEF, 0xB5, 0x8A, 0x5F, 0xAB, 0x1C, 0xA7,
    0x22, 0x71, 0xDC, 0x0A, 0x13, 0x11, 0x51, 0x61, 0x38, 0x10, 0x06, 0x61, 0xD8, 0xD9, 0x68, 0x94,
    0xBC, 0x8D, 0x62, 0x93, 0x3A, 0x2B, 0xF8, 0x74, 0xD8, 0xC5, 0xB3, 0x6F, 0xD8, 0x63, 0xEB, 0x59,
    0xE1, 0x8A, 0x5C, 0x0B, 0xB7, 0x7E, 0x88, 0x72, 0x9A, 0x6E, 0xD6, 0x54, 0x98, 0x8C, 0xE8, 0x67,
    0x59, 0x1F, 0xA5, 0xF2, 0x8F, 0xC6, 0xB9, 0x52, 0xCD, 0xA6, 0xEF, 0x3F, 0x9A, 0x8B, 0xC3, 0xA4,
    0x87, 0x08, 0x88, 0x92, 0xF0, 0xA5, 0xBD, 0x30, 0x7C, 0x70, 0xD0, 0xFA, 0xD2, 0xEF, 0x9E, 0xB2,
    0x31, 0x90, 0xA7, 0x5F, 0x89, 0x43, 0x11, 0xCC, 0x2D, 0xA9, 0xDB, 0xB7, 0x2F, 0x2E, 0xDE, 0x3D,
    0xEA, 0x84, 0x4D, 0xF1, 0xAC, 0x97, 0x36, 0x93, 0x4E, 0xC7, 0x05, 0xCD, 0x5E, 0xBA, 0xFD, 0x7F,
    0x0D, 0xEE, 0x71, 0xA4, 0xE4, 0x2F, 0xCE, 0x46, 0xB9, 0x8C, 0xC7, 0x63, 0x97, 0x18, 0xCF, 0x50,
    0x03, 0x1F, 0x36, 0x20, 0x84, 0x3E, 0x64, 0x54, 0x2C, 0xA5, 0xBC, 0x4E, 0x21, 0xEF, 0x02, 0x54,
    0x60, 0x0D, 0x6E, 0xC0, 0x5B, 0x30, 0xA4, 0x62, 0xF0, 0x28, 0x84, 0x06, 0x85, 0x70, 0x00, 0xB6,
    0x10, 0x56, 0x28, 0x84, 0x36, 0xA4, 0x49, 0x92, 0xEA, 0x65, 0x51, 0x4F, 0x8E, 0xF2, 0x05, 0x44,
    0x76, 0xCF, 0x4D, 0x64, 0x83, 0x60, 0xFA, 0xFC, 0xE7, 0xAF, 0x77, 0x4C, 0x64, 0xB7, 0x9D, 0xB6,
    0x63, 0x5A, 0x92, 0x8E, 0xB2, 0xF4, 0xDF, 0xF6, 0x0E, 0xC2, 0x8E, 0x5F, 0x65, 0x0B, 0xC5, 0x80,
    0xD2, 0xEA, 0xA0, 0x9F, 0x64, 0x4B, 0xE2, 0xA5, 0x1F, 0xDC, 0xCB, 0xFC, 0x58, 0xE4, 0xF2, 0x94,
    0xF1, 0x77, 0x65, 0x0D, 0xC3, 0x76, 0xEE, 0x82, 0x14, 0x51, 0x66, 0xB6, 0x9C, 0x5B, 0xDA, 0x95,
    0xEF, 0x66, 0x49, 0x43, 0xF0, 0xFB, 0x74, 0xF1, 0x97, 0x54, 0xF0, 0x8C, 0x67, 0xAA, 0x6B, 0xD1,
    0xA2, 0x15, 0x17, 0x0C, 0xB6, 0x4F, 0xF6, 0x16, 0xDB, 0x27, 0xFB, 0xCF, 0x60, 0xB9, 0xB5, 0x77,
    0x7F, 0xFA, 0xBC, 0x7D, 0x63, 0xB9, 0x05, 0x5D, 0xFE, 0xB6, 0xEF, 0xEB, 0x06, 0x9A, 0x39, 0x87,
    0xC3, 0xCA, 0xA2, 0xB2, 0x38, 0x1C, 0xCE, 0xD1, 0x14, 0x37, 0xD6, 0x33, 0x93, 0x6C, 0x34, 0xF2,
    0xF1, 0x81, 0x2F, 0x6C, 0x8F, 0x48, 0xDF, 0x31, 0x00, 0x2B, 0xF6, 0x21, 0x0F, 0xA9, 0x59, 0x80,
    0x3F, 0xB9, 0x69, 0x6E, 0x9A, 0x4B, 0x40, 0x57, 0x98, 0xD7, 0x4C, 0xED, 0x57, 0xDB, 0xFD, 0x64,
    0x98, 0xB6, 0xFB, 0x94, 0x5D, 0x20, 0xD2, 0xE0, 0x53, 0xDD, 0xE5, 0x1D, 0x20, 0x88, 0x7F, 0x9A,
    0xFF, 0xD2, 0xB8, 0xB8, 0xAF, 0xA4, 0xCD, 0xDB, 0x1C, 0xB3, 0xCE, 0x2A, 0x6F, 0xC2, 0x83, 0xFA,
    0xD5, 0x49, 0xCA, 0xE1, 0xD3, 0xFF, 0xF0, 0xF2, 0x96, 0xCA, 0x77, 0xF5, 0x43, 0x58, 0x8D, 0xDC,
    0xD7, 0x79, 0xBF, 0xF2, 0x71, 0x9E, 0x01, 0xC0, 0x2B, 0x31, 0x4B, 0x79, 0xAE, 0xB7, 0x87, 0x2B,
    0x59, 0x00, 0x01, 0x30, 0x04, 0x08, 0x71, 0x8B, 0x79, 0xC9, 0x00, 0x4D, 0x55, 0x47, 0xE9, 0x6B,
    0xD9, 0xB1, 0xDC, 0x95, 0x7D, 0xE9, 0x72, 0x66, 0xC4, 0xE6, 0x76, 0xA2, 0x7B, 0xB4, 0xFA, 0xA8,
    0x02, 0x3D, 0x73, 0x96, 0x4A, 0x26, 0xD9, 0x59, 0xDA, 0x33, 0x50, 0xF6, 0x79, 0x6D, 0xEF, 0x9A,
    0x9E, 0x9E, 0x58, 0xD1, 0xC2, 0xC4, 0xF6, 0x74, 0xD1, 0xED, 0xAB, 0x76, 0xFA, 0xE2, 0x6C, 0xDF,
    0x0A, 0xC2, 0x13, 0x72, 0x3D, 0x33, 0xE5, 0xFE, 0xBD, 0x20, 0x7F, 0x34, 0xFB, 0x6D, 0xF6, 0xED,
    0xEC, 0xF1, 0xEC, 0xF1, 0x37, 0xCF, 0xC4, 0x21, 0x3C, 0x5F, 0x28, 0xA5, 0x3A, 0xEC, 0xC4, 0xBB,
    0xE9, 0xEB, 0x76, 0xCB, 0x34, 0x75, 0x9D, 0x3B, 0x36, 0x62, 0x8B, 0x48, 0xFF, 0x68, 0xFF, 0x01,
    0xA5, 0x99, 0x3D, 0x8C, 0x23, 0x47, 0x76, 0xC7, 0x7F, 0x64, 0x9F, 0xB6, 0x2D, 0x35, 0x8E, 0xE5,
    0x40, 0x06, 0x7C, 0x90, 0x87, 0xED, 0x40, 0x81, 0x60, 0xCC, 0xC7, 0x05, 0x0A, 0x68, 0x5F, 0x71,
    0xA7, 0xCF, 0x0A, 0x2E, 0x70, 0x70, 0x1B, 0xDC, 0xC1, 0xA1, 0x2F, 0x71, 0x72, 0x0A, 0x94, 0x0C,
    0x0C, 0x02, 0xE2, 0xEE, 0xF6, 0x9D, 0x42, 0x07, 0x52, 0x60, 0xC0, 0xE9, 0x05, 0x36, 0x20, 0x71,
    0x60, 0x91, 0xF0, 0x31, 0x18, 0x1B, 0xB3, 0x33, 0x65, 0x6D, 0xA0, 0x40, 0x80, 0xD5, 0xB0, 0x02,
    0x65, 0x76, 0x9F, 0x75, 0x89, 0x67, 0x21, 0xEF, 0xDB, 0x1D, 0x1A, 0xE2, 0x72, 0x39, 0x2C, 0xBF,
    0x6A, 0x72, 0x66, 0x48, 0xEE, 0xEC, 0x87, 0xEC, 0x9E, 0xF7, 0x7F, 0xAC, 0x7E, 0x1F, 0x55, 0x64,
    0xD5, 0xAB, 0xAA, 0x57, 0x35, 0x0D, 0x88, 0x33, 0xEA, 0x0E, 0x00, 0xF0, 0xDE, 0x4D, 0x7A, 0xB9,
    0xC0, 0x05, 0x79, 0x9F, 0x4F, 0x7A, 0xD9, 0xB2, 0x44, 0x0D, 0xD4, 0x0C, 0x68, 0x25, 0x4A, 0xDF,
    0xDA, 0xD1, 0xFB, 0x29, 0xBD, 0xA3, 0x0F, 0xC1, 0x72, 0x89, 0xDD, 0x19, 0x5C, 0xEF, 0x3B, 0x6C,
    0xAD, 0xC4, 0x22, 0x97, 0x08, 0xEF, 0xAF, 0xA9, 0x7C, 0x1B, 0x2C, 0xEC, 0x41, 0xB9, 0xDE, 0xE0,
    0x73, 0xA9, 0xE6, 0x33, 0x73, 0x4F, 0xDA, 0x1C, 0xEC, 0x61, 0x07, 0xBC, 0x2A, 0xE0, 0x67, 0x4C,
    0x3E, 0x9A, 0x6B, 0xDF, 0x50, 0x61, 0x9B, 0x91, 0xD9, 0x2F, 0xEB, 0xB3, 0xAC, 0xEE, 0x73, 0xB3,
    0x2F, 0x5B, 0x74, 0x2D, 0x6F, 0x58, 0x48, 0x33, 0xE2, 0x19, 0xBC, 0x53, 0xC2, 0x01, 0x58, 0xB5,
    0xB4, 0x74, 0x76, 0xF6, 0xE5, 0x9A, 0xCF, 0x64, 0xE5, 0x01, 0x19, 0x0C, 0x06, 0x00, 0xE6, 0x19,
    0x7F, 0x44, 0xEE, 0x19, 0x74, 0x23, 0xCA, 0x25, 0xCE, 0x6E, 0xF5, 0x49, 0xC6, 0x44, 0xDE, 0x03,
    0xD1, 0x49, 0x3F, 0x70, 0x67, 0x9E, 0xE4, 0xBD, 0x1B, 0x81, 0xFB, 0x33, 0xA2, 0xDC, 0x90, 0x56,
    0x3C, 0xCE, 0x95, 0x6B, 0x29, 0xCE, 0x02, 0x37, 0x18, 0x92, 0xEC, 0x08, 0xD3, 0x3B, 0x62, 0x8C,
    0xF1, 0x23, 0x04, 0xC3, 0x95, 0x6C, 0xD2, 0xEB, 0x7F, 0x94, 0x79, 0x7D, 0xC6, 0x82, 0xA1, 0x1D,
    0x98, 0x59, 0x65, 0xDB, 0xCA, 0x7A, 0x53, 0x65, 0xBE, 0xAC, 0x06, 0x6F, 0xF2, 0x21, 0x08, 0x97,
    0x78, 0xEC, 0x73, 0x7C, 0x4F, 0x10, 0x3A, 0x0A, 0x7B, 0x25, 0x36, 0xA0, 0x05, 0x03, 0x00, 0x40,
    0x18, 0x49, 0x54, 0x88, 0xC9, 0xA4, 0x8D, 0x1C, 0xF0, 0xB0, 0xE4, 0xB1, 0xC3, 0x97, 0x8C, 0x87,
    0x04, 0x89, 0x41, 0x62, 0x27, 0xF5, 0x52, 0x18, 0x46, 0x0E, 0x04, 0xDE, 0xBC, 0x70, 0x4C, 0x85,
    0x5D, 0xC1, 0x4B, 0xFD, 0xBE, 0xC4, 0x9F, 0x8B, 0x31, 0xD2, 0x36, 0x72, 0x60, 0x1E, 0x88, 0x39,
    0x75, 0xC6, 0x67, 0x66, 0x86, 0x99, 0x62, 0x04, 0x43, 0x7E, 0x83, 0x5A, 0x29, 0x70, 0x5C, 0xC0,
    0xF7, 0x00, 0xC0, 0x12, 0xE7, 0x4D, 0x0C, 0x86, 0xA6, 0x96, 0x36, 0x89, 0x9C, 0x55, 0x9B, 0x21,
    0x88, 0xC0, 0x5F, 0x15, 0xB0, 0xEB, 0x20, 0xCD, 0xC1, 0x00, 0x4D, 0xA8, 0x1F, 0x42, 0x24, 0x20,
    0x0C, 0x9F, 0x4B, 0x93, 0xDE, 0xC8, 0x57, 0xDD, 0x7C, 0x49, 0x29, 0xB0, 0x9B, 0xC1, 0x0F, 0x72,
    0xF8, 0xB5, 0x83, 0x07, 0x05, 0xB5, 0x42, 0x88, 0xDC, 0x80, 0x28, 0x6F, 0x91, 0xF4, 0x0E, 0x09,
    0x63, 0xD8, 0xA4, 0xC1, 0x26, 0xA6, 0xFA, 0x76, 0x7B, 0xAA, 0xF5, 0xBE, 0x58, 0x8E, 0xEC, 0xC9,
    0xDF, 0xA3, 0x12, 0xA9, 0x89, 0xD0, 0x11, 0x5A, 0x15, 0x8D, 0x26, 0xFB, 0xA5, 0xF7, 0x59, 0x88,
    0xE3, 0x7D, 0x27, 0xE1, 0x67, 0x56, 0x14, 0xAB, 0x2F, 0x93, 0xFE, 0x5C, 0x22, 0x73, 0x9A, 0xEC,
    0x17, 0x6A, 0xF6, 0xE2, 0xB3, 0x25, 0xF2, 0xBE, 0x8A, 0xBC, 0xC8, 0x99, 0x4B, 0xE4, 0xAB, 0x08,
    0x31, 0x96, 0x60, 0x68, 0x2A, 0x8E, 0x7A, 0xFD, 0x0F, 0xBC, 0xF7, 0x22, 0xB0, 0x82, 0x17, 0x5F,
    0x10, 0x9A, 0x58, 0xC4, 0x64, 0xB6, 0x5E, 0x46, 0xCE, 0x46, 0xAE, 0x56, 0x5A, 0x03, 0xC3, 0x6A,
    0xC6, 0x5B, 0x0B, 0x3B, 0x7E, 0x04, 0xD7, 0x8F, 0x0E, 0x83, 0x6C, 0x8B, 0x4A, 0xAB, 0x76, 0x71,
    0x9E, 0xA8, 0x47, 0x61, 0xB0, 0x88, 0xC5, 0xD2, 0xA9, 0xCF, 0x48, 0xF7, 0x0B, 0x8B, 0xBC, 0x8A,
    0x40, 0xC9, 0xDB, 0x8E, 0xE3, 0x9C, 0x9A, 0x40, 0x0B, 0x6C, 0xA7, 0x9A, 0xBB, 0xE9, 0xBE, 0xD4,
    0x7D, 0xF6, 0xE2, 0x31, 0x14, 0xBD, 0xE7, 0xD4, 0x9E, 0x9F, 0x7C, 0xBB, 0xC8, 0x13, 0x64, 0x11,
    0xDC, 0xDB, 0xC8, 0x01, 0x0F, 0x4A, 0xBC, 0xE3, 0x71, 0x81, 0x08, 0x62, 0x91, 0x14, 0x49, 0xF2,
    0x2A, 0xB8, 0x47, 0x91, 0xF7, 0xDA, 0xD5, 0x91, 0x33, 0x2B, 0x94, 0x2F, 0x48, 0x7B, 0xD9, 0x60,
    0x8E, 0x30, 0x63, 0xCC, 0x08, 0x0E, 0xA7, 0x30, 0x3D, 0xA3, 0x3E, 0x9D, 0x11, 0x4D, 0x3D, 0x71,
    0xF7, 0x9B, 0xDC, 0xD8, 0x53, 0xB7, 0x61, 0x1F, 0x14, 0xD6, 0x8A, 0xB4, 0xAC, 0x0C, 0x07, 0x56,
    0x6C, 0x69, 0x65, 0xA7, 0xB0, 0x62, 0x9C, 0x15, 0xED, 0x21, 0xC1, 0xAC, 0x91, 0xF7, 0x5E, 0x67,
    0xFC, 0x93, 0xF2, 0xDA, 0xF1, 0x07, 0x24, 0x27, 0x63, 0xB6, 0xF5, 0xAF, 0x43, 0x92, 0x85, 0x18,
    0x15, 0x22, 0xB7, 0x8C, 0x20, 0x0B, 0xBA, 0x60, 0x13, 0x6C, 0x83, 0x8F, 0xF7, 0xD3, 0x49, 0xEF,
    0x50, 0xB0, 0xCF, 0x25, 0x3F, 0x5B, 0x8F, 0x4D, 0x89, 0x0B, 0xEF, 0xB3, 0xC9, 0xDF, 0x20, 0xAC,
    0xD0, 0xEA, 0x77, 0x31, 0x0C, 0xA8, 0x21, 0xB0, 0x82, 0x20, 0x0B, 0xBA, 0xB5, 0xEF, 0x12, 0x76,
    0x16, 0xCB, 0x73, 0xC9, 0x92, 0x64, 0xF3, 0x95, 0x60, 0x83, 0x38, 0xB7, 0x44, 0xAE, 0x43, 0xAD,
    0x1C, 0x80, 0x94, 0x4B, 0x2B, 0x41, 0x06, 0x06, 0xD8, 0x58, 0xAC, 0x04, 0x25, 0x60, 0x80, 0xBF,
    0xB8, 0x41, 0xE2, 0xCF, 0xD8, 0x36, 0x69, 0xD6, 0x31, 0xDA, 0x2B, 0xA6, 0x56, 0x88, 0xA1, 0x3C,
    0xC7, 0xC0, 0xD4, 0x0B, 0x6B, 0x62, 0x97, 0xF6, 0x8F, 0xA9, 0xFB, 0x11, 0x18, 0x2A, 0x74, 0xAB,
    0x6F, 0xBB, 0x85, 0xA1, 0x43, 0x9C, 0x0B, 0xF5, 0x7F, 0x2B, 0xE0, 0x9B, 0x1C, 0x76, 0x99, 0xE3,
    0x71, 0x4E, 0xFD, 0xAB, 0x82, 0xD8, 0x49, 0x65, 0xB3, 0x4D, 0xBB, 0xF2, 0x79, 0x91, 0xBE, 0x9D,
    0xF4, 0x8E, 0xBC, 0xF7, 0x60, 0x2E, 0xE8, 0x49, 0x9B, 0x03, 0xBA, 0x3B, 0x7E, 0x5A, 0xFB, 0xCB,
    0xF5, 0xCE, 0x90, 0xC8, 0x99, 0x6F, 0x83, 0xC9, 0xFE, 0x49, 0xDF, 0xEB, 0x13, 0xCA, 0xFC, 0x1F,
    0x59, 0xA8, 0x23, 0xF7, 0xFA, 0x38, 0x20, 0x5A, 0x67, 0x5E, 0xA0, 0xB7, 0x3E, 0xE0, 0xBA, 0x0E,
    0xE2, 0x7D, 0x81, 0xD4, 0xCE, 0x77, 0x9A, 0xD6, 0x02, 0x23, 0x74, 0x39, 0x54, 0x5D, 0x26, 0x20,
    0xEB, 0x50, 0x37, 0x51, 0x37, 0x51, 0x37, 0x51, 0x37, 0x45, 0x6B, 0x81, 0x91, 0xA8, 0x9B, 0x04,
    0x37, 0x01, 0x81, 0x17, 0x59, 0x71, 0xE7, 0xB9, 0xC4, 0x36, 0x5D, 0xCB, 0x26, 0x34, 0x02, 0x1D,
    0xCF, 0xF8, 0xF9, 0xC7, 0x5A, 0x78, 0x83, 0xA6, 0x0A, 0x9B, 0x74, 0x93, 0x7B, 0x52, 0xF3, 0xB9,
    0x70, 0x5C, 0x22, 0xC9, 0xE4, 0x0C, 0xD9, 0xC1, 0x64, 0x12, 0x62, 0x4C, 0x86, 0x68, 0xA8, 0x0C,
    0xA0, 0xF4, 0xA2, 0x6C, 0x12, 0x58, 0xF5, 0x2A, 0x7B, 0x41, 0x51, 0x99, 0xA4, 0xC1, 0x38, 0x3E,
    0xB9, 0x43, 0x55, 0x41, 0xDD, 0x4F, 0xCD, 0xC9, 0xE1, 0x16, 0xD6, 0x9E, 0x53, 0x8A, 0x4D, 0xFC,
    0xB4, 0x3E, 0x39, 0x8C, 0x9C, 0x4D, 0x72, 0x6B, 0xB0, 0xAA, 0xED, 0xAA, 0xF0, 0x11, 0xD7, 0xFB,
    0xD9, 0xB0, 0xCA, 0x25, 0x6A, 0x6F, 0xBB, 0x5D, 0xEF, 0x46, 0x91, 0x13, 0xA5, 0xD8, 0xDD, 0x3A,
    0x76, 0xE9, 0x57, 0x0E, 0xB2, 0x6B, 0xBE, 0x48, 0x3F, 0xA2, 0x05, 0xFF, 0x78, 0xC6, 0xFD, 0x7E,
    0x3E, 0xAE, 0x17, 0xC2, 0xE5, 0x6C, 0x1C, 0x50, 0x76, 0xA3, 0x62, 0xA7, 0x9F, 0xC7, 0x67, 0xF8,
    0x47, 0x4C, 0xFA, 0x99, 0x44, 0xB9, 0xD2, 0xA4, 0x8F, 0x3F, 0x43, 0x92, 0x8B, 0xD7, 0x4C, 0x5F,
    0x75, 0xD6, 0x7F, 0x28, 0xAC, 0xFF, 0x45, 0x5E, 0xE2, 0x9E, 0xC4, 0x59, 0xA0, 0x84, 0x40, 0x06,
    0x69, 0x20, 0x1B, 0xC8, 0x51, 0xEF, 0x51, 0x88, 0x19, 0xCC, 0x9C, 0x6E, 0xF0, 0x92, 0x36, 0xA3,
    0x8D, 0x75, 0xEA, 0x4E, 0x1B, 0x9E, 0xF4, 0x4A, 0xEF, 0x4B, 0x81, 0x01, 0x74, 0x6A, 0x1F, 0xEC,
    0xF4, 0x5D, 0x3C, 0xA3, 0x1B, 0x39, 0xDB, 0x8C, 0x9C, 0x24, 0x6F, 0x7D, 0x52, 0x44, 0x77, 0x3F,
    0xCD, 0xF9, 0xEA, 0x73, 0xB8, 0x3D, 0x85, 0xC7, 0xFF, 0x4D, 0xF4, 0xC5, 0x67, 0x79, 0xF2, 0xDE,
    0x27, 0x45, 0xD0, 0x07, 0xBB, 0x74, 0x74, 0xEB, 0x48, 0x0C, 0xE6, 0xDA, 0x9D, 0x64, 0x4C, 0x13,
    0x23, 0xE6, 0xD6, 0x9D, 0x74, 0x24, 0xB1, 0x13, 0xE3, 0x64, 0xC7, 0xC9, 0x0F, 0x9C, 0x9C, 0xBA,
    0x07, 0x5F, 0xB8, 0xD3, 0xBB, 0xEE, 0x71, 0xE4, 0x66, 0x91, 0x9B, 0x46, 0xA1, 0x83, 0x9A, 0xFF,
    0x40, 0x3C, 0x06, 0x58, 0x58, 0xA6, 0x95, 0xE5, 0xAF, 0xCF, 0x2D, 0xDF, 0xBA, 0xB4, 0x0C, 0x8B,
    0x76, 0x8A, 0x58, 0x64, 0xC4, 0xC3, 0xF9, 0x92, 0xEE, 0x10, 0x41, 0xBA, 0x8B, 0x25, 0x3D, 0xF2,
    0xD3, 0xE8, 0x24, 0x8C, 0xCA, 0x82, 0xF2, 0x05, 0xC5, 0x99, 0x7D, 0x07, 0x7B, 0x80, 0x1D, 0x93,
    0x4E, 0xD9, 0x3D, 0xE3, 0xB6, 0xC7, 0x7F, 0xC3, 0x7F, 0x9C, 0xFE, 0xF2, 0xF3, 0x87, 0x77, 0xDF,
    0x97, 0x2F, 0x8D, 0x1C, 0x1B, 0xB9, 0x69, 0xC4, 0x86, 0xC9, 0xB5, 0x4C, 0x61, 0x07, 0xDD, 0x5F,
    0x91, 0x9C, 0xF7, 0x58, 0x31, 0x58, 0x1D, 0x36, 0x95, 0x2C, 0x86, 0x6D, 0xDD, 0x65, 0x9D, 0x1E,
    0xAA, 0x4D, 0x3F, 0x1B, 0x6B, 0xB9, 0x56, 0x8D, 0x7D, 0x45, 0x5A, 0x56, 0x89, 0xCA, 0x55, 0x2B,
    0x5C, 0xD2, 0xA2, 0xB9, 0xB0, 0xEE, 0x67, 0x17, 0x42, 0x2D, 0xAB, 0xE4, 0xA2, 0xB9, 0xDE, 0x24,
    0x47, 0x78, 0x1A, 0x59, 0xEC, 0x06, 0x7B, 0x06, 0x49, 0x28, 0xE3, 0x3F, 0xD5, 0x41, 0x74, 0xF5,
    0xBB, 0x39, 0xF7, 0xC0, 0xC3, 0x1D, 0xB0, 0x8B, 0xA4, 0xF0, 0x95, 0x12, 0x93, 0x83, 0x5D, 0x50,
    0xEC, 0xF3, 0x9D, 0xA3, 0x51, 0xC7, 0xDA, 0x81, 0xDD, 0x10, 0xDB, 0x98, 0x93, 0x96, 0x55, 0xA2,
    0x72, 0xD5, 0xAE, 0xAC, 0xE4, 0xB5, 0x52, 0x63, 0x20, 0x49, 0xB2, 0xE8, 0x5F, 0xA9, 0x4D, 0x61,
    0x1C, 0xB8, 0x96, 0x93, 0x3F, 0xCB, 0x54, 0xAE, 0xDA, 0x67, 0xF4, 0x46, 0x35, 0xA7, 0x05, 0x2E,
    0x69, 0xCD, 0xE0, 0x20, 0x76, 0x3B, 0xDE, 0xD5, 0xFE, 0xFC, 0x32, 0x4D, 0x17, 0x83, 0x3C, 0x0F,
    0x93, 0x7E, 0x4F, 0x42, 0xAC, 0xBF, 0xA0, 0xED, 0x58, 0x6D, 0xA7, 0x80, 0x5D, 0xC2, 0xAB, 0xDE,
    0xB1, 0x7F, 0xD1, 0xAA, 0x2F, 0xAB, 0xC8, 0xD2, 0xDF, 0xD3, 0x50, 0xAE, 0x65, 0x95, 0xAC, 0xEC,
    0xE9, 0x63, 0x33, 0xE9, 0x1B, 0x89, 0xDF, 0x97, 0xE8, 0x7D, 0xE5, 0x5A, 0x56, 0xC9, 0x4A, 0xEA,
    0x35, 0x66, 0xD2, 0x47, 0xE2, 0x30, 0x7F, 0x95, 0x6B, 0x59, 0x25, 0xC9, 0x88, 0xEB, 0x47, 0x48,
    0x92, 0xE9, 0xD1, 0xA3, 0xBE, 0xEF, 0x22, 0x1F, 0x1A, 0x53, 0x83, 0xA1, 0xC9, 0x54, 0xAE, 0x5A,
    0xA9, 0xCF, 0x10, 0xB3, 0x5F, 0x48, 0x1B, 0x91, 0x16, 0x7B, 0x93, 0x21, 0x2D, 0x3F, 0xA2, 0x25,
    0x7B, 0x0A, 0x7D, 0x97, 0x2D, 0x24, 0xE8, 0x83, 0x5D, 0xEC, 0x25, 0xED, 0x89, 0x45, 0x29, 0x98,
    0x1B, 0x2F, 0xD1, 0x89, 0x56, 0x2D, 0x06, 0xD9, 0x44, 0x3A, 0x88, 0x81, 0x28, 0xA7, 0xE6, 0xE0,
    0x06, 0x2C, 0x62, 0x2B, 0xAB, 0x62, 0xAB, 0x10, 0xC2, 0xE4, 0xFF, 0x9F, 0x9F, 0x66, 0x8B, 0xC9,
    0xBF, 0x1F, 0x26, 0x7F, 0xA3, 0xA1, 0x74, 0x61, 0x99, 0x77, 0x57, 0x97, 0x89, 0x21, 0x74, 0xCF,
    0x2D, 0xFB, 0xBF, 0xC2, 0x0B, 0x06, 0xCC, 0x4E, 0x61, 0xFE, 0x79, 0x64, 0xF2, 0xAE, 0xC1, 0x5E,
    0x49, 0xCC, 0xA9, 0x7E, 0x40, 0x54, 0xF2, 0x33, 0xCA, 0xC8, 0xD5, 0xE1, 0x29, 0x4B, 0xD9, 0xB5,
    0x33, 0xD2, 0x7E, 0x6E, 0xEB, 0xC5, 0x90, 0x1B, 0x02, 0x5E, 0x98, 0xFC, 0x8A, 0x01, 0x59, 0x37,
    0xCC, 0x35, 0xA7, 0xDA, 0x38, 0x18, 0x10, 0x66, 0x38, 0xEC, 0xCC, 0x4F, 0x8A, 0xAF, 0xE5, 0x44,
    0xAE, 0x15, 0x66, 0x47, 0x96, 0x9C, 0x21, 0x82, 0x5C, 0x3E, 0xE5, 0xA0, 0x1C, 0x3C, 0xEB, 0x7C,
    0xF8, 0x2C, 0xDD, 0x2D, 0x0E, 0x88, 0xFC, 0x14, 0x74, 0xE8, 0x95, 0x39, 0x7B, 0xC1, 0x76, 0x67,
    0x44, 0xF9, 0x75, 0x1D, 0xBC, 0x5C, 0x23, 0x5D, 0x19, 0x65, 0x9C, 0x69, 0xE9, 0x1D, 0x54, 0x76,
    0x80, 0x6A, 0x25, 0x72, 0x2B, 0xD0, 0x8D, 0x37, 0x0B, 0xF1, 0xA6, 0xE5, 0x6D, 0x45, 0x43, 0xD1,
    0x14, 0xAD, 0x56, 0x22, 0x5F, 0x3E, 0xD1, 0x91, 0xF6, 0xA9, 0x1D, 0xF9, 0x3A, 0x0C, 0xA8, 0x15,
    0xD4, 0x32, 0x80, 0xE7, 0xAE, 0x8D, 0x2F, 0x43, 0x02, 0x51, 0x0E, 0x4A, 0xF0, 0xDC, 0x65, 0x39,
    0xBA, 0xE7, 0xF0, 0xC0, 0x33, 0x17, 0x90, 0x9B, 0xEB, 0x0B, 0x88, 0x24, 0xD9, 0xD3, 0x28, 0x6C,
    0x5A, 0x3E, 0x5B, 0x3E, 0x71, 0x8B, 0x61, 0xF8, 0x82, 0x18, 0x88, 0xC9, 0xE4, 0xD6, 0xF1, 0xBD,
    0x22, 0x1D, 0x1D, 0x67, 0xCF, 0x99, 0xD0, 0xA5, 0xA4, 0xB5, 0x52, 0x6D, 0x5D, 0xFA, 0x9B, 0x19,
    0x06, 0x2A, 0x78, 0x21, 0x44, 0xE9, 0xFC, 0xBD, 0x77, 0xA3, 0x3A, 0xF5, 0x19, 0x52, 0x45, 0xBC,
    0x74, 0xAA, 0x32, 0x59, 0x38, 0xAD, 0x1B, 0x3F, 0xE2, 0x65, 0x30, 0x4B, 0xE4, 0xA7, 0xF4, 0x3F,
    0x5C, 0x92, 0xF8, 0xDC, 0xF4, 0xC4, 0xD0, 0x31, 0xB4, 0x94, 0x87, 0xB2, 0xCF, 0x25, 0xE4, 0xBF,
    0x62, 0x4E, 0xA6, 0x48, 0x9B, 0x14, 0x09, 0x69, 0xBA, 0x08, 0x30, 0x99, 0x7C, 0x04, 0xDE, 0xCF,
    0x40, 0x84, 0x73, 0x36, 0x24, 0xCE, 0xC4, 0x62, 0x90, 0x90, 0x3E, 0x4B, 0xC8, 0x9F, 0xE7, 0x15,
    0xC4, 0x5A, 0xD0, 0xE8, 0x15, 0x9D, 0x98, 0x22, 0x64, 0x52, 0x06, 0x5F, 0x61, 0xA2, 0xB1, 0x2F,
    0x42, 0x25, 0xAF, 0xF4, 0xF1, 0x23, 0xB0, 0x70, 0x13, 0x66, 0x70, 0x9F, 0xFA, 0x97, 0x99, 0x0E,
    0x8D, 0x1E, 0x97, 0x92, 0x1F, 0x96, 0xC6, 0x4B, 0x7A, 0x24, 0x5B, 0xB6, 0x63, 0xAD, 0xA2, 0x3D,
    0xB2, 0x4D, 0x2C, 0x1C, 0x06, 0xCB, 0x9A, 0x5A, 0x7E, 0x16, 0x2C, 0x93, 0x7B, 0xCE, 0xF8, 0xB2,
    0x69, 0xD5, 0x6C, 0x68, 0x6D, 0x57, 0xB0, 0x08, 0x37, 0x15, 0x33, 0xC5, 0x7D, 0x44, 0xEB, 0x13,
    0x35, 0x93, 0xF8, 0x3D, 0x27, 0xE6, 0x87, 0xA5, 0xF7, 0x5E, 0x26, 0xC7, 0x47, 0x22, 0x5A, 0xA3,
    0x74, 0xAD, 0x95, 0x03, 0xDB, 0xD6, 0x97, 0x66, 0x15, 0xD4, 0x71, 0x89, 0x18, 0x41, 0x1A, 0x43,
    0xB4, 0x3A, 0xC4, 0x6E, 0x32, 0x39, 0xFA, 0x18, 0xF5, 0x41, 0x4E, 0x3F, 0xCB, 0x1E, 0x7E, 0x71,
    0x57, 0xA3, 0xEB, 0xAE, 0xDB, 0xF1, 0xDE, 0x99, 0x93, 0x7E, 0x16, 0xBB, 0x6D, 0xEA, 0xA5, 0x05,
    0x19, 0xC0, 0x1F, 0x97, 0x24, 0x7E, 0x96, 0x5D, 0xEF, 0xEF, 0x17, 0x83, 0xF9, 0xF8, 0x0D, 0x16,
    0x18, 0x9E, 0x43, 0x53, 0x66, 0x4C, 0x6F, 0x44, 0xFC, 0x89, 0x10, 0x7D, 0xE1, 0xE0, 0x71, 0xC6,
    0x6B, 0x7E, 0xC4, 0xAD, 0xA3, 0x23, 0x06, 0xD6, 0x20, 0x36, 0x39, 0x47, 0x26, 0x89, 0xF7, 0xA2,
    0xB3, 0x29, 0x9C, 0xC9, 0x45, 0x5F, 0x19, 0x1A, 0x04, 0x6B, 0x11, 0x1A, 0x7B, 0x78, 0x7D, 0xF2,
    0xC9, 0xF1, 0xFE, 0x89, 0x88, 0x8D, 0x5C, 0x2B, 0x30, 0x7B, 0x25, 0x33, 0x7E, 0x46, 0x98, 0x93,
    0x48, 0xBD, 0x1C, 0x21, 0x3C, 0x28, 0x11, 0xDE, 0x75, 0xA8, 0xFF, 0x98, 0xC9, 0x71, 0xBF, 0x8F,
    0x58, 0x13, 0x67, 0xCA, 0xA2, 0xFC, 0x82, 0xB9, 0xEF, 0x6E, 0xC4, 0xC3, 0x5A, 0x01, 0x70, 0xBB,
    0xFC, 0xA3, 0x3B, 0x18, 0x0C, 0x8D, 0x57, 0x0E, 0xCD, 0x88, 0x76, 0x55, 0x36, 0x34, 0xAF, 0x1D,
    0xDE, 0x2E, 0x05, 0xE1, 0x80, 0x4D, 0xE0, 0x8D, 0x37, 0xAF, 0xE5, 0x0B, 0xDB, 0x46, 0x65, 0x39,
    0x66, 0x2B, 0x94, 0xCE, 0xAD, 0x3A, 0xC1, 0xAA, 0xFA, 0x59, 0x57, 0x80, 0x80, 0xA1, 0x35, 0x5C,
    0xB7, 0x5D, 0x12, 0x2F, 0x70, 0x33, 0x03, 0xCB, 0x05, 0xC4, 0x6E, 0x28, 0x1A, 0xC8, 0x6A, 0x17,
    0x55, 0x08, 0xDD, 0xD6, 0xB5, 0xDB, 0xEC, 0xDC, 0x9C, 0xAA, 0x6F, 0xA9, 0xBE, 0x80, 0x5D, 0xC5,
    0xD3, 0x8E, 0xA3, 0xBE, 0xBA, 0x57, 0xD8, 0x5F, 0x1C, 0x47, 0xE3, 0xBC, 0x8B, 0x59, 0x39, 0x8E,
    0x2E, 0xA7, 0x48, 0x93, 0xB0, 0x0D, 0xAF, 0x67, 0xB6, 0x16, 0x64, 0x8B, 0xA8, 0x6C, 0x54, 0x73,
    0x2E, 0xA1, 0xBA, 0x2F, 0x73, 0x1B, 0xD4, 0xAB, 0xBB, 0xA0, 0x16, 0xC8, 0x10, 0x06, 0x52, 0xC5,
    0x06, 0xD7, 0xCF, 0xEF, 0x83, 0x32, 0x3A, 0xB4, 0x2D, 0xE3, 0x2D, 0xCA, 0x46, 0x3D, 0x1C, 0xD3,
    0xE3, 0x1F, 0x65, 0xD1, 0x5F, 0x53, 0xD7, 0x9C, 0xE3, 0x6B, 0x98, 0xC2, 0x01, 0x1A, 0xAF, 0xF0,
    0x50, 0xB1, 0x57, 0xB2, 0x78, 0x96, 0x1A, 0x8B, 0x9F, 0xDE, 0xD8, 0xF0, 0xC9, 0xC6, 0xD2, 0x2D,
    0xE2, 0x1F, 0xEB, 0x5C, 0x01, 0x9E, 0xDF, 0x70, 0xF8, 0xD9, 0x50, 0xF5, 0x00, 0x54, 0x1D, 0x56,
    0x79, 0x25, 0x3F, 0xCA, 0xAB, 0x6E, 0x7B, 0xCF, 0x19, 0x84, 0x48, 0x53, 0xE5, 0xF0, 0xE1, 0xCA,
    0xCD, 0xEA, 0x43, 0x6C, 0xF5, 0xB1, 0xB7, 0x47, 0x75, 0x19, 0x35, 0xA8, 0x3A, 0x79, 0xB3, 0xAC,
    0xDC, 0x9B, 0x45, 0x55, 0x99, 0x71, 0xF3, 0x51, 0xC8, 0x01, 0x48, 0x00, 0xC0, 0x00, 0x50, 0xBB,
    0x33, 0xFF, 0x18, 0xA1, 0x1D, 0x1E, 0xB9, 0xB0, 0xE3, 0xFD, 0xA2, 0x88, 0x33, 0xED, 0x76, 0x31,
    0x0C, 0x28, 0x07, 0x0D, 0x04, 0xD9, 0xDB, 0x0A, 0xDC, 0xDA, 0xC0, 0x37, 0x5B, 0x41, 0xDE, 0x18,
    0xA0, 0x36, 0x46, 0x08, 0x63, 0x51, 0xA8, 0x2F, 0x91, 0x03, 0x88, 0x72, 0x80, 0x24, 0x03, 0xF8,
    0x18, 0x80, 0xF1, 0x65, 0x28, 0x44, 0xBE, 0xC0, 0x1C, 0x8D, 0x68, 0x5B, 0x4B, 0x87, 0x26, 0x03,
    0x0C, 0x42, 0xB2, 0x82, 0x20, 0x0B, 0xBA, 0x60, 0x13, 0x6C, 0x83, 0x0F, 0x6D, 0xC0, 0x02, 0x42,
    0x3C, 0x63, 0xC7, 0xE7, 0xDD, 0x87, 0xEB, 0x89, 0xB3, 0x3D, 0x75, 0xA9, 0xCF, 0x75, 0x33, 0x47,
    0xE0, 0x25, 0x60, 0x77, 0x02, 0x7B, 0xEF, 0x40, 0xE4, 0x2A, 0x24, 0x6F, 0xBD, 0x95, 0x5F, 0xA7,
    0x2E, 0x43, 0x95, 0x0A, 0xB4, 0x16, 0xB0, 0xA2, 0x03, 0x28, 0xD1, 0x05, 0x5A, 0x01, 0xC3, 0xB8,
    0xD8, 0xBB, 0xDE, 0x9F, 0x48, 0x32, 0xBA, 0x9D, 0x73, 0x3C, 0x25, 0xAC, 0xD9, 0x18, 0x68, 0x7E,
    0x77, 0x8B, 0x9B, 0xA4, 0xD9, 0xCA, 0x65, 0x4A, 0x43, 0x61, 0x16, 0x48, 0x23, 0x3D, 0xA1, 0xDD,
    0xCF, 0xD2, 0xFF, 0x3C, 0xAB, 0x36, 0xF9, 0x7A, 0xF0, 0x4B, 0x00, 0x40, 0x0C, 0xF6, 0x05, 0xD1,
    0x12, 0x93, 0xED, 0xDD, 0x3A, 0x3E, 0x11, 0xDD, 0xA4, 0xF2, 0x8B, 0x7A, 0x5E, 0x81, 0xD0, 0xC6,
    0xB3, 0x70, 0xD1, 0xFE, 0x6F, 0xCE, 0xA8, 0xCF, 0xB2, 0xF9, 0x25, 0xDA, 0x90, 0x96, 0xF0, 0xBA,
    0xC0, 0x32, 0x0D, 0xA0, 0x03, 0xDB, 0x90, 0x4C, 0xA1, 0xBB, 0x94, 0xAF, 0x8F, 0xD9, 0x39, 0xA6,
    0xA3, 0xD1, 0x16, 0xE5, 0xCB, 0xF6, 0x43, 0x68, 0x83, 0x11, 0x6A, 0xCB, 0x52, 0xCA, 0x5A, 0xDD,
    0x45, 0x5F, 0x66, 0x78, 0xD8, 0xC9, 0xF9, 0x13, 0xB9, 0x31, 0xF8, 0xC3, 0x7F, 0x2A, 0x49, 0x1D,
    0xF1, 0x08, 0xB3, 0xC5, 0xE6, 0x77, 0x68, 0x01, 0xAF, 0xFE, 0xB4, 0xEB, 0xA7, 0xC2, 0x0D, 0xF8,
    0xC9, 0xDB, 0xB3, 0xA3, 0x44, 0x06, 0xDF, 0xC7, 0xBE, 0xF9, 0x33, 0x7E, 0x0F, 0x8E, 0x27, 0x94,
    0xB7, 0x83, 0x05, 0xC0, 0x0C, 0xE0, 0x17, 0x10, 0x15, 0x24, 0x79, 0x32, 0xA0, 0x59, 0x7E, 0xE7,
    0x77, 0x59, 0x7E, 0xB6, 0x81, 0x83, 0x77, 0xB3, 0x30, 0x5D, 0x56, 0x9F, 0x38, 0x78, 0x34, 0xD4,
    0xA3, 0x58, 0xAE, 0xEA, 0x53, 0x80, 0xEF, 0x03, 0x0C, 0xE0, 0x25, 0x4A, 0x88, 0x20, 0xA5, 0xEE,
    0x68, 0xB1, 0xF6, 0x8C, 0x21, 0xCA, 0x37, 0xA1, 0x2E, 0xEB, 0x9A, 0x9C, 0xD7, 0x49, 0x72, 0xFE,
    0x80, 0xDF, 0x61, 0xF0, 0x32, 0x50, 0x02, 0x38, 0xC2, 0x5C, 0x24, 0xBA, 0x97, 0xC3, 0xD1, 0xC5,
    0x6D, 0xB6, 0x62, 0x57, 0xE1, 0x91, 0xFA, 0x7D, 0x24, 0xFE, 0x1C, 0x31, 0x06, 0x69, 0x2B, 0x0E,
    0x0C, 0x0F, 0xC4, 0x70, 0xEA, 0x0C, 0x8F, 0x33, 0xC3, 0x0C, 0xC3, 0x54, 0x21, 0x98, 0x62, 0x11,
    0x9F, 0x39, 0xC4, 0x99, 0x82, 0x8D, 0x0D, 0xCC, 0x94, 0xDA, 0x8D, 0xAB, 0x4F, 0xB1, 0xDF, 0x5C,
    0x9E, 0x62, 0xC7, 0x30, 0x04, 0x81, 0x92, 0x5A, 0xF1, 0xFF, 0xCE, 0x4E, 0x56, 0xF3, 0x92, 0x67,
    0x65, 0x27, 0xEB, 0x57, 0x7F, 0x9B, 0x22, 0x69, 0x11, 0x76, 0xC3, 0xBF, 0x75, 0xC2, 0x4A, 0xCC,
    0x5C, 0x7D, 0x40, 0xFD, 0x5E, 0x31, 0xDE, 0x71, 0xBE, 0x9F, 0x3F, 0x7C, 0xAC, 0xC2, 0xEC, 0xC2,
    0x98, 0x5A, 0x7E, 0x91, 0xD0, 0xBD, 0xF8, 0x0D, 0x37, 0xBF, 0x8F, 0xC5, 0x5E, 0x9D, 0xF5, 0x1B,
    0x3F, 0x35, 0xBD, 0x0F, 0x57, 0x92, 0x2F, 0x09, 0x9D, 0x63, 0x78, 0x82, 0xBC, 0x33, 0xBD, 0xFC,
    0x19, 0x66, 0xD5, 0x17, 0xCA, 0x9E, 0x38, 0x85, 0x65, 0xB2, 0x7E, 0xF8, 0x2E, 0x89, 0x1C, 0x3B,
    0x39, 0x6D, 0x35, 0x98, 0xFC, 0x9D, 0x20, 0x3C, 0xCA, 0xFC, 0x48, 0xBA, 0xD2, 0x10, 0x13, 0xFE,
    0x68, 0x33, 0xE6, 0x83, 0x26, 0x96, 0x03, 0x93, 0xD9, 0x9A, 0x54, 0xF7, 0x0B, 0xF5, 0xC2, 0x26,
    0x39, 0x62, 0x0D, 0x68, 0x92, 0x05, 0xDB, 0x47, 0x07, 0xB0, 0xEB, 0xC7, 0xE1, 0x75, 0x0B, 0xE4,
    0xFC, 0x96, 0x3C, 0xCE, 0x97, 0x6F, 0xC9, 0x6F, 0x03, 0x98, 0x35, 0xD6, 0x55, 0xC3, 0x8D, 0xC8,
    0x0D, 0x93, 0xE8, 0x5F, 0xCA, 0x48, 0x33, 0x25, 0xBE, 0xF8, 0x0C, 0xDE, 0xFD, 0x1A, 0xFC, 0x19,
    0x91, 0x5E, 0xB9, 0x24, 0xEF, 0xDD, 0x75, 0xE9, 0xFC, 0x9A, 0x65, 0x17, 0x30, 0xCB, 0xA8, 0xCF,
    0x30, 0x57, 0xDF, 0xBA, 0x5B, 0xA5, 0x0E, 0xB6, 0xCD, 0x30, 0xBD, 0x5F, 0xEA, 0xBA, 0x42, 0x1B,
    0x4C, 0x45, 0x2D, 0xAE, 0xBC, 0xAC, 0xF9, 0x6D, 0xE4, 0x10, 0x24, 0xCA, 0x65, 0x7E, 0x0C, 0x4F,
    0xAA, 0xFB, 0xF3, 0x2E, 0x22, 0x3C, 0x76, 0x78, 0x57, 0xA5, 0x41, 0x21, 0xC7, 0x43, 0x0C, 0xC1,
    0x80, 0x29, 0xD8, 0x0B, 0xAA, 0x42, 0x5F, 0xB5, 0xE7, 0x2E, 0x45, 0xE5, 0x22, 0x48, 0x07, 0x69,
    0x22, 0xF1, 0xEA, 0x31, 0x9F, 0x8E, 0x28, 0xAF, 0x17, 0x3A, 0x3D, 0x34, 0x47, 0x3C, 0xFD, 0x77,
    0xFC, 0x34, 0xDC, 0x2A, 0x9D, 0x7E, 0x3E, 0x3F, 0x24, 0xBB, 0xA0, 0x65, 0x28, 0xD8, 0xB9, 0x99,
    0x0A, 0x55, 0x75, 0xFA, 0x75, 0x65, 0xF6, 0x35, 0xA1, 0xFC, 0x69, 0x1E, 0xE4, 0xC8, 0xB1, 0xE2,
    0xE7, 0x12, 0x15, 0x88, 0xC9, 0x90, 0x6D, 0x90, 0x03, 0xC2, 0x57, 0xC5, 0x3B, 0xC2, 0xB7, 0x40,
    0x44, 0x61, 0x15, 0xA9, 0x22, 0x8C, 0x59, 0xBD, 0x44, 0x18, 0x79, 0x2D, 0xF7, 0x24, 0x5D, 0xE8,
    0x46, 0xF0, 0xF0, 0xDC, 0xC7, 0x2D, 0x7C, 0xBA, 0x17, 0x3E, 0x82, 0xE1, 0x2A, 0xE8, 0x45, 0x3E,
    0xDE, 0x7B, 0x9E, 0xA2, 0x77, 0x10, 0xAD, 0xE0, 0x89, 0xEB, 0x0F, 0xE7, 0xFD, 0xB2, 0x64, 0xB5,
    0x43, 0x31, 0xAA, 0x44, 0x83, 0x5C, 0x19, 0xAC, 0xB1, 0xD0, 0x6C, 0xD5, 0x3E, 0x82, 0x79, 0x16,
    0x8B, 0x7C, 0x2E, 0xD1, 0x49, 0xB6, 0x7C, 0x06, 0xD5, 0x46, 0xD1, 0xB6, 0xAB, 0xF2, 0xAA, 0x7C,
    0x1A, 0xEA, 0x3C, 0x04, 0xC1, 0x5E, 0xC1, 0xC2, 0x71, 0x96, 0xEB, 0xFB, 0xA5, 0x60, 0x19, 0x05,
    0xD6, 0x0A, 0xCC, 0xAE, 0x31, 0x80, 0x21, 0x10, 0x97, 0x40, 0x92, 0x3D, 0xD9, 0xD8, 0x7F, 0x65,
    0x12, 0x79, 0xD1, 0x72, 0x57, 0xD1, 0x54, 0x98, 0x73, 0x00, 0x6D, 0x60, 0x0C, 0x7C, 0x10, 0xFF,
    0x72, 0x4C, 0xFA, 0xE3, 0x3E, 0x76, 0x23, 0xCE, 0x06, 0x9B, 0x21, 0x61, 0x7A, 0x12, 0x2A, 0xCF,
    0x3B, 0x26, 0xC9, 0xDA, 0xC9, 0x7D, 0xCC, 0xBD, 0x59, 0x5E, 0xF3, 0xFB, 0xAE, 0x91, 0x66, 0xED,
    0xDB, 0xC5, 0x50, 0x4A, 0x59, 0x7A, 0x86, 0xC3, 0xD2, 0xEE, 0xBA, 0xB4, 0xFF, 0xDB, 0xF8, 0xD1,
    0x70, 0x9E, 0xD9, 0x4E, 0xD9, 0x26, 0xA5, 0x45, 0x92, 0x3D, 0xE5, 0x9F, 0x1B, 0x99, 0x55, 0xDD,
    0x36, 0x3B, 0x95, 0x6D, 0xF0, 0xA1, 0x09, 0xC4, 0xF9, 0x1C, 0xDB, 0xE7, 0x37, 0x28, 0xDD, 0xAB,
    0x6F, 0xE7, 0x32, 0xD5, 0x52, 0x9E, 0xEF, 0xD2, 0x25, 0xFF, 0x0B, 0xB5, 0x97, 0x31, 0x6C, 0x23,
    0xC7, 0xD9, 0x86, 0x9F, 0xDD, 0x81, 0xB5, 0x80, 0x17, 0x3F, 0xC7, 0x85, 0x3B, 0x5B, 0x64, 0xF3,
    0x57, 0xB6, 0x78, 0x6A, 0x09, 0x64, 0x24, 0x4E, 0x92, 0x22, 0x65, 0xDC, 0x04, 0xA9, 0x02, 0xA4,
    0x37, 0x02, 0xA7, 0x50, 0x02, 0x06, 0x90, 0x75, 0x1B, 0x5F, 0xE9, 0xC2, 0xD7, 0xA5, 0x0A, 0x70,
    0x85, 0x03, 0x1C, 0xC8, 0xC0, 0x64, 0x62, 0x05, 0x60, 0x62, 0x9D, 0x6E, 0x6C, 0x15, 0x2E, 0x0E,
    0xC8, 0x2D, 0x70, 0x45, 0xCA, 0x6C, 0xE0, 0x26, 0xB8, 0x0B, 0xEC, 0xEF, 0x4E, 0x0C, 0x8E, 0xC7,
    0xA3, 0x38, 0x99, 0x5D, 0x4A, 0xA2, 0x48, 0x9D, 0x6C, 0xA7, 0xC8, 0xEC, 0xF3, 0x8E, 0x16, 0x33,
    0xDF, 0xCE, 0xAB, 0x59, 0x7E, 0xB3, 0xB3, 0xEB, 0xFD, 0xB4, 0x7B, 0x78, 0x1B, 0xC3, 0x37, 0xD0,
    0x06, 0xBD, 0xC0, 0x7B, 0xD7, 0x9D, 0x64, 0x08, 0x2F, 0x66, 0x0A, 0xAF, 0x2F, 0x30, 0x24, 0xAE,
    0x8E, 0x26, 0xB5, 0x4D, 0x94, 0x33, 0x44, 0x85, 0xC0, 0xE3, 0x02, 0xDA, 0x0E, 0x1A, 0x80, 0x7E,
    0xB1, 0x06, 0x51, 0xDE, 0x09, 0xF1, 0x2A, 0xDB, 0x48, 0x6C, 0x4D, 0xA3, 0x6B, 0xA4, 0x3F, 0x43,
    0x1D, 0xA0, 0xC6, 0x44, 0x97, 0x3C, 0x9B, 0x24, 0x99, 0x46, 0x87, 0xBA, 0x49, 0x9C, 0x1B, 0x10,
    0x81, 0x5F, 0x15, 0xB0, 0xE9, 0xA0, 0x7F, 0x0B, 0xBC, 0xBC, 0xD0, 0x64, 0x27, 0xCA, 0x8D, 0x72,
    0x1B, 0x2A, 0x5B, 0x4F, 0xAC, 0x4E, 0x49, 0x6B, 0x24, 0xBF, 0x45, 0xFD, 0x8B, 0x78, 0xCC, 0x4B,
    0xCF, 0xD0, 0x7E, 0xC9, 0xA4, 0x43, 0x83, 0x2D, 0x0C, 0x9A, 0x21, 0x69, 0x26, 0xA8, 0xA3, 0x1C,
    0x9E, 0x66, 0x70, 0x17, 0xD8, 0x03, 0xBC, 0x25, 0xFE, 0xC2, 0x91, 0x7C, 0x5A, 0xA0, 0x19, 0xD0,
    0xC4, 0x94, 0xD7, 0x38, 0x50, 0x4B, 0x32, 0x88, 0x56, 0x2E, 0xFD, 0x41, 0xA6, 0xEE, 0x13, 0x9D,
    0xC0, 0xB4, 0x24, 0xFE, 0x92, 0xE4, 0x7D, 0x74, 0xD9, 0x3B, 0x05, 0x73, 0x8E, 0xF7, 0xCE, 0x84,
    0x9B, 0x6D, 0x10, 0xBE, 0x9D, 0x26, 0xDD, 0x43, 0xBC, 0xF7, 0xAB, 0x73, 0xF5, 0x53, 0x43, 0xFF,
    0xB6, 0x41, 0xF3, 0x35, 0xEA, 0x1E, 0x5A, 0xED, 0xFD, 0xCA, 0x3F, 0x1C, 0xD9, 0xAB, 0xAC, 0xF6,
    0x83, 0xB6, 0xBB, 0x53, 0x52, 0x7F, 0x00, 0x98, 0x15, 0xB5, 0x2F, 0x4D, 0x5C, 0x96, 0xD9, 0x57,
    0x6E, 0xBB, 0xEF, 0x52, 0xEF, 0x50, 0x73, 0x04, 0x16, 0x08, 0x66, 0x81, 0x94, 0x0C, 0x65, 0xB7,
    0xED, 0xA7, 0x6B, 0x93, 0x5D, 0xC4, 0x94, 0x70, 0x8A, 0xA4, 0x76, 0xCE, 0xF1, 0xBD, 0x92, 0x4F,
    0xEE, 0xD9, 0xB6, 0xB7, 0xC9, 0x23, 0xAB, 0xEE, 0x59, 0xD2, 0x12, 0x81, 0x8B, 0x3C, 0xF7, 0xD9,
    0xAC, 0x27, 0xC2, 0xBE, 0xD0, 0xAA, 0x30, 0x0B, 0x60, 0xCE, 0x93, 0x13, 0x66, 0x7D, 0x3B, 0x4A,
    0x9C, 0xA8, 0x17, 0x43, 0x3A, 0x86, 0xBD, 0xBE, 0x45, 0x62, 0xF7, 0x38, 0xA7, 0xF8, 0xA3, 0x43,
    0xDA, 0x0F, 0xBB, 0x92, 0x7A, 0x1F, 0x5A, 0xE0, 0x4C, 0x14, 0xC0, 0x10, 0x68, 0xF7, 0x1C, 0x6B,
    0xDE, 0x92, 0x8E, 0x60, 0xEF, 0x90, 0xB7, 0x24, 0xB5, 0x4F, 0x9C, 0x72, 0x77, 0x1F, 0xF6, 0xDC,
    0xA6, 0xF7, 0xAE, 0x8A, 0xCF, 0x01, 0x59, 0xB3, 0x61, 0x5C, 0xCA, 0xF1, 0xBF, 0xAD, 0x47, 0x74,
    0xD1, 0x23, 0xF1, 0x19, 0x08, 0x4B, 0xFA, 0x46, 0xCF, 0x78, 0xE1, 0x19, 0x17, 0x40, 0x0B, 0xA2,
    0x61, 0x75, 0x2E, 0x4B, 0x05, 0x75, 0xA3, 0xF4, 0xF3, 0x16, 0x78, 0x15, 0x00, 0x68, 0x60, 0x18,
    0xA5, 0xD6, 0x44, 0x45, 0xB9, 0x5C, 0x5D, 0x54, 0x98, 0xD4, 0xB2, 0x6F, 0xEA, 0x60, 0x8C, 0x81,
    0x4D, 0x3F, 0x86, 0xED, 0xC3, 0x03, 0xAA, 0xB6, 0x48, 0x8C, 0xA6, 0x8A, 0x4B, 0x33, 0x13, 0x17,
    0x1A, 0x83, 0x6C, 0x61, 0xD8, 0x65, 0xFB, 0x00, 0xB4, 0x00, 0x10, 0x7A, 0x4D, 0x3D, 0xE4, 0x47,
    0xF2, 0xFD, 0x4F, 0x8B, 0xF8, 0xE8, 0xC8, 0x71, 0x7C, 0x1F, 0xAE, 0x9F, 0xC0, 0xF3, 0x2F, 0x89,
    0x1F, 0xDC, 0xCB, 0xD2, 0x1B, 0x9F, 0xE5, 0x0D, 0xE5, 0x46, 0x65, 0x9C, 0x30, 0x94, 0xB8, 0x90,
    0x24, 0x93, 0x06, 0x62, 0x10, 0xC1, 0x9F, 0x30, 0xE9, 0x3B, 0x89, 0x16, 0xBF, 0x70, 0x45, 0x07,
    0x84, 0x34, 0xA7, 0x66, 0x45, 0x5B, 0xB9, 0x86, 0xEC, 0x22, 0xC2, 0x71, 0x8E, 0x1F, 0x31, 0xB9,
    0x8B, 0xA4, 0xD9, 0xE2, 0xB7, 0xD5, 0x96, 0x2D, 0x78, 0x05, 0xE5, 0x3D, 0xEA, 0x61, 0x1F, 0xE5,
    0xF4, 0x65, 0x65, 0x0B, 0x25, 0x56, 0x53, 0x1E, 0x87, 0x41, 0x63, 0x74, 0x01, 0xF1, 0x59, 0xD2,
    0x67, 0x41, 0x56, 0xF9, 0x69, 0x18, 0xE7, 0xA0, 0x9C, 0xF8, 0x42, 0xD9, 0x42, 0x89, 0x35, 0xBC,
    0x83, 0x61, 0x48, 0xDB, 0x82, 0x06, 0x6A, 0xC0, 0x3A, 0xB0, 0x81, 0xA0, 0x57, 0xF0, 0xDE, 0x4F,
    0xBA, 0xFD, 0xCB, 0xED, 0x94, 0xD4, 0xE0, 0x0E, 0xD1, 0xE8, 0x62, 0xAA, 0x4E, 0x7A, 0xCE, 0xFB,
    0x4B, 0xF9, 0xAB, 0xB2, 0x92, 0x77, 0x2C, 0x77, 0x10, 0xF4, 0x0B, 0x15, 0x5C, 0x08, 0x66, 0x57,
    0xF5, 0xE7, 0x8B, 0x29, 0x26, 0x36, 0x88, 0x15, 0x0B, 0xEF, 0x83, 0xF5, 0xC5, 0x96, 0x11, 0x08,
    0x14, 0x44, 0x39, 0xB1, 0xFB, 0x1F, 0x3D, 0x54, 0x06, 0x2B, 0x0F, 0x95, 0xB6, 0xC3, 0x70, 0xCE,
    0x08, 0x0E, 0x98, 0x12, 0x38, 0x21, 0x9E, 0x32, 0x43, 0x4D, 0xF1, 0x24, 0xBB, 0x3C, 0xCD, 0xB4,
    0xE1, 0xD8, 0xD5, 0x0D, 0x8F, 0x73, 0x63, 0x10, 0x69, 0x85, 0x6A, 0x7F, 0x10, 0x2A, 0x53, 0x84,
    0xEA, 0x5A, 0x1E, 0x2A, 0xED, 0x42, 0x95, 0xDA, 0xB6, 0x05, 0x34, 0x40, 0x0D, 0x60, 0x1D, 0x60,
    0x83, 0x31, 0x0D, 0xA6, 0xB4, 0x39, 0xE1, 0x3A, 0x9E, 0xBB, 0x3C, 0xE5, 0xEF, 0x1C, 0xBF, 0x77,
    0x9F, 0x27, 0x47, 0x1F, 0x20, 0x7F, 0xD3, 0x88, 0x0F, 0x7A, 0x37, 0xC8, 0x54, 0xE9, 0xB1, 0x74,
    0xEF, 0x64, 0xA9, 0x10, 0xE0, 0x7A, 0x0E, 0x2F, 0x01, 0x9C, 0x7A, 0x6D, 0x66, 0xF3, 0xB9, 0xFF,
    0x22, 0x87, 0x41, 0x01, 0xC5, 0x80, 0x28, 0xDF, 0x41, 0x39, 0x53, 0x25, 0x56, 0xEA, 0x67, 0x68,
    0x34, 0xEB, 0xA4, 0xF6, 0x2C, 0xC5, 0x74, 0x9F, 0x64, 0x0A, 0x90, 0x3E, 0x63, 0xBB, 0x6F, 0xF7,
    0x95, 0xA3, 0xA2, 0xE1, 0xDD, 0x9F, 0x7F, 0x5C, 0xDD, 0xAD, 0xC4, 0xED, 0xF5, 0x5D, 0xE3, 0x0B,
    0x07, 0x94, 0x23, 0x56, 0x3A, 0x2F, 0x0D, 0x5B, 0x39, 0x56, 0xFA, 0x53, 0x01, 0x22, 0x55, 0x7F,
    0x9C, 0x77, 0x2E, 0xB9, 0xD6, 0xAB, 0xCD, 0x3D, 0xC9, 0x4A, 0xD7, 0x5A, 0x8D, 0xC0, 0xB9, 0x6B,
    0xA7, 0xB2, 0x8C, 0xDE, 0x76, 0x6D, 0xEF, 0xC6, 0x6A, 0xD9, 0x35, 0xF2, 0xE5, 0xB2, 0xF8, 0xAA,
    0x7B, 0x9B, 0xE4, 0x87, 0x80, 0xD6, 0xC0, 0xBA, 0x06, 0x8C, 0x06, 0x76, 0xB4, 0x1F, 0x23, 0xBA,
    0xFB, 0x61, 0x34, 0xE9, 0x53, 0xAD, 0xC4, 0x6A, 0x8F, 0xAF, 0x0C, 0xA9, 0xA3, 0xBB, 0xE5, 0x66,
    0xE6, 0xA7, 0xE9, 0xB3, 0xC6, 0x28, 0x18, 0x1D, 0x1E, 0xB2, 0x93, 0x14, 0x29, 0x28, 0xA7, 0xB2,
    0x97, 0x7A, 0x0F, 0x7B, 0x59, 0xDB, 0x7B, 0x9F, 0x8D, 0x94, 0x03, 0xA9, 0xAA, 0xB4, 0x48, 0xEC,
    0xDE, 0x9D, 0xC3, 0xBB, 0x34, 0x8A, 0xC6, 0x98, 0xE6, 0x3A, 0x7A, 0x4A, 0x74, 0x13, 0xA0, 0xCC,
    0xD3, 0x6E, 0x26, 0x70, 0x4E, 0xB8, 0x72, 0xD2, 0x5D, 0xDA, 0x36, 0x42, 0x80, 0xF7, 0xD5, 0x2D,
    0x1D, 0x03, 0x24, 0x27, 0x6C, 0x56, 0x93, 0x1B, 0x90, 0x0B, 0x85, 0xF7, 0xC5, 0xBF, 0x7F, 0x64,
    0x07, 0xD0, 0x89, 0x6E, 0x6E, 0xF6, 0x5C, 0x32, 0xE3, 0xB5, 0x19, 0xD7, 0x7A, 0x39, 0xEC, 0x83,
    0x81, 0x75, 0xA8, 0x75, 0xBB, 0x1F, 0x79, 0x3F, 0x13, 0x6A, 0xC2, 0xFA, 0x00, 0x63, 0x18, 0x36,
    0x7A, 0x45, 0x3C, 0xB3, 0xE9, 0xB8, 0xBC, 0x4F, 0xB7, 0x94, 0x23, 0xCA, 0xA9, 0x86, 0x9A, 0x74,
    0x0B, 0x21, 0x0F, 0x83, 0x07, 0x8B, 0x60, 0xA7, 0xDE, 0x73, 0x01, 0xCE, 0x4A, 0x35, 0x72, 0x71,
    0xC5, 0xC8, 0xF5, 0xA5, 0x91, 0x53, 0x02, 0x40, 0xB0, 0x68, 0xF7, 0xED, 0xED, 0xAB, 0x2D, 0x00,
    0x40, 0xA7, 0x50, 0x5D, 0xB1, 0x28, 0x06, 0x51, 0xAE, 0x8E, 0xA4, 0x56, 0x5B, 0x69, 0xA0, 0x9C,
    0x54, 0x2F, 0x70, 0xFB, 0x30, 0xA8, 0xB2, 0xD4, 0xE7, 0xF0, 0x97, 0x89, 0x54, 0x6D, 0xF3, 0xDE,
    0xD4, 0x4A, 0x9D, 0xEA, 0x8A, 0xEA, 0xDA, 0x21, 0x12, 0x17, 0xB4, 0x36, 0x08, 0x3A, 0x7F, 0xB6,
    0xEB, 0x10, 0x19, 0x9E, 0xED, 0x79, 0x74, 0x74, 0x94, 0xF1, 0xF1, 0x7D, 0x68, 0x4F, 0xE1, 0x93,
    0xF2, 0xD9, 0xFE, 0xB9, 0x4D, 0x6E, 0x7C, 0xE6, 0xCA, 0xFE, 0x32, 0x4E, 0xDD, 0xC8, 0x02, 0x9C,
    0x95, 0x78, 0x46, 0xA3, 0x97, 0x6F, 0x21, 0xAF, 0x22, 0x50, 0xF0, 0xB6, 0xC3, 0x67, 0x44, 0x02,
    0x26, 0xB0, 0x8B, 0xD9, 0xA2, 0xD3, 0x78, 0x24, 0xB1, 0xB7, 0xAD, 0x8D, 0xD2, 0xAD, 0x31, 0xDA,
    0x3B, 0x14, 0x8D, 0x5E, 0xBB, 0xA3, 0xC7, 0xD4, 0xD1, 0xA2, 0xF7, 0xEE, 0x34, 0x46, 0x6D, 0x2F,
    0x6F, 0xF4, 0x0A, 0x12, 0x87, 0x06, 0x03, 0x23, 0xF0, 0x19, 0xB1, 0xC0, 0x0E, 0xB4, 0x7E, 0x4A,
    0xAB, 0xC3, 0xFE, 0x66, 0xAF, 0x58, 0x9B, 0xD9, 0x2A, 0x52, 0x50, 0x55, 0xE4, 0x16, 0x0C, 0x61,
    0x06, 0xFD, 0x1C, 0x04, 0x3A, 0xD0, 0xFA, 0x39, 0x2D, 0x73, 0x16, 0xAC, 0xBD, 0x7B, 0xB9, 0x9B,
    0x01, 0x80, 0xD0, 0x10, 0xDA, 0x82, 0x97, 0xF8, 0x2B, 0x49, 0xEE, 0x8B, 0xD6, 0xB2, 0xA5, 0x65,
    0xA8, 0x1F, 0x8B, 0x3E, 0x76, 0xDA, 0x5B, 0x3D, 0x43, 0x4F, 0xD1, 0x82, 0x6E, 0x7B, 0xDE, 0xE8,
    0x02, 0x48, 0xE2, 0x44, 0x3B, 0xD9, 0x74, 0xF2, 0x1D, 0x27, 0xC7, 0xEE, 0xF1, 0x03, 0x77, 0x7C,
    0xE4, 0x9E, 0x2B, 0x37, 0x53, 0x6E, 0xAA, 0x5C, 0x95, 0xC6, 0x54, 0xB7, 0xE3, 0xBF, 0xB6, 0x68,
    0xA5, 0x04, 0x00, 0x51, 0x95, 0x45, 0xA3, 0xB2, 0xF8, 0xB8, 0xB2, 0xB8, 0x51, 0x5A, 0x9C, 0x54,
    0x16, 0x52, 0x2E, 0x9C, 0x01, 0xA5, 0x2E, 0x96, 0xE8, 0xEE, 0x4D, 0xD2, 0x87, 0x63, 0xAE, 0x85,
    0xA3, 0x43, 0x6A, 0xCB, 0x08, 0x41, 0xB9, 0x8B, 0x2A, 0xDB, 0xCA, 0xBE, 0x32, 0x26, 0xC4, 0x56,
    0xD7, 0xD4, 0xD2, 0xC0, 0xF9, 0x4A, 0xC9, 0x3A, 0x71, 0x3E, 0xA0, 0x10, 0x64, 0x4E, 0x38, 0x0F,
    0x2D, 0xA1, 0x3D, 0xF4, 0x5E, 0xE5, 0xE0, 0xAB, 0x65, 0xD9, 0x3B, 0x75, 0x48, 0xB2, 0x5D, 0xF4,
    0x45, 0x87, 0xA5, 0x81, 0x27, 0x5D, 0xF1, 0x7E, 0x75, 0xE0, 0xAF, 0x9B, 0x4E, 0x93, 0xFA, 0xB9,
    0x59, 0x41, 0xBC, 0x30, 0xBB, 0x6A, 0x3A, 0xFF, 0x57, 0xB2, 0x98, 0x4E, 0x92, 0x0F, 0x54, 0x31,
    0xE9, 0x55, 0xAE, 0xB1, 0xEC, 0xAB, 0x62, 0x37, 0x99, 0xBB, 0xAE, 0xAE, 0xD6, 0xD8, 0x5B, 0xDD,
    0x93, 0x2D, 0x76, 0x5B, 0x34, 0x5F, 0xA1, 0x46, 0xC0, 0x7B, 0xBA, 0x7D, 0xA8, 0xFD, 0x3F, 0x75,
    0x43, 0xB3, 0xC9, 0xAE, 0x2E, 0x73, 0x36, 0x3B, 0xFF, 0x9D, 0xD2, 0x11, 0xDB, 0x1F, 0x21, 0x89,
    0x7D, 0x2B, 0xCE, 0xE2, 0xAE, 0x53, 0xDE, 0x11, 0x3B, 0x51, 0xD9, 0x7E, 0x62, 0xB7, 0x0F, 0xCB,
    0xDE, 0xB8, 0x7B, 0x0B, 0xE5, 0x05, 0x16, 0xA5, 0x9A, 0x8C, 0x41, 0x53, 0xA7, 0x89, 0xC6, 0x90,
    0x64, 0xE5, 0xE6, 0x20, 0x44, 0xFF, 0xC8, 0xE1, 0xD8, 0xC1, 0xF5, 0x0C, 0xDA, 0xC0, 0x35, 0xC0,
    0xC0, 0xDA, 0x18, 0xD2, 0x02, 0xCE, 0xD3, 0x76, 0x87, 0x1D, 0x83, 0x6C, 0x50, 0xD4, 0xE2, 0x5C,
    0x2B, 0x97, 0x84, 0xAF, 0x93, 0xF7, 0x89, 0xFF, 0x7A, 0xF6, 0x81, 0x32, 0x84, 0x01, 0x08, 0xAF,
    0xE5, 0x34, 0xEC, 0xEA, 0x24, 0x3B, 0x34, 0x0D, 0xA6, 0x4E, 0x47, 0x33, 0x48, 0x6C, 0xA1, 0x3E,
    0xCB, 0xA3, 0x07, 0x8E, 0xA7, 0x96, 0xEB, 0xB0, 0x0D, 0x1B, 0x60, 0x58, 0x1B, 0x91, 0xE6, 0x8B,
    0xB4, 0xD8, 0x89, 0x8A, 0x56, 0xEC, 0x8C, 0x72, 0xAF, 0x27, 0x59, 0x68, 0xD1, 0x9A, 0x74, 0x9D,
    0xE4, 0xF7, 0xA8, 0x29, 0xF1, 0x88, 0x48, 0x4A, 0xE2, 0x9C, 0xD7, 0x1C, 0x0D, 0x60, 0xDD, 0x40,
    0x6B, 0x00, 0x7F, 0x58, 0x78, 0x1A, 0x52, 0x5B, 0x3F, 0xDD, 0xF3, 0xE6, 0x3B, 0x4F, 0x87, 0xA8,
    0x18, 0x80, 0x14, 0xF0, 0xCB, 0xFC, 0xF4, 0xF3, 0xD2, 0x82, 0x06, 0xD6, 0x21, 0x3E, 0x00, 0x55,
    0x00, 0x2D, 0xE1, 0x49, 0x1E, 0x7D, 0x6E, 0x01, 0x83, 0x59, 0x67, 0x47, 0x23, 0x29, 0x45, 0xF2,
    0xBD, 0x5C, 0x1D, 0xB9, 0xF8, 0x28, 0xE3, 0x11, 0x78, 0xB8, 0x03, 0xA5, 0x29, 0x0C, 0x78, 0xB9,
    0x40, 0x67, 0x00, 0xE7, 0x7B, 0x1B, 0x20, 0x98, 0x15, 0x86, 0xEC, 0x6E, 0xFA, 0x69, 0xF4, 0x3B,
    0x03, 0x4B, 0x6C, 0xB4, 0x08, 0xC0, 0xEA, 0xEB, 0xD1, 0x30, 0x71, 0x9B, 0xDE, 0x45, 0xBF, 0x71,
    0xA8, 0x53, 0x96, 0x36, 0xA2, 0xAB, 0xF1, 0xA0, 0x59, 0xE0, 0xA7, 0x93, 0xDB, 0xC2, 0xF2, 0xE1,
    0xD1, 0xA7, 0x07, 0x03, 0xA9, 0x74, 0x56, 0x24, 0xB0, 0xAA, 0xC9, 0x87, 0x88, 0xF7, 0x99, 0x48,
    0x5C, 0x88, 0x20, 0x41, 0x83, 0xF9, 0xDF, 0x48, 0xA4, 0x7C, 0x95, 0xF6, 0x33, 0x44, 0xDD, 0x70,
    0x01, 0x60, 0xE9, 0x4D, 0x74, 0xAC, 0x27, 0x7D, 0x2D, 0xC9, 0x07, 0xA2, 0x3E, 0x08, 0x75, 0x38,
    0x0F, 0x2D, 0xDA, 0x4F, 0xC3, 0xE6, 0xAC, 0x61, 0x4E, 0xFF, 0x16, 0x5E, 0xD0, 0x2C, 0x73, 0x13,
    0x2D, 0x50, 0x94, 0xA4, 0xF3, 0x94, 0xF2, 0xA2, 0x1E, 0x96, 0xBB, 0x60, 0xE0, 0xCD, 0x7F, 0xD2,
    0x9E, 0x96, 0x27, 0x97, 0x79, 0x33, 0x63, 0x9B, 0xA5, 0x2F, 0xF1, 0x24, 0x13, 0xE2, 0x23, 0x07,
    0x4F, 0x33, 0xB8, 0xCE, 0x5C, 0xCF, 0x33, 0xE2, 0x07, 0x8E, 0xE4, 0xD7, 0x52, 0xC5, 0x6C, 0xB1,
    0x6D, 0x4F, 0xBF, 0xC4, 0xB3, 0xB9, 0x36, 0x2D, 0xBC, 0x8B, 0x89, 0x8A, 0xBA, 0x72, 0x69, 0x6A,
    0x55, 0x48, 0xF4, 0x29, 0x8C, 0xCB, 0x3A, 0x9C, 0x87, 0x96, 0xD0, 0x6E, 0xAA, 0xDD, 0xB2, 0xA4,
    0xCA, 0xFA, 0xCE, 0x7C, 0xB1, 0x22, 0xC9, 0x77, 0xF3, 0x79, 0x9E, 0x28, 0xEF, 0x62, 0x9F, 0xE1,
    0x6D, 0xC8, 0x9C, 0xF4, 0xBD, 0x42, 0x53, 0x2E, 0xF4, 0x72, 0x31, 0x28, 0xD7, 0x4C, 0x32, 0xAD,
    0x49, 0x7E, 0x82, 0x1A, 0xA3, 0x3D, 0xC9, 0xB3, 0x32, 0xB9, 0xB5, 0xA6, 0x99, 0xD8, 0xD0, 0xFB,
    0x1F, 0xAD, 0xD8, 0x01, 0x6B, 0x24, 0x67, 0x19, 0xC0, 0xF1, 0xDF, 0xCC, 0xF4, 0xBA, 0xF6, 0x86,
    0xEE, 0x1C, 0x10, 0xA4, 0x6D, 0xBD, 0xA4, 0x40, 0x81, 0x52, 0xF6, 0x12, 0x80, 0x03, 0xA2, 0x8E,
    0xBD, 0xA9, 0x20, 0x00, 0x45, 0x58, 0x40, 0xF0, 0x43, 0x08, 0x22, 0x10, 0x21, 0xD0, 0xEB, 0xDD,
    0xE0, 0x07, 0xD0, 0x00, 0x7E, 0x80, 0x03, 0x2A, 0xD8, 0x54, 0x9A, 0xAD, 0x06, 0x7A, 0xD2, 0xB4,
    0xF7, 0xC2, 0x01, 0x00, 0x68, 0x19, 0xBF, 0xC1, 0xA0, 0x02, 0x98, 0x52, 0x7C, 0x5B, 0xA3, 0xC4,
    0x98, 0xCB, 0x3A, 0xBD, 0x69, 0xB3, 0x24, 0xA4, 0xED, 0xA6, 0xB9, 0xE1, 0x79, 0x00, 0xDE, 0x99,
    0xEC, 0xFF, 0xBF, 0xCF, 0xF3, 0xBE, 0xFB, 0x0C, 0x51, 0x60, 0xA9, 0xE2, 0x46, 0xE0, 0x3B, 0x81,
    0xB7, 0x5B, 0x62, 0x94, 0xB4, 0xDB, 0xD2, 0xB0, 0x2E, 0x0B, 0xA5, 0xC1, 0xF4, 0x81, 0x62, 0x73,
    0xCB, 0x92, 0xA2, 0xBA, 0x66, 0x50, 0x97, 0xB2, 0x00, 0xA0, 0xE8, 0x33, 0xFF, 0xAF, 0x1B, 0x5B,
    0xD5, 0xDD, 0x2C, 0x78, 0x18, 0xCF, 0x4E, 0xC3, 0xFB, 0x6F, 0x86, 0x98, 0x85, 0x38, 0x08, 0xEF,
    0x6F, 0x85, 0xA5, 0xBF, 0x05, 0x40, 0xA4, 0x25, 0xAF, 0x79, 0xBC, 0xED, 0x33, 0x37, 0xBB, 0x8A,
    0x9A, 0xA5, 0xC0, 0x72, 0xC3, 0x6A, 0xCB, 0xF6, 0x84, 0xB8, 0x26, 0x69, 0x4B, 0x69, 0xB8, 0x2A,
    0xDB, 0x7D, 0xAB, 0x93, 0x99, 0x2A, 0x0C, 0xAA, 0xA1, 0x2C, 0x5C, 0x93, 0x36, 0xA5, 0xA4, 0x15,
    0xD9, 0xA1, 0x64, 0x8F, 0x1A, 0x3A, 0x9D, 0x97, 0xB6, 0xAA, 0xED, 0x87, 0x2E, 0xC9, 0x4F, 0xC2,
    0x8D, 0x69, 0xD8, 0xCB, 0x3E, 0xD3, 0xB9, 0x75, 0xAF, 0xD7, 0xC9, 0x02, 0x39, 0x2B, 0x3F, 0xE4,
    0x3F, 0x8D, 0x64, 0xE3, 0x0E, 0xB0, 0x84, 0x1B, 0x15, 0xDF, 0xAD, 0xF9, 0x43, 0xE0, 0xE3, 0x46,
    0xD2, 0x44, 0x59, 0x98, 0xC8, 0xEA, 0x55, 0xF9, 0xE6, 0x8E, 0x62, 0xFA, 0xC0, 0xA2, 0xA1, 0x91,
    0x42, 0x69, 0x50, 0xAF, 0xC9, 0x02, 0x23, 0xD6, 0x89, 0xE9, 0x6F, 0x5D, 0xBE, 0x3C, 0x97, 0xC2,
    0x3A, 0x46, 0x78, 0x72, 0x05, 0xEF, 0x74, 0x98, 0xFA, 0x62, 0x0A, 0xAB, 0x8C, 0x18, 0xE2, 0xC5,
    0xDA, 0x9D, 0x3B, 0x70, 0x6F, 0x23, 0xDB, 0xDD, 0xCB, 0xAB, 0x92, 0xD2, 0x37, 0x77, 0xB2, 0xE9,
    0x61, 0x51, 0x95, 0x85, 0x2E, 0x6E, 0x0E, 0x3E, 0x3C, 0x4C, 0x8E, 0x4A, 0x86, 0xC8, 0x2B, 0x97,
    0x06, 0x95, 0xE5, 0x3F, 0xD1, 0xAE, 0x01, 0x45, 0xA5, 0x6F, 0x44, 0xE8, 0x1B, 0xB1, 0x16, 0x89,
    0x6B, 0xB4, 0xAB, 0xD2, 0x30, 0x92, 0xED, 0xBE, 0xA7, 0x6F, 0x44, 0x6E, 0xD8, 0xE1, 0xAF, 0xC9,
    0x42, 0x29, 0x6D, 0xA8, 0x24, 0x2D, 0x3F, 0xEB, 0x22, 0xDD, 0x6F, 0x86, 0xC5, 0x7C, 0xBD, 0x58,
    0xA8, 0xB8, 0x17, 0x78, 0x19, 0xCF, 0xE0, 0xD5, 0x5A, 0xD2, 0xB4, 0x17, 0xEC, 0x87, 0xEC, 0x1F,
    0x2E, 0xEF, 0x40, 0xB2, 0x27, 0x1F, 0xCE, 0x67, 0x72, 0x09, 0x2B, 0x15, 0x3F, 0x6F, 0x18, 0x8F,
    0xC1, 0xA3, 0x3A, 0x21, 0xA2, 0xEC, 0x77, 0x8A, 0x82, 0xF3, 0x9E, 0x96, 0xAC, 0x66, 0x80, 0x18,
    0x59, 0xA9, 0xC1, 0x4C, 0xAC, 0xEE, 0xC5, 0xBE, 0xDD, 0x30, 0x69, 0x89, 0x13, 0x49, 0xD3, 0x4B,
    0x75, 0x4D, 0x92, 0x4F, 0x8F, 0x14, 0x0A, 0x8B, 0x06, 0xD5, 0xA8, 0x5F, 0x0D, 0x16, 0xB8, 0xCE,
    0xD8, 0xB0, 0x30, 0xD8, 0x3F, 0x5D, 0x97, 0x2E, 0x96, 0xA6, 0xE1, 0x8F, 0x3F, 0xFE, 0xBC, 0x2E,
    0xBD, 0xCE, 0x08, 0x4F, 0x3C, 0x3A, 0x85, 0xA4, 0x92, 0x84, 0x73, 0x2A, 0x5C, 0x42, 0x1E, 0x78,
    0x3C, 0x90, 0xA3, 0x8D, 0xDC, 0x6E, 0xB9, 0x74, 0x4A, 0x65, 0xE5, 0x73, 0x95, 0x78, 0xAC, 0x92,
    0x1E, 0xAB, 0xF4, 0x5B, 0xB6, 0x53, 0xA9, 0x7B, 0x95, 0xB4, 0x31, 0xE6, 0x90, 0x11, 0x7B, 0x8C,
    0x15, 0x47, 0x92, 0x5F, 0xCF, 0x27, 0x04, 0x2F, 0x4D, 0x78, 0xB7, 0x01, 0x62, 0xE4, 0x76, 0x63,
    0x26, 0x54, 0x9D, 0xAA, 0x4D, 0x9C, 0xA3, 0x36, 0x69, 0x93, 0xBC, 0x2C, 0x3F, 0xF2, 0x8D, 0x05,
    0x3C, 0xB4, 0xF9, 0xD1, 0x7C, 0x36, 0xE3, 0x31, 0x07, 0x7D, 0x77, 0xCE, 0xDC, 0xB5, 0x93, 0xD9,
    0xAE, 0xED, 0x7B, 0x50, 0xF6, 0xF4, 0xCD, 0x2D, 0x8B, 0xF2, 0xAA, 0x74, 0xF6, 0xAE, 0x2D, 0x0A,
    0xF9, 0x03, 0xC6, 0x73, 0xD6, 0x83, 0x48, 0x6B, 0x3A, 0x0D, 0x07, 0x9B, 0x75, 0xE4, 0x38, 0x0E,
    0x36, 0xAB, 0xE9, 0xF4, 0xD4, 0x4A, 0xDD, 0x3D, 0x06, 0xF4, 0x9F, 0x3A, 0x78, 0x60, 0x65, 0xAB,
    0x5A, 0xCF, 0xC2, 0x24, 0x69, 0xA2, 0x76, 0x3A, 0x6D, 0x0F, 0x36, 0x37, 0x26, 0xAC, 0x27, 0x1B,
    0x2B, 0x6F, 0x86, 0xC1, 0x11, 0x33, 0x84, 0xB4, 0x95, 0xDC, 0xE5, 0xAE, 0x24, 0x00, 0x67, 0x40,
    0x3B, 0x62, 0xC7, 0x3D, 0x03, 0x7A, 0x7A, 0x5E, 0xF4, 0xE8, 0x7A, 0x3D, 0x0D, 0x13, 0x1D, 0xF4,
    0x53, 0x74, 0xE4, 0x33, 0xF4, 0x56, 0x87, 0x76, 0xE9, 0x71, 0x2B, 0xFF, 0x74, 0x7D, 0xE7, 0xFC,
    0x2C, 0x8A, 0x69, 0xF5, 0xCC, 0xEB, 0x73, 0x51, 0x58, 0x27, 0x66, 0x1F, 0x87, 0xE2, 0xA6, 0x17,
    0x2E, 0x9F, 0x17, 0x54, 0xB2, 0x46, 0xDB, 0x4F, 0xA0, 0x79, 0x70, 0xD7, 0x28, 0x18, 0x14, 0xC1,
    0xF7, 0xA2, 0x3B, 0x2F, 0x20, 0x9B, 0x4E, 0xB3, 0xDD, 0xCD, 0x2C, 0x98, 0xC5, 0xF4, 0x28, 0xDB,
    0x7D, 0xE3, 0xC4, 0x4A, 0xF7, 0xC0, 0x74, 0x7A, 0xC6, 0xB4, 0xB9, 0xDD, 0xA4, 0x07, 0xFB, 0xDD,
    0xC9, 0xCA, 0x0D, 0x8B, 0xCD, 0xB7, 0x8A, 0xE9, 0x51, 0x41, 0xCE, 0xA0, 0x7E, 0x3A, 0x3D, 0x38,
    0x74, 0xBB, 0x95, 0x35, 0xD2, 0x98, 0xBC, 0xDC, 0xE6, 0xEF, 0x54, 0xA3, 0xAB, 0xE7, 0xFB, 0x76,
    0x27, 0x26, 0xCB, 0xBF, 0xC3, 0x70, 0x38, 0xD7, 0x17, 0x4C, 0x1E, 0x53, 0x1C, 0x7A, 0x6C, 0x2C,
    0xD9, 0x90, 0x6F, 0x1B, 0x2D, 0x9E, 0x17, 0x2A, 0xFB, 0xA8, 0x1F, 0x22, 0xD2, 0x3D, 0xC5, 0xE2,
    0x7C, 0xD0, 0xCA, 0xA0, 0xF5, 0xE4, 0xAA, 0x85, 0xA7, 0xF0, 0x35, 0xCF, 0x42, 0x12, 0x65, 0x3B,
    0x8A, 0x21, 0xCE, 0x77, 0x2E, 0xF6, 0x76, 0x76, 0x5A, 0xE2, 0x89, 0x6B, 0xBC, 0x5F, 0xEE, 0xD5,
    0xE2, 0x17, 0x5D, 0xB4, 0x6D, 0x8C, 0x4E, 0xAC, 0xC4, 0x98, 0xDC, 0xDB, 0x90, 0xEF, 0xEE, 0x5B,
    0xB6, 0x6C, 0x5D, 0x5E, 0x4D, 0x64, 0x75, 0x94, 0x85, 0x59, 0xF6, 0x33, 0xF8, 0xD3, 0x7B, 0xDD,
    0x33, 0xBA, 0x67, 0x75, 0x7F, 0x73, 0x72, 0x36, 0x0C, 0x67, 0xF5, 0x6A, 0x26, 0xDA, 0x28, 0xF6,
    0x31, 0xD1, 0x76, 0x2B, 0xDD, 0x7A, 0x77, 0x77, 0x66, 0x1F, 0x79, 0x0C, 0x2B, 0x15, 0x59, 0x4D,
    0x5E, 0xF1, 0x2D, 0x00, 0xBE, 0xB6, 0xD0, 0x5D, 0x7E, 0xCA, 0x90, 0x75, 0x9E, 0x63, 0x2E, 0xA5,
    0x41, 0x4D, 0xC1, 0xF2, 0x55, 0xDE, 0xAD, 0x25, 0x7F, 0x6D, 0x24, 0xD5, 0xF8, 0x42, 0x1A, 0x27,
    0xDF, 0x10, 0xE7, 0xD2, 0xD8, 0x46, 0x89, 0xAB, 0xCB, 0x1E, 0x99, 0xC6, 0x2A, 0x57, 0xC9, 0xCF,
    0x38, 0xB7, 0xD7, 0x72, 0xC3, 0x42, 0xD1, 0x47, 0x6E, 0xD8, 0xAD, 0x74, 0xEB, 0xDD, 0x5D, 0x4A,
    0x2C, 0xE2, 0x32, 0x37, 0x46, 0xFC, 0xAB, 0x91, 0x86, 0xF6, 0x42, 0x1A, 0x54, 0x92, 0xC8, 0x5A,
    0x17, 0xE9, 0x7E, 0x53, 0x14, 0xF3, 0xF5, 0x65, 0xA1, 0x62, 0x1A, 0xF8, 0x01, 0x9E, 0xC6, 0xAB,
    0x95, 0xF4, 0x2F, 0x17, 0x35, 0x39, 0xF5, 0xA6, 0x38, 0x97, 0xC9, 0xF1, 0x9B, 0xE2, 0xEF, 0x03,
    0x1B, 0x63, 0xF0, 0xA8, 0x4E, 0xCC, 0xEC, 0x4D, 0xF1, 0xBC, 0xA7, 0x27, 0xA9, 0xC9, 0x02, 0x39,
    0x86, 0x60, 0x8C, 0xD8, 0x41, 0xDA, 0x7C, 0xF7, 0x7F, 0xCD, 0x72, 0x67, 0xDC, 0xC1, 0x7D, 0x89,
    0x98, 0x13, 0x62, 0x8B, 0xFD, 0x50, 0x61, 0x8C, 0x72, 0xF0, 0xA0, 0x5C, 0xD9, 0xDA, 0xFE, 0x32,
    0x97, 0x0D, 0x44, 0xAC, 0x62, 0x74, 0x71, 0x7E, 0x5E, 0xC9, 0x82, 0xA4, 0x99, 0x9B, 0x7F, 0xF6,
    0xAF, 0xC7, 0x15, 0xBD, 0x43, 0x3C, 0xBF, 0xC3, 0x19, 0xBF, 0x1E, 0x2F, 0x7C, 0xB5, 0xC6, 0xF8,
    0x39, 0xE9, 0x51, 0x94, 0xBD, 0xD2, 0x5C, 0x1C, 0x4F, 0x3E, 0xAD, 0x2E, 0xFF, 0x66, 0x2E, 0xF0,
    0x0C, 0x74, 0x74, 0x7E, 0xD0, 0xE9, 0x4D, 0x68, 0xA1, 0xE7, 0xCD, 0xB9, 0xF7, 0xA2, 0xE2, 0x8B,
    0x63, 0x18, 0x2D, 0xDE, 0x54, 0x2E, 0xBD, 0xB9, 0x97, 0x4E, 0x6B, 0x40, 0xC9, 0xAA, 0x98, 0x85,
    0x33, 0x63, 0x2F, 0x0F, 0xB7, 0xDE, 0x9D, 0xBD, 0x55, 0xF6, 0x33, 0xD1, 0x15, 0x6E, 0x51, 0xB0,
    0xCC, 0x75, 0xE0, 0x1C, 0xDC, 0xA4, 0x92, 0xEE, 0xB1, 0x2E, 0x69, 0xA9, 0x31, 0x07, 0x3D, 0xAD,
    0xC8, 0x2B, 0x86, 0x18, 0x81, 0xE7, 0xB1, 0x1A, 0x15, 0x9F, 0xE6, 0xA4, 0xCB, 0xA6, 0x4B, 0x67,
    0xE7, 0x50, 0x87, 0xD7, 0xF1, 0x75, 0x02, 0x3A, 0x03, 0x9E, 0x62, 0x95, 0x78, 0xCC, 0xFF, 0x20,
    0x66, 0x1F, 0xC5, 0xEC, 0xEF, 0x5F, 0xC4, 0x4F, 0x2A, 0xD2, 0x06, 0x11, 0xD7, 0x2F, 0xCE, 0x7F,
    0x82, 0x82, 0xAC, 0x96, 0x54, 0x73, 0xF1, 0x5D, 0xC1, 0x2D, 0x14, 0x58, 0x3E, 0x76, 0x70, 0x11,
    0x87, 0x13, 0x6D, 0x98, 0xB7, 0x0C, 0x1B, 0x06, 0x07, 0x8D, 0xE1, 0x52, 0x7D, 0x61, 0x3C, 0x56,
    0xA6, 0x5E, 0x7C, 0x7D, 0x2E, 0xB0, 0x19, 0x68, 0xFB, 0xFC, 0x20, 0x40, 0x89, 0xD5, 0xB9, 0x60,
    0xB3, 0xAD, 0x7E, 0x3C, 0xFA, 0x9F, 0x34, 0xFB, 0x1C, 0x83, 0xB0, 0xA8, 0x90, 0x57, 0xFD, 0xBF,
    0x5B, 0x92, 0x36, 0xF2, 0x71, 0xCB, 0x8D, 0xC0, 0x12, 0x8A, 0xB3, 0x33, 0xA9, 0x25, 0x2D, 0x13,
    0x16, 0xA0, 0x54, 0x5E, 0xB5, 0x56, 0x88, 0xB9, 0x76, 0xF0, 0xFD, 0x26, 0xBB, 0x1F, 0xD2, 0xFB,
    0xB5, 0x0F, 0x99, 0xF2, 0x5E, 0x7F, 0x2C, 0x99, 0xB8, 0xDC, 0x2A, 0x6A, 0xA5, 0xBC, 0x5A, 0xB4,
    0x24, 0xAF, 0x4A, 0x59, 0x58, 0xEF, 0x99, 0x9F, 0x34, 0x5F, 0xC5, 0x9C, 0x5D, 0xC3, 0x3E, 0xD7,
    0xC5, 0x52, 0x3B, 0x4A, 0xC3, 0x30, 0x0B, 0x45, 0x56, 0xE5, 0xAF, 0xC8, 0x7E, 0x29, 0xFB, 0xB3,
    0xE4, 0x90, 0x7D, 0xB6, 0x99, 0xD0, 0x7A, 0xF6, 0x7E, 0x58, 0x4A, 0x83, 0xA2, 0x22, 0x0F, 0x7D,
    0x0E, 0x4F, 0x14, 0xA0, 0x9E, 0x15, 0xE0, 0xA6, 0xA4, 0x89, 0x7C, 0xF2, 0xD5, 0x05, 0x70, 0x85,
    0xD7, 0x4E, 0xBC, 0x00, 0xAE, 0xDB, 0x2E, 0xC5, 0x51, 0xD2, 0x2E, 0xA6, 0x9D, 0x4E, 0xC8, 0x07,
    0x55, 0xF6, 0x2B, 0xD9, 0x07, 0x92, 0x07, 0x1C, 0x72, 0x97, 0x09, 0xD1, 0xB3, 0x8D, 0xA5, 0x8A,
    0x85, 0xE7, 0x39, 0xDA, 0x96, 0xDC, 0x6F, 0x4F, 0xF4, 0x62, 0xE9, 0xA1, 0xCA, 0xF2, 0xAC, 0x17,
    0x6F, 0xCF, 0xA1, 0x42, 0x3A, 0x6D, 0xD2, 0x37, 0x2A, 0x94, 0x56, 0x67, 0x8D, 0xF8, 0x45, 0x78,
    0xD8, 0x88, 0xCA, 0x87, 0x1C, 0xF1, 0xDA, 0xE9, 0x46, 0xFC, 0x1F, 0x9D, 0x94, 0x01, 0x84, 0x63,
    0x47, 0x18, 0xC7, 0x7F, 0xC9, 0x5C, 0xA5, 0xEE, 0xF5, 0xBD, 0x1C, 0x55, 0x8A, 0x64, 0xEF, 0x50,
    0x1C, 0x7D, 0xDB, 0xA4, 0x84, 0x3E, 0x3A, 0xB7, 0x79, 0xB5, 0x00, 0x00, 0x05, 0xC0, 0x02, 0x50,
    0x5C, 0xF0, 0x10, 0x58, 0x3B, 0x00, 0x00, 0x2D, 0x40, 0x61, 0x51, 0xD4, 0x96, 0x26, 0x08, 0x4E,
    0x5D, 0x9B, 0x61, 0xE9, 0x41, 0x11, 0x00, 0x14, 0xAF, 0x8B, 0xA2, 0x87, 0x1B, 0x36, 0x5C, 0x2E,
    0x97, 0xDD, 0xE9, 0x37, 0x79, 0xB2, 0x7D, 0xAC, 0x75, 0xF4, 0x9B, 0xFF, 0x37, 0xF9, 0xFE, 0xDF,
    0x7C, 0xF3, 0xFF, 0xE2, 0x33, 0xDE, 0xD9, 0xA9, 0x77, 0x5B, 0x3F, 0x3B, 0x33, 0xDE, 0x7B, 0x7B,
    0x26, 0x44, 0x58, 0xB0, 0xDC, 0x07, 0x33, 0xF5, 0xF8, 0xBB, 0xFC, 0xD2, 0xBE, 0x7B, 0x6D, 0x65,
    0x8C, 0x40, 0x82, 0x24, 0xE9, 0x6A, 0x9D, 0x74, 0xD3, 0x6C, 0xB0, 0xDD, 0xB4, 0xEE, 0x26, 0x49,
    0x3B, 0x49, 0xE2, 0x6E, 0x9A, 0x6A, 0x9D, 0xED, 0x6B, 0xD9, 0xB2, 0x62, 0x34, 0x9D, 0x26, 0x7B,
    0x92, 0x91, 0x78, 0x50, 0xE8, 0x4C, 0x8A, 0xD2, 0x44, 0xEA, 0x70, 0x54, 0x08, 0xFF, 0x68, 0x7D,
    0x8A, 0xE3, 0x6E, 0xBC, 0xBB, 0x52, 0xF2, 0x72, 0x5A, 0xCF, 0x1C, 0x7B, 0x7F, 0x6C, 0x58, 0xE2,
    0x73, 0x6F, 0xAE, 0x28, 0x81, 0x62, 0x33, 0x2B, 0xBA, 0x9B, 0xE1, 0x6C, 0xAF, 0xE8, 0x2A, 0xB3,
    0x19, 0x46, 0x76, 0xB6, 0xD7, 0x32, 0x94, 0x65, 0xCF, 0x34, 0x0D, 0xFC, 0x52, 0xB6, 0x00, 0xE7,
    0x62, 0xC2, 0x9E, 0x11, 0x32, 0x53, 0xA0, 0x67, 0x2C, 0x80, 0xCA, 0x01, 0xA2, 0xA8, 0x3C, 0xC9,
    0xE9, 0xEC, 0x8F, 0xFF, 0xB6, 0x0C, 0xF4, 0x81, 0x2D, 0x29, 0xC3, 0xDE, 0xB4, 0x61, 0x57, 0x7C,
    0xF6, 0xEC, 0xAD, 0x8D, 0x09, 0x35, 0x95, 0xE6, 0x4E, 0x75, 0xA7, 0xBB, 0x53, 0xDE, 0x69, 0xDF,
    0xA8, 0x57, 0xFA, 0xBB, 0x0E, 0x5F, 0x5D, 0x41, 0xE8, 0x71, 0xFE, 0x3D, 0x84, 0x2E, 0x2F, 0x95,
    0xA1, 0xAC, 0x7E, 0x9B, 0xB6, 0xFA, 0xDD, 0xF6, 0x7A, 0xF1, 0x8A, 0x98, 0xAA, 0x5E, 0xA6, 0x3B,
    0xE8, 0xA7, 0x3A, 0xCC, 0x78, 0xD0, 0xEF, 0x8F, 0x84, 0xEA, 0xAC, 0xC8, 0x06, 0xA3, 0x41, 0x7F,
    0xD4, 0x1F, 0x4D, 0xB5, 0x4E, 0x3B, 0xB1, 0x1E, 0xEB, 0x2C, 0xD5, 0x9D, 0x34, 0xEE, 0xE8, 0xF1,
    0x4C, 0x4E, 0xA5, 0xA6, 0x93, 0x66, 0x71, 0x27, 0xC5, 0xA0, 0x1C, 0x51, 0x41, 0x37, 0x45, 0x27,
    0xB4, 0x48, 0x48, 0x29, 0x70, 0xE2, 0x29, 0x81, 0x0F, 0xAA, 0xDF, 0x5C, 0xD9, 0x56, 0x2E, 0x67,
    0xC2, 0x29, 0x19, 0xFC, 0x65, 0x74, 0xCB, 0xB6, 0xDB, 0xB4, 0x36, 0x5C, 0x2C, 0xCB, 0x8B, 0x55,
    0xD9, 0xFE, 0x99, 0x83, 0xC8, 0x0C, 0x2E, 0x0C, 0x25, 0xAE, 0x7D, 0x7B, 0x41, 0x35, 0xFE, 0xE8,
    0x0D, 0x07, 0x93, 0xBC, 0x50, 0x56, 0x9D, 0x5B, 0xF5, 0xC2, 0xA8, 0x57, 0xA8, 0x15, 0x6A, 0x81,
    0xB2, 0x54, 0xD6, 0x90, 0xD8, 0xD1, 0x5C, 0x50, 0xBD, 0x32, 0x80, 0x0C, 0xBA, 0x0F, 0xFF, 0xF9,
    0x69, 0xD5, 0x98, 0x5F, 0xE7, 0x3C, 0xBD, 0xCE, 0xA3, 0xF5, 0x64, 0xF9, 0x04, 0x8E, 0x81, 0x7B,
    0x34, 0xA0, 0x0D, 0x1D, 0xC8, 0x60, 0x4A, 0xB8, 0x6D, 0x89, 0x4A, 0xE2, 0x82, 0x2C, 0xE5, 0xD1,
    0xFB, 0xF0, 0x01, 0x30, 0x04, 0x82, 0xD6, 0xDC, 0xC0, 0x49, 0x1E, 0x72, 0x28, 0xFA, 0x7C, 0xFA,
    0xED, 0x9A, 0xDE, 0xC5, 0x35, 0x27, 0xAF, 0x7D, 0xFE, 0xD0, 0x5E, 0xF1, 0x21, 0x9F, 0x23, 0x5D,
    0x2D, 0x44, 0x40, 0x5C, 0xB5, 0x66, 0x4A, 0x90, 0x45, 0x19, 0x68, 0x03, 0x29, 0x50, 0x00, 0x25,
    0x34, 0x2D, 0xB4, 0x6A, 0x95, 0x3E, 0x5F, 0xE3, 0x6A, 0x6B, 0x2D, 0x19, 0x77, 0x2B, 0x33, 0xB7,
    0xDF, 0x58, 0xF5, 0xDF, 0x12, 0x36, 0xB7, 0xEA, 0x56, 0x26, 0x5A, 0x31, 0x37, 0xC3, 0xC9, 0xE1,
    0xDA, 0x8D, 0x65, 0x4E, 0xE3, 0x23, 0xF5, 0x3B, 0x19, 0xCA, 0x32, 0xA6, 0x9D, 0x37, 0x1C, 0xBF,
    0x12, 0xD9, 0x46, 0xC9, 0x1E, 0x4D, 0x4B, 0x4A, 0xC3, 0xF0, 0xF1, 0xCD, 0xF8, 0xBA, 0x28, 0xC7,
    0x30, 0x8C, 0x70, 0x9F, 0xD6, 0x4A, 0xD9, 0xDE, 0xE4, 0xD0, 0x8E, 0x65, 0xDC, 0x47, 0xE2, 0x04,
    0x8F, 0x0E, 0x2D, 0xC7, 0xCA, 0xE2, 0x94, 0x6D, 0x2E, 0xC4, 0xA5, 0x63, 0x75, 0xB5, 0xB1, 0x50,
    0x4E, 0xB9, 0xE6, 0xA2, 0xB9, 0x70, 0xAD, 0x37, 0xB8, 0xDE, 0x24, 0x77, 0x5A, 0x59, 0xF7, 0x89,
    0x38, 0xC1, 0xA3, 0xDC, 0x71, 0x8C, 0x93, 0xF6, 0x52, 0x24, 0x6E, 0x01, 0x28, 0xA4, 0xE7, 0x46,
    0x39, 0x66, 0x8D, 0x12, 0xBF, 0x39, 0x7B, 0x8E, 0xBE, 0x6B, 0xF9, 0x15, 0x6F, 0x3D, 0x97, 0xDE,
    0x5C, 0x7A, 0xBB, 0x43, 0x7E, 0x79, 0xCD, 0xE5, 0x0F, 0x38, 0xA8, 0x23, 0xF2, 0x76, 0xF8, 0xD2,
    0xCE, 0xCF, 0xAD, 0x0F, 0x08, 0x81, 0x50, 0x49, 0x8A, 0xC2, 0xDA, 0xE3, 0xBC, 0x71, 0xDE, 0x6E,
    0x61, 0x84, 0x4A, 0x12, 0xC7, 0x03, 0x97, 0x3F, 0x79, 0x6D, 0xA3, 0x2B, 0x5A, 0x57, 0x48, 0x20,
    0x14, 0xC7, 0x6C, 0x53, 0x50, 0xD9, 0x33, 0xAD, 0xD3, 0x38, 0xBC, 0x20, 0x79, 0x49, 0xCB, 0x0C,
    0x52, 0xFE, 0x87, 0x85, 0x7B, 0xE1, 0x7E, 0xD0, 0xB9, 0xAB, 0x65, 0x65, 0x77, 0x9E, 0xDE, 0x27,
    0xA6, 0x93, 0x3D, 0xCE, 0xFA, 0x8C, 0x28, 0xB1, 0x0D, 0xAB, 0x72, 0xC5, 0xFD, 0x24, 0x4E, 0x3A,
    0x3C, 0xE6, 0x11, 0xEF, 0xE5, 0x70, 0xB2, 0x84, 0xA3, 0xA7, 0x13, 0x68, 0xAE, 0xE0, 0xA3, 0xAF,
    0x69, 0x79, 0xBF, 0x38, 0xC8, 0x1B, 0xCF, 0x1F, 0xC0, 0x3D, 0x65, 0xBF, 0xFC, 0xF3, 0xE1, 0xD2,
    0xFB, 0xC9, 0xBA, 0xB7, 0xFA, 0xE2, 0x0F, 0x65, 0x49, 0x68, 0x57, 0xED, 0xAA, 0xCE, 0xC2, 0x92,
    0x54, 0x67, 0x85, 0x60, 0x2A, 0x9F, 0x80, 0xA9, 0x7C, 0x03, 0x4E, 0xE5, 0x23, 0x50, 0xE2, 0x08,
    0x80, 0xAA, 0xD6, 0xD5, 0x08, 0x81, 0x94, 0x82, 0x9B, 0x4C, 0x2D, 0x2C, 0x03, 0x1C, 0x37, 0xE6,
    0x84, 0x83, 0xA3, 0x6E, 0xF5, 0xDB, 0xD4, 0x35, 0x34, 0x99, 0x9E, 0x0A, 0xD0, 0x08, 0xBC, 0x3C,
    0x8E, 0xDF, 0x7E, 0xAC, 0x27, 0x2B, 0xE1, 0x69, 0xD8, 0x71, 0x62, 0x55, 0xEC, 0xB6, 0xFE, 0x2F,
    0x9D, 0x91, 0x01, 0x86, 0x1C, 0x41, 0x14, 0x86, 0xFF, 0x64, 0x23, 0x8B, 0xB2, 0x33, 0xC1, 0x82,
    0x48, 0x2B, 0x08, 0x82, 0xA2, 0xA1, 0x51, 0x43, 0x8D, 0x5C, 0x21, 0x77, 0xC8, 0x05, 0x1A, 0x13,
    0x6A, 0xE8, 0x64, 0xFB, 0x08, 0x73, 0x84, 0x3D, 0x40, 0xF0, 0x50, 0xCD, 0x46, 0xA0, 0x00, 0x08,
    0xD4, 0x11, 0x5E, 0x12, 0x40, 0xC3, 0xC3, 0x0C, 0x19, 0x46, 0x3A, 0x55, 0x2B, 0x99, 0xDD, 0x4C,
    0x20, 0xB6, 0xBE, 0xD6, 0x8F, 0x47, 0x55, 0xFD, 0xEF, 0x2B, 0x40, 0xF3, 0xA2, 0xA3, 0x8A, 0x67,
    0x05, 0xAA, 0x96, 0x9D, 0xE6, 0x04, 0xFE, 0xBD, 0x1E, 0xC9, 0x99, 0x28, 0x7A, 0x41, 0x96, 0x88,
    0xA6, 0x03, 0x28, 0x83, 0x2B, 0x69, 0x73, 0xF9, 0x9C, 0x06, 0x81, 0xDD, 0xD8, 0x41, 0xEA, 0x08,
    0xCC, 0x79, 0xE1, 0xE9, 0x72, 0xE4, 0xFD, 0x0D, 0x9B, 0x6B, 0xB3, 0xBE, 0xD1, 0x09, 0x98, 0x0E,
    0x70, 0x08, 0xE0, 0xC7, 0xF1, 0xBC, 0x9F, 0xA3, 0x82, 0x03, 0x50, 0xF3, 0xE0, 0xD9, 0x04, 0x5F,
    0xF3, 0x2A, 0xD7, 0x21, 0x57, 0xA0, 0x4E, 0x61, 0xC5, 0xAF, 0xB6, 0xDD, 0xEB, 0x8F, 0x70, 0xD7,
    0x76, 0x4D, 0x3A, 0x2A, 0x28, 0x4C, 0xA2, 0x50, 0x00, 0x26, 0xC1, 0x5F, 0x7F, 0xD3, 0xB4, 0x54,
    0xB2, 0x51, 0xDB, 0x98, 0xD6, 0x9A, 0xEA, 0x62, 0x36, 0xBB, 0xA8, 0x8C, 0x6D, 0xC7, 0xB8, 0xCB,
    0xCD, 0x3B, 0x4E, 0x27, 0x5B, 0xE4, 0xC9, 0x54, 0x7F, 0xD5, 0xBF, 0xED, 0xCF, 0xEE, 0x81, 0x72,
    0x7F, 0xD8, 0x58, 0xAC, 0x20, 0xE7, 0x51, 0xE3, 0x7D, 0xC9, 0x7D, 0xEC, 0xA9, 0x04, 0xFF, 0xA6,
    0xE4, 0xFD, 0x1F, 0x13, 0x54, 0xA7, 0x72, 0xA7, 0xBD, 0x35, 0xB1, 0xCD, 0x26, 0xD8, 0xF8, 0x3F,
    0x26, 0xBA, 0x7F, 0x4D, 0x84, 0x62, 0xC2, 0xD6, 0x72, 0x5B, 0xEF, 0x4C, 0x98, 0x62, 0x02, 0x86,
    0xAC, 0x7F, 0xB0, 0x89, 0xBA, 0x1F, 0x04, 0xF4, 0x5C, 0x3E, 0x09, 0x93, 0xC8, 0x07, 0xD2, 0xC9,
    0xE7, 0x73, 0xA7, 0x03, 0x43, 0x2E, 0xBD, 0xD7, 0xAC, 0xD3, 0x3A, 0x88, 0x2B, 0xF9, 0xC4, 0xAD,
    0x83, 0x4E, 0xAB, 0xC6, 0xD1, 0x2C, 0xA9, 0xA8, 0x62, 0x95, 0x1C, 0xB5, 0xB6, 0x24, 0x79, 0xB7,
    0x85, 0xCB, 0x3B, 0x9C, 0xB8, 0x55, 0x28, 0x73, 0x71, 0x66, 0x4C, 0xBB, 0xC0, 0xF6, 0x1E, 0xA5,
    0x2B, 0xDF, 0xE2, 0x88, 0x9F, 0x98, 0xF0, 0x3D, 0x7E, 0x4D, 0xD9, 0xFB, 0x71, 0x8D, 0x5F, 0xD2,
    0x6E, 0x9F, 0xDF, 0xA1, 0x39, 0xF9, 0x4E, 0xDF, 0x69, 0x4C, 0x7B, 0x91, 0xA6, 0x9C, 0x27, 0xCD,
    0x5E, 0xC6, 0xC4, 0x60, 0x28, 0x5E, 0x7A, 0xFB, 0xA4, 0xDE, 0x3C, 0xFD, 0xF1, 0xCC, 0x2C, 0xBB,
    0x39, 0xBF, 0x84, 0xC5, 0x04, 0x7B, 0x64, 0x09, 0x8D, 0x5F, 0x7D, 0x94, 0x01, 0x84, 0x1D, 0xEB,
    0x15, 0xC7, 0x7F, 0x73, 0xA7, 0x6F, 0xEF, 0xCB, 0x9B, 0x67, 0x0F, 0xBC, 0xD7, 0x06, 0xB6, 0x17,
    0x0A, 0x5E, 0x76, 0xEF, 0x68, 0xC1, 0x8A, 0x6F, 0xF7, 0x4E, 0x5B, 0x80, 0x92, 0x00, 0x00, 0x09,
    0x80, 0xA2, 0x81, 0xD0, 0xD5, 0xEC, 0xDA, 0x49, 0x83, 0x40, 0x69, 0x08, 0xA0, 0xB0, 0x28, 0x76,
    0x67, 0x31, 0x97, 0x5E, 0x54, 0xBB, 0x3B, 0x77, 0x74, 0x51, 0x55, 0xEC, 0xD5, 0xAA, 0xA2, 0xD8,
    0xA9, 0x96, 0xAE, 0x5C, 0x9A, 0x93, 0xEC, 0x68, 0x6E, 0x27, 0x37, 0xF7, 0xF4, 0x1B, 0xD7, 0xA6,
    0xD1, 0x6A, 0xF9, 0xFF, 0xCF, 0xF9, 0x3B, 0xE7, 0x7F, 0x3E, 0xF3, 0xCD, 0xCC, 0xF7, 0x45, 0x33,
    0xB6, 0xC7, 0x8C, 0xA2, 0x44, 0x41, 0xCD, 0xB4, 0x39, 0x52, 0x65, 0x57, 0x89, 0x6D, 0x1E, 0x34,
    0x87, 0x28, 0x2D, 0x9A, 0x23, 0xCC, 0xE8, 0x7C, 0x07, 0xC2, 0x9B, 0x04, 0xE3, 0x11, 0xD1, 0xCB,
    0x39, 0xFD, 0x4F, 0xF7, 0xD9, 0xFC, 0xF8, 0x27, 0xC9, 0xF0, 0x6B, 0x25, 0xFA, 0xF5, 0x14, 0xFD,
    0x46, 0x82, 0x3E, 0x07, 0xFD, 0x15, 0x0C, 0x7F, 0xB3, 0xC2, 0x0F, 0x7E, 0x24, 0xC4, 0x1F, 0xF7,
    0x89, 0xB2, 0x19, 0x9F, 0x8C, 0x9F, 0xF1, 0xE9, 0x7D, 0xF8, 0x52, 0x02, 0x81, 0xD7, 0xD1, 0x8B,
    0x19, 0x7D, 0x36, 0xD8, 0x44, 0x18, 0x12, 0xA0, 0x80, 0xBA, 0x13, 0x74, 0xFB, 0x12, 0x1D, 0xC0,
    0xD0, 0xAD, 0xB0, 0xE9, 0x84, 0xBE, 0xDB, 0x22, 0xB2, 0x99, 0x9F, 0x49, 0x11, 0x9B, 0x4B, 0x76,
    0x28, 0xF0, 0x6F, 0xD8, 0x4C, 0xB2, 0x9F, 0x2E, 0xB5, 0x29, 0xF9, 0x01, 0x4B, 0xDD, 0x59, 0x24,
    0x32, 0x9D, 0x6C, 0xA0, 0xEB, 0xDC, 0x75, 0x50, 0x1C, 0x62, 0x73, 0x1C, 0x6D, 0xF4, 0xDA, 0x41,
    0x5B, 0xCC, 0x0E, 0xCC, 0x14, 0xEE, 0x42, 0x30, 0xE1, 0xF5, 0x3F, 0x2C, 0x5D, 0x8C, 0xA7, 0x55,
    0x2D, 0x89, 0xAA, 0x30, 0xD4, 0x1E, 0x23, 0x8D, 0x3D, 0x07, 0x9E, 0x63, 0x4F, 0x63, 0xF4, 0xEA,
    0x82, 0xD1, 0xD5, 0x39, 0xA3, 0x30, 0x85, 0x2D, 0xC2, 0x72, 0xD0, 0xB2, 0x0C, 0xCB, 0xED, 0x2A,
    0x2C, 0xDD, 0x28, 0x2C, 0xCD, 0x6C, 0x5E, 0xE4, 0xC7, 0x97, 0x2E, 0x7A, 0xB2, 0xD4, 0xD9, 0xDB,
    0x4B, 0xC7, 0xA3, 0xD2, 0x11, 0x7B, 0x8A, 0xA7, 0xF7, 0xD4, 0x40, 0x53, 0xAC, 0x82, 0xCA, 0x1D,
    0xD0, 0xC8, 0xDE, 0xD4, 0x1A, 0xE5, 0xF9, 0xA9, 0x8A, 0xAC, 0xDF, 0x68, 0x0A, 0x59, 0xC7, 0x6A,
    0xE9, 0x25, 0x8A, 0x74, 0x67, 0x3E, 0xF0, 0xBD, 0x36, 0x88, 0x0F, 0xCE, 0x87, 0x68, 0x7C, 0xAA,
    0x74, 0xDE, 0xD6, 0xB6, 0x00, 0x9A, 0xBC, 0x04, 0x0D, 0x2A, 0x50, 0x34, 0xAE, 0x14, 0x6D, 0x4E,
    0x94, 0xD7, 0xE5, 0x9A, 0x86, 0xBF, 0x2B, 0x31, 0x7B, 0xFC, 0x4F, 0x9A, 0x82, 0x07, 0xB5, 0x0A,
    0xEC, 0x69, 0x94, 0xB2, 0xAA, 0xE1, 0x59, 0xB9, 0xAA, 0xC1, 0x9F, 0x5B, 0x9F, 0xEE, 0x57, 0x0E,
    0x87, 0x5B, 0x67, 0x8F, 0xCD, 0x35, 0x0A, 0x1E, 0xAE, 0x32, 0x65, 0x28, 0xC1, 0x1F, 0x13, 0xED,
    0x7E, 0xEB, 0xEC, 0xF1, 0x64, 0xD0, 0x6E, 0xE1, 0xD6, 0x74, 0x3A, 0xBD, 0xEC, 0xFC, 0xFA, 0x9B,
    0xBF, 0x4F, 0x83, 0x3F, 0xF1, 0xB7, 0x84, 0xBF, 0xF3, 0x4B, 0x78, 0xC7, 0x3E, 0x9C, 0xB0, 0x0D,
    0xBB, 0x6C, 0x61, 0x8B, 0xB0, 0x6C, 0xF2, 0x27, 0x65, 0xBB, 0xB8, 0x3E, 0xF7, 0xBC, 0xFA, 0x80,
    0xAF, 0xBE, 0x9D, 0xAA, 0x86, 0xA9, 0x36, 0x79, 0xA2, 0xF6, 0x0E, 0x50, 0x06, 0x73, 0xBE, 0x98,
    0xF9, 0xBD, 0xC5, 0xB9, 0xEE, 0x74, 0x74, 0x88, 0xEA, 0x35, 0xBC, 0xF6, 0x15, 0x5F, 0xF7, 0x5D,
    0xE0, 0x8B, 0xEC, 0x60, 0x60, 0x4A, 0x6F, 0xC6, 0xA2, 0x08, 0x27, 0x74, 0x13, 0xE2, 0xEC, 0x60,
    0x6C, 0x2A, 0xB0, 0x6F, 0xE5, 0x83, 0x8C, 0x28, 0x21, 0x2C, 0xE9, 0x54, 0x1F, 0x51, 0x14, 0xDE,
    0x26, 0x48, 0x22, 0x6C, 0x21, 0xD4, 0x88, 0x1F, 0x10, 0x49, 0xC8, 0xC7, 0x59, 0x6A, 0x66, 0xA5,
    0xBC, 0x04, 0x79, 0x5A, 0x22, 0x9D, 0x6A, 0xD9, 0xC7, 0x79, 0xF6, 0x3C, 0x23, 0xDF, 0x9F, 0x67,
    0xEF, 0xFF, 0x8A, 0xED, 0x92, 0xFD, 0x24, 0x9A, 0x73, 0xE3, 0x5A, 0x7C, 0xE4, 0xE0, 0x3D, 0xEE,
    0x03, 0x80, 0x7E, 0x98, 0x56, 0xAC, 0x06, 0x18, 0x34, 0xE3, 0x04, 0x40, 0xC3, 0x09, 0x80, 0xA2,
    0xBD, 0xBF, 0x82, 0xF2, 0xB0, 0x38, 0x05, 0x65, 0x53, 0x05, 0x94, 0xDB, 0x93, 0x6E, 0xD2, 0xA6,
    0x32, 0x4C, 0x59, 0xA6, 0x58, 0xF9, 0xBE, 0x4F, 0x8D, 0xF2, 0xB3, 0xB2, 0x9B, 0xEA, 0x2C, 0xF8,
    0x8B, 0x0A, 0xBF, 0xB0, 0xFC, 0x6C, 0x51, 0x10, 0xFF, 0xF0, 0x5D, 0xF8, 0xDB, 0x1A, 0x20, 0x2C,
    0xF9, 0x1F, 0x29, 0xAA, 0x89, 0x4F, 0x71, 0xAB, 0xB4, 0x58, 0x63, 0xC3, 0x21, 0x3B, 0x88, 0x76,
    0xA2, 0xAA, 0xFB, 0xB4, 0x94, 0x8B, 0x49, 0xDF, 0x2A, 0xB7, 0xAB, 0xA3, 0xCF, 0x46, 0xB0, 0xD9,
    0xE2, 0x93, 0x9F, 0x23, 0x95, 0x58, 0x85, 0x64, 0x27, 0xB4, 0xAF, 0x26, 0xCF, 0xF2, 0xB4, 0x65,
    0xAB, 0x85, 0x5D, 0xC4, 0x14, 0x39, 0x4A, 0x10, 0xF8, 0x2F, 0x72, 0x13, 0x70, 0x10, 0x14, 0x29,
    0x91, 0xD5, 0xC4, 0x6E, 0x0F, 0xE7, 0x84, 0x91, 0xF3, 0x8F, 0xEE, 0xA0, 0xA5, 0x6E, 0x67, 0x89,
    0x0E, 0xAC, 0x54, 0x17, 0xA6, 0x43, 0x5F, 0xDF, 0x71, 0x51, 0xD2, 0x77, 0x7D, 0xC4, 0xE6, 0x04,
    0x36, 0x01, 0xC7, 0x72, 0x1D, 0x01, 0xE2, 0x14, 0x06, 0x25, 0xDC, 0xF6, 0x1C, 0x56, 0xA0, 0xCA,
    0xC0, 0xAC, 0xFC, 0xCA, 0x1F, 0xF6, 0x92, 0x5B, 0x2F, 0x8A, 0xB4, 0xD5, 0x82, 0xB0, 0x46, 0x94,
    0xAC, 0x13, 0xA6, 0x8E, 0xB0, 0x5C, 0x59, 0x24, 0xBD, 0xE3, 0x89, 0xA3, 0x22, 0xA8, 0xDA, 0x4F,
    0x97, 0x1D, 0x02, 0x5E, 0x14, 0xD9, 0xA1, 0x03, 0xC7, 0x81, 0x0B, 0xAA, 0xDE, 0xB1, 0xB7, 0x81,
    0x83, 0x96, 0x61, 0xBB, 0xDB, 0x62, 0xCE, 0x96, 0xEB, 0xB3, 0xE3, 0x84, 0xF6, 0x6E, 0x51, 0xC7,
    0x87, 0x6C, 0x6B, 0x6D, 0xAF, 0xF5, 0xB4, 0xDE, 0x76, 0xE6, 0xFD, 0x7C, 0x8B, 0x75, 0x9C, 0xC3,
    0xAC, 0x2C, 0x8A, 0xD4, 0x8B, 0xFF, 0x84, 0xEF, 0xF6, 0x52, 0x17, 0x95, 0x81, 0x25, 0x32, 0xD5,
    0x35, 0x76, 0x7C, 0x61, 0x03, 0x24, 0xA5, 0xBB, 0x80, 0x07, 0x15, 0x41, 0x7D, 0x71, 0xCF, 0xBD,
    0x9D, 0x9E, 0xBC, 0x39, 0x9B, 0xDB, 0xB4, 0x7E, 0x63, 0x13, 0x7F, 0x38, 0x96, 0x0F, 0xEF, 0xE1,
    0x05, 0x8E, 0xFF, 0x03, 0x7F, 0x12, 0xF6, 0x4D, 0xE9, 0xF3, 0xF9, 0xBD, 0xBB, 0x5E, 0x7C, 0x7E,
    0xEF, 0x19, 0x3D, 0xBE, 0x3B, 0x67, 0xBF, 0xA2, 0x0F, 0x92, 0x12, 0x4E, 0x40, 0x61, 0x17, 0x62,
    0x04, 0xE4, 0x26, 0x32, 0x23, 0x4E, 0xB1, 0xCF, 0xB8, 0xE3, 0xC5, 0x04, 0x23, 0xF9, 0x71, 0x30,
    0x91, 0xCE, 0x44, 0xC2, 0x52, 0xA2, 0x54, 0x16, 0x48, 0xDD, 0x1A, 0x68, 0x96, 0x2F, 0x9D, 0xB1,
    0x59, 0xFA, 0xE5, 0x26, 0x53, 0x14, 0x47, 0xED, 0x69, 0x7B, 0x4E, 0xCC, 0x6A, 0xB9, 0xBA, 0xA8,
    0x18, 0x06, 0xB0, 0x03, 0xC4, 0x07, 0xB0, 0xA2, 0x5C, 0x5F, 0xA0, 0x44, 0x36, 0x89, 0xF7, 0x6A,
    0xE7, 0xDC, 0xC8, 0x6D, 0xA8, 0x5B, 0xBD, 0x86, 0x88, 0x55, 0xFE, 0xEF, 0x12, 0xBE, 0x2A, 0x88,
    0x87, 0x17, 0x79, 0x76, 0x62, 0xBE, 0x08, 0x79, 0x7B, 0x15, 0x23, 0xB0, 0x44, 0x78, 0x4E, 0xF8,
    0xB2, 0x5D, 0x67, 0x70, 0xAE, 0x8F, 0xCE, 0xDD, 0xD5, 0xF9, 0xC6, 0xD5, 0xF9, 0xAA, 0x87, 0xC2,
    0x10, 0x76, 0x60, 0x03, 0xF2, 0x17, 0x47, 0x66, 0x76, 0xE3, 0x3E, 0xA2, 0x2D, 0x6C, 0x41, 0x73,
    0x5C, 0x6A, 0x50, 0x29, 0x2D, 0xB4, 0x5B, 0x9A, 0xD1, 0xE4, 0xCB, 0x8A, 0x7A, 0x78, 0xE1, 0x0D,
    0xDE, 0xB6, 0xF4, 0xFF, 0x0B, 0x85, 0xD4, 0x81, 0x86, 0x25, 0xC7, 0x17, 0xC7, 0xF1, 0x4F, 0x77,
    0xEF, 0xCE, 0xDD, 0xFD, 0xB7, 0xFF, 0xED, 0x05, 0x84, 0x30, 0x77, 0x11, 0xB0, 0x32, 0x77, 0x16,
    0x8B, 0xC5, 0xDC, 0x4C, 0x3F, 0x41, 0x36, 0x8F, 0x90, 0x37, 0x08, 0x0C, 0x06, 0xC3, 0x34, 0x01,
    0x84, 0x98, 0x47, 0x08, 0x20, 0x3A, 0xC8, 0x0D, 0xC1, 0x45, 0x62, 0x1A, 0x80, 0x10, 0xFD, 0x04,
    0x51, 0x12, 0x01, 0x4B, 0xB6, 0xD1, 0x18, 0xC9, 0xCC, 0x74, 0xAA, 0x76, 0x1B, 0xAC, 0xDD, 0x49,
    0xE9, 0x5F, 0x57, 0x9D, 0x3E, 0xE7, 0x7C, 0xAB, 0xCE, 0x51, 0x1A, 0xFC, 0x1F, 0x1B, 0x8C, 0x14,
    0x3D, 0x55, 0xCD, 0x27, 0x6D, 0xFB, 0xED, 0xF9, 0x34, 0x5D, 0xAF, 0xB1, 0x68, 0xC8, 0x02, 0xCE,
    0xB0, 0x8F, 0x7B, 0xB3, 0x0E, 0x71, 0xD9, 0xC9, 0x5F, 0x0D, 0xCA, 0xAF, 0x8F, 0xAC, 0x97, 0x95,
    0xD3, 0x65, 0xD1, 0x3D, 0x5E, 0xAA, 0x2D, 0x79, 0xAF, 0x20, 0xEB, 0xA2, 0x86, 0x19, 0xBA, 0xC2,
    0xA2, 0x6B, 0xDB, 0xEF, 0x86, 0x69, 0x9A, 0x46, 0xF2, 0x40, 0x59, 0xB3, 0x41, 0x32, 0x7B, 0xD4,
    0x3C, 0xE4, 0x2E, 0xEE, 0x49, 0xDC, 0x7B, 0xB3, 0xAC, 0xEA, 0xF2, 0xD3, 0x8D, 0xFC, 0xB7, 0x91,
    0xCB, 0x9E, 0xC3, 0x39, 0x0F, 0x80, 0x05, 0x4F, 0x59, 0x71, 0xC4, 0x19, 0x95, 0x6C, 0xA0, 0xE8,
    0x16, 0x1D, 0xC6, 0x55, 0x1B, 0xC7, 0xCF, 0xC7, 0x53, 0x1C, 0xB7, 0x55, 0x8D, 0x5D, 0xD1, 0x93,
    0x07, 0x23, 0x65, 0x63, 0xC3, 0x9A, 0x92, 0x53, 0x32, 0x1E, 0x01, 0x0F, 0x49, 0xFB, 0xA4, 0xFD,
    0xF2, 0xBF, 0xC6, 0xD8, 0x8B, 0x4D, 0xEA, 0x45, 0x9D, 0x7A, 0xF1, 0xE8, 0x8E, 0xF3, 0x3E, 0x5D,
    0xE6, 0xDD, 0xD1, 0xB2, 0x6C, 0xAA, 0xE5, 0x5A, 0xF1, 0xEB, 0x8E, 0x29, 0x70, 0xDC, 0xB0, 0x04,
    0xDA, 0xB6, 0x99, 0xA6, 0xEE, 0x86, 0x57, 0xB5, 0x3F, 0x7A, 0x61, 0x14, 0x36, 0x42, 0x55, 0x87,
    0xA2, 0xBF, 0x30, 0xF2, 0x1C, 0x79, 0xDB, 0x16, 0xD3, 0xC4, 0xB9, 0xEC, 0x1F, 0x8B, 0x5F, 0xAC,
    0x4A, 0x67, 0x65, 0x36, 0x94, 0x8B, 0xAE, 0x5C, 0xD9, 0xFB, 0x18, 0xE0, 0x03, 0xD6, 0x94, 0x4D,
    0x99, 0x87, 0xD2, 0xAE, 0xB4, 0x2E, 0x95, 0x5F, 0xC9, 0x5F, 0x72, 0x99, 0xB7, 0x97, 0x89, 0x00,
    0x1F, 0xB1, 0x0B, 0x79, 0x08, 0x65, 0x13, 0xD6, 0xC2, 0xCE, 0xEF, 0xC1, 0xCB, 0xC6, 0x2D, 0xB7,
    0xAF, 0x4F, 0x82, 0xB2, 0xC7, 0xDE, 0x95, 0x8C, 0x03, 0x15, 0x95, 0x0D, 0xA5, 0x91, 0xB2, 0xE8,
    0x89, 0x45, 0x73, 0x96, 0xBA, 0xF7, 0xBA, 0x91, 0xF5, 0xA2, 0x41, 0x16, 0xE0, 0x14, 0xF6, 0x61,
    0x01, 0xB0, 0x08, 0x38, 0xBC, 0xC0, 0x29, 0xB5, 0x81, 0x41, 0xE0, 0x4C, 0x60, 0x65, 0xCB, 0xA2,
    0xDB, 0x90, 0x0D, 0xAB, 0xC8, 0xBB, 0xCE, 0x22, 0x6F, 0x44, 0xDE, 0xA3, 0xAC, 0x71, 0x00, 0x3F,
    0x42, 0x0F, 0x40, 0x56, 0xB3, 0x88, 0x5A, 0x45, 0x9D, 0xC7, 0x94, 0xCB, 0x98, 0x7B, 0x58, 0x2B,
    0xCB, 0xA8, 0x3C, 0x8A, 0x3B, 0xC5, 0x4C, 0x89, 0xEA, 0xA3, 0xC6, 0x88, 0xB8, 0x49, 0x77, 0x21,
    0xC8, 0xAE, 0xA2, 0x42, 0x54, 0x13, 0xF0, 0x3E, 0xC1, 0x67, 0xEF, 0xF4, 0x65, 0xCD, 0x9C, 0x7F,
    0x95, 0x78, 0x89, 0x9B, 0xF8, 0xF3, 0x3E, 0x35, 0x3C, 0x69, 0xBF, 0x71, 0x3E, 0x0D, 0xD8, 0xFE,
    0xB7, 0x0E, 0xA7, 0x4E, 0x39, 0x91, 0x5F, 0x63, 0x0B, 0x70, 0xFF, 0xED, 0x9A, 0xF2, 0xB9, 0xF6,
    0xC3, 0xA8, 0xD4, 0x8B, 0xD4, 0x93, 0xD5, 0xDC, 0xA3, 0x2C, 0x0A, 0x40, 0x8E, 0x0A, 0xC7, 0xB8,
    0xBC, 0x60, 0xBA, 0xE1, 0x3C, 0x46, 0xAE, 0xF2, 0xDE, 0x9E, 0x01, 0x27, 0x78, 0x56, 0xF3, 0x3C,
    0x44, 0x6D, 0x39, 0x39, 0x61, 0x38, 0x92, 0xF7, 0x55, 0x5D, 0x36, 0xC5, 0xDF, 0xB7, 0x7C, 0x11,
    0x80, 0x0C, 0x45, 0x1D, 0xD5, 0xF3, 0xE1, 0x28, 0x9F, 0xAE, 0x55, 0x5F, 0x0E, 0x0E, 0x8A, 0xCE,
    0x69, 0xC1, 0x16, 0x03, 0x02, 0x8F, 0xEE, 0x64, 0x3D, 0xC0, 0x01, 0x76, 0xA2, 0x87, 0x32, 0x5E,
    0x83, 0xF4, 0x5F, 0xDA, 0x61, 0x1D, 0xE7, 0x64, 0xA7, 0xEF, 0x76, 0x73, 0xDC, 0x03, 0x68, 0xC8,
    0x02, 0x76, 0xD8, 0x17, 0x4B, 0x6E, 0x62, 0xC9, 0x01, 0xBB, 0x34, 0x27, 0x9B, 0x7D, 0xEC, 0xE6,
    0xB8, 0x86, 0x9C, 0xC7, 0x54, 0x9C, 0x71, 0xC4, 0x8A, 0x81, 0x45, 0x57, 0x4C, 0x71, 0x0C, 0x55,
    0x1B, 0xC7, 0x4F, 0x1B, 0xD8, 0x7F, 0xB3, 0x7E, 0xF3, 0xFD, 0x4D, 0x8C, 0x14, 0x3F, 0xE7, 0xCE,
    0x1C, 0x04, 0xC5, 0x95, 0xEA, 0xD6, 0xF1, 0xD4, 0x08, 0x04, 0xF7, 0xFF, 0x74, 0x38, 0x91, 0xD6,
    0x69, 0x11, 0x4D, 0xC1, 0xFC, 0xF4, 0xF3, 0x22, 0x4B, 0x2E, 0xD9, 0xDB, 0x31, 0x09, 0x12, 0x51,
    0x11, 0x98, 0x5C, 0x7C, 0x0E, 0xDB, 0x3D, 0x6C, 0xF7, 0xB1, 0x3D, 0xC7, 0x0F, 0xD3, 0x34, 0x75,
    0xDB, 0xCB, 0xB6, 0x6D, 0xB6, 0x6B, 0x6C, 0xFF, 0x87, 0x6D, 0x06, 0xB8, 0xE0, 0xA1, 0x40, 0x55,
    0xA7, 0x57, 0x1F, 0x8E, 0xA7, 0x69, 0x0C, 0x4F, 0xDA, 0xEF, 0x43, 0x32, 0x9B, 0xC0, 0x52, 0xE0,
    0x9E, 0x00, 0x18, 0x51, 0xDC, 0xA0, 0x7A, 0x51, 0xB3, 0x29, 0x7A, 0x46, 0xA3, 0x38, 0x6F, 0x22,
    0x23, 0x3E, 0xC7, 0xA3, 0xA9, 0xF7, 0x4C, 0xEF, 0x9D, 0xAF, 0xE7, 0x59, 0xCF, 0xF1, 0xD4, 0x03,
    0x6C, 0xCD, 0xB7, 0xB4, 0x7C, 0x21, 0xF1, 0x3A, 0x46, 0xC3, 0xDB, 0xBC, 0x3B, 0x00, 0x90, 0xCC,
    0xD9, 0x6B, 0xF6, 0x82, 0x7F, 0x01, 0x8D, 0x8F, 0x01, 0xA7, 0x14, 0x51, 0x18, 0x86, 0x9F, 0x39,
    0x27, 0xCD, 0xBD, 0x0E, 0x3B, 0x20, 0x84, 0xEE, 0x40, 0x60, 0x6D, 0x3B, 0x10, 0x2E, 0x8D, 0x3B,
    0x87, 0xFE, 0x40, 0xBF, 0x23, 0x08, 0x60, 0xB1, 0x76, 0xBF, 0x40, 0x00, 0xFD, 0x8C, 0x0C, 0x6C,
    0x14, 0x2E, 0xED, 0xDA, 0x8F, 0x7E, 0x40, 0xA7, 0x7F, 0x30, 0x08, 0x5C, 0xE8, 0xC4, 0x60, 0xCB,
    0xEE, 0x3D, 0xED, 0x4E, 0x25, 0x20, 0x9D, 0xF3, 0x7A, 0x7D, 0x3C, 0x2F, 0x3C, 0x55, 0x4F, 0x93,
    0xA0, 0x10, 0xAC, 0x92, 0x75, 0xF9, 0xF7, 0xD8, 0xAC, 0xE2, 0xDC, 0xC4, 0xC8, 0xEF, 0xF4, 0x59,
    0x37, 0xB7, 0x5A, 0xAD, 0x7C, 0xBE, 0x03, 0x80, 0xE5, 0x67, 0xB5, 0x29, 0x51, 0x48, 0xC3, 0x94,
    0x0F, 0xBE, 0x36, 0x1F, 0xA5, 0x1E, 0x59, 0xAD, 0x2F, 0xAD, 0x4C, 0x83, 0xF3, 0x85, 0x56, 0x94,
    0x69, 0xCF, 0xE3, 0x65, 0x00, 0x80, 0x12, 0x68, 0x3C, 0x3C, 0x11, 0x78, 0xA7, 0xF0, 0x2D, 0x90,
    0x85, 0x88, 0xD5, 0xB7, 0x58, 0x99, 0xE1, 0x7C, 0x4D, 0xC1, 0x23, 0x2E, 0x18, 0x31, 0xA1, 0xE0,
    0xAA, 0x5D, 0xF9, 0x65, 0x4A, 0x3A, 0x6E, 0xDB, 0x26, 0xA5, 0x23, 0xFB, 0xFF, 0x00, 0xE3, 0xF6,
    0x4D, 0x93, 0xF6, 0xD3, 0x5F, 0x42, 0x01, 0x22, 0xCC, 0xA1, 0x04, 0x27, 0xE4, 0x4A, 0x09, 0x35,
    0xF4, 0x27, 0x54, 0x08, 0x53, 0x68, 0x52, 0x1A, 0xB7, 0xC7, 0x27, 0x29, 0x29, 0x9C, 0xC3, 0x05,
    0xD4, 0x43, 0xDE, 0x43, 0x24, 0xEB, 0x9E, 0x9B, 0xB0, 0x7C, 0xAA, 0xF9, 0x2B, 0xB1, 0x9F, 0x30,
    0x5F, 0xE1, 0x00, 0x6B, 0x98, 0x01, 0xB8, 0xCE, 0xEC, 0x68, 0x0E, 0x65, 0xE2, 0xBA, 0x58, 0x3B,
    0x89, 0x36, 0x5A, 0x1D, 0xEA, 0xBA, 0xDC, 0x38, 0x19, 0xC0, 0x30, 0xE1, 0x3E, 0xC9, 0x04, 0xAB,
    0xFF, 0xFA, 0x95, 0x2C, 0x00, 0x96, 0x22, 0x37, 0x49, 0xB9, 0x07, 0x9C, 0x2A, 0xDD, 0xA8, 0x6C,
    0x3D, 0xC0, 0x03, 0x98, 0xC0, 0x25, 0x29, 0x69, 0xFB, 0x43, 0x08, 0x18, 0x3D, 0xDD, 0xAB, 0x56,
    0x46, 0x03, 0x04, 0xC8, 0x35, 0xDB, 0x4A, 0xF5, 0x85, 0x03, 0xBC, 0xE8, 0xC8, 0xD2, 0x60, 0x0C,
    0x7F, 0xE4, 0xE8, 0x61, 0xFB, 0x9A, 0xBB, 0xB7, 0x50, 0xAA, 0xB9, 0xF5, 0xDB, 0x40, 0x0F, 0x7F,
    0x07, 0x67, 0x3C, 0xA3, 0x36, 0x9D, 0xE9, 0x4B, 0x29, 0xE4, 0xC0, 0xC6, 0x1D, 0x79, 0xE1, 0xB9,
    0xB2, 0x11, 0x17, 0x16, 0xB0, 0x73, 0x81, 0x49, 0xD6, 0x01, 0xC8, 0x19, 0xC4, 0x23, 0x5B, 0xE4,
    0x1D, 0x4E, 0x37, 0x64, 0xBB, 0x42, 0x99, 0xDB, 0x60, 0x62, 0x29, 0xE5, 0xCB, 0x3D, 0x6B, 0x17,
    0xE8, 0x46, 0xC0, 0x1D, 0x78, 0x78, 0x6E, 0xFC, 0xBA, 0x72, 0x3A, 0xBB, 0xC8, 0xE5, 0x27, 0xAD,
    0x98, 0x01, 0x84, 0x64, 0xD9, 0x7A, 0xC7, 0x7F, 0xB7, 0x6E, 0xF5, 0x54, 0x26, 0x57, 0x9F, 0xDB,
    0xE8, 0x62, 0xBC, 0xEE, 0x9E, 0x7A, 0x58, 0x4C, 0x46, 0x75, 0x17, 0x34, 0xB9, 0xCF, 0xEB, 0xE9,
    0xBA, 0xFB, 0x82, 0x90, 0x25, 0x06, 0xD3, 0xFB, 0xC2, 0xD2, 0x19, 0x40, 0x3C, 0xF3, 0xA4, 0x1F,
    0x8D, 0xDE, 0xA7, 0x67, 0xFB, 0x02, 0x48, 0x30, 0x25, 0x12, 0x10, 0x18, 0xBC, 0x20, 0x8D, 0xD9,
    0x12, 0xFD, 0xBC, 0xCA, 0xDB, 0x99, 0xD9, 0x2B, 0x04, 0x12, 0x36, 0x57, 0xD6, 0x82, 0xC8, 0xE6,
    0x66, 0x63, 0x89, 0xCD, 0x2E, 0x37, 0xD4, 0x52, 0x3B, 0x5B, 0x53, 0x27, 0xDF, 0xB9, 0x75, 0xCF,
    0xF6, 0xBD, 0x55, 0xD5, 0x65, 0x26, 0xC9, 0xBD, 0xFD, 0xFF, 0xEF, 0x39, 0xD5, 0xB7, 0xFE, 0xFD,
    0xFF, 0xBE, 0x73, 0xEE, 0xF7, 0x9D, 0x1D, 0xAD, 0x27, 0xA0, 0xAE, 0xF8, 0xA9, 0x03, 0x9C, 0x8D,
    0x75, 0x46, 0x9B, 0xFE, 0x52, 0xE4, 0x4F, 0xC2, 0x87, 0x59, 0x1B, 0xFA, 0xB3, 0xD8, 0x17, 0x7C,
    0x00, 0x7F, 0xF3, 0x71, 0xCC, 0xAF, 0xC2, 0x0C, 0x64, 0x7A, 0xC5, 0xCF, 0x87, 0x5A, 0x03, 0xA1,
    0x20, 0xF5, 0x75, 0x9C, 0x72, 0x4C, 0xCA, 0x51, 0x81, 0x0B, 0xC1, 0x98, 0xD4, 0xF9, 0x57, 0xD2,
    0x1F, 0xBF, 0x15, 0xEA, 0x49, 0x2D, 0x06, 0x48, 0xE4, 0x4E, 0x1D, 0x41, 0x57, 0x93, 0x02, 0x69,
    0x63, 0x48, 0xAA, 0x36, 0x49, 0x37, 0x55, 0x8E, 0x6F, 0x3F, 0x6A, 0x73, 0xFE, 0x3B, 0x43, 0x30,
    0xE2, 0x93, 0x2B, 0xFE, 0xE8, 0x84, 0xE9, 0xA5, 0xBF, 0x15, 0x11, 0x8F, 0xC5, 0x78, 0x07, 0xF4,
    0x7F, 0x69, 0x70, 0x0E, 0x00, 0x6B, 0xD5, 0xB3, 0xC8, 0xE7, 0x22, 0x66, 0x91, 0xCF, 0xED, 0xD5,
    0x7D, 0xA9, 0x53, 0xDA, 0x7C, 0x87, 0xAE, 0xC4, 0x11, 0x50, 0x60, 0xA5, 0xF0, 0x6E, 0x9F, 0xCD,
    0xD3, 0x9D, 0x1C, 0x59, 0x74, 0xC7, 0xC9, 0x51, 0x40, 0x81, 0xBA, 0xCC, 0x5F, 0xEA, 0xEC, 0xF2,
    0xD9, 0x44, 0xD2, 0x6F, 0xA1, 0xB3, 0xEE, 0xF8, 0xF3, 0xBE, 0x3C, 0x37, 0xC5, 0x4A, 0xD2, 0xEF,
    0x4E, 0xEC, 0xB3, 0x75, 0x79, 0x56, 0x41, 0xFB, 0x12, 0x66, 0x1E, 0xD0, 0x12, 0xFC, 0x30, 0x0A,
    0x56, 0xFE, 0x5B, 0x3C, 0xC4, 0xC7, 0x55, 0x0F, 0x29, 0x16, 0x32, 0x17, 0xAF, 0x29, 0x39, 0xEA,
    0x29, 0x15, 0x0F, 0x2F, 0x64, 0x1C, 0xFC, 0x2C, 0xB6, 0xE8, 0x8E, 0x7E, 0x16, 0x07, 0x14, 0xA8,
    0xCB, 0xBC, 0xF0, 0x70, 0xFB, 0x17, 0x8A, 0xEE, 0x48, 0xC1, 0x0F, 0xCD, 0xF3, 0x40, 0xB0, 0x13,
    0x76, 0x47, 0xDF, 0xCA, 0x73, 0x49, 0x1A, 0x38, 0xF1, 0xE3, 0xE0, 0x0F, 0xD2, 0xA4, 0x3B, 0x3A,
    0x8B, 0x00, 0xEC, 0x62, 0xA9, 0xF9, 0x9F, 0xE9, 0x62, 0xAD, 0x51, 0x2F, 0x7F, 0xF2, 0xCB, 0x83,
    0xC3, 0xF2, 0xB4, 0x79, 0x70, 0x0F, 0x60, 0x77, 0x2B, 0x4E, 0x2C, 0xC4, 0x71, 0x12, 0x6C, 0x27,
    0xC9, 0xEC, 0x67, 0x36, 0x3B, 0xBB, 0x9B, 0xAA, 0x40, 0x91, 0x99, 0xB6, 0x19, 0x77, 0x04, 0xBF,
    0x1D, 0xED, 0x6E, 0xE6, 0xD9, 0x39, 0x01, 0x60, 0x45, 0xE0, 0xCD, 0xC0, 0x0F, 0x61, 0x27, 0x86,
    0x8B, 0x8C, 0x46, 0x7A, 0x87, 0x6E, 0xE8, 0x25, 0x6B, 0x10, 0xCE, 0x6E, 0x21, 0x27, 0xF3, 0x43,
    0xF7, 0xA2, 0x15, 0x7B, 0xED, 0x1F, 0x24, 0x3B, 0x7E, 0x36, 0xD8, 0x75, 0xE3, 0x5B, 0x00, 0x34,
    0x69, 0xE8, 0xB4, 0x15, 0x3E, 0x0D, 0xD8, 0x3A, 0xC2, 0xEF, 0xE3, 0x09, 0xCB, 0xB8, 0x15, 0x0E,
    0x5C, 0x71, 0xB8, 0x0E, 0xC0, 0x99, 0xD6, 0xB0, 0xC9, 0x14, 0xDB, 0x82, 0x7D, 0xC1, 0x07, 0xE0,
    0xC8, 0x4B, 0xE5, 0x47, 0x23, 0x9E, 0xD1, 0x61, 0x0D, 0x07, 0x80, 0x96, 0x3E, 0x1B, 0x93, 0xB9,
    0xD1, 0x25, 0x1A, 0x71, 0x6D, 0xE8, 0x25, 0xEE, 0x53, 0x95, 0xB5, 0x5A, 0xA7, 0xA7, 0x7B, 0x8D,
    0xEC, 0x26, 0x44, 0x56, 0x8F, 0xE6, 0x4F, 0x0F, 0xA6, 0xFA, 0xDB, 0x25, 0xED, 0x5F, 0x85, 0xD4,
    0xFE, 0x39, 0xA1, 0x15, 0xFE, 0x2D, 0x27, 0xB4, 0xB0, 0xCB, 0x52, 0x2A, 0x17, 0x32, 0xFE, 0xEB,
    0x7B, 0xE5, 0x72, 0x71, 0xBD, 0xF2, 0x92, 0xCD, 0x8E, 0xB5, 0xDD, 0x30, 0x5A, 0xC7, 0x4E, 0x12,
    0xE0, 0xC4, 0x8B, 0xD1, 0xD5, 0xC5, 0xB2, 0xAC, 0x0B, 0xDA, 0x53, 0x68, 0xAD, 0x39, 0x38, 0x38,
    0xC8, 0x3F, 0xAB, 0x69, 0x89, 0xF8, 0xCD, 0x8C, 0x2D, 0x76, 0x05, 0xC7, 0xF9, 0xB8, 0xA6, 0x23,
    0x00, 0xFA, 0x95, 0xFB, 0xD7, 0x8F, 0x7F, 0xFD, 0xB8, 0x4F, 0xF5, 0xBE, 0x4F, 0xAF, 0x9F, 0x96,
    0x6E, 0x9D, 0x7D, 0x2E, 0x5C, 0xBD, 0x39, 0x4A, 0xB1, 0xB7, 0x4E, 0x5F, 0xF4, 0xCA, 0x23, 0x7B,
    0xF7, 0xE8, 0xCD, 0x6B, 0xC8, 0xA8, 0xAA, 0x43, 0x50, 0xBE, 0xCF, 0x46, 0xB7, 0x07, 0x04, 0x33,
    0xF7, 0x2E, 0x7F, 0x16, 0xF3, 0xD9, 0xEC, 0xCF, 0xD9, 0x67, 0x71, 0x53, 0x06, 0x57, 0xFD, 0x38,
    0x71, 0x59, 0xB5, 0x79, 0x62, 0xFE, 0xDB, 0x3C, 0x39, 0x1B, 0x55, 0x94, 0xDF, 0x98, 0x51, 0x3E,
    0x2B, 0x8D, 0x9B, 0x32, 0xBD, 0x4A, 0x99, 0xC7, 0x00, 0xE9, 0x52, 0xCA, 0xF2, 0x75, 0xD4, 0x31,
    0xC0, 0x92, 0x07, 0xDF, 0x30, 0x14, 0x4C, 0x49, 0x87, 0x42, 0x2F, 0xEC, 0x54, 0xC8, 0x79, 0xF7,
    0x8F, 0x52, 0xB4, 0xFE, 0xCF, 0x2B, 0xFF, 0x48, 0x22, 0x58, 0x6D, 0x83, 0xAA, 0xA2, 0x27, 0x48,
    0x0D, 0xFC, 0x31, 0xA9, 0x3A, 0x15, 0xE4, 0xF3, 0x73, 0xFD, 0x69, 0xFB, 0xFC, 0xAF, 0x7E, 0x7F,
    0xFE, 0x79, 0xD8, 0x14, 0x04, 0x73, 0xA8, 0x0B, 0xDA, 0xF3, 0xB8, 0xFD, 0x5C, 0x07, 0x67, 0x5F,
    0xFC, 0xF9, 0xFC, 0xF3, 0xB0, 0xCB, 0x3A, 0x21, 0xEC, 0x39, 0xF1, 0x72, 0xA2, 0xF9, 0xF0, 0xED,
    0x4F, 0xC2, 0xAE, 0xB6, 0x3B, 0xB9, 0x18, 0xF5, 0x61, 0x39, 0x15, 0xA9, 0xA7, 0x7D, 0x15, 0x56,
    0x0E, 0x7E, 0xD2, 0xFE, 0x50, 0xBF, 0x28, 0xB9, 0xED, 0x8E, 0x65, 0xE5, 0x1F, 0x54, 0x22, 0x58,
    0xA3, 0x88, 0xF9, 0x9A, 0x02, 0x6F, 0x31, 0x9A, 0xEF, 0x28, 0xAD, 0xFF, 0x52, 0x91, 0x7A, 0x53,
    0xFC, 0x87, 0x56, 0xFC, 0xFB, 0x3B, 0xC5, 0xBC, 0x40, 0x28, 0x80, 0xD5, 0x65, 0x7E, 0xE0, 0xED,
    0x07, 0x5D, 0x3D, 0x79, 0x80, 0xA2, 0x7D, 0x25, 0xEA, 0xD6, 0x0F, 0x76, 0xD3, 0xEC, 0xB9, 0x11,
    0xCB, 0x89, 0x5B, 0xB5, 0x88, 0xA6, 0xBC, 0xF2, 0xA1, 0xDD, 0x66, 0xED, 0x57, 0xC1, 0x4F, 0xCE,
    0xF5, 0x83, 0x9F, 0x9F, 0xDF, 0xBB, 0xEA, 0xF7, 0x37, 0xFA, 0xB3, 0xD7, 0xD1, 0xFD, 0xD1, 0x05,
    0xC5, 0x15, 0x4C, 0xA9, 0xA5, 0x33, 0x33, 0xEA, 0x1B, 0xCA, 0x47, 0xA9, 0x90, 0x93, 0x08, 0xB9,
    0xF1, 0x7E, 0x8F, 0x46, 0x28, 0xE4, 0x23, 0xD3, 0x3D, 0x21, 0x27, 0x13, 0xF2, 0x62, 0xA1, 0x7D,
    0x84, 0x58, 0x4C, 0x75, 0x01, 0x6D, 0xA3, 0xDC, 0x06, 0x72, 0x4A, 0x85, 0x6A, 0x71, 0x27, 0xA5,
    0x11, 0x6D, 0xDF, 0x65, 0x87, 0x36, 0xCE, 0x48, 0xA8, 0x13, 0x0B, 0xDD, 0x42, 0x28, 0xBF, 0x5C,
    0xAD, 0xC7, 0x20, 0xD3, 0xAB, 0x68, 0x7D, 0x56, 0x7E, 0xE5, 0xC0, 0xCA, 0x8B, 0x67, 0x21, 0xD7,
    0xFC, 0x0D, 0x9F, 0x9D, 0x1E, 0x7B, 0xB4, 0xA9, 0x65, 0x42, 0xDD, 0x50, 0x68, 0x1D, 0x21, 0x22,
    0x21, 0x27, 0x9E, 0x12, 0x65, 0xCA, 0x8F, 0x85, 0x07, 0xA6, 0x8F, 0x2E, 0x77, 0xEF, 0x46, 0xA2,
    0xDC, 0x42, 0xA6, 0x03, 0xA1, 0x8D, 0x44, 0xE8, 0x8E, 0x75, 0x6F, 0x54, 0xC6, 0xB3, 0xCA, 0x56,
    0xFE, 0x25, 0xF6, 0x42, 0x3C, 0xDF, 0xAD, 0xCA, 0x5B, 0xE3, 0x78, 0x61, 0x1B, 0x11, 0x6C, 0xD3,
    0x18, 0x5A, 0xE3, 0x6B, 0x00, 0xB5, 0x6A, 0x5E, 0xCC, 0x54, 0xFC, 0x40, 0x41, 0xB9, 0x7B, 0x7B,
    0x2D, 0x71, 0x9F, 0xCB, 0x3F, 0x34, 0xF2, 0x99, 0xD0, 0x7E, 0x68, 0x8D, 0x37, 0xF4, 0xFB, 0x63,
    0x24, 0xB6, 0x76, 0x4E, 0x32, 0x35, 0x14, 0x62, 0x69, 0x2A, 0x45, 0xFD, 0x2A, 0xF9, 0xED, 0x10,
    0xB7, 0x22, 0xBF, 0x91, 0xCB, 0x63, 0xE5, 0x3D, 0xDD, 0x1D, 0x0B, 0x07, 0x9B, 0xD0, 0x10, 0xF2,
    0xB4, 0x21, 0x0C, 0x39, 0x86, 0x4C, 0xF7, 0xB6, 0xD7, 0xD2, 0xDC, 0xCB, 0xCE, 0xB9, 0x32, 0xF7,
    0x36, 0x25, 0xED, 0x0A, 0xD9, 0x5C, 0xD9, 0x6B, 0x93, 0xEF, 0x9D, 0x3F, 0x6E, 0x0B, 0x95, 0x36,
    0x8D, 0x88, 0x16, 0x9B, 0x46, 0xA6, 0xA7, 0x46, 0x39, 0xAD, 0xB8, 0x5F, 0xA4, 0xB7, 0x5C, 0xFE,
    0x37, 0xCB, 0xF2, 0x3B, 0x3D, 0x91, 0x17, 0xCA, 0xE5, 0x9F, 0xCE, 0xCB, 0xBB, 0x4E, 0xDC, 0xC7,
    0x7D, 0xD3, 0xD0, 0x8F, 0x0C, 0xE9, 0x78, 0x28, 0xD3, 0xBF, 0x1B, 0x0B, 0xFD, 0xE3, 0x23, 0x99,
    0x7E, 0xE5, 0x46, 0x94, 0x2F, 0x91, 0x9F, 0x09, 0x81, 0xE4, 0x72, 0x7D, 0xED, 0xBB, 0x35, 0x14,
    0x6A, 0xC5, 0x42, 0x3F, 0x60, 0xAD, 0x0D, 0x1C, 0x19, 0xBA, 0x10, 0x30, 0x16, 0xB8, 0x9F, 0x02,
    0xAD, 0x46, 0x42, 0x6D, 0xC4, 0x04, 0x37, 0x62, 0x03, 0x7B, 0xCD, 0xBE, 0x56, 0x36, 0x84, 0x48,
    0xC8, 0x66, 0x08, 0xAF, 0x1C, 0x42, 0x58, 0xB4, 0xB8, 0xBD, 0x9C, 0x9C, 0x0C, 0x9E, 0xB9, 0x43,
    0x6A, 0xFF, 0xF2, 0xD6, 0x36, 0xFE, 0x8F, 0x5E, 0x7A, 0xD1, 0x6F, 0x70, 0xEC, 0x84, 0x4B, 0x96,
    0x36, 0xC9, 0x97, 0xB6, 0xCD, 0xA5, 0x7C, 0x23, 0x2B, 0x6D, 0xFE, 0x1B, 0xD0, 0xD1, 0x3D, 0x18,
    0x3A, 0x83, 0x52, 0xDA, 0xCD, 0xB4, 0xF8, 0x05, 0xF0, 0x0A, 0x35, 0x27, 0x2C, 0xD5, 0x9C, 0xA4,
    0x52, 0x73, 0x6A, 0xF2, 0x72, 0xDA, 0xE4, 0x8C, 0x6C, 0x72, 0x76, 0x1A, 0x09, 0x12, 0xC5, 0x73,
    0x1C, 0x58, 0x29, 0x29, 0x57, 0x96, 0x36, 0x37, 0x5E, 0x59, 0xDA, 0x24, 0xCF, 0xF8, 0x7D, 0x99,
    0xD2, 0x07, 0x77, 0xB9, 0x72, 0xE1, 0x59, 0x68, 0xF9, 0x0B, 0x6B, 0x8C, 0xD7, 0xF2, 0x7A, 0x10,
    0xD9, 0x7A, 0x30, 0x5B, 0x00, 0x66, 0xA6, 0xB6, 0xDC, 0x2C, 0x59, 0xD5, 0x9A, 0xD9, 0x93, 0x8D,
    0x4A, 0x35, 0x6B, 0xE5, 0xEE, 0x67, 0xF2, 0xB2, 0x2A, 0x8A, 0x33, 0xE4, 0x96, 0xCB, 0xCD, 0x8D,
    0x05, 0xD5, 0x6C, 0x3B, 0x2C, 0xD2, 0x6E, 0xDC, 0xDF, 0x44, 0xE8, 0x42, 0xA8, 0x13, 0xAE, 0x19,
    0xF7, 0x47, 0x60, 0xE6, 0x65, 0x95, 0x96, 0x8E, 0xE0, 0xC4, 0xC9, 0x0F, 0xCE, 0xBB, 0xF0, 0xAE,
    0x93, 0xC1, 0x86, 0xB6, 0xDB, 0xFE, 0xBA, 0x02, 0xA5, 0x6E, 0x9F, 0x0B, 0xDE, 0x57, 0x0A, 0x25,
    0x58, 0x15, 0x6C, 0x0A, 0xDA, 0xFE, 0x84, 0x5D, 0xFF, 0x09, 0x99, 0x52, 0xB5, 0x44, 0x29, 0x2F,
    0x54, 0xEA, 0x21, 0x4A, 0xF5, 0x05, 0x54, 0x80, 0x41, 0xDD, 0x8C, 0xBB, 0x5A, 0xE6, 0x5E, 0xA1,
    0xB3, 0x25, 0xDF, 0xDF, 0x53, 0x8A, 0xBE, 0x52, 0xAE, 0x7C, 0xBF, 0x25, 0xDF, 0x1F, 0x20, 0xF3,
    0xCB, 0x9A, 0xAA, 0x16, 0xA0, 0x6E, 0x4C, 0x55, 0x3C, 0xF9, 0x82, 0xD5, 0xC2, 0x4F, 0xA0, 0x0E,
    0x8D, 0x9F, 0x46, 0xAC, 0xD4, 0x3E, 0x4A, 0x1D, 0x0B, 0x88, 0x94, 0x72, 0xE2, 0xBA, 0x00, 0xBE,
    0xC3, 0x65, 0xF8, 0xF5, 0xE6, 0xBD, 0xC2, 0x97, 0x5F, 0xF8, 0xDA, 0xCC, 0x75, 0x94, 0x23, 0x3A,
    0x5E, 0x24, 0x31, 0x89, 0xF8, 0xDA, 0x8C, 0x27, 0x33, 0x36, 0x0B, 0x62, 0x20, 0x63, 0x0D, 0x50,
    0x8E, 0xB1, 0xF9, 0x87, 0x95, 0x18, 0x0F, 0xB9, 0x90, 0x1C, 0x15, 0x31, 0x9E, 0x88, 0x1E, 0x40,
    0xA1, 0xA1, 0x2A, 0xB0, 0xBE, 0xA8, 0xAF, 0x56, 0xE2, 0x53, 0xA2, 0x61, 0xE2, 0x3B, 0x29, 0x7C,
    0x49, 0x7C, 0xEF, 0x89, 0xCE, 0xF7, 0xC9, 0xE3, 0x59, 0x15, 0x28, 0x27, 0x11, 0xC8, 0xF7, 0xCD,
    0x38, 0x47, 0x49, 0x0B, 0x10, 0x91, 0x3C, 0xCA, 0x5C, 0x0E, 0x25, 0x94, 0x9B, 0xCB, 0xDD, 0x19,
    0x7B, 0xD4, 0x52, 0x21, 0x3F, 0x12, 0x7A, 0x48, 0x5D, 0x99, 0xBD, 0xA2, 0x80, 0x63, 0xFB, 0xFA,
    0xD4, 0xBE, 0x02, 0xBC, 0xB7, 0x22, 0x9C, 0x67, 0xCE, 0x37, 0x34, 0x12, 0x5A, 0x95, 0x97, 0xDF,
    0xCA, 0x4B, 0xE4, 0x55, 0x79, 0xD9, 0x20, 0xF4, 0x8D, 0x7C, 0x22, 0x64, 0xE2, 0x67, 0x20, 0xC6,
    0x11, 0xFD, 0x10, 0x76, 0xC5, 0xA8, 0x50, 0x02, 0x83, 0x5A, 0x0A, 0x5F, 0x36, 0xFA, 0x34, 0xFE,
    0x54, 0xDD, 0x61, 0xC7, 0x1D, 0x7B, 0x51, 0x9D, 0xBB, 0x4E, 0x21, 0x3F, 0xB3, 0x42, 0x5B, 0x82,
    0x3D, 0x51, 0x17, 0xDB, 0xC6, 0xB5, 0x98, 0xCE, 0x77, 0xDE, 0x1A, 0xAC, 0xB2, 0xA1, 0x7B, 0x7C,
    0xED, 0x3C, 0xB5, 0x19, 0x65, 0xC8, 0x29, 0x1D, 0x9D, 0x62, 0xAF, 0x65, 0x47, 0xAF, 0x6E, 0x6A,
    0x8F, 0x5E, 0x42, 0x8D, 0x30, 0xC0, 0x1E, 0xBD, 0xBA, 0x89, 0x93, 0xB1, 0xDF, 0x5B, 0x7E, 0xF4,
    0x9A, 0xAF, 0x53, 0x1D, 0xA3, 0x57, 0xB4, 0x75, 0x5A, 0x74, 0x52, 0x67, 0xC4, 0xF6, 0xDD, 0x4E,
    0xF2, 0xFF, 0x73, 0xEA, 0x12, 0x79, 0xDB, 0x40, 0x2F, 0xEB, 0xF7, 0x4E, 0xAF, 0x96, 0xD1, 0x49,
    0x5F, 0xF3, 0xD4, 0x35, 0x7B, 0x2C, 0x12, 0x65, 0xAC, 0xF2, 0xB4, 0xAF, 0xDD, 0x11, 0xD1, 0xFF,
    0xEB, 0xB1, 0xA8, 0xDA, 0xFE, 0x67, 0xFE, 0x86, 0xD0, 0x8E, 0xB8, 0x77, 0x86, 0x74, 0xD2, 0x8E,
    0xF1, 0x1C, 0x2C, 0xEC, 0x9D, 0x1F, 0xCD, 0xF4, 0x4E, 0x6F, 0x56, 0x7E, 0x2E, 0xF7, 0x36, 0x39,
    0x79, 0x08, 0x95, 0x23, 0xE9, 0xAB, 0x36, 0xB7, 0x45, 0x65, 0xF0, 0x90, 0x55, 0x7F, 0x32, 0x2D,
    0x83, 0x82, 0x5D, 0x41, 0xA6, 0x0E, 0x6B, 0x89, 0x3F, 0x59, 0x5E, 0x06, 0x67, 0x4B, 0x97, 0x68,
    0xAC, 0x8A, 0x96, 0xD1, 0x08, 0x04, 0x99, 0xFF, 0xA4, 0x11, 0xFB, 0x93, 0x57, 0x2E, 0x5D, 0x07,
    0xF6, 0xC5, 0x10, 0x1D, 0x65, 0x75, 0xFC, 0x43, 0x27, 0xF3, 0x27, 0xAF, 0x59, 0xBA, 0xB0, 0xBF,
    0xEF, 0xE8, 0x4C, 0x41, 0x01, 0x27, 0x55, 0xF2, 0xA0, 0xC2, 0xFD, 0xB7, 0x09, 0xFE, 0xEF, 0x3D,
    0xE1, 0x26, 0x8A, 0x53, 0xD1, 0xC8, 0x50, 0xAD, 0x08, 0x75, 0x07, 0x44, 0x7F, 0x61, 0x89, 0x56,
    0xBE, 0xD5, 0xC1, 0x68, 0x7C, 0x72, 0x48, 0xE3, 0xD1, 0x84, 0x16, 0x8A, 0x01, 0x6A, 0x23, 0x41,
    0x6D, 0x17, 0xCF, 0x2E, 0x29, 0xF5, 0x2B, 0x02, 0x91, 0x27, 0xE8, 0xEA, 0x38, 0x68, 0xFE, 0x38,
    0x0E, 0x70, 0x05, 0xE6, 0xBD, 0xF4, 0xBB, 0x23, 0xDA, 0xB7, 0x07, 0x0C, 0x09, 0xBC, 0x84, 0xE0,
    0x39, 0x04, 0xF7, 0x05, 0x4E, 0x48, 0xE0, 0xC6, 0x39, 0xB0, 0x30, 0xAF, 0x57, 0xB1, 0xCB, 0xEB,
    0xE4, 0xC2, 0x53, 0x67, 0xE4, 0x94, 0x0A, 0x39, 0x7F, 0x7F, 0x08, 0xAE, 0xB8, 0xCB, 0xED, 0x19,
    0x7F, 0x18, 0x83, 0x98, 0xE8, 0x98, 0x5E, 0xB9, 0xC7, 0x14, 0xE6, 0xA8, 0x92, 0x40, 0x6B, 0x15,
    0xD7, 0x20, 0x0A, 0xF0, 0xC4, 0xE6, 0x36, 0x01, 0x23, 0x82, 0x96, 0xD8, 0x7C, 0x09, 0x41, 0xF1,
    0xC6, 0x8F, 0x90, 0xB1, 0x81, 0x19, 0xBB, 0x11, 0x08, 0xEC, 0x89, 0x65, 0xA9, 0x96, 0x33, 0x14,
    0x2D, 0x09, 0xF1, 0x9B, 0x42, 0xCB, 0xD7, 0xF2, 0xB9, 0xBF, 0x1B, 0x18, 0xF8, 0x7A, 0x37, 0x50,
    0x08, 0x1C, 0x33, 0x3E, 0x1B, 0x01, 0x2C, 0x5E, 0x8E, 0x7F, 0x9A, 0xD0, 0x88, 0x94, 0x89, 0xD7,
    0x19, 0xA1, 0x5A, 0x76, 0x39, 0x6C, 0xA8, 0x29, 0xAA, 0x82, 0xCB, 0x2D, 0x77, 0x5D, 0x8E, 0xBF,
    0x4A, 0x5E, 0xB1, 0xAA, 0x96, 0x17, 0x9A, 0x6C, 0xA9, 0x6B, 0x43, 0x54, 0x37, 0x2C, 0x74, 0x66,
    0xBF, 0x3F, 0xAF, 0x35, 0xB3, 0xB4, 0x91, 0xA0, 0x58, 0x5A, 0x89, 0x93, 0x0B, 0x82, 0x86, 0x5D,
    0x5A, 0x7A, 0x01, 0xA4, 0x82, 0x0C, 0x6A, 0x43, 0xF0, 0x7E, 0x0A, 0x0F, 0xBD, 0xC8, 0x4B, 0x9D,
    0x97, 0xD7, 0xE0, 0xC6, 0x92, 0xA5, 0xFD, 0x87, 0x27, 0xD0, 0xF8, 0x13, 0xA1, 0xEA, 0xD2, 0x4E,
    0xA3, 0x5D, 0xA7, 0x07, 0xED, 0xEA, 0xE9, 0xF9, 0xB9, 0x3B, 0xA0, 0xF6, 0xF1, 0xA3, 0x9B, 0xF8,
    0x6F, 0xBE, 0x6C, 0xC4, 0x75, 0xBE, 0x4F, 0x08, 0xAC, 0xD8, 0x14, 0xAE, 0x1C, 0x14, 0x61, 0x3B,
    0xB2, 0xA3, 0x5D, 0x09, 0xDD, 0x27, 0x0F, 0xBD, 0x96, 0x4D, 0x43, 0x5F, 0x87, 0xEB, 0x6C, 0xE8,
    0x94, 0x01, 0xA7, 0x24, 0xA8, 0x1C, 0x32, 0x36, 0x9F, 0x55, 0xC3, 0x4E, 0x02, 0x6A, 0x76, 0x47,
    0xFF, 0xC5, 0x49, 0x1E, 0xF6, 0x29, 0x81, 0xE8, 0x04, 0x7F, 0x1C, 0x12, 0xFC, 0xE2, 0x72, 0xAB,
    0x8C, 0xB1, 0x61, 0x37, 0x24, 0xEC, 0xF7, 0xBC, 0x5E, 0x43, 0xC2, 0x2E, 0x8E, 0xAF, 0x06, 0xF8,
    0x26, 0x6C, 0x1F, 0xC8, 0x29, 0xF5, 0x91, 0x35, 0xD1, 0xE0, 0x45, 0x32, 0xDA, 0xC1, 0x97, 0xAF,
    0x0A, 0x75, 0x23, 0xA1, 0x75, 0xEC, 0x9E, 0xAD, 0x6C, 0xE1, 0xC9, 0xB2, 0x1D, 0xBD, 0x20, 0xEC,
    0x47, 0xD3, 0xB0, 0x9F, 0xA2, 0x36, 0x52, 0xD4, 0x0E, 0x28, 0xA6, 0xFD, 0x44, 0xE3, 0xD7, 0xE2,
    0x32, 0x4A, 0x05, 0xE6, 0x56, 0xF3, 0x20, 0xDC, 0x93, 0xD5, 0xDE, 0xC3, 0x35, 0x08, 0xF7, 0xF0,
    0xBA, 0x63, 0xB6, 0x9A, 0xA7, 0x1C, 0xB3, 0x57, 0x4B, 0xD8, 0x7B, 0x48, 0xB8, 0x17, 0x92, 0x82,
    0xC0, 0xB3, 0x6F, 0x42, 0x47, 0x87, 0x0C, 0x6B, 0x29, 0x09, 0x19, 0xC3, 0x6B, 0x29, 0xAD, 0x49,
    0x08, 0x60, 0xFF, 0xB5, 0xA9, 0x3B, 0xF1, 0xA4, 0x90, 0x7A, 0x0A, 0x4F, 0xA0, 0x04, 0xAB, 0x82,
    0x9D, 0xF7, 0x15, 0xFB, 0x82, 0xCC, 0x53, 0xB5, 0xC4, 0x53, 0x5E, 0xE8, 0xA9, 0x87, 0x78, 0xEA,
    0x48, 0x40, 0x09, 0xE5, 0x82, 0xDC, 0xD5, 0x33, 0xE7, 0xDB, 0xCE, 0x13, 0xC5, 0xCF, 0x9F, 0x28,
    0x27, 0x9D, 0x9E, 0x01, 0xDF, 0x43, 0xA9, 0xFB, 0xD8, 0x82, 0x7C, 0x5D, 0x00, 0x39, 0x92, 0xA2,
    0x20, 0x4B, 0x81, 0xA9, 0x16, 0xE4, 0x42, 0xAB, 0x33, 0x51, 0xBC, 0x7B, 0x68, 0xCF, 0x92, 0xEA,
    0x19, 0xAB, 0xAB, 0xFF, 0xEB, 0xB3, 0xE4, 0xCD, 0x43, 0x45, 0x57, 0xF4, 0x4A, 0x67, 0xC9, 0xC1,
    0x2B, 0x9D, 0x25, 0xAF, 0x57, 0xCF, 0xEF, 0x5B, 0x82, 0x42, 0xC7, 0x15, 0x9D, 0x8E, 0xE8, 0x1C,
    0x8B, 0x8E, 0x39, 0x47, 0x96, 0xBF, 0x3B, 0xAF, 0x63, 0x13, 0xDF, 0x3C, 0xF0, 0x44, 0x41, 0x0B,
    0xE1, 0x19, 0x52, 0x86, 0x5A, 0x92, 0xF1, 0x3C, 0xED, 0x26, 0xEF, 0xB8, 0x89, 0x50, 0x0B, 0xA1,
    0x01, 0x2B, 0x0A, 0x38, 0x56, 0xF3, 0xFF, 0x0B, 0xFC, 0xBB, 0x09, 0xD7, 0x46, 0x98, 0x52, 0xC4,
    0x46, 0x1E, 0xF2, 0xE2, 0x63, 0xAA, 0x89, 0xDB, 0x18, 0x5E, 0x76, 0x8E, 0x14, 0xA3, 0x1C, 0xBB,
    0x42, 0x03, 0x37, 0xC1, 0xF9, 0xD2, 0xEB, 0x4B, 0xBB, 0xD9, 0x32, 0xE7, 0xC8, 0x91, 0x1F, 0xD5,
    0xE9, 0xCD, 0x9C, 0x23, 0x3D, 0x9B, 0x51, 0x55, 0xC9, 0xA8, 0x2F, 0xAA, 0xCF, 0xA6, 0xE7, 0xC8,
    0xEB, 0xC5, 0x39, 0xF2, 0x74, 0xC9, 0x39, 0x52, 0x19, 0xB4, 0xCA, 0xED, 0x12, 0x3D, 0x41, 0x84,
    0x70, 0x23, 0x85, 0x17, 0x8A, 0x7E, 0xF3, 0x90, 0xBD, 0xEE, 0xC4, 0xC9, 0x50, 0x9E, 0x68, 0xEC,
    0x2F, 0x6E, 0x97, 0xB6, 0x0E, 0x16, 0x05, 0x41, 0x8F, 0xF2, 0x16, 0xA7, 0x08, 0xF2, 0x82, 0x90,
    0xEA, 0x51, 0xA9, 0x20, 0xAC, 0x79, 0xB6, 0x77, 0xCC, 0x63, 0x6D, 0xB1, 0x16, 0x73, 0x5A, 0x17,
    0xE5, 0xDE, 0xE1, 0x11, 0xCC, 0xE1, 0x1A, 0x6F, 0x80, 0xC0, 0xD6, 0xE7, 0xB7, 0x8D, 0xD6, 0x17,
    0x03, 0x1A, 0xE7, 0x03, 0x7C, 0x02, 0xB6, 0x05, 0xC3, 0xF3, 0x81, 0x97, 0x9C, 0x0F, 0x6C, 0xEB,
    0x85, 0xD7, 0x68, 0xBD, 0x5F, 0x1F, 0x92, 0xE7, 0x0A, 0x27, 0x51, 0xE4, 0xD9, 0xA2, 0x25, 0xA9,
    0xE2, 0x69, 0x67, 0x62, 0xEB, 0xF3, 0xEB, 0xB5, 0xDE, 0x35, 0x29, 0x2E, 0x62, 0xB5, 0xB0, 0x69,
    0xE0, 0x15, 0x36, 0x47, 0x7A, 0xB4, 0xF1, 0xDA, 0xAD, 0xD7, 0x16, 0x3D, 0xBB, 0xA4, 0xB1, 0xCA,
    0xDB, 0x65, 0x47, 0x96, 0x72, 0x84, 0xEA, 0x24, 0xA8, 0xDF, 0x2A, 0xB7, 0x4B, 0x99, 0x57, 0xB0,
    0xB0, 0x5D, 0x9A, 0xCF, 0x3E, 0x3F, 0xC4, 0x15, 0xAD, 0xBC, 0x5D, 0x76, 0x27, 0xD7, 0xB2, 0x52,
    0xBB, 0x4C, 0x5E, 0xB7, 0x5D, 0xEA, 0xD1, 0xB4, 0x6F, 0xD8, 0xE5, 0xD0, 0x23, 0x2F, 0x69, 0x9E,
    0x98, 0xE5, 0xB8, 0x6B, 0xDB, 0xA5, 0x93, 0x81, 0x3B, 0x04, 0x7F, 0xDB, 0xB4, 0xCB, 0x9E, 0x69,
    0x97, 0x2B, 0x8B, 0xDA, 0xE5, 0x2F, 0x17, 0x2C, 0xC7, 0xF7, 0x9E, 0xD8, 0xE5, 0x78, 0xDD, 0x76,
    0xF9, 0x3F, 0x9D, 0x99, 0x01, 0x68, 0x1B, 0xD7, 0x19, 0xC7, 0xFF, 0xEF, 0x4E, 0xB2, 0x70, 0x0E,
    0x3F, 0x19, 0x66, 0x95, 0xB0, 0xC8, 0x75, 0x80, 0x0C, 0x32, 0x73, 0x8E, 0x01, 0x04, 0x68, 0x43,
    0x9D, 0xAE, 0x35, 0x50, 0xA0, 0xD4, 0x33, 0x34, 0x6A, 0xA1, 0x81, 0xAD, 0xB0, 0x01, 0x10, 0x1A,
    0x6A, 0x40, 0x85, 0x6E, 0xA4, 0xF5, 0x8D, 0x02, 0x1D, 0x98, 0x86, 0xC0, 0x3A, 0x00, 0x60, 0xEB,
    0x60, 0x2B, 0x0C, 0x87, 0x35, 0x2E, 0x14, 0xF0, 0x86, 0xEB, 0x38, 0x0D, 0x10, 0x60, 0x6C, 0xD3,
    0x56, 0x06, 0x00, 0x00, 0x1A, 0xCD, 0x80, 0xAE, 0x40, 0xDD, 0x45, 0x63, 0x6E, 0x96, 0xF8, 0xED,
    0xFF, 0x3D, 0x9D, 0x9F, 0xEF, 0x7A, 0xBA, 0x5A, 0xE4, 0xB5, 0xFF, 0x5F, 0xEE, 0x2C, 0xDD, 0x4F,
    0x9F, 0xDE, 0xBD, 0xB3, 0xBF, 0x93, 0x00, 0x94, 0x18, 0x5D, 0x35, 0x7B, 0xBA, 0xDC, 0xD9, 0xD3,
    0x80, 0x39, 0x80, 0xEA, 0x69, 0xF8, 0xB1, 0x46, 0x15, 0x1A, 0x97, 0xDB, 0x07, 0x95, 0x3E, 0x74,
    0x3B, 0x82, 0x9E, 0x06, 0x26, 0x71, 0xCA, 0xF4, 0xB1, 0x85, 0xCB, 0xE8, 0x41, 0xDB, 0xC8, 0xB6,
    0xFC, 0x6C, 0x38, 0xAA, 0xA0, 0xA8, 0x8A, 0x72, 0x87, 0xA0, 0xCA, 0x80, 0x2E, 0x6E, 0x55, 0x62,
    0xE2, 0x5C, 0xDB, 0x40, 0xED, 0xA3, 0x8A, 0xC5, 0x98, 0x98, 0xB1, 0x2F, 0x6C, 0xE4, 0x29, 0x72,
    0xB0, 0x40, 0x76, 0x0F, 0xB2, 0xBB, 0x06, 0xA9, 0x31, 0xA1, 0x81, 0x40, 0xB7, 0x0F, 0x02, 0x3D,
    0x7F, 0x3D, 0xD0, 0x08, 0x98, 0xAA, 0xD1, 0x98, 0xBD, 0xA0, 0x11, 0x72, 0xBB, 0xC9, 0x7C, 0x7E,
    0x5D, 0x7B, 0x7F, 0x33, 0x3A, 0x88, 0x02, 0xFD, 0x2A, 0x9F, 0xBB, 0xCA, 0x20, 0x13, 0x48, 0x4A,
    0x00, 0x1D, 0x1B, 0x87, 0x9E, 0x0B, 0x43, 0x4F, 0xFD, 0xD0, 0x71, 0x41, 0x57, 0x3E, 0x34, 0xFA,
    0x1C, 0x9F, 0xD3, 0x65, 0x10, 0x07, 0x5A, 0xF5, 0x26, 0x18, 0xC0, 0x45, 0x0A, 0xED, 0x74, 0xCE,
    0x8B, 0xAB, 0xD6, 0x61, 0x4D, 0x46, 0x3C, 0xD7, 0xE9, 0x61, 0xAC, 0xE7, 0x82, 0x56, 0xFF, 0x66,
    0x1D, 0x3C, 0xF6, 0x03, 0x54, 0x64, 0xE6, 0xE0, 0xC9, 0x31, 0x80, 0x96, 0xC8, 0xB6, 0xB7, 0x0B,
    0xD8, 0xB8, 0x77, 0x39, 0xE1, 0x6A, 0xB2, 0xF5, 0xE8, 0xE4, 0x7D, 0x75, 0x2F, 0x68, 0xEF, 0xAF,
    0x46, 0xCF, 0xB1, 0x96, 0xF7, 0xE9, 0x52, 0xBB, 0x98, 0x62, 0x58, 0x0F, 0x43, 0x8F, 0x6C, 0xDB,
    0x58, 0xBF, 0x1B, 0x15, 0x0D, 0xB1, 0xC1, 0xEA, 0x10, 0xD0, 0x67, 0x8B, 0xC3, 0xAC, 0xEC, 0xB6,
    0x04, 0x9F, 0x1B, 0x0D, 0x7F, 0x97, 0x5B, 0x8B, 0x20, 0xBA, 0x28, 0x4B, 0x69, 0x5D, 0xC1, 0x16,
    0x83, 0xFB, 0x8C, 0xFF, 0x17, 0x62, 0xD1, 0xEF, 0xA1, 0xB2, 0x8F, 0x1D, 0x78, 0x11, 0x26, 0x20,
    0x83, 0x3A, 0x23, 0x0F, 0xA3, 0x9E, 0x83, 0x8A, 0x42, 0xD0, 0x6A, 0xD1, 0x12, 0x34, 0x05, 0x67,
    0x04, 0x18, 0x62, 0x8D, 0xEF, 0x57, 0xB6, 0x81, 0x4A, 0xDA, 0x12, 0x02, 0x2A, 0x16, 0xEC, 0x5A,
    0x9C, 0x25, 0xDC, 0x93, 0x33, 0xC3, 0xBD, 0x78, 0x98, 0x87, 0xA8, 0xF2, 0x66, 0x0B, 0x67, 0x6E,
    0x09, 0x66, 0x00, 0xAF, 0x97, 0xD3, 0xFB, 0xD1, 0x08, 0xC8, 0xB4, 0x2A, 0x9E, 0xEB, 0x02, 0x73,
    0xA6, 0xE6, 0x91, 0x52, 0x1E, 0x51, 0x64, 0x7E, 0x90, 0x95, 0x86, 0x87, 0x88, 0xB2, 0xD2, 0xDC,
    0x44, 0x64, 0xCA, 0x20, 0xEC, 0x6E, 0x85, 0xD2, 0x04, 0x52, 0xF3, 0xA8, 0x27, 0x3B, 0xB3, 0x43,
    0xCE, 0x1C, 0x98, 0x97, 0x58, 0x55, 0xE5, 0xC5, 0x29, 0x0B, 0x1E, 0x2B, 0x40, 0x78, 0x08, 0xF3,
    0x59, 0x52, 0xB3, 0x4C, 0x49, 0x91, 0xB9, 0x95, 0x32, 0xD7, 0x3A, 0x9D, 0x8E, 0xD4, 0x14, 0xD1,
    0x1C, 0xF5, 0x28, 0xB5, 0x78, 0xBC, 0xCF, 0x63, 0x9F, 0xD8, 0xA3, 0xD4, 0x7F, 0x9F, 0x98, 0x5B,
    0xE0, 0xEE, 0x76, 0x10, 0x8D, 0x33, 0x1B, 0xB9, 0x9A, 0x63, 0x9A, 0x41, 0x69, 0xB0, 0x66, 0x22,
    0xBA, 0xE4, 0x85, 0xB8, 0x5C, 0x03, 0xCC, 0xCE, 0x12, 0x75, 0x8D, 0x60, 0xE3, 0x4F, 0xB3, 0x98,
    0xD8, 0x78, 0x72, 0x80, 0xAF, 0x5A, 0x75, 0xAD, 0xC2, 0x33, 0xE8, 0x66, 0x37, 0x14, 0xD4, 0x8F,
    0xE0, 0x54, 0xF9, 0x9A, 0x5D, 0xE1, 0x85, 0x66, 0x5F, 0x7C, 0x7E, 0xEC, 0x40, 0x41, 0x76, 0x37,
    0x31, 0x3F, 0xCC, 0x95, 0xB2, 0x22, 0xE8, 0x0B, 0xF6, 0x18, 0x6F, 0x9F, 0x08, 0x1E, 0x25, 0x3E,
    0xA8, 0xF4, 0x50, 0xED, 0x61, 0xA7, 0xD8, 0x7C, 0xEC, 0x64, 0x73, 0x2C, 0x9A, 0x18, 0xDE, 0x9D,
    0xF2, 0x20, 0x35, 0x25, 0x7E, 0x5F, 0x6D, 0xC9, 0x13, 0xAF, 0x8E, 0x5C, 0x1B, 0xF9, 0xD9, 0x38,
    0x53, 0x34, 0xCF, 0x0F, 0x92, 0x9A, 0xD5, 0x40, 0xF6, 0x7F, 0x47, 0xBC, 0x16, 0xF4, 0x10, 0xF4,
    0x59, 0x73, 0x19, 0xF2, 0x7F, 0x32, 0x9A, 0x43, 0xCC, 0x99, 0xFD, 0xA6, 0x6C, 0x64, 0x30, 0x2D,
    0xD8, 0x6C, 0xB4, 0x7B, 0xD8, 0xEC, 0x7E, 0xE7, 0x2A, 0x36, 0x4F, 0xCB, 0x2E, 0x12, 0x5C, 0x34,
    0x86, 0xD8, 0x38, 0x9F, 0x08, 0xF2, 0x40, 0xCA, 0x5C, 0xEE, 0xBC, 0xE2, 0xCC, 0x8D, 0x6F, 0x45,
    0x89, 0x74, 0xF5, 0x50, 0xF5, 0x3F, 0xAA, 0xD6, 0x0E, 0xDE, 0x4A, 0x1F, 0xCB, 0xB7, 0xB0, 0x5F,
    0x64, 0x3E, 0x23, 0x38, 0x29, 0x08, 0x45, 0x1F, 0xCA, 0xCF, 0x1D, 0x1A, 0xA1, 0xD4, 0x7C, 0x8E,
    0xE5, 0x76, 0x17, 0xFB, 0xD4, 0xCB, 0xEE, 0xB3, 0x21, 0x67, 0xE8, 0x20, 0xC4, 0x8C, 0x5B, 0x52,
    0xDE, 0xEE, 0x10, 0x48, 0xC3, 0xCE, 0x9A, 0xFB, 0x05, 0x35, 0x52, 0x3F, 0xDD, 0x10, 0x69, 0x57,
    0xA4, 0x20, 0xDE, 0x7B, 0x5E, 0xCC, 0xF7, 0xAC, 0x74, 0x06, 0x7E, 0x66, 0xED, 0xBA, 0x95, 0x88,
    0x04, 0xEE, 0x77, 0x49, 0xB1, 0x7E, 0x55, 0xF4, 0xAB, 0xAB, 0x0B, 0x11, 0x56, 0x11, 0xE2, 0xE2,
    0x3D, 0x23, 0xFA, 0x77, 0x12, 0x9F, 0x1D, 0x81, 0x69, 0xDF, 0x27, 0x1B, 0x75, 0x6E, 0x09, 0xE0,
    0x60, 0xD6, 0x8E, 0x16, 0x7A, 0x49, 0x10, 0xA2, 0x6A, 0xEE, 0x87, 0xB2, 0x71, 0x88, 0xE9, 0x16,
    0xF5, 0xDD, 0x26, 0xF5, 0x5D, 0xF1, 0x75, 0x1F, 0x09, 0xD1, 0x96, 0x79, 0xA9, 0x39, 0xBD, 0x27,
    0x35, 0xCB, 0xE4, 0xE4, 0x90, 0xBD, 0x8E, 0x46, 0xEA, 0x4F, 0x27, 0xFA, 0x15, 0xAB, 0xAF, 0xFD,
    0xFE, 0x9A, 0xE8, 0xEF, 0x25, 0xD5, 0xAB, 0x18, 0x27, 0x91, 0xF5, 0x15, 0xE9, 0xA7, 0xF3, 0x6B,
    0xB2, 0x41, 0x4C, 0x77, 0x89, 0xCD, 0xAE, 0xAC, 0x9C, 0x17, 0x1E, 0x8B, 0xEC, 0xCA, 0x99, 0x97,
    0x95, 0xF3, 0xED, 0xD4, 0x22, 0xDC, 0xB3, 0x60, 0xD4, 0xFE, 0xE1, 0xBA, 0x5F, 0x0C, 0x7A, 0xA8,
    0x0C, 0xD4, 0x01, 0xBC, 0x08, 0xE5, 0xE1, 0x89, 0x2A, 0x77, 0x56, 0xF2, 0x73, 0xFF, 0x42, 0x63,
    0x21, 0x4A, 0x16, 0xCD, 0x69, 0x39, 0xBF, 0xE5, 0x64, 0xD1, 0xD4, 0x56, 0xDC, 0x5F, 0x44, 0xB9,
    0x60, 0xD5, 0x7F, 0xD4, 0x00, 0xFE, 0xEE, 0xE1, 0xEF, 0x17, 0x75, 0x47, 0x2E, 0xD8, 0x97, 0xEC,
    0x05, 0xEB, 0x86, 0xF7, 0x14, 0xE0, 0xAF, 0x2F, 0x9A, 0x5B, 0xEB, 0x50, 0xA9, 0x3C, 0x71, 0x6B,
    0x5D, 0x7D, 0x78, 0xCB, 0x30, 0x9F, 0xA9, 0x9B, 0x4B, 0xEB, 0x6A, 0xD7, 0x5F, 0x57, 0x37, 0x9F,
    0x59, 0x5F, 0x33, 0x77, 0xD7, 0x6B, 0x91, 0xBF, 0x0E, 0xB8, 0xF0, 0x78, 0x04, 0x40, 0x69, 0xB2,
    0xDC, 0x99, 0x62, 0x4F, 0xF4, 0xA6, 0x86, 0x7F, 0x98, 0xA7, 0xB5, 0xBF, 0xF4, 0xDD, 0x77, 0xFD,
    0x37, 0xAA, 0xEF, 0xFA, 0xF1, 0x94, 0xF6, 0x7F, 0xFE, 0xA6, 0x36, 0xF2, 0x38, 0xA6, 0x6C, 0xFC,
    0x78, 0x92, 0x01, 0x5C, 0x5C, 0x7F, 0x65, 0x87, 0xBF, 0x14, 0x57, 0xCD, 0x47, 0x4B, 0x31, 0xE0,
    0xF0, 0xF8, 0x2D, 0x13, 0xE3, 0x1F, 0xB7, 0x5E, 0x8F, 0xD1, 0xE7, 0xA3, 0xF8, 0xE7, 0x0F, 0x96,
    0xE2, 0xB6, 0xF9, 0xB5, 0x3C, 0xAA, 0x54, 0x24, 0x8D, 0xA3, 0x5B, 0xC0, 0x84, 0xEC, 0x66, 0xDA,
    0xCA, 0x6C, 0x4F, 0x61, 0xF5, 0x1F, 0x67, 0xF4, 0xD1, 0x47, 0x9F, 0x8A, 0x9E, 0xE8, 0x2F, 0x2D,
    0x11, 0xCF, 0x88, 0xFE, 0xEE, 0x52, 0x5C, 0x5B, 0x91, 0x57, 0xBB, 0x2A, 0x27, 0xA5, 0x4F, 0x33,
    0xE1, 0xF4, 0xD9, 0xDD, 0xE1, 0x50, 0x7E, 0x74, 0x62, 0xE3, 0xF5, 0x7C, 0xF5, 0xEA, 0xD6, 0x35,
    0xD1, 0x1B, 0x82, 0x8F, 0xDA, 0xB7, 0x30, 0x7F, 0xA4, 0x2F, 0xC9, 0x52, 0xAA, 0x63, 0x13, 0x58,
    0xC0, 0x00, 0x68, 0xCB, 0xA2, 0xB8, 0xBB, 0xF4, 0x4B, 0x54, 0x6E, 0x7E, 0x56, 0xE9, 0x9D, 0xC0,
    0x65, 0xB8, 0xB3, 0xA6, 0x98, 0x4A, 0xC0, 0x35, 0x71, 0x3B, 0x40, 0xF9, 0x59, 0x02, 0x4A, 0xE0,
    0xDD, 0x7E, 0x1B, 0xEA, 0xC3, 0xDB, 0x86, 0x78, 0x23, 0x80, 0xDA, 0xE5, 0x53, 0xE6, 0x3F, 0xFD,
    0x6F, 0x80, 0xB5, 0x8D, 0x27, 0x03, 0x00, 0x9E, 0x00, 0x4A, 0x16, 0x46, 0x1F, 0x18, 0xE0, 0x55,
    0x59, 0xCC, 0x55, 0x28, 0x01, 0xBE, 0x50, 0x1F, 0x00, 0xA7, 0x8E, 0x16, 0x86, 0x96, 0xF0, 0x92,
    0xD1, 0x40, 0x98, 0x4D, 0x53, 0xD2, 0x64, 0x66, 0x18, 0xD8, 0xCC, 0xEF, 0x98, 0x3F, 0xB7, 0xFF,
    0xF5, 0x8E, 0x1C, 0x93, 0x8D, 0x8C, 0xC4, 0xA3, 0x3A, 0x2F, 0xA6, 0x1C, 0x2D, 0xE6, 0xAC, 0x3D,
    0xB6, 0xF6, 0xDA, 0xB5, 0x2B, 0x6D, 0xF3, 0xC9, 0xB2, 0x7D, 0x7E, 0xA6, 0x5F, 0xCE, 0x64, 0x92,
    0x99, 0x42, 0xB9, 0x73, 0x5E, 0x43, 0x6C, 0xA0, 0x26, 0x83, 0x86, 0x80, 0x65, 0x11, 0x10, 0x94,
    0x97, 0xD1, 0x36, 0x66, 0x19, 0xB5, 0xF3, 0xB2, 0x0B, 0x41, 0x7F, 0x08, 0xE4, 0x6E, 0x35, 0xD8,
    0xAA, 0xE0, 0x70, 0x68, 0xB9, 0xD2, 0x34, 0x68, 0x38, 0xC4, 0xE9, 0x06, 0xB1, 0xDA, 0x15, 0x4C,
    0x13, 0x2F, 0x3F, 0xBB, 0x8C, 0x1B, 0xE6, 0x9E, 0x95, 0x96, 0x93, 0x6A, 0xAD, 0x5E, 0x20, 0xBB,
    0xD9, 0xDF, 0xD1, 0xC6, 0x99, 0x95, 0xEA, 0x9C, 0x0F, 0x58, 0x7B, 0x00, 0x84, 0xC3, 0xCC, 0x30,
    0xCD, 0x16, 0x03, 0xA6, 0xFC, 0x14, 0xEB, 0xE5, 0x95, 0xC5, 0xED, 0xC3, 0xC2, 0xFA, 0x08, 0x32,
    0x49, 0xDB, 0x00, 0x6D, 0x0B, 0xB5, 0x25, 0xB2, 0xC2, 0x69, 0x66, 0x75, 0x95, 0x61, 0x8D, 0xDD,
    0x9A, 0xBE, 0xC1, 0xF7, 0x5E, 0xEB, 0x40, 0xAB, 0x18, 0x93, 0x2C, 0x45, 0x4B, 0xA4, 0xB8, 0xF4,
    0x76, 0xE2, 0x99, 0xCC, 0xCC, 0x6A, 0xDD, 0x21, 0x14, 0xB9, 0xC5, 0x4C, 0x32, 0xAB, 0x3C, 0xCD,
    0x57, 0x30, 0xBF, 0xC1, 0x27, 0x73, 0xB8, 0x39, 0xBA, 0xCC, 0xE0, 0x01, 0x53, 0xB9, 0x1D, 0x03,
    0x6B, 0x5C, 0xB5, 0xFE, 0x00, 0x8B, 0x11, 0x92, 0x51, 0xFA, 0xEA, 0x52, 0xCB, 0x2C, 0xF5, 0x60,
    0x79, 0x66, 0xE8, 0x9B, 0x92, 0x15, 0xC8, 0xA5, 0xB8, 0xAD, 0x92, 0x32, 0x31, 0xA0, 0xDE, 0x2E,
    0xD7, 0x64, 0x04, 0x49, 0xF3, 0x5C, 0x1F, 0x8D, 0x46, 0x18, 0x3A, 0xB4, 0x04, 0x33, 0x02, 0x00,
    0xDD, 0x30, 0x69, 0x3B, 0x72, 0x3D, 0x8A, 0x43, 0xB3, 0x1E, 0x3A, 0xCC, 0x10, 0x0B, 0xE3, 0xDF,
    0x27, 0x8C, 0x94, 0x4E, 0x97, 0x8E, 0xA4, 0x27, 0x89, 0xF0, 0xA1, 0xBB, 0xF9, 0x91, 0xE5, 0x9E,
    0x39, 0x29, 0xE6, 0xD0, 0xC2, 0xE9, 0x1F, 0xB6, 0xCB, 0xB4, 0x73, 0x3A, 0x6B, 0x21, 0xE6, 0x7A,
    0xCE, 0x5C, 0xD8, 0x65, 0xFA, 0xFB, 0x44, 0xF5, 0x51, 0x40, 0x6D, 0x57, 0xEE, 0xA0, 0x7A, 0x15,
    0xAF, 0xC1, 0x8D, 0x54, 0x8B, 0x91, 0x47, 0x2B, 0xD5, 0x25, 0x25, 0x7A, 0xFA, 0x8E, 0xC3, 0xAF,
    0x12, 0x73, 0xD5, 0x98, 0x01, 0x38, 0xBA, 0x0E, 0xAB, 0x0E, 0x9B, 0x30, 0x1C, 0x31, 0xFC, 0x6C,
    0xC3, 0x24, 0xBB, 0x8B, 0xC9, 0x61, 0x8D, 0x91, 0x28, 0x77, 0x3A, 0x2B, 0x62, 0xDE, 0x4B, 0x54,
    0x19, 0xA9, 0xC3, 0x5E, 0xA2, 0x77, 0xE6, 0xB2, 0x40, 0x5B, 0x20, 0x12, 0x20, 0x01, 0x55, 0xFB,
    0x50, 0x22, 0x95, 0x61, 0xCD, 0x63, 0x4B, 0x89, 0xE4, 0x08, 0xE7, 0xCB, 0x9A, 0x07, 0x19, 0xA9,
    0x53, 0xE5, 0xA5, 0xC9, 0x44, 0x38, 0xCC, 0x65, 0xCB, 0x90, 0x5D, 0x77, 0xEA, 0x21, 0xBB, 0xFB,
    0x85, 0x27, 0x2F, 0x75, 0xCA, 0x6E, 0xA4, 0x4E, 0x59, 0x3F, 0x39, 0x33, 0x81, 0x79, 0x9B, 0x47,
    0xF8, 0x71, 0x28, 0x90, 0xF5, 0x2C, 0x00, 0x04, 0x2B, 0xB2, 0xBB, 0x57, 0x2F, 0x32, 0xB7, 0xF2,
    0x66, 0x4A, 0x1D, 0x68, 0x5E, 0xE4, 0x11, 0x95, 0xB0, 0x4E, 0x9C, 0x95, 0xEE, 0x51, 0x00, 0x07,
    0x73, 0xFD, 0xFE, 0x43, 0x99, 0x7B, 0x31, 0x8F, 0x7D, 0xE4, 0xEF, 0xF6, 0x1E, 0x92, 0x40, 0xC4,
    0xDD, 0x60, 0x9F, 0x1B, 0x75, 0x31, 0x87, 0x53, 0x08, 0xAE, 0xFD, 0x22, 0x4C, 0xDD, 0x43, 0x56,
    0xDD, 0xF2, 0xC9, 0x2F, 0xBD, 0xCD, 0xA2, 0x33, 0x38, 0x80, 0x06, 0xBA, 0x82, 0xC6, 0x11, 0x9C,
    0x0A, 0x39, 0x33, 0x71, 0x8C, 0x99, 0x6B, 0xAD, 0x3B, 0x94, 0x56, 0x89, 0xCC, 0x6B, 0x10, 0x59,
    0xF3, 0xF8, 0x57, 0x8A, 0x85, 0x17, 0x13, 0x2A, 0x72, 0xEB, 0xA5, 0x47, 0xE8, 0xF7, 0x01, 0xB5,
    0x75, 0x2E, 0xC2, 0x62, 0x6F, 0xE2, 0x3E, 0x4A, 0xC0, 0xCC, 0xC3, 0x5E, 0x83, 0xEA, 0xC6, 0x41,
    0x84, 0xE0, 0xEA, 0x44, 0x7F, 0x58, 0xE9, 0x94, 0x20, 0x88, 0xBD, 0x3D, 0x3E, 0x60, 0xA2, 0xE3,
    0x6B, 0xDE, 0x2C, 0x9E, 0x67, 0x59, 0xB6, 0x49, 0xCD, 0x95, 0x3E, 0xF1, 0xE8, 0x2B, 0xD2, 0x54,
    0xCF, 0xB1, 0xE6, 0xD8, 0xB3, 0x35, 0x97, 0x90, 0x0C, 0x7D, 0x62, 0xE3, 0x37, 0xCC, 0x96, 0xFB,
    0x7B, 0x34, 0x4C, 0x97, 0x79, 0x59, 0xAF, 0xC9, 0x9F, 0xCD, 0x17, 0xA1, 0x11, 0x4A, 0xAA, 0x07,
    0x08, 0xCB, 0xDF, 0x93, 0x6D, 0x97, 0x93, 0x5F, 0x6E, 0x6C, 0xF6, 0xC5, 0xE3, 0x5C, 0x19, 0x07,
    0x8F, 0x77, 0xC7, 0x71, 0xF8, 0x85, 0x8D, 0x0D, 0x33, 0xC1, 0xA2, 0x10, 0x64, 0x3B, 0x0F, 0x2B,
    0xB4, 0x95, 0xD5, 0x3A, 0x37, 0x96, 0xB1, 0x66, 0x3E, 0x91, 0xA6, 0x19, 0x82, 0x13, 0xEF, 0x26,
    0x78, 0x1A, 0x5A, 0xDE, 0xBF, 0x05, 0xD2, 0x48, 0x37, 0x36, 0x25, 0xA7, 0xCF, 0x9B, 0x2F, 0x1A,
    0x9A, 0x77, 0xDE, 0xD2, 0xB0, 0x6F, 0xD5, 0xD6, 0x9C, 0x14, 0xEC, 0x7A, 0xB1, 0x82, 0xC6, 0x26,
    0x4A, 0xEE, 0xF9, 0x57, 0x34, 0xAA, 0xA3, 0x0A, 0xAF, 0xFD, 0x21, 0xA9, 0x59, 0x7C, 0x89, 0x99,
    0xAF, 0x91, 0xEC, 0x96, 0xB0, 0x02, 0xD4, 0xD1, 0x07, 0x16, 0xB0, 0x07, 0xAC, 0x79, 0x03, 0xA8,
    0x8F, 0xDF, 0xB8, 0x84, 0xE0, 0x27, 0x07, 0x41, 0x5C, 0xC6, 0x0F, 0x55, 0x74, 0xEC, 0x1C, 0x5F,
    0xA6, 0xA7, 0x45, 0x6B, 0x0B, 0x1A, 0x67, 0x99, 0xC2, 0xDE, 0x21, 0x7B, 0xA3, 0x33, 0x27, 0x37,
    0x3A, 0x5E, 0x36, 0xF0, 0x7F, 0xB6, 0xDE, 0x96, 0x1B, 0x9B, 0x4D, 0x7F, 0x1D, 0x92, 0xF7, 0x0C,
    0xFF, 0x7D, 0x4E, 0xB6, 0x5D, 0xDC, 0x8D, 0x8E, 0x0C, 0xD9, 0xA1, 0x7C, 0x69, 0x1D, 0xB5, 0xE7,
    0x5E, 0x97, 0x87, 0x96, 0x0E, 0x51, 0x21, 0x9E, 0xBF, 0x7E, 0x77, 0x1D, 0x6B, 0xF7, 0x9E, 0xE1,
    0xAE, 0x48, 0xAC, 0x4D, 0x14, 0xC4, 0xD7, 0xC4, 0xD1, 0x15, 0xC9, 0x16, 0xA3, 0x1E, 0x88, 0x71,
    0x3D, 0x86, 0xF7, 0x40, 0x1D, 0xC0, 0xBF, 0x8A, 0x53, 0xAE, 0xD1, 0x99, 0xD8, 0xF8, 0x2D, 0xB3,
    0x7D, 0xD4, 0x2D, 0xA2, 0xC5, 0x34, 0x6D, 0xD8, 0x29, 0xFE, 0x71, 0xFE, 0xED, 0x95, 0x00, 0x1A,
    0xA3, 0x33, 0xC9, 0x1C, 0x95, 0xAA, 0x2B, 0xB9, 0x3E, 0xBE, 0xC5, 0x3C, 0xB6, 0xDC, 0x66, 0xEB,
    0x55, 0xD2, 0x48, 0xFE, 0x2B, 0xEC, 0xBD, 0x25, 0x25, 0x80, 0x56, 0x25, 0x9D, 0xE2, 0xD0, 0x86,
    0x30, 0x0F, 0x2A, 0xC1, 0xDA, 0xAE, 0xE0, 0xEB, 0xDF, 0x8F, 0xB8, 0x1B, 0x20, 0x0D, 0xEF, 0xE6,
    0x31, 0xCB, 0xB4, 0xE8, 0x02, 0x78, 0x59, 0x63, 0xCD, 0xB6, 0xF2, 0x97, 0x44, 0x55, 0x17, 0x2C,
    0x00, 0x63, 0xB6, 0xDE, 0x6E, 0x84, 0x94, 0x87, 0xD4, 0xA6, 0xD2, 0x60, 0x7E, 0x1C, 0xCA, 0x6D,
    0xF3, 0xCC, 0x02, 0x42, 0xCC, 0xDA, 0xD8, 0x9B, 0x7B, 0x2A, 0xC2, 0x4C, 0x8E, 0x3A, 0xA6, 0x92,
    0x5C, 0x4B, 0x41, 0x6E, 0x4D, 0x76, 0xF5, 0xC5, 0x6B, 0xE6, 0xCA, 0xFC, 0xA5, 0x48, 0x4B, 0x85,
    0x12, 0xF5, 0xD3, 0x63, 0x5B, 0xEF, 0x29, 0x04, 0x66, 0xA0, 0x79, 0x75, 0x6E, 0xE5, 0xDE, 0x76,
    0xFA, 0x1A, 0xBA, 0xB7, 0x6C, 0x2F, 0x9A, 0x0C, 0x5A, 0x04, 0x5A, 0x0C, 0x76, 0x18, 0x4F, 0x5A,
    0xEF, 0x97, 0xF0, 0x05, 0xBC, 0x3B, 0x38, 0x15, 0x43, 0x86, 0xF4, 0x1D, 0x5F, 0xD9, 0x80, 0x35,
    0x1D, 0x5E, 0x49, 0x1A, 0xB0, 0x26, 0xCB, 0x3B, 0x06, 0x67, 0xBC, 0xA1, 0x7D, 0xFC, 0x36, 0xC9,
    0x2D, 0x8E, 0x92, 0x40, 0x5B, 0x94, 0xCA, 0xB9, 0x36, 0x49, 0x7A, 0xAF, 0xB1, 0x9A, 0x99, 0xBD,
    0x2A, 0xE0, 0x30, 0x76, 0x33, 0x53, 0xFC, 0x69, 0x6D, 0x41, 0xB3, 0x20, 0x68, 0xC0, 0x8D, 0x64,
    0x86, 0xC6, 0xFD, 0xE3, 0x94, 0x1D, 0x8B, 0xEE, 0x88, 0x82, 0xD6, 0x73, 0xBA, 0xA8, 0xF5, 0xDC,
    0xCC, 0xA2, 0xFF, 0x65, 0xFD, 0x24, 0x53, 0xD4, 0x20, 0x8E, 0xF9, 0xCE, 0x5D, 0x5F, 0x94, 0x19,
    0xE9, 0x9B, 0x11, 0x64, 0xE1, 0xBE, 0xBE, 0xC8, 0xAF, 0x83, 0xFC, 0xD9, 0xCA, 0x8E, 0x31, 0xCF,
    0xD6, 0x31, 0xFD, 0x67, 0xAD, 0xD3, 0xF9, 0x51, 0x94, 0xA9, 0x79, 0xDC, 0xD6, 0xB3, 0x34, 0x7E,
    0x1B, 0x97, 0x19, 0x0F, 0xD3, 0xC6, 0x1D, 0x6F, 0xCE, 0x5A, 0x6C, 0x2F, 0x57, 0x6C, 0x2E, 0x3E,
    0x83, 0x6E, 0x4A, 0xD2, 0x37, 0x69, 0x51, 0xF6, 0xAB, 0x00, 0x31, 0x05, 0x97, 0x88, 0x57, 0xED,
    0xC7, 0xEA, 0x6A, 0x07, 0xE5, 0xDC, 0x6C, 0x74, 0x73, 0x35, 0x17, 0x9D, 0x4B, 0xD7, 0xC6, 0xD9,
    0x0E, 0xCE, 0x82, 0xBB, 0xE9, 0x36, 0x2E, 0xF7, 0x29, 0x52, 0xD9, 0x7E, 0xFA, 0x53, 0x4F, 0x12,
    0xA6, 0xD2, 0x64, 0xC0, 0xA8, 0x65, 0xF9, 0xCB, 0xF1, 0x8D, 0x4E, 0x54, 0xF4, 0x29, 0x52, 0x28,
    0x69, 0x9B, 0x5E, 0x08, 0x95, 0xC4, 0xDB, 0x0D, 0xED, 0x29, 0xAF, 0x44, 0x21, 0xAA, 0x08, 0xB1,
    0xC0, 0x6C, 0x21, 0xF4, 0xFA, 0x08, 0xE7, 0x22, 0x84, 0xDB, 0x40, 0x38, 0xCD, 0x20, 0x1B, 0xF7,
    0xBD, 0x37, 0xB0, 0xC9, 0xF0, 0x5F, 0xFB, 0xBD, 0xF7, 0xAE, 0xC6, 0x1C, 0x34, 0xB6, 0xA1, 0xE7,
    0x7A, 0xD0, 0xDF, 0x2C, 0xFA, 0x34, 0x2A, 0xDB, 0xB8, 0xC9, 0x68, 0xB2, 0xA6, 0xE6, 0xFC, 0x46,
    0xAF, 0xC9, 0x7A, 0x9A, 0xAC, 0xC7, 0x7E, 0x9A, 0x83, 0x59, 0x66, 0x0B, 0xCD, 0x4A, 0x0F, 0xCD,
    0x1D, 0xA0, 0xB9, 0xC2, 0x28, 0xC6, 0x8F, 0x6C, 0x60, 0x13, 0x0F, 0x17, 0xB9, 0x4A, 0xBE, 0x51,
    0x86, 0x15, 0xDB, 0xCA, 0x6C, 0x69, 0xB6, 0x36, 0x29, 0x4E, 0x9E, 0x4A, 0x54, 0x41, 0x6C, 0x13,
    0xA7, 0x7A, 0xC4, 0x42, 0x52, 0x61, 0xEE, 0xEB, 0xF3, 0x51, 0x5F, 0xA4, 0xFF, 0x1F, 0xA5, 0x98,
    0x01, 0x68, 0x1D, 0xD9, 0x75, 0xB0, 0xBF, 0x3B, 0xA3, 0xE7, 0xC1, 0x3B, 0xBF, 0xEE, 0x08, 0x90,
    0xFC, 0xBB, 0xB6, 0x24, 0x19, 0x70, 0x61, 0x6B, 0x46, 0x7A, 0x01, 0x04, 0xDC, 0xC0, 0xD8, 0x6F,
    0xB2, 0x22, 0x18, 0x30, 0x71, 0x5D, 0x62, 0x6D, 0x21, 0xA1, 0x66, 0x01, 0x00, 0x58, 0x96, 0x58,
    0x01, 0x17, 0x5C, 0x6A, 0xAF, 0x66, 0x63, 0xA0, 0xC0, 0xA3, 0xA9, 0xA1, 0xA1, 0x40, 0x17, 0x20,
    0x2C, 0xB4, 0x6C, 0x36, 0x61, 0xAB, 0xD2, 0x2D, 0x55, 0xB6, 0x9B, 0xFA, 0x6D, 0xD4, 0x6D, 0x5A,
    0xCC, 0x6E, 0x5E, 0xEB, 0x26, 0x86, 0x9A, 0xAD, 0xA7, 0xD4, 0x50, 0x1A, 0xA7, 0xF8, 0x75, 0xAD,
    0x34, 0xCA, 0x56, 0xD2, 0xF4, 0x5C, 0xDD, 0x79, 0x93, 0x91, 0x26, 0x52, 0xD4, 0x66, 0xC4, 0xF9,
    0x98, 0x11, 0x9A, 0x6F, 0xCE, 0x3D, 0x73, 0xE7, 0xDC, 0x19, 0x01, 0x63, 0x13, 0x8B, 0xA9, 0xE9,
    0x14, 0x3D, 0x83, 0x27, 0xE1, 0x67, 0x86, 0x20, 0x35, 0x4C, 0x63, 0x58, 0xC5, 0x9C, 0xEC, 0x63,
    0xB6, 0xC0, 0x00, 0xF8, 0x45, 0xB1, 0x81, 0xDB, 0x37, 0x76, 0xDF, 0xCF, 0xC0, 0x86, 0xEC, 0x6F,
    0x41, 0xB5, 0xD5, 0x5C, 0x12, 0x61, 0xE9, 0xDA, 0xC0, 0xCC, 0x88, 0xEB, 0x9B, 0xA5, 0x2B, 0x2A,
    0x3A, 0x1B, 0x84, 0xF3, 0xC6, 0x46, 0x54, 0xCC, 0x1B, 0x8D, 0x84, 0xB2, 0xFB, 0xCB, 0x1B, 0x35,
    0x97, 0x8E, 0x8A, 0x81, 0x6E, 0x2D, 0xAE, 0x68, 0x18, 0x68, 0x54, 0x5F, 0x8B, 0x53, 0x13, 0xA1,
    0xB9, 0x81, 0x3E, 0x99, 0xA3, 0xCF, 0x81, 0x06, 0xA0, 0x28, 0xB6, 0xE9, 0xA3, 0x77, 0x85, 0xFD,
    0x9D, 0xDB, 0xE6, 0x6D, 0x4E, 0x67, 0xBE, 0x5E, 0x1B, 0x63, 0x88, 0x61, 0x16, 0xA3, 0xD6, 0x31,
    0x57, 0x7B, 0x98, 0xD5, 0xE1, 0x18, 0x53, 0x8C, 0x9F, 0xD9, 0xA8, 0xC6, 0x58, 0xED, 0xEF, 0x1D,
    0x63, 0xC3, 0x37, 0xE5, 0x6A, 0x16, 0xE4, 0x98, 0x65, 0x30, 0x2F, 0x90, 0x1A, 0xC8, 0x0D, 0x6A,
    0x00, 0xFE, 0x3A, 0x84, 0x31, 0xDC, 0x8C, 0xB2, 0x70, 0xE0, 0xFD, 0xE4, 0x19, 0x38, 0x0E, 0x8C,
    0x0C, 0xC7, 0x08, 0xE5, 0x18, 0xC9, 0xCB, 0x31, 0xA6, 0x9A, 0xB3, 0x68, 0x6F, 0x80, 0xEE, 0xA4,
    0xE8, 0x71, 0x38, 0xCA, 0x4C, 0x91, 0xB3, 0xCE, 0x0D, 0xD5, 0x47, 0xDB, 0xB0, 0xFB, 0xF6, 0x77,
    0xBB, 0xF3, 0xEA, 0x9B, 0x89, 0xE7, 0x6B, 0x79, 0x45, 0x18, 0x12, 0x8C, 0x1A, 0xC8, 0x38, 0x33,
    0xCC, 0x5B, 0x54, 0xF7, 0x72, 0x13, 0x06, 0xA0, 0x24, 0x82, 0x6F, 0xC0, 0xCB, 0x61, 0x16, 0xE6,
    0x6A, 0x4B, 0xB9, 0x9C, 0x12, 0xF1, 0x24, 0x67, 0xDE, 0xE8, 0x27, 0xE2, 0x49, 0xC4, 0x93, 0x10,
    0x92, 0x30, 0x4B, 0x22, 0xF5, 0x4A, 0xDA, 0x19, 0xC9, 0x6A, 0xDD, 0x13, 0xFB, 0x59, 0x3D, 0x82,
    0xDD, 0xF3, 0x81, 0xD8, 0xA1, 0xF3, 0xE3, 0xCD, 0x18, 0x56, 0xE2, 0x21, 0x72, 0x8B, 0xBE, 0x89,
    0x51, 0xBD, 0xF9, 0xB9, 0xDB, 0x5E, 0xEF, 0xDA, 0xDC, 0x57, 0xFD, 0x6C, 0x25, 0x26, 0x24, 0x8F,
    0x99, 0x56, 0xFD, 0x98, 0xC4, 0xEF, 0xC5, 0x9C, 0x8A, 0xAC, 0x60, 0xD4, 0x82, 0xBD, 0x18, 0xB3,
    0x30, 0xD6, 0x6C, 0xAC, 0x54, 0x90, 0x0B, 0x44, 0x6A, 0xC7, 0xBF, 0xD4, 0xE9, 0x07, 0xE9, 0xC0,
    0x30, 0xED, 0xF5, 0x0D, 0x26, 0xC8, 0x0C, 0x3C, 0x83, 0x71, 0xA7, 0x05, 0xE5, 0xED, 0x34, 0xFB,
    0x61, 0xDC, 0xA1, 0xA1, 0x37, 0x56, 0x3F, 0xDF, 0xE9, 0x8B, 0xFE, 0x5C, 0x16, 0xA6, 0xB9, 0x61,
    0xCE, 0x56, 0xFA, 0xB4, 0x9D, 0xE6, 0xB4, 0x10, 0x00, 0x84, 0x32, 0xBB, 0x85, 0xF6, 0x30, 0xA0,
    0x09, 0x8F, 0xD3, 0xE0, 0x0A, 0x4D, 0xCC, 0x99, 0xD7, 0x5E, 0x8F, 0x39, 0xF1, 0xD1, 0x37, 0x6C,
    0x5D, 0x26, 0x7F, 0x5A, 0x97, 0x9D, 0x92, 0xB4, 0xF3, 0x30, 0x1D, 0xC4, 0xF6, 0x1A, 0x31, 0xCF,
    0x86, 0x69, 0x0C, 0x2D, 0x04, 0xA9, 0xC0, 0xEB, 0x39, 0x50, 0x87, 0x9D, 0xF1, 0x2C, 0x2E, 0x5E,
    0xAE, 0xF4, 0x55, 0xD9, 0x9D, 0x79, 0x36, 0x55, 0x3D, 0xD3, 0xCE, 0xFD, 0xEC, 0x5A, 0x4C, 0x24,
    0xC7, 0x24, 0x81, 0x98, 0x09, 0x11, 0x54, 0xB7, 0xB3, 0x2A, 0xB1, 0xF5, 0x6D, 0x36, 0xF4, 0xD5,
    0xD6, 0x2C, 0xCE, 0x27, 0x45, 0x2F, 0xC5, 0x91, 0xDB, 0x68, 0x98, 0x51, 0x7B, 0xCB, 0x5E, 0xD5,
    0xC5, 0x18, 0xDC, 0xB3, 0x5F, 0x58, 0x50, 0xA1, 0xFE, 0xEC, 0x8F, 0x1D, 0x58, 0x7B, 0x83, 0xD4,
    0xC5, 0xD6, 0xBE, 0xEF, 0x6A, 0x5F, 0xBB, 0x86, 0x24, 0xB9, 0x61, 0xD3, 0x35, 0x0D, 0xD4, 0x1F,
    0xE1, 0x79, 0x5B, 0x76, 0xC3, 0x99, 0x8F, 0xDE, 0xF9, 0xA9, 0xFE, 0x5C, 0x26, 0xD9, 0x9F, 0xCB,
    0x6C, 0xF6, 0x44, 0x2A, 0x37, 0xB6, 0x38, 0x06, 0xA2, 0xCA, 0x9C, 0x35, 0x7D, 0x4D, 0x7D, 0xBD,
    0x38, 0xCD, 0x6B, 0x18, 0x86, 0x15, 0xFA, 0x64, 0x1A, 0x61, 0xAF, 0x61, 0x9B, 0xE4, 0x58, 0x79,
    0x0D, 0x8B, 0x95, 0x1D, 0x00, 0x58, 0x9D, 0xFF, 0x21, 0x30, 0x13, 0x66, 0x1C, 0xD9, 0x50, 0x5B,
    0x78, 0x29, 0xBF, 0xB4, 0xB7, 0x38, 0xAD, 0x3F, 0xBD, 0x5E, 0x2B, 0x4E, 0x2E, 0xC5, 0x39, 0x7B,
    0x29, 0x48, 0x73, 0x3B, 0xEF, 0xC5, 0x6C, 0x76, 0x17, 0x87, 0x79, 0xC9, 0x15, 0x63, 0x71, 0xC3,
    0xEF, 0xC3, 0x0F, 0x83, 0x15, 0xFC, 0xBB, 0xD3, 0x09, 0x33, 0xFE, 0x46, 0x94, 0x8D, 0xF0, 0x55,
    0x95, 0x1E, 0xB6, 0xF6, 0xCD, 0x79, 0x3F, 0x06, 0xED, 0x22, 0x45, 0x3D, 0x52, 0x03, 0x6C, 0xCF,
    0x74, 0xB0, 0x87, 0x70, 0xB5, 0xC8, 0x70, 0xDB, 0x81, 0x13, 0x33, 0xB0, 0x0D, 0x60, 0x5A, 0xE5,
    0x76, 0xB6, 0x67, 0xC3, 0xD9, 0x0E, 0x34, 0x67, 0xE2, 0xC1, 0x13, 0xD3, 0x5B, 0xC8, 0xC0, 0x5F,
    0xC8, 0xDA, 0x0F, 0xEF, 0x2D, 0x64, 0xC7, 0xBE, 0x27, 0xA0, 0x27, 0x50, 0x0E, 0x6B, 0x0B, 0x99,
    0xF7, 0xCA, 0x5A, 0x91, 0xF9, 0xCF, 0xAD, 0x3D, 0xCE, 0x02, 0xFF, 0xD6, 0x42, 0x16, 0xF9, 0x0B,
    0x0B, 0xD9, 0x54, 0x20, 0x67, 0x18, 0x2D, 0x20, 0xB6, 0x18, 0xB7, 0xA0, 0x82, 0xD0, 0x42, 0x41,
    0x18, 0x76, 0x1E, 0x3E, 0x0E, 0xBD, 0xDE, 0x83, 0x9D, 0xF0, 0x5F, 0xB9, 0x5B, 0x04, 0xCF, 0xDD,
    0x0D, 0x23, 0xBF, 0x1B, 0x26, 0x61, 0x18, 0x9E, 0x9A, 0x0B, 0x43, 0x9E, 0x95, 0x00, 0x54, 0x51,
    0x14, 0x40, 0xD8, 0x0C, 0x5A, 0xCE, 0x85, 0xDF, 0xA5, 0xF3, 0xF0, 0x5F, 0xBB, 0x1C, 0x7B, 0xEF,
    0x5E, 0x17, 0xD5, 0x13, 0x78, 0x16, 0xBE, 0x24, 0x48, 0xE8, 0xAF, 0xBD, 0xCA, 0x74, 0xB0, 0xD0,
    0x25, 0x11, 0x3B, 0x63, 0x89, 0x80, 0x11, 0x8B, 0xD4, 0x22, 0x57, 0xA1, 0x00, 0xEA, 0x90, 0x0B,
    0xF6, 0xA4, 0x03, 0x2C, 0x62, 0xF5, 0x4C, 0x7C, 0x7A, 0xA1, 0xD4, 0x37, 0xCD, 0x5D, 0x67, 0x36,
    0x33, 0x56, 0x95, 0xF8, 0x17, 0x80, 0x52, 0x00, 0x10, 0x3A, 0xB8, 0xC3, 0x01, 0x38, 0x38, 0x7D,
    0xB9, 0x29, 0x9B, 0xBC, 0x95, 0x5B, 0xB7, 0x55, 0x5B, 0xB3, 0xD4, 0xF4, 0x49, 0xE4, 0xDF, 0xEA,
    0xCE, 0x86, 0x7E, 0xF7, 0xF4, 0xB4, 0xA8, 0x9F, 0x2D, 0xCD, 0x56, 0x94, 0x13, 0xD6, 0xC3, 0xC9,
    0x01, 0xBC, 0x0B, 0x9D, 0x87, 0xF7, 0xBA, 0x52, 0x02, 0xE7, 0x7A, 0x77, 0xED, 0x49, 0xDD, 0x33,
    0x6F, 0x3D, 0xC7, 0xBD, 0xF3, 0xD5, 0x79, 0x03, 0x77, 0x6E, 0xD3, 0xA3, 0x82, 0xE1, 0x90, 0x9B,
    0xC5, 0x14, 0x63, 0x17, 0xAB, 0x24, 0x16, 0x27, 0x36, 0x39, 0x88, 0xBD, 0x0B, 0x08, 0x43, 0x20,
    0x01, 0x38, 0x6B, 0xF1, 0xDF, 0x80, 0x7F, 0xAF, 0x0F, 0x57, 0xF9, 0x16, 0xDE, 0x23, 0x4E, 0x56,
    0x73, 0xB7, 0x7E, 0xC3, 0x9A, 0xFA, 0x87, 0x4E, 0x9F, 0xEC, 0xE8, 0x67, 0x05, 0x1C, 0xB7, 0x83,
    0x1F, 0x01, 0x98, 0x64, 0x05, 0x62, 0x8B, 0xB3, 0x0C, 0xE0, 0x2F, 0xBD, 0x1F, 0xE2, 0xDD, 0xBB,
    0xFB, 0xAB, 0x44, 0xE9, 0x96, 0xDF, 0x83, 0x31, 0x68, 0xCE, 0x07, 0xAB, 0xB7, 0x78, 0xF7, 0xDE,
    0x13, 0xAB, 0x2F, 0x08, 0xAD, 0xDE, 0x56, 0x04, 0xE3, 0xB2, 0xB7, 0x80, 0x23, 0x10, 0x16, 0x39,
    0xDC, 0x4C, 0x6F, 0x62, 0xEB, 0x51, 0xE2, 0x9B, 0xCC, 0xC1, 0xC9, 0xE2, 0x11, 0x1C, 0x6A, 0x35,
    0x6E, 0x0F, 0x86, 0xAB, 0x71, 0x8C, 0x2C, 0x3D, 0x31, 0xC3, 0xD5, 0xB8, 0x9D, 0xCB, 0x6A, 0x3C,
    0x77, 0xFB, 0xE7, 0xAE, 0xC6, 0xF3, 0x4C, 0xFC, 0xDA, 0x65, 0x43, 0xFB, 0xA9, 0x6B, 0x1B, 0x9D,
    0xBE, 0x5B, 0x11, 0xFA, 0xF3, 0x06, 0xDF, 0xB5, 0x8D, 0xBC, 0xD3, 0x9F, 0xF5, 0x7A, 0x67, 0x53,
    0xD7, 0x36, 0x8E, 0x22, 0x00, 0x0E, 0xB5, 0x1A, 0x37, 0xDA, 0x46, 0x3B, 0x1F, 0xB6, 0x0D, 0x9B,
    0xE9, 0xB5, 0xB9, 0xDB, 0x11, 0xB9, 0x24, 0xF9, 0x0B, 0xAD, 0x67, 0xDA, 0x86, 0x5C, 0x40, 0x4B,
    0xFA, 0x2E, 0x72, 0x89, 0xBE, 0xD1, 0xAA, 0xD7, 0xD9, 0xF6, 0x7A, 0xBF, 0x79, 0x45, 0x4A, 0xA2,
    0x43, 0x72, 0x3D, 0xAD, 0x7A, 0x3A, 0xF1, 0x33, 0x2D, 0xE5, 0xD0, 0x8C, 0x4A, 0xB0, 0x2B, 0x46,
    0x2A, 0x4F, 0xE5, 0xE8, 0x6C, 0xFB, 0xBD, 0x6B, 0x5A, 0x4A, 0xA0, 0xCF, 0x7A, 0x3D, 0x2D, 0x05,
    0xD0, 0xB4, 0xD0, 0x54, 0x59, 0xA0, 0xA1, 0xE9, 0xA9, 0x5C, 0x4F, 0xAD, 0x6B, 0x72, 0x8F, 0x6B,
    0xB0, 0xE3, 0x1A, 0xAF, 0xB9, 0xFC, 0xE2, 0xBB, 0xDB, 0xC8, 0xEF, 0x1A, 0xA1, 0xB2, 0x56, 0xD9,
    0xD8, 0xCD, 0xF2, 0xC3, 0x81, 0x79, 0xF1, 0x9F, 0x06, 0xB2, 0x08, 0xAC, 0x48, 0xE4, 0xC6, 0x4F,
    0x8B, 0x8D, 0x50, 0x7D, 0xEF, 0xFA, 0x94, 0x9F, 0x99, 0xD5, 0x10, 0xF3, 0xC2, 0x2C, 0x86, 0x71,
    0x09, 0xAA, 0x57, 0x61, 0x5C, 0xB8, 0x7A, 0x2A, 0xFB, 0x7E, 0x51, 0x15, 0xCC, 0x8E, 0x12, 0x3B,
    0x4C, 0xC8, 0x05, 0xB6, 0x50, 0x04, 0x52, 0x25, 0x64, 0xCE, 0x68, 0xDB, 0xC5, 0x35, 0x3C, 0x83,
    0xC6, 0x6D, 0x65, 0xC1, 0xB5, 0x83, 0x3B, 0xEC, 0x43, 0x89, 0xEA, 0x31, 0x2E, 0x87, 0x1D, 0xDF,
    0x79, 0xB8, 0x1E, 0x1F, 0x7B, 0x6F, 0x29, 0x96, 0x55, 0x27, 0xF6, 0xB3, 0xB7, 0xDF, 0x09, 0xD2,
    0x62, 0x33, 0x52, 0xBD, 0x58, 0x4A, 0x1F, 0xAF, 0x44, 0xC4, 0x4C, 0x4A, 0xE0, 0xD2, 0xF2, 0x33,
    0xE2, 0x7A, 0x0C, 0x6F, 0x3D, 0x70, 0xF4, 0xC4, 0x6B, 0xAF, 0x6B, 0x59, 0x86, 0xCB, 0xDB, 0x91,
    0x68, 0x9B, 0xA5, 0x9F, 0xBD, 0xA5, 0x23, 0x72, 0x9D, 0x0C, 0xBF, 0x28, 0x80, 0xC6, 0xD7, 0x43,
    0x6D, 0xBF, 0x96, 0x17, 0x1A, 0x7B, 0x43, 0x64, 0xE9, 0x7D, 0xA9, 0x1C, 0x36, 0xFD, 0x44, 0xE3,
    0xD5, 0xC6, 0x9E, 0x6B, 0x4C, 0x20, 0x62, 0x42, 0x04, 0x9C, 0xB6, 0x30, 0x16, 0x37, 0x00, 0xB6,
    0x00, 0xFF, 0x6E, 0x0A, 0x6D, 0x6F, 0x1D, 0x7F, 0x83, 0xE5, 0x54, 0xA5, 0xA8, 0x4A, 0xDF, 0xA8,
    0x2A, 0xFD, 0x73, 0x6F, 0x8A, 0xFE, 0xE5, 0x37, 0xB1, 0x37, 0xDD, 0x2E, 0xBD, 0x1A, 0x3B, 0x85,
    0x70, 0xF7, 0x7D, 0x9C, 0x14, 0x62, 0x72, 0x48, 0xB0, 0x50, 0x03, 0xD8, 0xF6, 0x57, 0xF1, 0xBF,
    0xF3, 0x7B, 0xD3, 0x44, 0x6A, 0x33, 0xE8, 0x8D, 0x30, 0x06, 0x3F, 0x7B, 0x62, 0x1A, 0xED, 0xF5,
    0x96, 0xB7, 0x03, 0xF1, 0xCA, 0x8B, 0xB2, 0x36, 0x61, 0xA6, 0xDD, 0xFD, 0x3A, 0xD4, 0xF7, 0x86,
    0xBA, 0x95, 0x81, 0xB7, 0x96, 0x75, 0x1E, 0x7E, 0x7B, 0x2D, 0x3B, 0xF6, 0x37, 0x02, 0xF5, 0xEE,
    0x2E, 0x78, 0x5F, 0x2A, 0xD6, 0x64, 0x9D, 0xFD, 0xFE, 0x5A, 0x16, 0x48, 0x07, 0xCB, 0x42, 0x5F,
    0xFE, 0x78, 0x2A, 0x14, 0x24, 0xA3, 0x82, 0xB1, 0x58, 0xC0, 0x69, 0x0B, 0x4A, 0xD4, 0xD7, 0x59,
    0xFF, 0x42, 0xE7, 0xC9, 0x5A, 0x57, 0x7D, 0x7B, 0xAD, 0xEB, 0x49, 0xF8, 0xB7, 0x8A, 0x6E, 0xB0,
    0xB0, 0xD0, 0x8D, 0xA4, 0xFF, 0x25, 0xDA, 0xEF, 0xDA, 0xD5, 0x90, 0x53, 0xFE, 0x85, 0x83, 0xD7,
    0x59, 0x54, 0xAD, 0xAF, 0x8A, 0x8D, 0x63, 0xDF, 0x17, 0x58, 0x9F, 0x83, 0xBF, 0x50, 0x74, 0x09,
    0xFD, 0x85, 0x2E, 0x5A, 0xBC, 0x24, 0xA3, 0xD5, 0x3A, 0x7B, 0xAA, 0x5A, 0x67, 0xFB, 0xDE, 0x05,
    0x01, 0xEC, 0x99, 0xAB, 0xC3, 0x2C, 0xBB, 0xBB, 0xB3, 0x7C, 0x2C, 0x59, 0x3E, 0xEE, 0x46, 0x81,
    0xCB, 0xF2, 0x74, 0x6C, 0x17, 0x83, 0xDA, 0x1A, 0xD8, 0x27, 0xAC, 0x47, 0x6D, 0xD2, 0xBB, 0x85,
    0x50, 0xB2, 0x94, 0x26, 0x7F, 0xE6, 0x81, 0xE4, 0xA6, 0x5C, 0x96, 0xF7, 0x25, 0xCB, 0x5B, 0xFB,
    0x65, 0x39, 0xA6, 0x42, 0xC0, 0x58, 0x5C, 0x07, 0xD8, 0xB4, 0x92, 0x87, 0xC0, 0xCC, 0x42, 0x8E,
    0xB7, 0xC9, 0x72, 0xEA, 0x65, 0x1C, 0x49, 0xEB, 0x45, 0xD8, 0x3D, 0x7E, 0xC9, 0xD7, 0x15, 0xC1,
    0x66, 0xCC, 0xAC, 0x16, 0xCC, 0xC7, 0x02, 0xE6, 0xAB, 0xC5, 0xE5, 0x64, 0x91, 0xC3, 0x4F, 0xD4,
    0x4D, 0xBC, 0x1E, 0xA1, 0x03, 0xEB, 0x7C, 0x01, 0xDA, 0xC5, 0xA3, 0x7D, 0xFA, 0xE7, 0x20, 0x76,
    0x91, 0x77, 0xB6, 0xDD, 0x14, 0x9B, 0xD7, 0xB2, 0x06, 0xE8, 0x20, 0xFB, 0xF3, 0x2B, 0x11, 0xC5,
    0xB6, 0xAC, 0x02, 0xFA, 0xFA, 0xFE, 0xFD, 0xD3, 0xF5, 0xA9, 0xEF, 0x0E, 0xCC, 0xF3, 0xEF, 0xD9,
    0x3E, 0x75, 0x67, 0xC3, 0xCB, 0x3E, 0x5E, 0xF5, 0xD3, 0xDC, 0x84, 0xAA, 0x67, 0xA6, 0xFC, 0x3F,
    0x5C, 0x5D, 0x0D, 0x67, 0x36, 0x0E, 0xD9, 0xA7, 0x8E, 0x72, 0xE6, 0x8F, 0x5F, 0xD7, 0x9C, 0xF9,
    0xAF, 0x77, 0x34, 0xAC, 0xB4, 0xB7, 0x21, 0x37, 0x1A, 0x9B, 0x10, 0x41, 0xBA, 0xF3, 0xAC, 0xDE,
    0xDF, 0xFE, 0x05, 0xFA, 0x54, 0xAB, 0x7A, 0x60, 0xAB, 0x7E, 0x60, 0xAF, 0xD1, 0x3F, 0x7B, 0xC5,
    0x5D, 0xA3, 0xEC, 0x07, 0x0F, 0xB6, 0x31, 0xC1, 0x2B, 0x57, 0x20, 0x72, 0x03, 0x3C, 0xB8, 0x1F,
    0x5C, 0xDD, 0xA7, 0x1F, 0xCC, 0x5E, 0x19, 0xEA, 0xED, 0x10, 0xA4, 0x9E, 0x84, 0xE9, 0x7F, 0x5E,
    0x61, 0xCE, 0xFB, 0xCE, 0xF6, 0xA1, 0xFA, 0xC1, 0x5A, 0xBD, 0x1F, 0x54, 0x5B, 0x44, 0xFB, 0xC7,
    0x9B, 0x91, 0x64, 0x7F, 0x23, 0x82, 0xBC, 0x53, 0x40, 0x7F, 0x3E, 0xC2, 0xEF, 0xAD, 0x44, 0x44,
    0xEA, 0x71, 0x41, 0x12, 0x64, 0x11, 0x68, 0x04, 0x54, 0xC3, 0xCF, 0x6B, 0xD5, 0xB0, 0x35, 0x6D,
    0x14, 0xE7, 0xA0, 0x16, 0xF1, 0x0F, 0x16, 0x45, 0xD5, 0x22, 0x04, 0xFE, 0x73, 0x5F, 0xB2, 0x2D,
    0xE2, 0xB1, 0x6D, 0x11, 0xC5, 0xA1, 0x5A, 0x44, 0xEB, 0xF2, 0xC4, 0x65, 0xA2, 0xED, 0xCE, 0x16,
    0x68, 0xA6, 0xEA, 0x18, 0x65, 0x12, 0xB7, 0x32, 0xC4, 0x4B, 0x82, 0x64, 0x29, 0x01, 0xB3, 0xF4,
    0x2C, 0xB0, 0xC4, 0x10, 0x6F, 0xC1, 0x72, 0xF5, 0x2E, 0xBB, 0xCB, 0x32, 0x29, 0x82, 0x17, 0xAC,
    0xC0, 0x9E, 0x3B, 0xB2, 0x34, 0xE2, 0xCE, 0xA8, 0xFE, 0xB8, 0xB6, 0x05, 0xE5, 0x0A, 0x33, 0xB9,
    0x1F, 0x9C, 0xB9, 0x91, 0xDA, 0xD4, 0x92, 0x20, 0xAE, 0xF4, 0xBB, 0x73, 0x51, 0xB8, 0x06, 0xD8,
    0x84, 0xAD, 0x73, 0xB5, 0xF6, 0x36, 0xCD, 0x63, 0xC3, 0x9C, 0x8F, 0x2F, 0x1D, 0xDF, 0x25, 0x55,
    0xA9, 0x7B, 0xDF, 0x09, 0xD2, 0xA2, 0x10, 0x2C, 0x2E, 0x0A, 0xA2, 0x81, 0xC0, 0xC4, 0x04, 0x9F,
    0x9A, 0xFF, 0x7F, 0x04, 0xC5, 0xF5, 0x18, 0xEF, 0x2B, 0x61, 0xBE, 0x5F, 0xBA, 0xB1, 0x35, 0x1F,
    0x6F, 0x14, 0xA2, 0xF1, 0x82, 0x35, 0xE9, 0x0E, 0x5D, 0xBA, 0xA9, 0x45, 0x7D, 0x32, 0x1C, 0x5C,
    0xE7, 0x71, 0x60, 0xE5, 0x67, 0xEB, 0x45, 0x15, 0x5B, 0x4C, 0x56, 0x70, 0x17, 0x6A, 0x4A, 0x2B,
    0xF3, 0x54, 0xAD, 0x1A, 0xE3, 0x7B, 0x4B, 0xEC, 0x04, 0x19, 0xB1, 0x83, 0x55, 0xED, 0x39, 0x3C,
    0x28, 0xE7, 0x9A, 0xB9, 0x5E, 0x92, 0x09, 0xF9, 0xE6, 0x4A, 0xE1, 0x12, 0xC0, 0x60, 0x08, 0x6F,
    0x03, 0x08, 0xAF, 0x00, 0x37, 0x83, 0x3E, 0x51, 0xCE, 0x5F, 0x1D, 0x64, 0x3E, 0x35, 0x34, 0x8F,
    0x4B, 0xCE, 0x0D, 0x33, 0xB8, 0xAF, 0x68, 0xEF, 0x91, 0x5A, 0x25, 0x48, 0x89, 0x1D, 0xEC, 0xA1,
    0xFD, 0xC3, 0xDB, 0x87, 0x37, 0x37, 0xEB, 0x8C, 0xFB, 0x97, 0x9D, 0xDA, 0x9D, 0xF3, 0xB7, 0x82,
    0x9C, 0xA8, 0xCF, 0xF2, 0x21, 0xEA, 0xDC, 0x98, 0x75, 0xAE, 0x10, 0x79, 0x35, 0x41, 0x76, 0xCC,
    0xEB, 0xD6, 0xFC, 0x85, 0xD2, 0x1C, 0xF6, 0x5D, 0x35, 0x9A, 0x5F, 0x26, 0x0F, 0x36, 0x63, 0x54,
    0x7F, 0x32, 0x06, 0x0B, 0xD5, 0x1B, 0xC2, 0x7B, 0x3F, 0x6E, 0xE7, 0xFE, 0xEF, 0xC6, 0x73, 0xB7,
    0xD5, 0x67, 0x46, 0xDC, 0x57, 0x88, 0xC3, 0x99, 0x3F, 0x29, 0x5E, 0xA2, 0xF3, 0x83, 0xAF, 0x38,
    0x41, 0x03, 0xD5, 0xA7, 0x43, 0xFB, 0xF1, 0x8E, 0x39, 0x8E, 0xC1, 0xC1, 0x7E, 0x3F, 0x7C, 0x68,
    0xDA, 0xB9, 0xF7, 0xBE, 0x29, 0x55, 0x13, 0x57, 0xBE, 0x2E, 0x19, 0x14, 0xFF, 0xEE, 0xCE, 0x6D,
    0xCC, 0xF1, 0x06, 0x8E, 0x5B, 0xB0, 0x2B, 0xF1, 0xD8, 0xA6, 0x2B, 0xF0, 0xFE, 0x3A, 0x91, 0x74,
    0x77, 0x9B, 0x97, 0x8B, 0xAF, 0xC5, 0x00, 0xE3, 0x7B, 0xA5, 0xF6, 0x70, 0xCF, 0xC3, 0x5E, 0x33,
    0x9F, 0xF8, 0x83, 0xD7, 0x63, 0x66, 0x6C, 0xF6, 0xD4, 0xB3, 0x97, 0x42, 0xBC, 0x6F, 0x76, 0x50,
    0x15, 0xE2, 0x4E, 0xCC, 0xAF, 0x2C, 0xA6, 0x56, 0x4A, 0x0A, 0x46, 0xF5, 0x2D, 0x72, 0xB8, 0xE1,
    0x0F, 0x50, 0xFF, 0x1C, 0x5E, 0x27, 0xBC, 0xF5, 0x1F, 0x33, 0xA9, 0x66, 0xDD, 0x4F, 0x01, 0x5C,
    0x2E, 0xAD, 0x4F, 0x5D, 0x6E, 0x64, 0xEF, 0x86, 0xF0, 0xB7, 0x89, 0xAD, 0xF8, 0x50, 0xCF, 0xD4,
    0xE7, 0xEC, 0x10, 0x7E, 0x30, 0x1C, 0x7E, 0xBB, 0xC8, 0x50, 0x3F, 0x6A, 0xAD, 0xE3, 0xF7, 0x86,
    0x4F, 0x8F, 0x7A, 0xC4, 0xAA, 0x9D, 0xA7, 0xB7, 0xD9, 0xFD, 0x52, 0x63, 0xDF, 0x92, 0xAE, 0xDE,
    0xEB, 0xFE, 0xFF, 0x4F, 0xDF, 0xEB, 0xFA, 0xA9, 0x8B, 0x00, 0x89, 0x53, 0x6B, 0x45, 0xF8, 0x89,
    0xB5, 0x27, 0x7C, 0xC2, 0xEF, 0xDA, 0x60, 0xFE, 0xB3, 0xDD, 0x3B, 0xC5, 0xD3, 0xEE, 0xC4, 0x25,
    0xD9, 0xA7, 0x1E, 0x84, 0xC3, 0xB7, 0xAD, 0xE5, 0xE5, 0x35, 0x39, 0xBF, 0x0C, 0xD6, 0x5E, 0x0D,
    0xBE, 0xB8, 0x56, 0x1C, 0x59, 0xBA, 0xD5, 0x65, 0xC9, 0xEF, 0xBE, 0xF8, 0xF6, 0xD3, 0xEE, 0xF2,
    0x1B, 0x9F, 0xED, 0x82, 0x77, 0x1E, 0x79, 0x6E, 0xF6, 0x79, 0x2F, 0x0C, 0x9C, 0x0B, 0xFF, 0x02,
    0xD6, 0x86, 0x9F, 0x56, 0x40, 0x10, 0x2C, 0xAD, 0x15, 0x1C, 0xF9, 0xA2, 0xEC, 0x59, 0x27, 0x13,
    0x6F, 0xFF, 0x59, 0x97, 0x3B, 0xDB, 0xBF, 0xDF, 0x05, 0x54, 0x50, 0x7B, 0x1D, 0x52, 0x3D, 0x22,
    0xC1, 0xC1, 0xAF, 0x43, 0xED, 0xFB, 0xDB, 0x9A, 0xBE, 0xAE, 0xC5, 0xA8, 0x56, 0x1F, 0x8C, 0x6A,
    0xEF, 0x83, 0x49, 0xAD, 0x2E, 0x8E, 0x68, 0xCA, 0x1F, 0x99, 0xC4, 0x1F, 0x74, 0x3E, 0xFE, 0x23,
    0x0D, 0xEC, 0x8D, 0x16, 0xA0, 0x67, 0xEE, 0x6F, 0xE9, 0xD6, 0xDF, 0xFF, 0x86, 0x3D, 0xDF, 0x39,
    0xFE, 0xCE, 0x39, 0xD0, 0xD6, 0xD1, 0xD2, 0x9D, 0xA2, 0xB8, 0x38, 0x71, 0xD9, 0x9D, 0xE3, 0xF5,
    0x6C, 0x40, 0x15, 0xB6, 0x0C, 0xBB, 0x3E, 0xDB, 0xDA, 0x8F, 0xB7, 0x34, 0x56, 0x53, 0xE2, 0x1F,
    0x05, 0xEA, 0x7D, 0xB1, 0xF1, 0x19, 0xD1, 0xA1, 0x9F, 0xBF, 0x48, 0xA7, 0xF8, 0xF8, 0x22, 0x40,
    0x0B, 0x6F, 0xD7, 0xEB, 0x90, 0x3B, 0xB4, 0xDA, 0x12, 0xF5, 0x26, 0xAF, 0x80, 0x70, 0xE6, 0x69,
    0x11, 0xB2, 0x12, 0x94, 0x11, 0x86, 0xFC, 0x9B, 0xC4, 0x7D, 0x1D, 0x12, 0x10, 0x4E, 0x7C, 0xFE,
    0x8D, 0xBB, 0xF2, 0x7C, 0x5D, 0x00, 0xD4, 0xC1, 0xFF, 0x13, 0x62, 0x04, 0x3B, 0xEC, 0x07, 0x5B,
    0xD5, 0x90, 0x6D, 0x96, 0xCA, 0x96, 0xED, 0xCB, 0xC7, 0x35, 0x5A, 0xD9, 0x21, 0x7F, 0xF9, 0x97,
    0x17, 0x65, 0x2F, 0xE3, 0x68, 0x39, 0x64, 0x6D, 0x93, 0xAB, 0xEF, 0xE3, 0xB6, 0x56, 0xDD, 0xD5,
    0x2C, 0xA1, 0xFD, 0xF9, 0xDC, 0xC5, 0x72, 0xC4, 0xA3, 0x72, 0x87, 0x6F, 0xCB, 0x0D, 0x7E, 0x47,
    0x39, 0x8F, 0xFB, 0xF0, 0x69, 0x17, 0x39, 0x80, 0x7B, 0xED, 0xD8, 0x5C, 0xDE, 0x82, 0x98, 0xD1,
    0x0A, 0x53, 0x60, 0x1C, 0x26, 0xE1, 0xB7, 0xCF, 0xC7, 0xF0, 0x17, 0xE7, 0x13, 0xF8, 0xF5, 0xF3,
    0xA7, 0x21, 0x38, 0x8F, 0xC3, 0xC4, 0xE7, 0x5F, 0x5D, 0x4C, 0xF7, 0x74, 0xDE, 0xA8, 0x68, 0x8B,
    0x2A, 0x64, 0xAA, 0x44, 0x54, 0xF5, 0x56, 0x3D, 0x6C, 0x6F, 0xCC, 0x92, 0x50, 0x9E, 0x36, 0x80,
    0x9F, 0x87, 0x1C, 0xB7, 0xB5, 0x37, 0x97, 0xD7, 0x11, 0xD1, 0x3C, 0xC4, 0x0E, 0xD7, 0x20, 0x61,
    0x09, 0x0C, 0x2B, 0x14, 0xB2, 0x65, 0xF8, 0x3D, 0xD8, 0x83, 0x99, 0xA2, 0x58, 0x07, 0xB8, 0xB6,
    0x1F, 0x2A, 0xB3, 0x3D, 0x8C, 0x59, 0xAA, 0xB0, 0xE2, 0xCC, 0x5C, 0x67, 0x50, 0xEA, 0xAB, 0x49,
    0x32, 0x62, 0xA1, 0x77, 0xA0, 0x52, 0x01, 0x94, 0x88, 0xEC, 0xD5, 0x5A, 0x8B, 0x8B, 0x97, 0x9C,
    0xB4, 0xF5, 0xD2, 0xC4, 0x5B, 0x62, 0xAE, 0xA4, 0x89, 0x93, 0x96, 0xBE, 0x66, 0xA6, 0x83, 0xEA,
    0x85, 0x6E, 0xC5, 0x1D, 0x4E, 0x01, 0x0E, 0x33, 0xD5, 0x3A, 0x1E, 0x16, 0xED, 0x4D, 0x21, 0x71,
    0x1D, 0x9A, 0xC4, 0xC2, 0x70, 0xC7, 0x15, 0x36, 0x87, 0x12, 0xFD, 0x8C, 0xB0, 0x50, 0x7D, 0x08,
    0x97, 0x0B, 0x08, 0x48, 0xE5, 0x30, 0xDC, 0x20, 0x64, 0x72, 0x4A, 0x10, 0x8F, 0x12, 0xBE, 0xF1,
    0xE1, 0x24, 0xC1, 0xF6, 0xEF, 0xAC, 0x73, 0xF8, 0x3A, 0x67, 0x50, 0xC1, 0x0D, 0x7A, 0x14, 0xAE,
    0xED, 0x45, 0x54, 0xD6, 0x9E, 0x83, 0xCD, 0x2C, 0xFE, 0xD6, 0xE2, 0x8F, 0xF6, 0x9A, 0x47, 0xFD,
    0x4C, 0x2C, 0x2A, 0xBD, 0x86, 0xAE, 0x54, 0x87, 0x34, 0x1F, 0x30, 0x37, 0x2A, 0x3D, 0x2A, 0x1D,
    0xD6, 0x3E, 0xB0, 0x98, 0x1E, 0x80, 0x5A, 0x9D, 0x4B, 0x69, 0xDF, 0x3E, 0xB2, 0xC9, 0x38, 0x8C,
    0xFF, 0x9F, 0xCC, 0x3D, 0x50, 0x45, 0x91, 0x12, 0x66, 0x5E, 0x5E, 0x4B, 0x37, 0xBC, 0x7D, 0x64,
    0x80, 0xBA, 0x53, 0xA4, 0xFF, 0xDB, 0x9C, 0x9B, 0x53, 0xD9, 0x1D, 0x86, 0x39, 0x30, 0x7B, 0x1D,
    0xD4, 0xFA, 0x4C, 0x46, 0x3B, 0xF3, 0x36, 0xA9, 0x6F, 0xFA, 0xC4, 0x6B, 0x5F, 0xD3, 0x27, 0x3E,
    0x7A, 0x53, 0xB3, 0xA2, 0x25, 0x46, 0x5D, 0xE4, 0x53, 0x12, 0xB1, 0x96, 0x47, 0xEF, 0x83, 0x17,
    0xDF, 0xBC, 0xA4, 0x99, 0x46, 0x22, 0xDA, 0x66, 0xBA, 0x75, 0xC5, 0xEE, 0x57, 0x31, 0x25, 0x01,
    0xBA, 0x92, 0x11, 0x55, 0xFF, 0xBE, 0x71, 0x18, 0x24, 0x82, 0x7F, 0x79, 0x59, 0xDB, 0xC5, 0x53,
    0x43, 0x8C, 0x85, 0x88, 0x18, 0xE7, 0xE8, 0xA1, 0xBB, 0xEB, 0xFF, 0x00, 0x9D, 0x96, 0x0F, 0x88,
    0x1C, 0x57, 0x1D, 0xC7, 0xBF, 0x33, 0x73, 0x77, 0x6B, 0x32, 0x64, 0x76, 0x81, 0x3B, 0x7B, 0xB6,
    0x77, 0xD9, 0x02, 0x15, 0x4A, 0x78, 0xB9, 0x15, 0x38, 0x60, 0x84, 0x4D, 0xF7, 0x59, 0xFE, 0x53,
    0x88, 0x0B, 0xE4, 0x22, 0x54, 0xA8, 0x07, 0x28, 0x68, 0x12, 0x74, 0x81, 0x03, 0x0E, 0x38, 0x7B,
    0xDB, 0x0A, 0x08, 0x3D, 0x28, 0x0B, 0x16, 0xE5, 0xAF, 0x04, 0x69, 0x44, 0x53, 0x20, 0x03, 0xA4,
    0x92, 0xB6, 0x57, 0x76, 0x51, 0x44, 0x60, 0x41, 0x96, 0x16, 0x14, 0x54, 0xE8, 0x03, 0x13, 0xC5,
    0x22, 0x38, 0xDA, 0x8B, 0xB9, 0x6C, 0xEF, 0xF6, 0xF9, 0xFB, 0xED, 0xBC, 0x99, 0xCC, 0xCB, 0x4D,
    0xA6, 0xF1, 0x5E, 0xF8, 0x7E, 0xEF, 0xBD, 0xDD, 0xBC, 0xCF, 0xFE, 0xDE, 0xEF, 0xFD, 0x85, 0x29,
    0x01, 0xEA, 0xF7, 0x0E, 0x02, 0x20, 0x12, 0xA9, 0xC5, 0x4D, 0x32, 0x45, 0xB6, 0xAD, 0xF5, 0x79,
    0x7C, 0xF1, 0xFB, 0xA0, 0xA6, 0xF0, 0x27, 0x64, 0xB3, 0x2F, 0x01, 0xF3, 0x08, 0xD8, 0x7A, 0x40,
    0x08, 0x05, 0x34, 0x9D, 0x18, 0x78, 0xDF, 0xDB, 0x83, 0xFB, 0xC7, 0x17, 0xCE, 0xA2, 0xFA, 0xFC,
    0xA1, 0x3F, 0x98, 0xC1, 0x3A, 0x64, 0x4A, 0xAF, 0x32, 0x9C, 0xB1, 0x2C, 0x86, 0xAA, 0x73, 0xC1,
    0xB6, 0x9E, 0x04, 0x35, 0x41, 0x1C, 0x51, 0x9D, 0x80, 0xFF, 0x3E, 0x4B, 0x7A, 0x4A, 0xF7, 0x70,
    0xDF, 0xD9, 0x75, 0x06, 0x08, 0x5C, 0x12, 0xF6, 0xB0, 0x85, 0x86, 0x56, 0xC8, 0x8A, 0xB3, 0x03,
    0xB8, 0xC3, 0xD6, 0x47, 0x1F, 0x0C, 0x9D, 0xC1, 0x07, 0x43, 0x77, 0xAA, 0x5F, 0x0F, 0xBD, 0x57,
    0x48, 0xAF, 0xFE, 0x61, 0xD8, 0xD7, 0xFF, 0x1D, 0x2E, 0x6C, 0xB8, 0x43, 0x74, 0x58, 0x9A, 0x74,
    0xD1, 0xD4, 0x8D, 0x6A, 0x24, 0xC0, 0x67, 0x10, 0x73, 0x1A, 0xC4, 0x61, 0x86, 0x93, 0x71, 0x3E,
    0x18, 0x6E, 0x13, 0x63, 0x9E, 0x19, 0xAB, 0x9A, 0xC4, 0x7F, 0x9D, 0xDF, 0x81, 0x8A, 0xA7, 0xB5,
    0x4E, 0xFA, 0x5A, 0x9A, 0x23, 0x54, 0x85, 0xBF, 0xDE, 0x41, 0xEB, 0xA3, 0xDF, 0xEC, 0xC0, 0x7D,
    0x85, 0xAD, 0x4B, 0xE6, 0x4D, 0xED, 0x2B, 0x64, 0x4F, 0xFC, 0xE4, 0x93, 0x1D, 0xF4, 0x27, 0x3F,
    0xA2, 0xD8, 0x3B, 0x1E, 0x9B, 0x66, 0xFB, 0x1A, 0x59, 0x8D, 0x9A, 0xEE, 0xC0, 0x7D, 0x81, 0x0C,
    0xC8, 0x1B, 0xFD, 0x98, 0xC4, 0xDA, 0xDA, 0x5A, 0x36, 0xEE, 0x21, 0x38, 0x58, 0x70, 0xB4, 0x70,
    0xD8, 0x38, 0x5E, 0x3C, 0xF1, 0xE3, 0xBF, 0x0D, 0x69, 0x86, 0x7E, 0x3E, 0x04, 0x56, 0x2F, 0xB2,
    0x69, 0x36, 0x67, 0x68, 0x3A, 0x25, 0x21, 0xC3, 0x4F, 0x6A, 0xCE, 0x08, 0xA0, 0xBE, 0xE6, 0x8B,
    0x2E, 0xB8, 0xA4, 0x74, 0x86, 0xCF, 0xFD, 0xF6, 0x41, 0x56, 0x39, 0xA3, 0x97, 0xFF, 0x35, 0x1E,
    0x9E, 0x79, 0xE7, 0x79, 0xCA, 0xC0, 0x5B, 0x46, 0x04, 0x36, 0xBD, 0x09, 0xE3, 0xA7, 0xE2, 0xB6,
    0xE1, 0x54, 0x9E, 0x7C, 0xED, 0x07, 0x3B, 0x8D, 0x8F, 0x3E, 0xDC, 0x71, 0x07, 0x89, 0x3C, 0x4A,
    0x87, 0xF7, 0xEA, 0x87, 0x3B, 0x7D, 0xFD, 0xD7, 0x1D, 0x1A, 0x32, 0x49, 0x93, 0xBC, 0x17, 0x90,
    0x8C, 0xD4, 0x67, 0xF1, 0x60, 0xF3, 0x75, 0x70, 0xB1, 0x87, 0xCD, 0xA1, 0x99, 0x61, 0xB3, 0x71,
    0x74, 0xE0, 0xF0, 0xC0, 0xF1, 0x81, 0x83, 0x4B, 0xCD, 0x21, 0x9B, 0x41, 0x0D, 0x10, 0x88, 0x80,
    0x26, 0x62, 0xE0, 0x65, 0x67, 0x1F, 0xCE, 0xDF, 0x7F, 0xF8, 0x53, 0x54, 0x5F, 0x99, 0x54, 0x68,
    0x61, 0x7E, 0x33, 0x5B, 0x98, 0xFE, 0xC9, 0x6B, 0xD7, 0xFD, 0x93, 0xEF, 0xDC, 0xF0, 0x11, 0xFA,
    0x3E, 0x56, 0x8D, 0x36, 0x02, 0x1F, 0x51, 0xE0, 0x9F, 0xF9, 0x54, 0x0F, 0xCF, 0xDC, 0xB8, 0xE0,
    0xA3, 0x8A, 0x62, 0x9D, 0xCC, 0x16, 0xC1, 0x09, 0x12, 0x02, 0x54, 0xEF, 0x4D, 0x02, 0x50, 0x77,
    0xB2, 0xCE, 0xD4, 0x4E, 0x91, 0x45, 0x6C, 0xF1, 0x52, 0x00, 0xE2, 0xFD, 0x1E, 0x04, 0xA4, 0x66,
    0x00, 0x63, 0x0E, 0x9B, 0xD7, 0x4D, 0x0C, 0x79, 0x9B, 0x4E, 0x58, 0xBA, 0x00, 0x6C, 0x3C, 0xDB,
    0x94, 0xBC, 0xCC, 0xE4, 0xB3, 0xE7, 0xD1, 0xD2, 0xFA, 0xF5, 0x0C, 0xCA, 0x96, 0xAC, 0xA0, 0x49,
    0xD2, 0x8D, 0x0D, 0xDC, 0x3C, 0xB2, 0xBE, 0x4C, 0x99, 0x21, 0x05, 0x0C, 0x27, 0x76, 0x22, 0x0E,
    0x9C, 0xE9, 0xF1, 0x77, 0x5F, 0x6F, 0xE9, 0x8F, 0xCF, 0x23, 0x48, 0xFF, 0x25, 0x5C, 0xDE, 0x9A,
    0x96, 0x18, 0x6E, 0x4A, 0xCA, 0x9A, 0xED, 0xBC, 0x14, 0xE0, 0x4B, 0x86, 0xD5, 0x59, 0x0E, 0x16,
    0xEE, 0xBE, 0x4C, 0xAC, 0x71, 0xC6, 0x72, 0x5E, 0xC7, 0x89, 0x7C, 0xFF, 0x42, 0x56, 0x55, 0x37,
    0x0E, 0x39, 0xC3, 0xCB, 0xC6, 0xAA, 0x58, 0x22, 0x3C, 0xDB, 0x29, 0x08, 0xD0, 0xDF, 0x26, 0x1F,
    0x4F, 0x7A, 0x80, 0x90, 0xBA, 0x3E, 0x8E, 0x1D, 0x25, 0x97, 0xE0, 0x97, 0x09, 0x0F, 0x81, 0x10,
    0x58, 0xC4, 0x33, 0x49, 0xB7, 0x05, 0x9A, 0x11, 0x99, 0xFC, 0x24, 0x97, 0xC6, 0xE1, 0xF6, 0x1E,
    0x87, 0xB1, 0xCA, 0xB6, 0x01, 0x08, 0x74, 0x40, 0x9D, 0x22, 0x20, 0x24, 0xD3, 0xF6, 0x2E, 0x4B,
    0x7A, 0x68, 0x4D, 0x3D, 0x80, 0x0D, 0xB6, 0xD5, 0x02, 0x7B, 0xDA, 0xFC, 0xBF, 0x83, 0x7E, 0x4C,
    0x50, 0xE6, 0x89, 0xC4, 0xA2, 0x8C, 0x1C, 0xF3, 0x7F, 0x55, 0x36, 0x3E, 0x5D, 0x83, 0x05, 0x56,
    0xD5, 0x7A, 0x1F, 0x59, 0x61, 0x72, 0x1A, 0xB3, 0x78, 0x38, 0xE6, 0xD8, 0x82, 0xFA, 0xC0, 0x8C,
    0xF3, 0x8D, 0x0B, 0x58, 0xF6, 0xF4, 0x21, 0xA7, 0x07, 0x64, 0xAD, 0x11, 0x99, 0xEA, 0x60, 0x79,
    0x66, 0xB4, 0x8A, 0xFA, 0xE1, 0x5E, 0x84, 0x13, 0xED, 0xC6, 0x08, 0x2D, 0x0E, 0x17, 0xA2, 0x30,
    0x5C, 0x55, 0x98, 0x88, 0xBA, 0xD6, 0x31, 0xA8, 0x74, 0xD8, 0x22, 0x70, 0xD3, 0xFC, 0x86, 0xF9,
    0xF6, 0x00, 0x0F, 0x4A, 0xCB, 0xC4, 0xBC, 0x81, 0xF2, 0x98, 0xCD, 0xA4, 0xF4, 0xF7, 0x09, 0x13,
    0x85, 0x60, 0xA3, 0x20, 0xC9, 0x96, 0x60, 0x8C, 0xC8, 0xF4, 0xAD, 0x95, 0x88, 0x8D, 0xC7, 0xCB,
    0x86, 0x27, 0xA9, 0x87, 0xD7, 0x25, 0x28, 0x2F, 0xD0, 0x25, 0x87, 0x9B, 0x8D, 0x98, 0x3B, 0x84,
    0x6C, 0x02, 0x2B, 0x6F, 0x85, 0x9B, 0xA8, 0x8F, 0xEB, 0x0A, 0xC5, 0x6B, 0x83, 0xAC, 0x7C, 0x6D,
    0x54, 0x79, 0x6D, 0x9C, 0x02, 0x36, 0xD8, 0x56, 0x73, 0xC6, 0x5F, 0xE4, 0x63, 0x36, 0x91, 0x5A,
    0xD9, 0x08, 0x8F, 0xC6, 0x3C, 0x03, 0xD4, 0x0C, 0x8F, 0x2C, 0xA1, 0x04, 0x5C, 0xB3, 0x3F, 0x2B,
    0x5B, 0x1B, 0x56, 0xCC, 0xD8, 0x3C, 0x9A, 0x6C, 0x78, 0x83, 0xD4, 0x2A, 0x23, 0xB2, 0xD3, 0x37,
    0xC9, 0x6E, 0xAD, 0x00, 0xF5, 0x51, 0x65, 0x1F, 0x5F, 0x00, 0xBE, 0x7D, 0xDC, 0x6C, 0x38, 0xFD,
    0x89, 0x84, 0xDF, 0x73, 0x79, 0x59, 0xA4, 0xE1, 0x72, 0x93, 0xBE, 0xD0, 0xD2, 0x40, 0x8B, 0x56,
    0x9D, 0x48, 0x13, 0x61, 0x2F, 0x3D, 0x3B, 0xC5, 0x20, 0x4B, 0x9A, 0xB1, 0xDD, 0xDC, 0x43, 0xBE,
    0x08, 0xD6, 0xF6, 0xBD, 0x03, 0x81, 0x58, 0x08, 0x28, 0x56, 0x53, 0x38, 0xA3, 0x50, 0xB8, 0x83,
    0x55, 0xE1, 0x75, 0x3B, 0xC2, 0x97, 0x91, 0xA8, 0xF2, 0x17, 0xEE, 0x40, 0xDC, 0xF2, 0x06, 0x62,
    0xBD, 0x0A, 0x91, 0x1C, 0x1E, 0x39, 0x99, 0x13, 0xB6, 0xF5, 0xA9, 0x79, 0x04, 0x5D, 0x6D, 0x06,
    0x18, 0x85, 0x74, 0xDA, 0x6D, 0x04, 0x15, 0x19, 0x07, 0x2B, 0xEE, 0x28, 0x78, 0xA6, 0x22, 0x03,
    0xCC, 0x22, 0xC0, 0x83, 0x93, 0x3B, 0x28, 0xD0, 0x4C, 0x1A, 0xD7, 0x99, 0xD7, 0xDE, 0x14, 0x97,
    0xFE, 0x74, 0x4B, 0x38, 0x14, 0x07, 0xCB, 0xEB, 0x46, 0xA2, 0x22, 0x95, 0xA8, 0x3A, 0x23, 0xD1,
    0xF4, 0xBA, 0xA2, 0xC3, 0x71, 0x7C, 0x0E, 0xC2, 0x01, 0xE8, 0x3B, 0xB0, 0x90, 0x49, 0xEB, 0x43,
    0xBA, 0x59, 0x2E, 0xA4, 0xBC, 0x00, 0xAD, 0x7B, 0x87, 0x44, 0x8F, 0x96, 0xC8, 0x14, 0xC5, 0xE7,
    0x0C, 0x42, 0xBE, 0x8F, 0x36, 0x02, 0xD4, 0x11, 0x07, 0x68, 0x56, 0x06, 0x01, 0xE0, 0x83, 0x0C,
    0x5C, 0xAC, 0x8B, 0xC5, 0x34, 0x47, 0x80, 0xB1, 0x23, 0x17, 0x0B, 0xC3, 0xC1, 0x6C, 0x45, 0x1A,
    0x89, 0xC0, 0x25, 0x3A, 0xA5, 0x2D, 0x58, 0x71, 0x14, 0x0D, 0xBB, 0x1B, 0x60, 0x2E, 0x41, 0x39,
    0x04, 0xE2, 0x77, 0x9F, 0x25, 0x86, 0x27, 0xE5, 0xD4, 0x99, 0x9F, 0xFD, 0x22, 0x38, 0xF3, 0x9F,
    0x5D, 0xC3, 0x12, 0x01, 0x47, 0x49, 0x53, 0x10, 0x54, 0x29, 0xC6, 0xA6, 0x47, 0x21, 0xFA, 0x32,
    0xE1, 0xA4, 0x7D, 0x47, 0x49, 0xFF, 0x02, 0x96, 0x19, 0x76, 0xE3, 0x13, 0x8A, 0x6C, 0xE1, 0xDF,
    0x57, 0xD2, 0xB1, 0x8F, 0xAC, 0xB1, 0x33, 0x17, 0x0C, 0x46, 0x4A, 0x66, 0x0B, 0xD9, 0x9A, 0x24,
    0xBC, 0x4F, 0x72, 0xFF, 0x2C, 0x81, 0xFA, 0xF3, 0x0A, 0xEE, 0x3E, 0xB6, 0xA5, 0x2B, 0x31, 0x27,
    0x1F, 0x0C, 0xDB, 0xCC, 0xB6, 0x7A, 0x96, 0x86, 0xBD, 0x4A, 0xC3, 0xEE, 0xD0, 0xB0, 0x79, 0xB6,
    0x07, 0xB9, 0xD9, 0x26, 0xAF, 0xEB, 0x1E, 0xF6, 0x9D, 0x5D, 0xBE, 0xFB, 0x3C, 0x12, 0xFD, 0x3D,
    0x8D, 0xFB, 0xCE, 0x2D, 0x7E, 0x0A, 0xC3, 0x14, 0x85, 0x75, 0xB6, 0xA8, 0xC4, 0x74, 0x97, 0xEC,
    0x4E, 0xFE, 0xB3, 0xD9, 0x9B, 0x0A, 0x7D, 0xAD, 0x14, 0x16, 0xB8, 0x89, 0x62, 0x93, 0xA8, 0x3D,
    0x82, 0x27, 0xC9, 0xEE, 0x52, 0xAD, 0xA6, 0xF0, 0x9E, 0x8E, 0x15, 0x2E, 0x5D, 0xCB, 0xBA, 0x99,
    0xAD, 0x92, 0x36, 0x8B, 0xCD, 0x04, 0xFF, 0x59, 0xF8, 0x36, 0x07, 0xC9, 0xF8, 0x37, 0x2C, 0x7C,
    0xE3, 0x80, 0xF1, 0x02, 0x8F, 0xB0, 0xC5, 0x14, 0x8F, 0xB2, 0x94, 0xC8, 0x24, 0x25, 0xCE, 0x7A,
    0x9A, 0x08, 0x99, 0xFE, 0xC6, 0x1C, 0x9B, 0x6F, 0x0C, 0x79, 0xE3, 0xBB, 0x92, 0x36, 0x47, 0x3B,
    0x61, 0xB7, 0xCB, 0xC9, 0x68, 0x97, 0x24, 0xA7, 0x0A, 0xC0, 0x36, 0x73, 0xDE, 0x64, 0xA5, 0x60,
    0x56, 0xC7, 0x19, 0x5E, 0xE1, 0xED, 0x17, 0x89, 0xDC, 0x9F, 0xF4, 0x4A, 0xD2, 0xCE, 0xCD, 0x47,
    0xDD, 0xF4, 0xB2, 0x00, 0x7F, 0x27, 0x8F, 0xBF, 0xC4, 0xF8, 0x71, 0xDB, 0x4A, 0xFB, 0x84, 0xF1,
    0x01, 0x12, 0xA3, 0x26, 0x99, 0x40, 0x6A, 0x0D, 0x2D, 0x95, 0xC9, 0xCA, 0x63, 0xE0, 0x2F, 0x4F,
    0xA3, 0xB7, 0xF0, 0xAD, 0x64, 0x56, 0x47, 0x89, 0x51, 0x93, 0xAC, 0x89, 0xD4, 0x5A, 0x87, 0x5A,
    0x95, 0x26, 0xC7, 0xE4, 0xDE, 0xD4, 0xD6, 0xD3, 0x95, 0x73, 0xA1, 0x30, 0xF7, 0x47, 0x4D, 0xE7,
    0xF0, 0xED, 0x02, 0xFC, 0xDD, 0x7C, 0xF4, 0x17, 0x0B, 0x72, 0x5F, 0xC0, 0x2B, 0xC6, 0x33, 0xAF,
    0x34, 0x39, 0xD1, 0xC5, 0x88, 0xA3, 0xBF, 0x6A, 0xED, 0x19, 0x77, 0x30, 0x35, 0x00, 0x9E, 0x22,
    0xAB, 0x6E, 0x90, 0x6D, 0xAD, 0x00, 0xBE, 0xAA, 0xDC, 0xC6, 0xE9, 0xEC, 0x26, 0xAD, 0x95, 0x1F,
    0x00, 0xBC, 0x61, 0xDF, 0xED, 0x73, 0xF4, 0xBF, 0xB4, 0xF2, 0x02, 0xE5, 0x1B, 0x73, 0x54, 0x55,
    0xC2, 0x8B, 0xEB, 0x03, 0xF8, 0xCD, 0x30, 0xC6, 0x56, 0x35, 0x7E, 0x0E, 0x4F, 0xBB, 0xDD, 0x13,
    0x30, 0xA5, 0x7C, 0xC9, 0x9B, 0xA9, 0xB5, 0x57, 0x4E, 0x8F, 0x6F, 0x6B, 0xA0, 0xD2, 0xAB, 0x0C,
    0x10, 0x00, 0x2A, 0x31, 0x9F, 0x9B, 0xFC, 0x45, 0x56, 0x24, 0xDA, 0xE5, 0xE7, 0x81, 0x93, 0xCE,
    0xEA, 0x77, 0x8E, 0xCC, 0x6A, 0x6C, 0x9E, 0x19, 0xFE, 0x88, 0x6C, 0xF9, 0x26, 0xE0, 0xEC, 0x35,
    0x24, 0xEA, 0xDD, 0xCA, 0x5E, 0xF2, 0xD0, 0x59, 0x2F, 0x0F, 0xFC, 0xF3, 0x69, 0xC6, 0xE7, 0x93,
    0x64, 0x4B, 0x32, 0xAF, 0x9B, 0x92, 0x2B, 0x53, 0x32, 0xDB, 0xD9, 0x29, 0x79, 0x85, 0xC9, 0x73,
    0x86, 0x4C, 0xA5, 0x8D, 0x76, 0xC9, 0x84, 0x96, 0xEC, 0x55, 0x7B, 0xEF, 0xDB, 0xCD, 0xBD, 0xD2,
    0xBD, 0x3A, 0x96, 0xC6, 0xEC, 0x94, 0x38, 0x5D, 0xB3, 0x4A, 0x18, 0x80, 0x59, 0x3E, 0xAA, 0xF0,
    0xBD, 0xFB, 0x80, 0x73, 0xBB, 0x2E, 0x29, 0x41, 0x94, 0x22, 0xB6, 0xA4, 0xC9, 0x5F, 0x98, 0xB2,
    0x28, 0x00, 0x21, 0xA2, 0x42, 0x35, 0x0E, 0x22, 0x9C, 0xDD, 0x4A, 0xDB, 0x6F, 0xBF, 0x28, 0x44,
    0x7F, 0x22, 0x04, 0x60, 0x0B, 0x64, 0x0C, 0xAA, 0x15, 0xF6, 0xA7, 0xBF, 0x73, 0xD4, 0x4F, 0x0B,
    0xB1, 0x20, 0xF9, 0xFF, 0x2E, 0x91, 0x00, 0x2F, 0x79, 0xC6, 0x8B, 0x02, 0xCD, 0x24, 0x7A, 0x64,
    0x3C, 0x57, 0xA2, 0xD9, 0x3C, 0x4F, 0x08, 0x4F, 0x92, 0xBA, 0x33, 0x47, 0x9E, 0x32, 0xCC, 0xB1,
    0x63, 0xA2, 0xBE, 0x26, 0xA6, 0x5F, 0xDD, 0x20, 0xC6, 0x3F, 0xA6, 0xF1, 0x2C, 0x3D, 0x1C, 0x0F,
    0xD7, 0x73, 0x9C, 0xEC, 0x6D, 0x50, 0x3C, 0xBE, 0x95, 0x5D, 0xAE, 0xBF, 0x47, 0xF1, 0x5C, 0x7A,
    0xC3, 0x1A, 0x1F, 0x33, 0x84, 0xA5, 0xE4, 0x37, 0xA8, 0x2C, 0x15, 0x73, 0x1C, 0x8A, 0x29, 0xE3,
    0x2C, 0x2E, 0x79, 0x12, 0x4B, 0xF9, 0xBE, 0x47, 0x39, 0xCF, 0x8A, 0x0E, 0x9A, 0x22, 0xCA, 0x74,
    0x8E, 0xE6, 0xAA, 0x45, 0x2C, 0xAA, 0xCF, 0x36, 0x89, 0xD5, 0x14, 0xDF, 0x92, 0x4D, 0x93, 0x57,
    0xB5, 0x94, 0x2C, 0x6F, 0x5E, 0xD3, 0xBB, 0xC0, 0x4A, 0x55, 0xCE, 0xED, 0xB9, 0xF7, 0x4F, 0x4A,
    0xAC, 0x98, 0x9C, 0xAF, 0x0A, 0x44, 0xB6, 0x31, 0x8C, 0xEC, 0xCB, 0x57, 0x92, 0xE6, 0xBB, 0x7D,
    0xB2, 0x97, 0xAF, 0x91, 0x01, 0x6C, 0x35, 0x47, 0x02, 0x91, 0xD7, 0x25, 0xAB, 0x90, 0xED, 0xF9,
    0x03, 0xB8, 0xFF, 0x0C, 0x14, 0xFC, 0xF3, 0xCD, 0x4D, 0x9C, 0xAB, 0xC4, 0x75, 0xD4, 0xD0, 0x75,
    0xC0, 0x78, 0xEE, 0x10, 0x59, 0x7A, 0x6E, 0x97, 0xC5, 0xF5, 0xB7, 0x6F, 0xAC, 0xD2, 0x54, 0x30,
    0x90, 0x85, 0x45, 0x34, 0x74, 0xD7, 0xB9, 0xED, 0xDC, 0xF4, 0x06, 0x10, 0x2C, 0xAE, 0xA3, 0x61,
    0xDE, 0x3C, 0x25, 0xEF, 0x1E, 0x6D, 0xB6, 0xC5, 0xA3, 0xB6, 0xE3, 0xB1, 0xDE, 0x3D, 0x1A, 0x0C,
    0xB5, 0x78, 0x35, 0x2D, 0xE9, 0x6A, 0xBF, 0x73, 0xDC, 0x77, 0x0F, 0x8A, 0x03, 0xB7, 0x3E, 0x73,
    0xD6, 0xC7, 0x1C, 0xE9, 0xF8, 0x18, 0x0F, 0x93, 0xF5, 0x12, 0xF2, 0x98, 0x4F, 0xA3, 0xF1, 0xF1,
    0x5F, 0x0E, 0x06, 0x5F, 0x96, 0x9C, 0x75, 0x2D, 0xFB, 0x94, 0x9C, 0xE3, 0xDD, 0xBD, 0x54, 0x8A,
    0x6F, 0x16, 0x6B, 0x08, 0x97, 0x63, 0x7D, 0xBC, 0x3B, 0x86, 0x4B, 0x24, 0x49, 0x2A, 0x2F, 0x67,
    0x2D, 0x56, 0x9E, 0x8E, 0xD5, 0x91, 0xCF, 0xDB, 0x11, 0xC5, 0x16, 0x5D, 0x6B, 0x23, 0x02, 0x8E,
    0xA8, 0x6D, 0x71, 0xA8, 0x3F, 0x71, 0xB2, 0xF6, 0x9D, 0xAF, 0xAB, 0x48, 0x4F, 0xDA, 0xE6, 0xFF,
    0xA6, 0x37, 0x49, 0x21, 0xC7, 0xDC, 0x21, 0x50, 0xCA, 0x88, 0x58, 0x8A, 0x58, 0x59, 0xFB, 0xEE,
    0x8D, 0x91, 0xD2, 0x63, 0x49, 0x55, 0x90, 0x1C, 0xDA, 0x91, 0x3E, 0x20, 0x58, 0x55, 0x09, 0x51,
    0x1F, 0x40, 0x6C, 0x2A, 0xAC, 0xA8, 0x2D, 0x2C, 0xCA, 0x19, 0x24, 0xC5, 0x1E, 0x9B, 0x6B, 0x8F,
    0x6D, 0x4C, 0x63, 0xBA, 0x7E, 0x2D, 0xF9, 0xFD, 0x59, 0x92, 0x9F, 0x08, 0x99, 0x28, 0x56, 0xB3,
    0x9A, 0xDA, 0x3D, 0x6B, 0x8C, 0x39, 0xCE, 0xC5, 0xAB, 0x94, 0x9B, 0x5E, 0xE1, 0xF8, 0xB8, 0x5E,
    0xE5, 0xCF, 0xAC, 0x9B, 0xAC, 0x84, 0xE5, 0xF4, 0xA6, 0x79, 0x5E, 0x93, 0x88, 0xCC, 0x4B, 0x30,
    0x86, 0x50, 0x1D, 0x56, 0xEB, 0x40, 0x75, 0x9A, 0x20, 0xCD, 0x50, 0xFD, 0x50, 0xC7, 0x9F, 0xC9,
    0x9A, 0x65, 0xD6, 0x28, 0xBA, 0x60, 0x72, 0xCB, 0xFD, 0x13, 0x96, 0x8E, 0x5B, 0x07, 0x77, 0x23,
    0x66, 0x85, 0xB0, 0x58, 0x35, 0x14, 0xB1, 0x8C, 0xEE, 0x5E, 0x56, 0x11, 0xE5, 0xDE, 0x1A, 0x67,
    0x95, 0xEA, 0x96, 0x74, 0xC6, 0xEA, 0xB4, 0xB3, 0xBE, 0x6B, 0x36, 0x6B, 0xAE, 0x67, 0xE7, 0x0B,
    0x76, 0xFF, 0x02, 0x96, 0x1D, 0x97, 0x73, 0xDD, 0x9E, 0xC7, 0xD9, 0x7C, 0xCE, 0x28, 0x3E, 0x77,
    0x10, 0xC1, 0x1B, 0x00, 0x15, 0xEA, 0x7E, 0x3A, 0x84, 0xB3, 0x5F, 0x97, 0x8D, 0x91, 0xBB, 0x3F,
    0x0F, 0xCC, 0x83, 0x45, 0x34, 0x81, 0x30, 0x67, 0xFA, 0x80, 0x6C, 0x6D, 0x2B, 0xF7, 0xD9, 0x73,
    0x6F, 0xED, 0x0B, 0xB4, 0x3E, 0x6E, 0x0B, 0x50, 0x21, 0x5B, 0x77, 0xF8, 0x5C, 0x77, 0x07, 0xC6,
    0xF6, 0xBC, 0x11, 0x1D, 0xEE, 0x7E, 0x04, 0xFF, 0xAB, 0xE7, 0xCE, 0xE1, 0x9C, 0xB7, 0xE7, 0x4B,
    0x40, 0xFE, 0xDF, 0x29, 0xEC, 0xF0, 0x86, 0xF4, 0x7B, 0x73, 0xA3, 0x80, 0xDA, 0x2C, 0xAE, 0xE7,
    0x36, 0xE9, 0x7A, 0x36, 0xB5, 0x2E, 0x0D, 0x99, 0x95, 0x2E, 0xDB, 0xBE, 0x59, 0xB6, 0xAE, 0xE4,
    0xA1, 0xA2, 0x6E, 0x96, 0x16, 0x3F, 0x64, 0x9C, 0xDB, 0x4F, 0x49, 0xAF, 0xEB, 0x0E, 0xBC, 0xAE,
    0x37, 0xE0, 0x3A, 0x7F, 0x96, 0xBE, 0x6D, 0xDA, 0x0F, 0xDF, 0xD9, 0xB3, 0x57, 0x44, 0xD4, 0x38,
    0xE0, 0xBA, 0xAD, 0x27, 0xCD, 0x9B, 0xA2, 0xF8, 0x6D, 0xC3, 0x09, 0x0C, 0x55, 0xAA, 0x27, 0x77,
    0x59, 0x59, 0xFB, 0xCE, 0x25, 0x11, 0xEA, 0xFB, 0x22, 0x04, 0x58, 0xE6, 0x44, 0x06, 0xC2, 0x02,
    0xD5, 0x6C, 0x96, 0x51, 0xFD, 0xC0, 0x6A, 0x8F, 0xB5, 0x08, 0xAF, 0xBF, 0x91, 0xF0, 0x5C, 0x29,
    0x42, 0x4F, 0xCE, 0x93, 0x80, 0x54, 0x7C, 0xFF, 0x9B, 0x2D, 0x5A, 0x93, 0x8F, 0xE0, 0xDC, 0x79,
    0x91, 0x62, 0x9A, 0x30, 0x63, 0xE9, 0x48, 0x4C, 0x15, 0xAA, 0x57, 0x24, 0x50, 0x01, 0xC9, 0xBC,
    0x25, 0x0A, 0x59, 0xB3, 0x57, 0x1E, 0xC4, 0xD4, 0xA7, 0x98, 0xDE, 0x64, 0xDE, 0xE2, 0x2A, 0xA8,
    0x18, 0x46, 0x68, 0xC9, 0x5C, 0x15, 0x12, 0x4B, 0xC5, 0x9C, 0x34, 0x57, 0xE3, 0x69, 0x5C, 0xAB,
    0xD4, 0x87, 0x95, 0xF5, 0xB5, 0x39, 0xE9, 0xDA, 0x0A, 0xC3, 0x11, 0x9A, 0xD4, 0xD7, 0xA8, 0x45,
    0xBC, 0x5C, 0xFB, 0xD3, 0xC3, 0x66, 0x78, 0xBD, 0xD7, 0x24, 0xDE, 0x7C, 0x08, 0x77, 0xC0, 0x02,
    0x3C, 0x05, 0x54, 0x37, 0x81, 0xDD, 0xBA, 0xAC, 0xD3, 0x36, 0x38, 0x41, 0x41, 0x03, 0x78, 0xA6,
    0x6C, 0x0E, 0x79, 0x7C, 0x93, 0x64, 0x7C, 0x21, 0xDA, 0x0E, 0xA0, 0x3C, 0x09, 0x55, 0x91, 0x6E,
    0x5C, 0x1D, 0x54, 0x36, 0x97, 0xD5, 0xCA, 0xE9, 0x5B, 0x9B, 0x1B, 0x15, 0x75, 0x1A, 0x49, 0x29,
    0x9F, 0xC3, 0x85, 0x34, 0xF7, 0x2C, 0xFA, 0xDD, 0x6D, 0x2D, 0xBD, 0x91, 0x13, 0x4F, 0xC7, 0x06,
    0x84, 0x5C, 0xA7, 0xCF, 0xBA, 0xF9, 0x6B, 0xA9, 0x5D, 0xB2, 0x87, 0xCC, 0xF5, 0xF2, 0x60, 0x2F,
    0xE8, 0x91, 0x39, 0xC2, 0x6D, 0xC9, 0xA2, 0xFE, 0xBC, 0x87, 0x1C, 0x12, 0x78, 0x2F, 0x8E, 0xE8,
    0x5A, 0xEA, 0x3E, 0xDE, 0xB5, 0x64, 0xB1, 0xD6, 0x72, 0xC7, 0x10, 0x29, 0x3B, 0x82, 0x7A, 0xD3,
    0xB8, 0x51, 0x7E, 0x8D, 0x74, 0xAC, 0x71, 0x58, 0x75, 0x69, 0x8E, 0xEB, 0x63, 0x5C, 0x23, 0x36,
    0xCB, 0xC4, 0xD4, 0x65, 0x9E, 0x39, 0x16, 0xCB, 0x8F, 0xEB, 0x9E, 0x7D, 0x3D, 0xDA, 0x47, 0xB6,
    0x23, 0x13, 0x4E, 0x1B, 0xD1, 0x49, 0xA0, 0xE3, 0xA7, 0xE3, 0xA3, 0xBE, 0xF9, 0x7A, 0x7A, 0xC8,
    0xA4, 0xC7, 0xEB, 0xDA, 0x96, 0x39, 0x59, 0x8B, 0x9A, 0xCE, 0x55, 0x81, 0x96, 0x56, 0x05, 0xC7,
    0xAB, 0x47, 0xB6, 0xE7, 0x29, 0x78, 0x7F, 0xA9, 0x6E, 0xA0, 0x5E, 0xDD, 0x5A, 0x81, 0x70, 0x79,
    0xAD, 0x98, 0xB2, 0xDE, 0x2E, 0x1B, 0xB2, 0xD3, 0xCB, 0x0F, 0x79, 0x1D, 0x74, 0x94, 0x56, 0x8E,
    0x1E, 0xAF, 0x0C, 0xC3, 0xFF, 0x00, 0xAD, 0x98, 0x01, 0x84, 0x24, 0xD9, 0x19, 0xC7, 0x7F, 0x55,
    0xDD, 0x75, 0x9D, 0xDD, 0x76, 0xD5, 0x83, 0xEB, 0xD8, 0x4B, 0x26, 0x3B, 0x41, 0x82, 0xAC, 0xBA,
    0xED, 0x00, 0x1A, 0xB3, 0xE9, 0x4A, 0x12, 0x00, 0x63, 0xC4, 0xD4, 0x8A, 0xC5, 0xEE, 0x20, 0x60,
    0x5C, 0xB2, 0x87, 0xC5, 0x61, 0x65, 0x1A, 0x80, 0xB0, 0x1A, 0x02, 0x20, 0x83, 0x5B, 0x6E, 0xF7,
    0x24, 0xD3, 0xC8, 0x11, 0xE7, 0x72, 0x33, 0x6C, 0x20, 0xC2, 0xA5, 0x25, 0x00, 0xF0, 0xC2, 0x0E,
    0x49, 0x20, 0x8D, 0xDE, 0x98, 0xAC, 0x9E, 0x7E, 0x79, 0x5F, 0x7C, 0x79, 0xBA, 0x6A, 0xAA, 0x4B,
    0x4D, 0xE7, 0xBE, 0xF6, 0xFD, 0xBD, 0xAF, 0xA7, 0xDE, 0x7F, 0xBE, 0xF7, 0xBD, 0xEF, 0xBD, 0xEF,
    0xEB, 0x02, 0x36, 0x52, 0x18, 0x1B, 0xD1, 0x86, 0x9D, 0x9A, 0xE2, 0x38, 0x1A, 0x8E, 0xAD, 0x1D,
    0x8E, 0x01, 0x51, 0x3A, 0xD6, 0x4E, 0x75, 0x3C, 0xEE, 0xB9, 0x71, 0x94, 0xA2, 0x7F, 0x63, 0x1F,
    0x44, 0x6E, 0x24, 0x1B, 0x24, 0xC9, 0x18, 0xD5, 0xAD, 0xB9, 0x8E, 0x4B, 0xEC, 0x28, 0x49, 0x4E,
    0x6C, 0x92, 0x74, 0xD3, 0x24, 0x81, 0x65, 0x45, 0x74, 0x03, 0x92, 0xFE, 0xC4, 0xA9, 0xB9, 0xFE,
    0x69, 0xDF, 0x74, 0xE6, 0x7D, 0x23, 0xE3, 0xE8, 0xDD, 0xBE, 0xD9, 0xD2, 0x71, 0x37, 0xE9, 0xDB,
    0x45, 0xD2, 0x97, 0xE7, 0x02, 0xA7, 0x8D, 0xF4, 0x86, 0x53, 0xF0, 0x6A, 0xED, 0x3C, 0xC8, 0xB2,
    0xDD, 0x18, 0xA0, 0x12, 0x64, 0x59, 0x33, 0x08, 0x4F, 0x29, 0x05, 0xEB, 0x64, 0x08, 0x08, 0xAD,
    0xC0, 0xB0, 0x04, 0xAC, 0xBD, 0x00, 0xA6, 0x2C, 0xC1, 0x89, 0x9B, 0x26, 0x14, 0x2A, 0x2D, 0xE7,
    0x0E, 0xC0, 0x66, 0x09, 0xDC, 0x50, 0xE6, 0x12, 0x50, 0x66, 0x83, 0x87, 0xCB, 0xCC, 0x69, 0x09,
    0xC8, 0x34, 0xB7, 0xFA, 0xBD, 0xEA, 0x47, 0x8A, 0xA4, 0xDD, 0x2C, 0xCB, 0xD2, 0x9C, 0xBB, 0x89,
    0xC0, 0x26, 0x62, 0xEA, 0x34, 0xFD, 0xAB, 0x05, 0x91, 0xA0, 0x82, 0x7E, 0xBE, 0xDA, 0xF1, 0x8E,
    0x1D, 0xCC, 0xA1, 0xDD, 0xDF, 0x84, 0x96, 0x83, 0xB6, 0x15, 0xC0, 0x83, 0x3D, 0x99, 0x23, 0x52,
    0x1D, 0x97, 0x8A, 0x90, 0xA8, 0xBB, 0x89, 0xC0, 0xE6, 0x32, 0xE8, 0xB2, 0x20, 0xBC, 0x32, 0x73,
    0xA8, 0x1B, 0x95, 0x28, 0x08, 0x55, 0xC1, 0xBC, 0x82, 0xCF, 0x25, 0x59, 0x72, 0xA4, 0xDF, 0x11,
    0x08, 0xB4, 0x3E, 0x05, 0x6E, 0x77, 0x52, 0xDA, 0xB3, 0xF0, 0xDF, 0x5C, 0x4F, 0x79, 0xBB, 0x36,
    0x73, 0x37, 0x7B, 0x95, 0xA5, 0x4B, 0xCC, 0x0F, 0xED, 0x90, 0xF0, 0x65, 0x34, 0xD3, 0x90, 0x08,
    0x34, 0x26, 0xC1, 0x6F, 0xE1, 0xD0, 0x8E, 0xFC, 0x36, 0xD6, 0xCF, 0xEC, 0xC3, 0x62, 0xB0, 0xE5,
    0x91, 0x44, 0x1E, 0xCF, 0x43, 0xDB, 0xDA, 0x05, 0x2A, 0x57, 0x0B, 0xB6, 0x9A, 0x51, 0xF6, 0x6A,
    0x8F, 0x8E, 0xB2, 0xE8, 0x3A, 0x82, 0x97, 0xC1, 0x54, 0x8E, 0xE5, 0x23, 0x82, 0x99, 0x1B, 0xD1,
    0xB3, 0x43, 0x54, 0x48, 0x68, 0x0A, 0xC4, 0xAB, 0xA0, 0x63, 0xE7, 0xB7, 0x8F, 0xA2, 0x07, 0x7B,
    0xB7, 0x8F, 0x9C, 0x9D, 0xE0, 0x81, 0x5B, 0xC7, 0x36, 0x61, 0xF0, 0xFA, 0x69, 0x02, 0x50, 0x06,
    0x37, 0x88, 0xAA, 0x48, 0x47, 0xD7, 0x3F, 0xFB, 0xA0, 0x37, 0x21, 0x21, 0x41, 0x80, 0x83, 0x13,
    0xEB, 0x48, 0x9F, 0xED, 0x2A, 0x41, 0x38, 0x14, 0x28, 0xDC, 0x2C, 0xB2, 0x2C, 0xF4, 0x84, 0x36,
    0xB9, 0x56, 0xCE, 0xDC, 0x33, 0x4A, 0x1A, 0x25, 0x2E, 0xEC, 0x8B, 0x84, 0xAE, 0x3A, 0x84, 0x26,
    0x9C, 0x77, 0x52, 0xCC, 0xDC, 0xBE, 0x2D, 0xC5, 0x7E, 0x9B, 0xF8, 0x12, 0xDC, 0x49, 0x1D, 0xFD,
    0xC0, 0xF0, 0x8E, 0x33, 0xD9, 0x74, 0xD0, 0x3D, 0xB6, 0xDB, 0x0C, 0xEC, 0x53, 0x67, 0x42, 0x1F,
    0x36, 0x48, 0xA1, 0x2F, 0xBE, 0x3E, 0x0E, 0x27, 0x30, 0x6F, 0x4C, 0x09, 0xFF, 0x14, 0xF7, 0xD9,
    0xFA, 0xFE, 0x7C, 0x2B, 0xFD, 0x12, 0xE3, 0x10, 0x95, 0x38, 0x70, 0xDA, 0x2E, 0x53, 0xBB, 0x88,
    0xA3, 0x07, 0x59, 0x4C, 0x1B, 0xAF, 0x2E, 0xD2, 0x9F, 0xF7, 0xFE, 0xF1, 0x34, 0x06, 0x8A, 0xDA,
    0x04, 0xE4, 0xA1, 0x32, 0xB0, 0x17, 0x31, 0x6E, 0xE3, 0x62, 0x31, 0x14, 0x06, 0xD6, 0x3E, 0xE1,
    0x5B, 0x59, 0xAA, 0xD7, 0x38, 0x13, 0x04, 0x60, 0x19, 0xAC, 0xB5, 0x12, 0xE3, 0x0C, 0xA1, 0xE7,
    0x8D, 0x55, 0xCC, 0x4A, 0x1A, 0xED, 0x08, 0xE9, 0x0E, 0xDD, 0x54, 0x4C, 0x91, 0x40, 0xA3, 0x28,
    0xA6, 0x03, 0x31, 0x09, 0x26, 0xA0, 0x20, 0xF4, 0x2A, 0x25, 0xAB, 0x17, 0x66, 0xFD, 0xB8, 0x55,
    0x3F, 0x19, 0x58, 0x5D, 0xB5, 0xF2, 0x3A, 0x8A, 0xD8, 0xAB, 0x10, 0xAB, 0x44, 0x45, 0x9E, 0xE7,
    0x1F, 0xC6, 0x2D, 0xE5, 0x12, 0x1F, 0xC5, 0x45, 0x59, 0x36, 0x43, 0x22, 0x64, 0xD1, 0xC6, 0xA9,
    0xCC, 0x97, 0xB1, 0xA8, 0xE7, 0xE2, 0x5A, 0xF9, 0x92, 0xB3, 0xBD, 0xDC, 0xBA, 0x05, 0xBA, 0x0F,
    0x0E, 0x64, 0xF1, 0x7F, 0xF7, 0x35, 0xB1, 0x2F, 0xB0, 0x0D, 0x70, 0x01, 0x34, 0xFE, 0x98, 0xC2,
    0xC3, 0x70, 0x46, 0x63, 0x46, 0x2F, 0x45, 0xE4, 0xCD, 0xBA, 0x65, 0xF5, 0x37, 0x1D, 0xE0, 0xBD,
    0xB8, 0x08, 0x4B, 0x65, 0x95, 0x95, 0x97, 0xCF, 0x2F, 0xB2, 0x3D, 0x1A, 0x25, 0xD7, 0x4B, 0xED,
    0xDA, 0x2A, 0x50, 0x7D, 0x6B, 0xB2, 0x2D, 0xA4, 0x1E, 0xBE, 0xC0, 0xDA, 0xEA, 0x49, 0xD7, 0xAD,
    0xAD, 0x61, 0x3D, 0xC7, 0xD7, 0x2E, 0x51, 0xF5, 0x43, 0xB2, 0x7E, 0x89, 0xAA, 0x66, 0xAE, 0x2E,
    0x51, 0x26, 0x57, 0xA2, 0x9A, 0x35, 0x72, 0xCD, 0x4B, 0xE6, 0x44, 0x33, 0xAC, 0xA1, 0x57, 0x6E,
    0x39, 0x04, 0x43, 0xC9, 0xB5, 0xEA, 0xE2, 0xA7, 0xA2, 0xEE, 0xE6, 0x6A, 0xE1, 0xFF, 0xD9, 0xD6,
    0xC1, 0x6A, 0xFA, 0x56, 0x2A, 0x90, 0x1E, 0x95, 0xA6, 0x5E, 0x29, 0x69, 0x85, 0xCF, 0x06, 0x3C,
    0x68, 0xC2, 0x01, 0x1E, 0x94, 0xB9, 0x46, 0xDE, 0xAF, 0x60, 0xAE, 0x9F, 0xD4, 0xD5, 0x21, 0xA9,
    0xA6, 0x5F, 0xBF, 0xA3, 0x2B, 0x67, 0x0E, 0x53, 0x23, 0x7B, 0x34, 0xAA, 0x3E, 0x2E, 0x10, 0x09,
    0x74, 0xCA, 0x20, 0x97, 0x75, 0x9A, 0x70, 0x3E, 0xB9, 0x20, 0x05, 0xC9, 0x3F, 0x85, 0xF6, 0x14,
    0x78, 0x7C, 0x07, 0xBE, 0x6A, 0xDA, 0x7F, 0xE3, 0x6D, 0xF8, 0xF1, 0x7A, 0xD1, 0xA8, 0xD5, 0xD1,
    0x95, 0x96, 0x12, 0xD1, 0xE7, 0xCF, 0xE2, 0x37, 0x5C, 0x49, 0x01, 0x9C, 0x66, 0xFF, 0x2D, 0x27,
    0xF8, 0x42, 0xD5, 0x59, 0x08, 0xE6, 0x3E, 0x5A, 0x9C, 0x57, 0x54, 0x91, 0xB9, 0x1E, 0xC1, 0xEE,
    0xC1, 0xF1, 0x0E, 0x87, 0x0B, 0x29, 0x71, 0x9B, 0xD1, 0x7D, 0x07, 0xD7, 0x7F, 0xED, 0x80, 0x58,
    0x66, 0xA6, 0x90, 0x60, 0xE0, 0x4E, 0x20, 0x0D, 0x6F, 0xE3, 0x9C, 0xF0, 0x2F, 0x3F, 0xBF, 0x49,
    0xE7, 0xBB, 0x17, 0xAD, 0xD3, 0x26, 0x5F, 0x27, 0x45, 0x8B, 0xED, 0x8B, 0x61, 0x4C, 0x78, 0x09,
    0x3A, 0xF6, 0xCF, 0x2F, 0x86, 0x51, 0xF6, 0xBD, 0x17, 0x43, 0xC4, 0xFC, 0xCA, 0x47, 0xFF, 0x7A,
    0x31, 0x1C, 0xBC, 0xFE, 0xA1, 0x33, 0x1F, 0x85, 0x02, 0x56, 0xE0, 0xAE, 0x37, 0x3D, 0x38, 0x3E,
    0x7F, 0x90, 0xA1, 0x34, 0x12, 0x1F, 0xFA, 0x48, 0x88, 0xF6, 0x5C, 0x43, 0x71, 0xEB, 0xD8, 0xAD,
    0x6A, 0xD5, 0x07, 0x44, 0xAF, 0x11, 0xAC, 0x6C, 0x53, 0x34, 0x1C, 0x0A, 0x87, 0x8E, 0x90, 0x5B,
    0xF7, 0xD3, 0xE5, 0x42, 0x1B, 0xFE, 0x41, 0xA0, 0x70, 0x11, 0x55, 0xB7, 0x29, 0x45, 0xE6, 0xAE,
    0xB6, 0x29, 0x28, 0x69, 0x93, 0x30, 0xDF, 0xA6, 0x88, 0x49, 0x38, 0xC9, 0xD3, 0xAB, 0x08, 0x7B,
    0x21, 0x0A, 0x1F, 0xC4, 0x2D, 0x7B, 0x2E, 0x53, 0xE3, 0x6E, 0xF6, 0xD1, 0x13, 0x69, 0x02, 0xF0,
    0x1F, 0x6D, 0x55, 0x4E, 0x89, 0x55, 0x97, 0x5B, 0x95, 0xA8, 0xC8, 0x25, 0x5E, 0x06, 0x92, 0x17,
    0x10, 0x4B, 0x7B, 0xF6, 0xCD, 0xFB, 0xCA, 0xB2, 0x43, 0x33, 0xFC, 0x3D, 0x71, 0xE8, 0xE6, 0x8B,
    0x73, 0xE1, 0xA9, 0x8E, 0x95, 0x2B, 0x10, 0xA8, 0x7B, 0xA3, 0x89, 0xE8, 0x4F, 0x10, 0xE9, 0x4E,
    0x57, 0xC3, 0x37, 0x82, 0x21, 0x61, 0x7A, 0x95, 0xAB, 0x7D, 0x5B, 0x8E, 0xA9, 0x87, 0x76, 0xE5,
    0xD5, 0x7E, 0xB5, 0x6B, 0xB2, 0x2F, 0xA4, 0x02, 0xF5, 0x7F, 0x57, 0x5F, 0xB9, 0x72, 0xF4, 0x65,
    0x61, 0x02, 0x4A, 0x2A, 0xF4, 0xE4, 0x41, 0xFE, 0xB0, 0x2E, 0x7D, 0xE2, 0x18, 0x83, 0xA4, 0xF5,
    0x03, 0x5A, 0x3F, 0x0A, 0xF5, 0xCA, 0xC9, 0x5D, 0xCA, 0x6A, 0xFA, 0xEA, 0x54, 0xFF, 0x5A, 0x7B,
    0x24, 0xBB, 0x25, 0xC0, 0xA1, 0xB3, 0x2A, 0xAF, 0xB5, 0xFA, 0x6D, 0x67, 0xB9, 0xD4, 0x7F, 0x9B,
    0x53, 0x74, 0x52, 0xA5, 0x7E, 0xC7, 0x59, 0x9D, 0x1B, 0xE5, 0xF4, 0xE5, 0xD3, 0xD6, 0x2F, 0xCE,
    0x2A, 0x75, 0xB3, 0xAE, 0xA2, 0x42, 0x2B, 0x81, 0x4A, 0xA1, 0xA1, 0x6D, 0xDB, 0x5F, 0xCE, 0x25,
    0x76, 0x89, 0xC0, 0xA6, 0x33, 0x05, 0x40, 0x60, 0x43, 0xCC, 0xE9, 0xA6, 0x36, 0x70, 0x55, 0x59,
    0x57, 0x45, 0xFF, 0xF0, 0x02, 0x5A, 0xEF, 0xBE, 0x89, 0x80, 0x33, 0x05, 0x48, 0xFE, 0x07, 0xF6,
    0x9F, 0x17, 0x6B, 0xB5, 0x16, 0x2A, 0x5F, 0x6C, 0x6B, 0xB1, 0x7E, 0x27, 0x5E, 0xDF, 0xE7, 0xDD,
    0x5C, 0x13, 0xEE, 0xEA, 0x29, 0x6C, 0xDD, 0x74, 0xD6, 0xBC, 0xF1, 0x92, 0xCE, 0x88, 0x9F, 0xAD,
    0xCF, 0xEC, 0x3B, 0xF1, 0xB3, 0xAA, 0x33, 0x58, 0x15, 0x8D, 0xF9, 0x6A, 0x66, 0xB9, 0x4F, 0xD5,
    0xE7, 0x70, 0x26, 0xF6, 0x4F, 0x80, 0xDF, 0xB5, 0x27, 0x74, 0x26, 0xC1, 0x67, 0x34, 0xA1, 0x49,
    0x50, 0xEB, 0x48, 0xAE, 0xFD, 0x06, 0x0A, 0xE2, 0x56, 0x59, 0x23, 0xE0, 0x4A, 0x96, 0xBC, 0xAB,
    0x00, 0xBC, 0x6A, 0x09, 0xFB, 0xDC, 0xBD, 0xC4, 0x29, 0x7F, 0x57, 0x11, 0x54, 0xBE, 0xAB, 0xD0,
    0x2A, 0x88, 0x83, 0xE8, 0x9E, 0xD4, 0xEB, 0xD7, 0x3B, 0x6A, 0x96, 0xBD, 0xAB, 0x30, 0x57, 0x78,
    0x57, 0xA1, 0x2C, 0x41, 0xAC, 0xEF, 0x2A, 0xF6, 0xD6, 0x78, 0x57, 0x21, 0x62, 0x46, 0x4E, 0x4D,
    0x0D, 0xFD, 0xEB, 0xDD, 0xA9, 0xB1, 0x76, 0x64, 0x52, 0x30, 0x5C, 0xD6, 0xD1, 0x4A, 0x9E, 0x68,
    0xEC, 0xE6, 0x19, 0x93, 0xE1, 0x9F, 0xA5, 0xE7, 0xBE, 0x88, 0xB2, 0xAC, 0x94, 0x07, 0x91, 0x2A,
    0x5F, 0xBE, 0x2C, 0x7C, 0x47, 0xDE, 0x8F, 0x6B, 0x4E, 0x63, 0x10, 0x45, 0x55, 0xAE, 0xFE, 0xA9,
    0xE3, 0xDF, 0x05, 0x58, 0xE5, 0xD7, 0xD9, 0x3D, 0xB7, 0x9E, 0xC5, 0xC8, 0xFB, 0xE4, 0xE6, 0x78,
    0x3F, 0x64, 0xAC, 0x5C, 0xB9, 0x32, 0x92, 0x56, 0xF8, 0xB4, 0xCC, 0x35, 0x98, 0x3B, 0xAE, 0x64,
    0x22, 0x6A, 0x06, 0xF3, 0x89, 0xD9, 0xC6, 0x69, 0xD3, 0x8D, 0x2F, 0xAC, 0x41, 0xA9, 0x56, 0x72,
    0xB1, 0x6F, 0x9C, 0xFB, 0xE6, 0xF9, 0x1E, 0x9E, 0x4F, 0xFD, 0xC9, 0xA9, 0xFA, 0x2B, 0x32, 0xAA,
    0xBB, 0xC6, 0xC2, 0xFC, 0x32, 0xAE, 0x0D, 0x60, 0x6C, 0x56, 0xE8, 0xD9, 0xBD, 0xD9, 0xD8, 0xF1,
    0x8D, 0xE5, 0x19, 0xC2, 0x74, 0x4C, 0xE3, 0x74, 0x4C, 0xEB, 0x14, 0x3A, 0x06, 0xDE, 0x79, 0x9F,
    0x60, 0xD6, 0x4B, 0x7B, 0xC3, 0xD6, 0xF9, 0x5B, 0xF0, 0x96, 0xDF, 0xC7, 0x7A, 0xBE, 0x8D, 0x02,
    0xBB, 0xA0, 0x33, 0x6C, 0x9D, 0x7E, 0x0D, 0x8C, 0xA8, 0x8C, 0xE5, 0x3B, 0x95, 0xFD, 0x74, 0x95,
    0x4F, 0x77, 0xCF, 0xBD, 0x4F, 0xA8, 0xC8, 0xFE, 0x33, 0x8E, 0x59, 0xD6, 0xAD, 0x42, 0x3B, 0x60,
    0xE8, 0x66, 0xA9, 0xE1, 0xC4, 0x9E, 0x1A, 0x99, 0x58, 0x06, 0x76, 0xE8, 0xE0, 0x2C, 0xF7, 0xDD,
    0xAE, 0xCC, 0x98, 0x19, 0x32, 0xD9, 0x1D, 0x28, 0x85, 0x54, 0x40, 0x9E, 0x4B, 0x8B, 0x7C, 0xE9,
    0x12, 0x5F, 0xB0, 0x2F, 0x8F, 0x18, 0x3F, 0x0D, 0xC4, 0x45, 0x35, 0xAB, 0x98, 0xAB, 0xE9, 0xD5,
    0xFC, 0xD8, 0x45, 0x97, 0x13, 0x17, 0x5E, 0x9D, 0xEB, 0xB3, 0x92, 0x84, 0x15, 0x70, 0x83, 0xD1,
    0x52, 0x70, 0x0E, 0x9E, 0x3B, 0xFA, 0x4F, 0x1C, 0x94, 0xFC, 0x8F, 0x57, 0x8C, 0xD9, 0x10, 0x0F,
    0xA6, 0xEE, 0xB9, 0x4C, 0xFD, 0xE3, 0x0D, 0x81, 0xB6, 0x02, 0xCB, 0x60, 0xED, 0x39, 0x81, 0x1E,
    0x47, 0x96, 0xBC, 0xFF, 0x38, 0x2B, 0x63, 0x2E, 0xF7, 0x5E, 0x58, 0xA6, 0x05, 0x66, 0x85, 0xDC,
    0xC6, 0x96, 0x04, 0xE7, 0x2C, 0x17, 0x9C, 0x7D, 0x75, 0xBC, 0x9B, 0xA2, 0xCC, 0x9D, 0x7C, 0xD8,
    0xC5, 0xCC, 0xFF, 0xB6, 0x3F, 0x47, 0xA4, 0x56, 0xEC, 0x83, 0xCB, 0xF4, 0xBD, 0x85, 0xD0, 0xC7,
    0x28, 0xF4, 0x16, 0x0E, 0x12, 0x50, 0xE8, 0xD9, 0x61, 0xF5, 0xD6, 0x9E, 0x95, 0xD3, 0x17, 0x77,
    0xD5, 0x08, 0x4C, 0x8C, 0x33, 0x1D, 0x6C, 0xA3, 0x80, 0xBF, 0x71, 0x6A, 0xD1, 0xB3, 0x51, 0xA0,
    0x4F, 0x85, 0x4F, 0x99, 0x49, 0xAC, 0xD0, 0x9F, 0x95, 0xD2, 0xAF, 0xDA, 0xDA, 0xA9, 0x9E, 0x23,
    0xBF, 0xB5, 0x9F, 0x1C, 0xCF, 0x0C, 0x07, 0xCF, 0x52, 0x03, 0xB4, 0xC4, 0xFB, 0x36, 0x74, 0x7F,
    0x6A, 0xE7, 0x90, 0x20, 0xE6, 0x60, 0x42, 0x1F, 0xF3, 0x9E, 0x83, 0xC9, 0xB7, 0xF9, 0xCE, 0xAF,
    0xC6, 0x63, 0x7A, 0xCF, 0x7A, 0xFA, 0x12, 0xA5, 0x2A, 0x73, 0x5E, 0x57, 0x66, 0x8E, 0x26, 0x66,
    0x11, 0xEC, 0x92, 0xF7, 0x23, 0xB2, 0xAC, 0x18, 0x9C, 0x57, 0x9E, 0xDE, 0x9F, 0x7D, 0x09, 0xCE,
    0x9E, 0x32, 0x73, 0x1D, 0x26, 0x74, 0xC0, 0x28, 0x08, 0x5F, 0xC1, 0xAC, 0x7B, 0xA2, 0x34, 0x38,
    0x53, 0x1F, 0x1C, 0x1C, 0x84, 0xA7, 0x46, 0x00, 0x68, 0x18, 0xA0, 0xF3, 0x08, 0x78, 0x7C, 0x1B,
    0xDA, 0xA6, 0xF5, 0x92, 0x9B, 0xF0, 0x3E, 0xFF, 0x01, 0xA5, 0x58, 0x01, 0x84, 0x24, 0xE9, 0x15,
    0xFE, 0xAA, 0x6B, 0x7A, 0x2A, 0x73, 0x65, 0xAA, 0x16, 0x37, 0x9B, 0x49, 0x6E, 0x6E, 0x06, 0x82,
    0x58, 0x35, 0xD3, 0x10, 0x4C, 0xD8, 0xBD, 0xAE, 0x64, 0x09, 0x2C, 0xA3, 0xC9, 0xF4, 0x85, 0xCD,
    0xB9, 0x2C, 0x01, 0x99, 0xDB, 0x64, 0x17, 0x87, 0xC5, 0x26, 0x53, 0xB1, 0x80, 0xE1, 0xD2, 0x9C,
    0x05, 0x20, 0x64, 0x97, 0xBB, 0x5E, 0xB9, 0xAD, 0x70, 0xCB, 0x98, 0xAC, 0xED, 0xE6, 0x10, 0x71,
    0x9C, 0xE6, 0x02, 0x80, 0x8A, 0xDB, 0xC3, 0xC5, 0x71, 0x4D, 0xFA, 0x98, 0x1D, 0x33, 0xFD, 0xE7,
    0x7B, 0xFE, 0xF9, 0x67, 0xDE, 0x6C, 0xD7, 0xF6, 0xF4, 0x4E, 0xDE, 0x78, 0xDF, 0xFC, 0x7F, 0xBD,
    0xFF, 0xFF, 0xBC, 0xF7, 0xFE, 0xFA, 0xDF, 0x2B, 0x0D, 0x20, 0xA5, 0xA2, 0x40, 0xC7, 0xA4, 0x05,
    0x72, 0xE0, 0x18, 0x4C, 0x46, 0xF8, 0x36, 0x95, 0x29, 0x1E, 0x6D, 0xF4, 0xB9, 0x64, 0xD8, 0x28,
    0xEC, 0x62, 0xA4, 0x9E, 0xFC, 0x0F, 0x0F, 0xC1, 0xEB, 0xC7, 0x29, 0xFC, 0x8F, 0x17, 0xBB, 0x88,
    0x97, 0x6F, 0x0D, 0x70, 0x3B, 0x2C, 0x56, 0x70, 0xCE, 0x4B, 0xA7, 0x30, 0x96, 0x5E, 0x98, 0xBF,
    0x3C, 0x9C, 0x56, 0x73, 0x59, 0x52, 0x38, 0x7A, 0xA0, 0x05, 0xAF, 0x33, 0x04, 0x82, 0x56, 0xD0,
    0x45, 0x04, 0x14, 0x16, 0x64, 0x6A, 0x0D, 0x22, 0xA7, 0xD3, 0xCB, 0xE8, 0x9C, 0x58, 0xE9, 0xFD,
    0x1C, 0x70, 0x4C, 0x0F, 0xC4, 0xC6, 0xF4, 0x01, 0xBF, 0x0B, 0x20, 0xE8, 0x11, 0x16, 0x3F, 0x06,
    0xBC, 0xED, 0x5A, 0x8A, 0xA5, 0x56, 0x30, 0x00, 0x5D, 0x3F, 0x07, 0x91, 0x53, 0xBD, 0x6F, 0x88,
    0x75, 0x40, 0xFA, 0x75, 0x61, 0xF6, 0x32, 0x42, 0xA5, 0x7B, 0x44, 0x2F, 0xCC, 0x41, 0x21, 0xF4,
    0xB7, 0x68, 0x1C, 0x2C, 0x65, 0x58, 0xCA, 0x2A, 0x03, 0x38, 0x69, 0x61, 0xA3, 0x4D, 0xE6, 0x9D,
    0xB6, 0xA2, 0xDF, 0x4B, 0x5D, 0xEE, 0x69, 0x78, 0x40, 0xC7, 0x37, 0xC5, 0x0A, 0x10, 0x1C, 0xF3,
    0x00, 0xD5, 0x66, 0xB3, 0x01, 0xDC, 0x78, 0x06, 0x78, 0x4F, 0x5F, 0x4B, 0x19, 0x86, 0xDF, 0xB5,
    0x20, 0x53, 0x6B, 0xB0, 0x32, 0x9F, 0x00, 0x0B, 0xC9, 0xE6, 0xFE, 0x42, 0xF2, 0x68, 0x7D, 0x21,
    0xC9, 0xA1, 0x75, 0x69, 0x3F, 0xC7, 0xE2, 0x63, 0xFD, 0xAC, 0x63, 0xDE, 0x4A, 0x7E, 0xC3, 0x75,
    0x80, 0x56, 0x88, 0x4E, 0x41, 0xEC, 0x07, 0xCF, 0xEF, 0x7F, 0xFD, 0xBA, 0x8C, 0xF3, 0xF3, 0x6F,
    0x25, 0x9D, 0xE1, 0xD1, 0x7A, 0xF8, 0xC6, 0xEC, 0xCB, 0xBE, 0x12, 0x9D, 0x72, 0x5C, 0x1B, 0x1F,
    0x2C, 0x24, 0x3B, 0x54, 0xCD, 0xE7, 0xC6, 0x3B, 0xF4, 0x63, 0xE3, 0x9E, 0xE5, 0xAB, 0xA4, 0x0B,
    0x89, 0x9F, 0x4D, 0x51, 0x01, 0xA7, 0xE4, 0x3F, 0xF0, 0x9A, 0xCD, 0x75, 0xE1, 0x9A, 0x5B, 0x4F,
    0xE8, 0x57, 0xC2, 0x7D, 0xA2, 0xCB, 0xF4, 0xA7, 0x46, 0x9E, 0x84, 0x3E, 0x25, 0xF4, 0xE9, 0x7A,
    0xA9, 0x4F, 0x32, 0x56, 0x5C, 0x43, 0x50, 0x74, 0x8C, 0x2E, 0x57, 0x3A, 0xC6, 0x47, 0x0F, 0xDE,
    0x4A, 0x36, 0xBF, 0x52, 0x31, 0x5A, 0x8E, 0x44, 0xAB, 0x3C, 0x73, 0x79, 0xDF, 0xF8, 0x50, 0xC7,
    0x27, 0x79, 0x16, 0x95, 0x5C, 0xD9, 0x3C, 0x73, 0xCD, 0x82, 0x9F, 0x62, 0x41, 0xEF, 0xD5, 0x63,
    0x89, 0x4F, 0x78, 0x5E, 0x18, 0x1F, 0x75, 0xA7, 0x93, 0x30, 0x4F, 0x09, 0xB9, 0x5E, 0xA5, 0x16,
    0xA2, 0x40, 0xA5, 0x0F, 0x04, 0x8F, 0x81, 0x95, 0x38, 0x9D, 0x1E, 0x54, 0x9E, 0x85, 0x29, 0x56,
    0x6C, 0x6C, 0xE2, 0xB8, 0x44, 0x07, 0x09, 0x0F, 0xE2, 0x0B, 0x24, 0x40, 0x48, 0x84, 0x04, 0x31,
    0xBC, 0x43, 0xBF, 0x3A, 0x7B, 0x1C, 0x01, 0x02, 0xE7, 0x90, 0x02, 0xB9, 0xDF, 0x3D, 0x84, 0x01,
    0xA1, 0xF2, 0x75, 0x58, 0x20, 0x5C, 0x5B, 0x5E, 0xC5, 0xA5, 0x60, 0xB0, 0xC4, 0x15, 0x2D, 0x0F,
    0xE5, 0xAF, 0x87, 0x3A, 0xD2, 0x37, 0x69, 0x1B, 0x92, 0x1A, 0x96, 0x19, 0x35, 0x93, 0x79, 0x03,
    0x8F, 0x74, 0x36, 0x5C, 0xEF, 0xA9, 0xB7, 0x8D, 0x1B, 0xA6, 0x05, 0x25, 0x05, 0xE6, 0x9A, 0xA9,
    0xDC, 0xAD, 0xAE, 0xBE, 0x1A, 0xEA, 0x62, 0x8F, 0x80, 0x18, 0xDC, 0x6D, 0x64, 0xEA, 0x0A, 0x00,
    0xA5, 0x20, 0xB2, 0x4A, 0xF2, 0xD5, 0x8E, 0xC9, 0x56, 0x73, 0x40, 0x69, 0x7B, 0x3B, 0x87, 0xD9,
    0x3D, 0xF9, 0xEC, 0x1C, 0xD7, 0xF5, 0x57, 0x37, 0x9A, 0x58, 0x05, 0x46, 0xF4, 0x1C, 0x35, 0x37,
    0x26, 0xCD, 0xC9, 0x6C, 0xD5, 0x37, 0xFD, 0xA3, 0x31, 0x52, 0xDA, 0x7A, 0x39, 0x9D, 0xC9, 0x8F,
    0x4B, 0x0E, 0xF2, 0x12, 0x45, 0x29, 0x57, 0x85, 0x5C, 0x5E, 0xD3, 0xF2, 0x79, 0x87, 0x5C, 0x87,
    0xEB, 0xEB, 0xFB, 0xE4, 0x4A, 0x90, 0x8F, 0xE8, 0x3C, 0xAE, 0xC1, 0x4A, 0xDE, 0x6E, 0x23, 0xDF,
    0xA3, 0x5A, 0xBE, 0xE6, 0x49, 0xDF, 0xCE, 0xB7, 0xC8, 0xD7, 0x3A, 0xF2, 0x21, 0xB4, 0x8A, 0x23,
    0xA5, 0xAF, 0xCE, 0xAF, 0x66, 0x73, 0x8C, 0x5F, 0xE7, 0x33, 0xC5, 0x63, 0x63, 0x8C, 0x01, 0x44,
    0x4A, 0x63, 0xC5, 0x55, 0x9A, 0x2F, 0x15, 0xDF, 0x3A, 0x46, 0x73, 0x25, 0xBE, 0x28, 0xBF, 0x06,
    0xA7, 0x72, 0x41, 0x73, 0xB9, 0x5C, 0x15, 0x37, 0x45, 0xEB, 0xFB, 0xC5, 0xCD, 0x8B, 0xB0, 0x5A,
    0x3F, 0x98, 0xC0, 0x2F, 0x51, 0xCF, 0xE5, 0x2A, 0xBD, 0x26, 0xFB, 0x2D, 0x97, 0xE9, 0xD7, 0xF7,
    0xF7, 0xF2, 0x55, 0xF2, 0x50, 0x27, 0xE7, 0x9A, 0x6B, 0x95, 0xE5, 0x2B, 0xD7, 0x2A, 0xCF, 0x4A,
    0xCF, 0xD0, 0x6B, 0xF7, 0x25, 0xF7, 0x65, 0xEF, 0x56, 0xF8, 0xDC, 0xFE, 0x12, 0xAE, 0xC6, 0xE8,
    0xFB, 0x45, 0x3E, 0xE1, 0xD4, 0x7C, 0x0D, 0xF2, 0x71, 0xCC, 0x56, 0x93, 0x43, 0xDA, 0x57, 0xC0,
    0xED, 0xBC, 0xEC, 0xD2, 0xBB, 0x6A, 0x59, 0x65, 0x7F, 0x0A, 0x78, 0x75, 0xE2, 0xF7, 0xDE, 0xC6,
    0x78, 0x0D, 0x9D, 0x21, 0x7B, 0x6C, 0xD0, 0x8B, 0x81, 0x7E, 0x64, 0xFD, 0xEA, 0xFB, 0xFF, 0xFA,
    0x6E, 0xD7, 0xB6, 0xA9, 0xF2, 0xF7, 0xCB, 0x8D, 0xF7, 0x1E, 0xF6, 0xF2, 0xF6, 0x7D, 0xF2, 0x78,
    0xA9, 0xF8, 0x04, 0xE9, 0x7E, 0xD6, 0x2F, 0x5A, 0x57, 0x6E, 0x61, 0x7A, 0x10, 0xB7, 0x6A, 0xA9,
    0xB7, 0x8D, 0x23, 0xB1, 0x5C, 0x5F, 0x36, 0x95, 0x5F, 0x12, 0xA7, 0xBE, 0x43, 0x0D, 0xF5, 0x8E,
    0xE5, 0x11, 0xB4, 0x2E, 0x09, 0xFF, 0x91, 0xCC, 0x24, 0x40, 0xC4, 0xEE, 0x19, 0xB1, 0x23, 0x44,
    0x49, 0x0E, 0xA5, 0xF1, 0x50, 0xCD, 0xAD, 0xEE, 0x98, 0x35, 0x56, 0xE3, 0x28, 0x01, 0xB4, 0x82,
    0x3A, 0xC3, 0x6E, 0x47, 0x3B, 0x35, 0x07, 0xD5, 0x7B, 0x3B, 0xC9, 0xC3, 0xE1, 0xF1, 0xBE, 0x07,
    0x6B, 0xEC, 0x2C, 0xB2, 0x76, 0x76, 0xE1, 0xF4, 0xEE, 0x49, 0x7F, 0x0E, 0x5E, 0xCC, 0xF5, 0xE8,
    0x1D, 0xC7, 0x15, 0xB1, 0x73, 0x46, 0xE3, 0x3A, 0x27, 0x65, 0x96, 0x25, 0x5B, 0xC5, 0xE0, 0x78,
    0xBC, 0x88, 0x1D, 0xCA, 0x72, 0x4C, 0xDE, 0x39, 0xA3, 0x51, 0x2E, 0xF1, 0x4D, 0xC6, 0x6F, 0xD2,
    0x36, 0x14, 0xAE, 0xD9, 0x09, 0x3A, 0xE7, 0x8C, 0xC4, 0xC7, 0x7C, 0x2B, 0x9E, 0xE9, 0x8F, 0xEC,
    0xB8, 0xEA, 0xFC, 0x9A, 0x1D, 0xDB, 0x39, 0x71, 0x24, 0xB3, 0x3C, 0xBB, 0x59, 0xE6, 0x6A, 0x96,
    0xFB, 0xA9, 0xD3, 0x7F, 0x4D, 0xF2, 0xE0, 0xC0, 0x8E, 0xC1, 0xE7, 0x9D, 0xD9, 0x64, 0xE3, 0xBE,
    0xF8, 0x34, 0x75, 0xD8, 0x3D, 0xFB, 0x87, 0xDD, 0xF3, 0x36, 0xF0, 0x46, 0x9C, 0x85, 0x03, 0xEF,
    0xE0, 0x95, 0x14, 0xDF, 0xA3, 0x7D, 0x1E, 0x73, 0x74, 0x08, 0x12, 0x21, 0x72, 0x38, 0xA0, 0x73,
    0x7A, 0xFA, 0xE8, 0x2A, 0xC1, 0x06, 0x8A, 0x19, 0x42, 0xC3, 0x4B, 0xA5, 0x71, 0x66, 0xAE, 0x7B,
    0x06, 0x3D, 0xF8, 0x5F, 0x47, 0x6C, 0x8A, 0xF1, 0xED, 0x4B, 0xB8, 0xE8, 0x4B, 0x4D, 0x43, 0xAA,
    0xD3, 0xA7, 0xC2, 0x7E, 0xE5, 0x23, 0x09, 0x5B, 0x1D, 0xC7, 0x5A, 0x32, 0xD7, 0x10, 0x57, 0x31,
    0x8F, 0x25, 0x76, 0xCF, 0x6F, 0xC7, 0x76, 0xCF, 0xFC, 0xC4, 0x95, 0xF2, 0x5C, 0xE9, 0x2F, 0x6F,
    0x05, 0x7B, 0x0F, 0x8A, 0xDC, 0x7C, 0x98, 0x96, 0xB4, 0x25, 0x77, 0xCD, 0x61, 0xAF, 0x93, 0x27,
    0x7B, 0xDA, 0x7D, 0xC7, 0x21, 0x73, 0x7B, 0x45, 0xBB, 0x79, 0xDB, 0xEE, 0x2F, 0x6D, 0x23, 0x9E,
    0x7C, 0xAB, 0x52, 0x1C, 0x57, 0x01, 0xC7, 0xA5, 0xC6, 0x55, 0x69, 0x23, 0x99, 0x70, 0x34, 0x26,
    0x28, 0xFD, 0xD7, 0x6C, 0x7C, 0x90, 0xD8, 0xFA, 0x9A, 0xCB, 0xB6, 0xA6, 0x94, 0xB6, 0x6E, 0xDE,
    0x4C, 0x91, 0x7B, 0xD9, 0x34, 0x2A, 0xDD, 0x90, 0x1A, 0xC3, 0x2F, 0xE2, 0x2C, 0xBE, 0x79, 0xA9,
    0x77, 0xFB, 0x52, 0x7F, 0x3B, 0x0F, 0xBB, 0xAF, 0xBB, 0x72, 0x5D, 0xEE, 0x97, 0x1A, 0xFF, 0xB2,
    0x9B, 0x9B, 0xA1, 0xF8, 0x86, 0xBC, 0xAC, 0x94, 0x05, 0x52, 0xCA, 0x36, 0x9F, 0x41, 0x97, 0x8C,
    0xCE, 0xF3, 0xAF, 0x70, 0xF5, 0xED, 0xD2, 0xD2, 0xB1, 0xD3, 0x89, 0xF8, 0x0A, 0x96, 0x95, 0x0C,
    0x4C, 0xB9, 0xD2, 0xB3, 0x73, 0x8F, 0x6B, 0xA7, 0xF5, 0xFB, 0x40, 0xAE, 0x40, 0x38, 0xEC, 0x75,
    0x68, 0x36, 0xEC, 0x3E, 0x3F, 0x9B, 0x29, 0xBD, 0xEA, 0x92, 0x4F, 0x44, 0x00, 0x5E, 0x08, 0xB6,
    0xAA, 0x4A, 0x79, 0x2D, 0x05, 0x43, 0xC9, 0x9A, 0x14, 0x5B, 0x09, 0x84, 0x1B, 0x7E, 0xAA, 0x41,
    0x0C, 0x07, 0x00, 0xFA, 0x50, 0xB0, 0xC9, 0x6D, 0xDC, 0xED, 0x24, 0x90, 0xBD, 0x94, 0x85, 0x32,
    0x50, 0x4B, 0x02, 0x00, 0x1A, 0x52, 0x01, 0x4B, 0x5F, 0xC0, 0x42, 0xE7, 0x39, 0xE6, 0x54, 0x81,
    0xDE, 0x21, 0xD1, 0x5B, 0x52, 0x6D, 0x9D, 0x88, 0x74, 0x8C, 0x43, 0x76, 0x1B, 0xA0, 0xB3, 0xA1,
    0x41, 0x67, 0x43, 0x27, 0x42, 0xE5, 0x20, 0xB1, 0x41, 0x5B, 0x02, 0x9D, 0xC4, 0x21, 0x8E, 0x45,
    0x5B, 0x4F, 0x65, 0x0E, 0xCD, 0x0D, 0x1A, 0x82, 0xEB, 0xB3, 0x80, 0x4F, 0x08, 0x8C, 0x00, 0x12,
    0x07, 0xE6, 0x9B, 0x83, 0xB3, 0x33, 0xA7, 0xD2, 0x6E, 0x05, 0xFC, 0x9F, 0x14, 0xA4, 0xFA, 0x69,
    0x9F, 0xA4, 0xC1, 0x2D, 0xC2, 0xE2, 0x22, 0xA7, 0xDB, 0x01, 0x44, 0x74, 0x9E, 0xA1, 0xE1, 0x65,
    0xF2, 0xBC, 0xA0, 0x81, 0xCF, 0xC6, 0x30, 0x8F, 0x3D, 0xC1, 0x0A, 0x30, 0x2F, 0x4B, 0x12, 0x0B,
    0x8E, 0x40, 0x4D, 0x27, 0x3B, 0xE4, 0x3E, 0x1C, 0x7D, 0x5F, 0xD1, 0xAB, 0x67, 0xA8, 0x0C, 0x08,
    0xE1, 0x6F, 0x09, 0xBF, 0x0F, 0x5B, 0x88, 0x0B, 0xEF, 0x09, 0xAA, 0x40, 0xF5, 0x54, 0xE6, 0x02,
    0xE5, 0x29, 0xA9, 0x0D, 0x53, 0x72, 0x56, 0x07, 0x72, 0x28, 0x17, 0x6D, 0x22, 0x64, 0x64, 0x9F,
    0x89, 0xF5, 0xE5, 0x4F, 0x50, 0x3D, 0x93, 0x6D, 0xCE, 0xF1, 0x5D, 0x80, 0x9D, 0x28, 0xC5, 0xF4,
    0x6E, 0xE5, 0x19, 0xA6, 0xD9, 0xE6, 0xCE, 0x78, 0x53, 0xAC, 0x35, 0x28, 0x39, 0x28, 0xBB, 0x4D,
    0x4B, 0x82, 0x6A, 0x73, 0x3D, 0x41, 0x6C, 0xF6, 0x13, 0x44, 0xC0, 0x08, 0xC4, 0xCD, 0xF5, 0x5A,
    0x41, 0xEB, 0xCA, 0x9F, 0x39, 0x4F, 0x70, 0x0C, 0x17, 0x1E, 0x9A, 0xEB, 0xA8, 0x0F, 0xEF, 0x73,
    0x0A, 0x94, 0xC1, 0x3C, 0x99, 0x1B, 0xC2, 0x3C, 0x18, 0x25, 0x6D, 0xDF, 0x5B, 0x6E, 0xD0, 0x50,
    0x2B, 0x90, 0xC8, 0x62, 0x81, 0x0B, 0x1D, 0x43, 0xB8, 0xDF, 0x38, 0x24, 0xA8, 0x64, 0x48, 0x46,
    0x2A, 0x9F, 0x78, 0x0F, 0xA9, 0x20, 0x4E, 0xCA, 0xE8, 0x57, 0x5A, 0xB1, 0xD9, 0x5D, 0x69, 0x59,
    0xE6, 0xE5, 0xAB, 0x09, 0xD3, 0xBE, 0x27, 0xA4, 0x78, 0xD5, 0x25, 0xDB, 0x39, 0xA9, 0xAB, 0xC5,
    0xE8, 0x65, 0x47, 0x25, 0xAC, 0x36, 0x2F, 0x5F, 0xA9, 0x99, 0x4F, 0xAE, 0x70, 0xE9, 0x09, 0x5D,
    0x6E, 0x5E, 0x36, 0x4B, 0xE6, 0x93, 0x87, 0xC8, 0xFD, 0x2B, 0x4E, 0x37, 0xCC, 0x7F, 0xAF, 0x6C,
    0xB6, 0x2F, 0x5F, 0x21, 0x8F, 0x52, 0x84, 0xEE, 0x82, 0x5F, 0xCE, 0x62, 0xF3, 0xF9, 0x9D, 0x2C,
    0x82, 0xAF, 0x21, 0x6E, 0xBF, 0x6F, 0xB2, 0x57, 0x9E, 0xBC, 0x7F, 0x27, 0xC3, 0x2A, 0xA7, 0xF8,
    0xF1, 0xAF, 0xEF, 0x64, 0x75, 0xF3, 0x05, 0x47, 0xB2, 0x03, 0xB0, 0x55, 0x29, 0x07, 0x96, 0x31,
    0x00, 0xEA, 0xDE, 0x3E, 0xBC, 0x2F, 0xEE, 0xFC, 0x09, 0xE1, 0x1F, 0x8D, 0xDF, 0xAB, 0xE2, 0x87,
    0x48, 0x61, 0x25, 0xE2, 0x29, 0x46, 0x3C, 0xA6, 0x28, 0x02, 0x4E, 0x68, 0xDC, 0xFE, 0x40, 0x9E,
    0x47, 0x50, 0x7F, 0x3C, 0xBA, 0xCF, 0xEA, 0xFF, 0xB9, 0x4F, 0x33, 0x9E, 0xD7, 0x19, 0x78, 0x24,
    0x42, 0x28, 0x3B, 0x42, 0xE0, 0x04, 0x90, 0x09, 0x01, 0x0D, 0x32, 0xB1, 0xC0, 0x97, 0xA0, 0xF3,
    0x1E, 0xEA, 0xED, 0xBB, 0xAE, 0x6F, 0xF5, 0x2C, 0xE0, 0x10, 0x0A, 0xAA, 0xF4, 0x2A, 0x40, 0x5A,
    0x15, 0x65, 0x16, 0xE2, 0x0B, 0x62, 0xE0, 0x04, 0x68, 0x52, 0x81, 0xAB, 0x6B, 0x3C, 0xB4, 0xAF,
    0x84, 0x14, 0x53, 0x72, 0xEA, 0x43, 0xD5, 0x1B, 0x65, 0x8A, 0x4A, 0x4F, 0xBD, 0x13, 0x26, 0x85,
    0xCB, 0x82, 0xF8, 0x1D, 0x02, 0xC7, 0x6A, 0x0E, 0x22, 0xEF, 0x57, 0x0C, 0x88, 0x7F, 0x73, 0x37,
    0x3A, 0xEF, 0xD5, 0x2D, 0xAB, 0x28, 0x3C, 0x12, 0x79, 0x74, 0xF8, 0x48, 0xD5, 0xB7, 0xF3, 0x34,
    0x63, 0x1D, 0xE1, 0x52, 0x59, 0xAC, 0x1B, 0xB3, 0x76, 0xE1, 0x6E, 0x1A, 0x21, 0xC5, 0x94, 0xDE,
    0x5F, 0xC2, 0x35, 0x0B, 0x21, 0x93, 0xEC, 0x8D, 0x66, 0x54, 0x18, 0xE9, 0x9E, 0x8E, 0xFB, 0xD0,
    0x43, 0x08, 0xAC, 0x0A, 0x5C, 0xA4, 0xE2, 0x80, 0xEA, 0x7F, 0x9A, 0x02, 0x9B, 0xDE, 0x2E, 0xFC,
    0xA7, 0xA8, 0x59, 0xEE, 0x89, 0xBF, 0x23, 0xDE, 0x8D, 0x01, 0xDC, 0x8C, 0x46, 0xC0, 0x50, 0xB2,
    0xF2, 0x2E, 0xA4, 0xC1, 0x1A, 0x4E, 0x8A, 0xAB, 0x39, 0x05, 0x30, 0x06, 0x1A, 0x18, 0xFF, 0x85,
    0x32, 0xCA, 0xA7, 0x3F, 0x58, 0xC6, 0x7E, 0xA1, 0x7C, 0xE7, 0xF4, 0x2F, 0x94, 0x12, 0xFA, 0x1C,
    0x20, 0xC8, 0x12, 0x81, 0xF4, 0x5A, 0xE9, 0x17, 0xCA, 0xA9, 0xDF, 0x11, 0x94, 0x4D, 0xE5, 0x6E,
    0x31, 0xF9, 0x77, 0xC4, 0xF8, 0x9E, 0x3C, 0x3E, 0xBB, 0x67, 0xEF, 0xC9, 0xE5, 0xCC, 0x15, 0x14,
    0xD2, 0x93, 0x5B, 0x63, 0x7B, 0x72, 0xF9, 0x6B, 0xA6, 0x5E, 0x2E, 0x27, 0xEE, 0x6D, 0xF2, 0x5D,
    0xBD, 0xB6, 0x22, 0x53, 0x0B, 0x71, 0x9F, 0xF0, 0xF8, 0x8D, 0x14, 0xB5, 0x5E, 0xB0, 0x6B, 0x7F,
    0xCF, 0x57, 0x8E, 0xBF, 0x54, 0x36, 0x6E, 0x98, 0x0C, 0x95, 0xA7, 0xD5, 0x81, 0x72, 0xD7, 0xEF,
    0x79, 0xDB, 0x72, 0x2A, 0x2D, 0x68, 0x09, 0x79, 0xC7, 0xC2, 0x10, 0x38, 0xD6, 0xE6, 0x3A, 0x9F,
    0x1D, 0x84, 0x62, 0x13, 0xE5, 0x4D, 0xFE, 0x74, 0xEE, 0x6D, 0x8E, 0x23, 0xD1, 0xD8, 0xD8, 0xFF,
    0x4A, 0x21, 0x4A, 0x6F, 0x43, 0xB3, 0xCB, 0x69, 0xB3, 0xA1, 0x2E, 0xB0, 0x7D, 0xE6, 0xC9, 0x33,
    0xCC, 0x5D, 0x8D, 0x0E, 0x6B, 0xD6, 0x02, 0x16, 0x09, 0xE1, 0x90, 0x80, 0x48, 0x76, 0xA6, 0x40,
    0x22, 0x5E, 0x5F, 0xF2, 0xFA, 0xC0, 0xDF, 0xFD, 0x6D, 0x54, 0x3E, 0xFF, 0x74, 0x11, 0x71, 0xBA,
    0x1F, 0x74, 0x5D, 0x0E, 0x28, 0x95, 0x2B, 0xDF, 0x6F, 0x5F, 0xDE, 0x5A, 0x69, 0xDF, 0xD9, 0x62,
    0x2C, 0x47, 0xCA, 0xEE, 0xB3, 0x05, 0xF8, 0xD4, 0x9F, 0x6F, 0x75, 0xCC, 0x17, 0x5B, 0x73, 0x05,
    0xC7, 0xC5, 0x2F, 0xB6, 0xF0, 0x6F, 0xC3, 0xFF, 0xFE, 0xB1, 0xEA, 0x6E, 0x23, 0x13, 0xB0, 0xDB,
    0x6C, 0x21, 0x82, 0x6F, 0xC1, 0x4E, 0x85, 0x89, 0xFE, 0xFE, 0x65, 0x8B, 0xAE, 0x12, 0x90, 0xCB,
    0xC6, 0xBF, 0x19, 0x19, 0x71, 0x87, 0xCD, 0xFD, 0x92, 0x79, 0x0A, 0x0C, 0xF0, 0x3B, 0x78, 0x5D,
    0x84, 0x16, 0xF0, 0xCC, 0xFB, 0x03, 0xF0, 0x9A, 0x29, 0x4A, 0xEB, 0xAC, 0xAE, 0xB5, 0xAE, 0x93,
    0x5C, 0x68, 0x77, 0x3E, 0xAB, 0x7F, 0xC3, 0x0E, 0x53, 0xFA, 0xA7, 0xBA, 0xCD, 0xD8, 0xDA, 0x68,
    0xAD, 0x80, 0x34, 0x9A, 0xB6, 0x61, 0xA3, 0xF9, 0xE6, 0xAE, 0xEE, 0x13, 0xFE, 0x3F, 0x05, 0xBA,
    0x80, 0x06, 0xDD, 0x6D, 0xAA, 0x72, 0x40, 0xE5, 0xCC, 0x14, 0x81, 0xF3, 0xD2, 0x68, 0x86, 0x6B,
    0x8E, 0xF4, 0x45, 0xDD, 0xA6, 0xAB, 0xBB, 0x0D, 0x9C, 0xCC, 0x08, 0x3B, 0xDF, 0xA7, 0xE3, 0x0C,
    0xB4, 0xEF, 0x45, 0x01, 0x9F, 0xC9, 0x4E, 0x71, 0xF8, 0xC2, 0xC3, 0x75, 0x17, 0xAF, 0x6C, 0x8F,
    0x44, 0x85, 0x50, 0x8F, 0xA1, 0xC4, 0xFA, 0x56, 0xE6, 0xAF, 0xED, 0xCA, 0x40, 0x55, 0xFC, 0x65,
    0x26, 0xE6, 0xD4, 0x37, 0xCF, 0x2A, 0x61, 0x4A, 0x00, 0xB7, 0xA9, 0x9E, 0x21, 0x84, 0xFF, 0xE8,
    0xC1, 0x7B, 0x82, 0x27, 0x69, 0xA5, 0x85, 0xE9, 0x0C, 0x56, 0xCA, 0x1B, 0x1A, 0x40, 0x6D, 0xAE,
    0x91, 0x75, 0x0D, 0xCE, 0xD9, 0x25, 0xD3, 0xE2, 0x91, 0x3F, 0x96, 0x46, 0x56, 0xA1, 0x62, 0x40,
    0xE6, 0x9A, 0x29, 0xFE, 0x9F, 0x36, 0x71, 0x4B, 0x4E, 0x67, 0xB5, 0xF2, 0x02, 0xF8, 0x81, 0x97,
    0x9E, 0xA5, 0x98, 0x87, 0xB2, 0x57, 0x60, 0x5A, 0x20, 0xF8, 0x99, 0x97, 0x9D, 0x2C, 0xE6, 0xC3,
    0x97, 0x2C, 0xE6, 0x17, 0xC5, 0xC9, 0x84, 0x70, 0xD6, 0x62, 0x3E, 0xDE, 0x5D, 0xA1, 0x27, 0x64,
    0x90, 0xD1, 0xF8, 0x62, 0xFE, 0x92, 0x85, 0xF1, 0x5D, 0x49, 0xC4, 0x8F, 0x04, 0x36, 0x39, 0x1B,
    0x5F, 0x18, 0x27, 0xFE, 0x66, 0x28, 0x17, 0xFD, 0xCD, 0x70, 0x7A, 0x67, 0xD7, 0x9E, 0x4E, 0xFE,
    0xDB, 0xC3, 0xFC, 0x99, 0x3A, 0xFB, 0x69, 0xBF, 0x3D, 0x68, 0xD2, 0xBB, 0xCD, 0x75, 0x67, 0x1D,
    0x47, 0x3A, 0xC7, 0x42, 0x92, 0x4E, 0x7A, 0x1E, 0xFF, 0x03, 0x9D, 0x59, 0x07, 0x6C, 0xE3, 0xC8,
    0x15, 0x7D, 0x43, 0x8A, 0x66, 0x6E, 0x89, 0x25, 0x0D, 0xC0, 0xBA, 0x2A, 0xA7, 0x57, 0x43, 0xB6,
    0x50, 0x52, 0x9C, 0x83, 0xEF, 0xCC, 0xF4, 0x62, 0x40, 0xD8, 0x62, 0x5D, 0x7A, 0xEF, 0x5B, 0xB5,
    0xD7, 0xBB, 0x98, 0x5E, 0x0C, 0x6C, 0x49, 0xEF, 0xF5, 0xAA, 0xF7, 0x8A, 0x52, 0xAE, 0x17, 0x29,
    0x48, 0x8F, 0x52, 0x94, 0xDE, 0x13, 0x01, 0xD7, 0xBB, 0x71, 0xA7, 0xBB, 0x78, 0x1D, 0x4B, 0x93,
    0xFF, 0x49, 0x8E, 0x3C, 0x94, 0xC4, 0x6D, 0xB3, 0x78, 0x6F, 0xF9, 0xA7, 0x3C, 0xFE, 0xF9, 0x9C,
    0xF9, 0x43, 0xD1, 0xB6, 0x94, 0xAB, 0xB0, 0x7D, 0x60, 0x80, 0xA4, 0xEC, 0x20, 0x2C, 0x35, 0x29,
    0x65, 0x1D, 0xBD, 0x12, 0x8E, 0xA0, 0x92, 0x8F, 0x48, 0x13, 0x88, 0x5B, 0xBB, 0x08, 0x8B, 0xC9,
    0x0D, 0x66, 0xC0, 0x57, 0xBE, 0xA2, 0xC8, 0xEC, 0x29, 0x57, 0x92, 0xCA, 0x8E, 0xDC, 0x49, 0x0D,
    0xF6, 0xB6, 0xF5, 0x80, 0x49, 0x64, 0x4B, 0x26, 0xE4, 0x15, 0xC9, 0x47, 0xA2, 0x61, 0x03, 0xB7,
    0xC4, 0x80, 0xCF, 0xC3, 0x1C, 0xD7, 0xC7, 0x02, 0x39, 0x9D, 0xA8, 0x4E, 0x6F, 0x2D, 0x95, 0xE6,
    0x0F, 0x5B, 0xD9, 0x00, 0x8E, 0xE7, 0x2E, 0xF9, 0x98, 0x48, 0xA0, 0xDF, 0x4C, 0xF7, 0x19, 0x07,
    0xF7, 0x79, 0x03, 0xD3, 0x12, 0x41, 0x30, 0x99, 0xAC, 0xF4, 0x14, 0xCF, 0xC7, 0xC8, 0xB2, 0xD1,
    0x86, 0x17, 0x60, 0x2A, 0xD5, 0xE7, 0x74, 0xE5, 0x6C, 0xA9, 0x54, 0xF2, 0x23, 0x7B, 0xA7, 0x0C,
    0x60, 0xDC, 0x69, 0xB5, 0x35, 0x77, 0xCD, 0xA6, 0xB8, 0x91, 0x9F, 0xCA, 0x5E, 0xE8, 0xC5, 0x15,
    0xA5, 0x79, 0xD7, 0x91, 0x1D, 0xD7, 0x01, 0x92, 0x58, 0xBC, 0x32, 0xAC, 0x07, 0xD0, 0xC3, 0xC4,
    0xB5, 0xF2, 0x37, 0x13, 0x8B, 0xF3, 0xCA, 0xD6, 0xC1, 0xA5, 0x55, 0x2A, 0xA1, 0x25, 0x65, 0xD0,
    0x6A, 0x01, 0x87, 0xC0, 0x06, 0xEA, 0xB7, 0xD4, 0xFA, 0xDC, 0x3C, 0xC8, 0x1C, 0xC0, 0x06, 0x42,
    0x95, 0x74, 0xAA, 0x64, 0x0C, 0xC1, 0xBB, 0xA9, 0xED, 0xCE, 0x2A, 0x00, 0x06, 0x3C, 0x12, 0xE2,
    0xEB, 0x21, 0x50, 0xA5, 0xBA, 0xB8, 0xE8, 0x57, 0x57, 0x16, 0x31, 0x54, 0x6F, 0x65, 0xFF, 0x52,
    0x75, 0xF1, 0x4A, 0x3F, 0x1C, 0x93, 0x21, 0xB8, 0x11, 0xA0, 0xC0, 0xFA, 0x56, 0xA9, 0xC4, 0x3E,
    0x8D, 0xA6, 0xFB, 0x35, 0x4A, 0xF5, 0xED, 0x2A, 0x45, 0x9F, 0x75, 0xCA, 0xCA, 0x2F, 0x5D, 0x47,
    0x69, 0x41, 0x95, 0x34, 0xAD, 0xEC, 0x25, 0x54, 0x7F, 0xC9, 0xD0, 0xF9, 0xE9, 0x9A, 0x74, 0xDD,
    0x06, 0x95, 0x83, 0xFB, 0xF5, 0xEE, 0xC8, 0x2F, 0x20, 0xA1, 0xC7, 0x73, 0xD4, 0xA1, 0xF9, 0xF5,
    0x76, 0x8E, 0x95, 0x94, 0xFE, 0xA0, 0x96, 0x75, 0x49, 0x22, 0xEE, 0xFD, 0xE3, 0x07, 0xB5, 0xF4,
    0xD8, 0x0F, 0xD1, 0xC3, 0x7C, 0xE4, 0xDB, 0x3C, 0xE9, 0x09, 0x8A, 0xBF, 0x59, 0x67, 0x00, 0x0E,
    0xB5, 0x4E, 0xDE, 0x08, 0xD1, 0x2E, 0xA0, 0x50, 0xB7, 0x97, 0x8F, 0x07, 0xDE, 0x0D, 0xE0, 0x99,
    0xC8, 0x96, 0xFC, 0x69, 0xCC, 0xCA, 0xD6, 0x34, 0xA6, 0x81, 0xE1, 0x74, 0xEA, 0xB5, 0x9D, 0x69,
    0x4C, 0x5C, 0x49, 0xFD, 0xA8, 0x10, 0xBD, 0xDD, 0xF0, 0x81, 0xAA, 0x19, 0xC4, 0xD4, 0xB6, 0xEB,
    0x30, 0x1F, 0x74, 0x5B, 0xF0, 0xBC, 0x0B, 0x67, 0x30, 0x63, 0x2E, 0x79, 0x00, 0xFC, 0x43, 0x85,
    0x90, 0x20, 0x12, 0x4B, 0xAE, 0x2C, 0x6A, 0x5D, 0x38, 0xC1, 0x48, 0x73, 0x3D, 0xD9, 0x0C, 0xBE,
    0xE6, 0x3A, 0x2E, 0x87, 0xB5, 0x4C, 0xE6, 0x93, 0x8F, 0x23, 0x9C, 0xB6, 0xDD, 0x04, 0x9E, 0xFC,
    0x03, 0x88, 0xE5, 0xA7, 0xF8, 0x4F, 0x09, 0x8C, 0xE5, 0x0C, 0xEB, 0xA8, 0x18, 0x46, 0x54, 0xFB,
    0xED, 0x6A, 0x95, 0x63, 0x3C, 0x8C, 0x6A, 0x01, 0xD1, 0x75, 0xBE, 0x56, 0x57, 0xCC, 0xF0, 0x88,
    0x4E, 0x15, 0xA3, 0x96, 0x12, 0x18, 0xA4, 0x0D, 0x69, 0xCA, 0xD7, 0x85, 0xA2, 0x91, 0xDE, 0x75,
    0xBB, 0xDF, 0x40, 0x5D, 0xFE, 0xD3, 0x59, 0x1B, 0x36, 0xAA, 0x56, 0x65, 0xBA, 0xB2, 0x72, 0x9E,
    0xCD, 0x2D, 0xAF, 0xBD, 0x84, 0xEF, 0xB1, 0xDC, 0xEF, 0xB3, 0xAF, 0x6E, 0x54, 0xC5, 0xCD, 0xFF,
    0xB9, 0x2D, 0xEC, 0x17, 0x0B, 0x08, 0x26, 0x9B, 0x69, 0x30, 0x55, 0xAF, 0x42, 0x44, 0xDB, 0x11,
    0xA3, 0x29, 0xDE, 0x2B, 0xC7, 0xBF, 0x5B, 0xCC, 0xF6, 0x39, 0x0E, 0x38, 0x49, 0xC7, 0x43, 0xD3,
    0x01, 0x10, 0x93, 0x4A, 0xE9, 0xE9, 0xC1, 0x19, 0x70, 0xFC, 0xCA, 0x2A, 0x2E, 0xDE, 0x73, 0x40,
    0xBF, 0x87, 0xCD, 0xA2, 0xEC, 0xFD, 0x00, 0xE9, 0x7B, 0xA3, 0x8C, 0x2D, 0x9F, 0xBA, 0x84, 0x04,
    0xF6, 0x5C, 0xB1, 0xA6, 0x7C, 0xB3, 0xAF, 0x88, 0x9F, 0xE0, 0xD8, 0x80, 0xF7, 0xA1, 0x8A, 0xA3,
    0x48, 0x79, 0x9F, 0x30, 0xA3, 0xA2, 0x82, 0x43, 0xF7, 0xB8, 0x82, 0xEF, 0x71, 0xC9, 0xB0, 0x47,
    0xAB, 0x56, 0x09, 0xDF, 0x63, 0x34, 0x43, 0x26, 0xE0, 0x13, 0x89, 0x26, 0x91, 0xD1, 0x02, 0x60,
    0xB2, 0x9C, 0x37, 0x43, 0x74, 0xAB, 0xE7, 0xC3, 0x6B, 0x19, 0xCB, 0x38, 0x06, 0x38, 0xBE, 0x27,
    0x5F, 0xE6, 0xE0, 0x94, 0x71, 0x5D, 0x71, 0x43, 0x99, 0x45, 0x43, 0xAA, 0xB0, 0xF2, 0xF9, 0x44,
    0x64, 0x5E, 0xFF, 0x8D, 0x2B, 0xA9, 0xCB, 0x37, 0x0E, 0x94, 0xA3, 0xCE, 0x18, 0x15, 0xE8, 0xDF,
    0x8F, 0x06, 0xEF, 0x47, 0xC7, 0x9D, 0x39, 0x17, 0x33, 0xF6, 0xD2, 0x53, 0xD8, 0x03, 0x1C, 0xE9,
    0xC2, 0xD4, 0x62, 0xFF, 0x76, 0xA0, 0xD6, 0xF5, 0x61, 0x36, 0xC9, 0xFD, 0x5E, 0x5C, 0xC8, 0x1C,
    0x69, 0x85, 0x0D, 0x5A, 0x70, 0xB2, 0xAF, 0x98, 0x3F, 0x93, 0xE5, 0xCF, 0x64, 0x3D, 0x22, 0xF6,
    0x59, 0x79, 0x7F, 0x26, 0x89, 0x76, 0xCF, 0xC4, 0x07, 0x5E, 0x4B, 0x5D, 0x80, 0x80, 0x48, 0xD4,
    0x01, 0x6F, 0x6D, 0x6D, 0x14, 0xBA, 0x88, 0xBD, 0xAF, 0xA3, 0x19, 0x52, 0x64, 0x72, 0x43, 0x5C,
    0x46, 0x5C, 0xC0, 0x76, 0x2B, 0x95, 0x9F, 0xB9, 0xE7, 0x9F, 0xFC, 0x71, 0xB7, 0xFC, 0x7C, 0x5B,
    0xC7, 0x35, 0x0C, 0x65, 0xEF, 0x7A, 0xFE, 0xAB, 0xDC, 0x4A, 0xED, 0x1E, 0x77, 0x74, 0xCC, 0x76,
    0x01, 0x1D, 0x60, 0x58, 0x80, 0x43, 0x3A, 0x0D, 0xB7, 0x3C, 0xED, 0x28, 0x74, 0xD5, 0xF5, 0xAE,
    0xE9, 0x39, 0x1A, 0xFB, 0x0F, 0x97, 0xFB, 0xC4, 0xAF, 0x65, 0xEC, 0x41, 0xDA, 0x01, 0x9D, 0x41,
    0xD8, 0x71, 0xCB, 0xC4, 0x02, 0x4D, 0xF7, 0x54, 0x22, 0xD6, 0xE8, 0x51, 0x57, 0x33, 0x2F, 0x60,
    0xD1, 0x0F, 0x9C, 0x38, 0xE7, 0x46, 0x23, 0x44, 0x40, 0x64, 0xD4, 0x05, 0x13, 0xA0, 0x93, 0x94,
    0x12, 0xA0, 0xF7, 0x8E, 0x48, 0x3E, 0x6B, 0xD1, 0x88, 0xCA, 0xCE, 0x06, 0xA9, 0x3C, 0xD7, 0x09,
    0xE9, 0xAD, 0x4C, 0xDD, 0xC8, 0xDC, 0xF5, 0x5C, 0x6E, 0xBD, 0x96, 0x94, 0xE3, 0xF9, 0x45, 0x02,
    0x5D, 0x28, 0x17, 0xDD, 0xC8, 0x4C, 0xCA, 0xFB, 0x50, 0xDE, 0xB3, 0x2B, 0x2C, 0x7E, 0xD6, 0xE4,
    0x9C, 0xCB, 0x82, 0xAC, 0xCC, 0xB7, 0xE0, 0xEB, 0xF3, 0x77, 0x7C, 0xC5, 0xBD, 0x78, 0xE7, 0x57,
    0x54, 0x24, 0x42, 0x21, 0x92, 0x70, 0x75, 0x70, 0x9D, 0x7A, 0x3A, 0xAC, 0x73, 0xFE, 0xD4, 0x82,
    0xD2, 0xB9, 0x26, 0x86, 0x7B, 0xF6, 0xF6, 0xAF, 0x50, 0x1B, 0xBB, 0x68, 0xAF, 0x17, 0x75, 0xAC,
    0xD7, 0xC7, 0x0E, 0xEA, 0xA4, 0x47, 0xF4, 0xAD, 0xFD, 0x11, 0x0D, 0x1F, 0x53, 0x36, 0x1B, 0x7A,
    0x67, 0x31, 0x55, 0x99, 0x96, 0x08, 0x58, 0x26, 0x98, 0x5F, 0x27, 0x9A, 0xB2, 0x9B, 0xB0, 0xDB,
    0xA0, 0x08, 0xF8, 0x18, 0x01, 0x95, 0x63, 0x58, 0x5E, 0x45, 0x34, 0xEF, 0xAC, 0x51, 0x97, 0xE9,
    0xAD, 0x91, 0x79, 0x36, 0x4D, 0x9D, 0xBA, 0x10, 0x45, 0x61, 0x1D, 0x85, 0x0F, 0x4C, 0x8B, 0x3A,
    0x53, 0x13, 0xB8, 0xD5, 0x6C, 0x41, 0x3C, 0x64, 0x9F, 0x09, 0x7B, 0x61, 0xFB, 0x24, 0xA6, 0x8C,
    0x65, 0x27, 0x50, 0xBB, 0xCC, 0x52, 0x6B, 0xB4, 0x3C, 0x9D, 0x58, 0x9F, 0x5D, 0x82, 0x7B, 0xD6,
    0x79, 0x5F, 0xA0, 0xB6, 0x2F, 0xA8, 0xB5, 0x78, 0x0C, 0x0A, 0xB2, 0x29, 0xDA, 0x24, 0x47, 0x51,
    0x61, 0x88, 0x3B, 0x71, 0x21, 0xD7, 0x61, 0xAD, 0xE4, 0xB3, 0xD6, 0x86, 0x3C, 0x6D, 0xAA, 0x3C,
    0xCD, 0x4D, 0x83, 0x75, 0x61, 0xD5, 0xF5, 0x56, 0x13, 0x75, 0x45, 0x50, 0xBF, 0x6E, 0x7E, 0x8C,
    0xFA, 0x03, 0xE8, 0x47, 0x86, 0x90, 0xD4, 0xD1, 0xC7, 0x17, 0x2D, 0x1E, 0xAB, 0xFA, 0xAA, 0xD7,
    0xF0, 0xA1, 0x3A, 0xCA, 0x2F, 0xCA, 0x82, 0x79, 0x4A, 0xB4, 0xB1, 0x96, 0xD8, 0xA6, 0xEB, 0x5D,
    0xBF, 0x67, 0x4B, 0x9E, 0x12, 0x78, 0x38, 0x46, 0x10, 0xCC, 0x20, 0x04, 0x7A, 0x90, 0xB2, 0x23,
    0xF8, 0x0D, 0x9C, 0x4A, 0x8A, 0x5F, 0x03, 0x3E, 0x99, 0x9A, 0x4F, 0x7C, 0xAD, 0x69, 0x69, 0x2B,
    0x27, 0x4D, 0x4B, 0xE4, 0x6B, 0xFF, 0x59, 0xD3, 0x72, 0xE4, 0xEC, 0x2A, 0xEC, 0xE7, 0xE7, 0x18,
    0x8E, 0x24, 0x20, 0x86, 0xAC, 0xA8, 0x7C, 0x34, 0x46, 0xD9, 0x4C, 0x69, 0xA9, 0x78, 0x2B, 0xBF,
    0x34, 0xAD, 0x4C, 0xC6, 0x91, 0x39, 0xD2, 0x61, 0x3C, 0x65, 0xD5, 0x91, 0xE3, 0xDB, 0x1C, 0xE4,
    0x72, 0x21, 0xE4, 0x37, 0x56, 0x0F, 0xEE, 0x17, 0x6B, 0x22, 0x7F, 0x5D, 0xB1, 0x94, 0xF0, 0x2D,
    0x9E, 0x5B, 0x3E, 0x81, 0xB5, 0x3C, 0x99, 0x4B, 0xC6, 0x7D, 0xE4, 0x56, 0x2D, 0xEE, 0xA4, 0x23,
    0x79, 0xBD, 0x84, 0x3A, 0xFD, 0xE3, 0x87, 0x68, 0x8D, 0xC5, 0x7E, 0x91, 0x0F, 0xF3, 0xB1, 0xDE,
    0x3A, 0xD2, 0x63, 0xA8, 0x98, 0x49, 0x5A, 0x4F, 0x3E, 0xE9, 0xB1, 0x66, 0x8B, 0xB0, 0x04, 0x18,
    0xCB, 0x00, 0xED, 0x13, 0x5C, 0x64, 0x37, 0xBD, 0x16, 0x6E, 0xB7, 0x78, 0x7E, 0x11, 0x30, 0x0E,
    0x52, 0x1B, 0x07, 0x0D, 0x27, 0x5A, 0x1F, 0x92, 0xD7, 0x21, 0x5A, 0x77, 0x75, 0x6C, 0x16, 0xAD,
    0x71, 0x90, 0xE8, 0x78, 0xD4, 0x39, 0x2A, 0x55, 0xA3, 0x1E, 0x53, 0xDB, 0x6C, 0xD2, 0xE1, 0xE5,
    0x54, 0xE1, 0x14, 0x27, 0x4F, 0xC1, 0x29, 0x66, 0xDB, 0xF3, 0x81, 0x40, 0x28, 0x57, 0x53, 0x97,
    0x2F, 0xBD, 0x94, 0xE8, 0x21, 0x3C, 0x1E, 0x05, 0x19, 0x88, 0xB6, 0x68, 0xAB, 0x29, 0x1B, 0x77,
    0x8A, 0x1B, 0xB1, 0x53, 0xFF, 0x95, 0x46, 0x5A, 0x0D, 0xD2, 0x5A, 0x07, 0x02, 0xE9, 0x84, 0xFF,
    0x93, 0xCE, 0x1B, 0xE9, 0xD1, 0xFE, 0xA3, 0x43, 0x1A, 0x4D, 0x42, 0x2B, 0xF9, 0x83, 0x90, 0x34,
    0x71, 0xA3, 0xD1, 0xC2, 0x12, 0xFD, 0xBB, 0x89, 0x0E, 0xBF, 0x93, 0xD4, 0xD9, 0x67, 0xB8, 0x80,
    0x59, 0xAC, 0xCC, 0xFE, 0xA8, 0x78, 0xFE, 0xC9, 0x1F, 0x2E, 0x96, 0x9F, 0x6F, 0xC6, 0x78, 0x1D,
    0x41, 0x12, 0xEC, 0x5E, 0xDD, 0xAE, 0xE9, 0xCD, 0xC5, 0x4A, 0xED, 0x8E, 0xE2, 0x28, 0xF5, 0x47,
    0x02, 0x70, 0x09, 0x99, 0x58, 0x67, 0x77, 0x79, 0xDA, 0xDC, 0x4D, 0xFD, 0x09, 0x35, 0x42, 0x74,
    0x4D, 0x63, 0x77, 0x57, 0x2A, 0x8F, 0xED, 0x06, 0x4C, 0x02, 0x32, 0xE9, 0xC7, 0x12, 0xEB, 0x70,
    0x96, 0xE3, 0x8E, 0xAC, 0x86, 0xB3, 0x4E, 0x79, 0xD9, 0x6E, 0xB0, 0x26, 0xD1, 0x71, 0x4C, 0x15,
    0x65, 0x32, 0x9D, 0x7F, 0xF1, 0x77, 0x76, 0xE3, 0xE2, 0xCA, 0x67, 0x58, 0x95, 0x4C, 0x11, 0x10,
    0x19, 0x75, 0xA3, 0x78, 0xC8, 0x63, 0xE9, 0x65, 0x45, 0xF0, 0xA4, 0x59, 0x85, 0xE9, 0x38, 0xA6,
    0x9A, 0x32, 0x99, 0x2A, 0x95, 0x3B, 0x8A, 0x18, 0x1B, 0xA3, 0xAB, 0x23, 0x3F, 0x96, 0xC8, 0x95,
    0x30, 0x12, 0x33, 0x66, 0x18, 0x0D, 0xF6, 0x99, 0x9D, 0xE7, 0xEB, 0xB3, 0x2F, 0xFA, 0xCC, 0x6E,
    0x92, 0xE6, 0x48, 0x14, 0x0F, 0x7D, 0x2C, 0x19, 0x6E, 0xA5, 0xF0, 0xA3, 0x22, 0x85, 0xA0, 0x48,
    0x63, 0x09, 0x35, 0xC2, 0xD6, 0xF0, 0xFA, 0xAC, 0x17, 0xD3, 0xD3, 0x60, 0x17, 0x61, 0x1E, 0xEE,
    0xB1, 0x64, 0xBB, 0x34, 0xE5, 0x9F, 0xF1, 0xB1, 0xF4, 0x71, 0x17, 0xF4, 0x64, 0x99, 0xF6, 0x33,
    0xD5, 0x94, 0xC9, 0x54, 0xA9, 0xDC, 0x43, 0x07, 0xFD, 0xC4, 0xAB, 0x78, 0xA2, 0x22, 0x71, 0x2C,
    0x89, 0xF0, 0x58, 0xFA, 0x37, 0x51, 0x21, 0x3A, 0x96, 0x6E, 0x57, 0xC7, 0x52, 0xE2, 0x81, 0xF1,
    0x2C, 0x15, 0xD5, 0x7A, 0x4F, 0xCD, 0xE4, 0x27, 0xB9, 0x99, 0xBA, 0xF0, 0xDC, 0x79, 0xF2, 0xEA,
    0x58, 0x42, 0x53, 0x1D, 0x4B, 0x46, 0xEF, 0x58, 0x7A, 0xEB, 0x14, 0x1F, 0x4B, 0xB6, 0x3A, 0x96,
    0x7A, 0x6B, 0x8B, 0x66, 0xFD, 0xB2, 0x78, 0x3D, 0xD6, 0x08, 0xB6, 0x5A, 0x97, 0x2A, 0x12, 0x04,
    0xAC, 0xC7, 0x49, 0x72, 0xAF, 0x78, 0x5C, 0xF0, 0xB1, 0x34, 0x6E, 0x06, 0x70, 0xE3, 0x63, 0xA9,
    0x95, 0x7E, 0x2C, 0x59, 0x2A, 0xFD, 0x0F, 0xB5, 0x39, 0x8D, 0x7F, 0xE0, 0xB5, 0x9F, 0x1D, 0x76,
    0x9C, 0x3C, 0x89, 0xDE, 0x1A, 0x37, 0x70, 0xDA, 0x58, 0xE6, 0x64, 0x21, 0xB6, 0x13, 0x39, 0x1D,
    0x95, 0x3B, 0xAC, 0xD8, 0xFC, 0xEE, 0x5B, 0xC2, 0xB4, 0xD1, 0x55, 0x69, 0x83, 0xA6, 0x9D, 0x4C,
    0x1B, 0x2D, 0x98, 0xFF, 0xF4, 0xCE, 0xC4, 0x53, 0xBC, 0x0B, 0xA7, 0xF8, 0x37, 0xA8, 0xE3, 0x83,
    0x7B, 0x14, 0x3A, 0xB5, 0x55, 0xE4, 0x51, 0xC5, 0x70, 0xB2, 0xAA, 0x71, 0x97, 0xA8, 0x18, 0x01,
    0x91, 0x99, 0x20, 0x49, 0x25, 0x50, 0x5F, 0xDA, 0xBA, 0x70, 0x68, 0xA0, 0x4E, 0x62, 0x1B, 0x37,
    0x5C, 0x2B, 0x01, 0x7C, 0x93, 0x80, 0xA5, 0x98, 0x2A, 0x07, 0xF9, 0xFE, 0x97, 0x4B, 0xD2, 0xF1,
    0x48, 0x97, 0x97, 0x8F, 0xB0, 0xF2, 0xDB, 0xD3, 0x95, 0x93, 0xDE, 0xEA, 0x1F, 0x0B, 0xF9, 0x6C,
    0x55, 0xA2, 0xBA, 0xBB, 0x4A, 0x74, 0xC3, 0x80, 0xE8, 0x30, 0x4F, 0x4D, 0x36, 0xD5, 0xB7, 0x48,
    0x75, 0xD0, 0xAA, 0xC2, 0xA1, 0x5B, 0x1E, 0x08, 0xA7, 0xE4, 0x70, 0x8A, 0xD0, 0x8F, 0x7A, 0x48,
    0x7A, 0x10, 0x41, 0xFE, 0xC0, 0xBC, 0xF3, 0xB8, 0x26, 0x3C, 0xD0, 0x10, 0x17, 0x28, 0xC3, 0x63,
    0x17, 0xCC, 0x3F, 0x52, 0x1D, 0xB7, 0xAA, 0x42, 0x92, 0xD6, 0xC6, 0xF9, 0x3C, 0x0A, 0xFF, 0xED,
    0xE6, 0x91, 0xB7, 0xFD, 0x7E, 0xA2, 0x06, 0x59, 0x68, 0x5A, 0xA2, 0x34, 0xB9, 0x01, 0x54, 0x83,
    0x35, 0xCA, 0x5E, 0x7C, 0xED, 0x36, 0x9A, 0xD1, 0x7D, 0x64, 0x02, 0x03, 0xA4, 0x0A, 0x0B, 0x74,
    0x12, 0xA2, 0xAF, 0xF3, 0x0B, 0xCD, 0xC2, 0xFF, 0xBA, 0x53, 0x7B, 0x23, 0xA9, 0xC9, 0x37, 0xE6,
    0x49, 0x65, 0x25, 0x1C, 0x91, 0x09, 0x03, 0xA1, 0xA9, 0xA8, 0x0F, 0xB5, 0xC3, 0xE3, 0x02, 0x88,
    0x0F, 0x07, 0xD6, 0x4B, 0x36, 0xFD, 0x28, 0x78, 0xCA, 0x7F, 0x1E, 0xFD, 0x51, 0x90, 0x73, 0x8D,
    0x01, 0x7A, 0xCA, 0x23, 0x8F, 0xCA, 0x20, 0x93, 0x31, 0xFE, 0x12, 0x60, 0x9A, 0xCC, 0x98, 0x4E,
    0xFB, 0x51, 0x30, 0x2B, 0x9F, 0xF8, 0x51, 0x90, 0xDD, 0xC0, 0x26, 0xFA, 0x88, 0x6F, 0xA8, 0xB6,
    0xDE, 0x4B, 0xE6, 0xF3, 0xB3, 0xF7, 0x74, 0xF2, 0xD3, 0x36, 0x12, 0x98, 0xA5, 0x39, 0x71, 0x1B,
    0xB4, 0x7F, 0x8B, 0xB7, 0xCB, 0x7C, 0x6D, 0xE5, 0x92, 0x61, 0x5B, 0x4F, 0x10, 0xE0, 0xC0, 0x5B,
    0x91, 0x0E, 0x27, 0x3B, 0x9D, 0xBC, 0xC5, 0x3F, 0x11, 0xDD, 0x2F, 0x1D, 0xEE, 0x10, 0x13, 0x7D,
    0xA8, 0x6C, 0x80, 0xBE, 0x54, 0xAA, 0x5F, 0xF6, 0xAD, 0x88, 0xA0, 0x93, 0x9E, 0xC3, 0x01, 0x4F,
    0xBE, 0x4D, 0xC2, 0x45, 0x0E, 0x03, 0x94, 0x7D, 0x0B, 0xB7, 0x7E, 0x43, 0x0E, 0x7E, 0xC7, 0x65,
    0x99, 0x74, 0xDA, 0xD0, 0xDB, 0x2A, 0x93, 0x29, 0x3B, 0x51, 0x15, 0xB5, 0xAA, 0x97, 0x00, 0x45,
    0x6B, 0xEB, 0x3B, 0x77, 0x84, 0x3B, 0xD1, 0x62, 0xF9, 0xEE, 0xCE, 0x21, 0xF2, 0xEA, 0x67, 0xB2,
    0xE9, 0x87, 0xF4, 0x76, 0x26, 0x30, 0xA5, 0xEF, 0x44, 0x45, 0xC7, 0x5E, 0xC5, 0xA2, 0xE4, 0xF3,
    0xA0, 0xBB, 0x87, 0xBF, 0x13, 0x59, 0xF9, 0x48, 0x02, 0xE1, 0x53, 0xEB, 0xC6, 0x26, 0xE9, 0x57,
    0xA4, 0x0F, 0x1B, 0x6C, 0x3A, 0xAB, 0x70, 0x30, 0xEE, 0x12, 0xE5, 0x88, 0x16, 0x7F, 0x33, 0x0E,
    0xBB, 0xFB, 0xF1, 0x36, 0x3C, 0x56, 0xF6, 0x48, 0x54, 0x27, 0x96, 0xF7, 0x92, 0xF2, 0xB5, 0xB4,
    0x38, 0xA7, 0xFD, 0xCD, 0xE0, 0xE8, 0x1C, 0x8F, 0x5F, 0xC0, 0xC4, 0xE3, 0x56, 0x9B, 0x77, 0xC2,
    0x0C, 0x07, 0x22, 0x17, 0x5D, 0x71, 0x1D, 0xB5, 0xAA, 0xD7, 0x31, 0x88, 0x85, 0x89, 0x4F, 0x7D,
    0xBB, 0x71, 0xEA, 0xD7, 0xBF, 0xDD, 0x78, 0x7E, 0xCE, 0xE8, 0x61, 0xF6, 0x3F, 0x8F, 0x36, 0xC6,
    0xAC, 0x4D, 0x0D, 0xE0, 0xB4, 0x46, 0x4D, 0x3E, 0xD1, 0xC8, 0x56, 0x8D, 0x06, 0xAA, 0xFB, 0x09,
    0x92, 0x60, 0xAC, 0x01, 0x82, 0x00, 0x47, 0xF9, 0xE9, 0x2D, 0x4B, 0xC7, 0x2B, 0xDD, 0xE5, 0xB8,
    0xA2, 0xDE, 0x83, 0xD7, 0x91, 0x73, 0xD6, 0x86, 0x92, 0xC3, 0xED, 0xD9, 0xD2, 0x62, 0x63, 0x56,
    0xDE, 0x3F, 0x07, 0x27, 0xE5, 0x1F, 0x42, 0xD8, 0x58, 0x77, 0xE9, 0xA2, 0x03, 0xEF, 0x89, 0x21,
    0x9B, 0x6D, 0x85, 0x46, 0xAF, 0xDB, 0x47, 0xAD, 0xDC, 0x97, 0xB6, 0x58, 0xAD, 0x81, 0xD9, 0x47,
    0x2E, 0x9D, 0xD3, 0xF6, 0x9E, 0xF1, 0x33, 0xA6, 0xC1, 0xF7, 0x31, 0x5F, 0xBD, 0x8F, 0xD9, 0x03,
    0xDB, 0x78, 0x24, 0x54, 0x96, 0x73, 0x88, 0x1D, 0x10, 0x73, 0x98, 0x95, 0x72, 0x41, 0x89, 0xC6,
    0x02, 0xAA, 0x95, 0x48, 0xB0, 0x29, 0x48, 0x39, 0x26, 0x95, 0xB6, 0xC3, 0x56, 0x56, 0x77, 0x8D,
    0x26, 0xA1, 0x1E, 0xC2, 0xEB, 0x52, 0x04, 0x7C, 0x8A, 0x80, 0x55, 0x5A, 0x98, 0x95, 0x2B, 0x0B,
    0xFA, 0x7C, 0x79, 0xA4, 0x68, 0xC2, 0x51, 0x60, 0x5B, 0x3D, 0x1A, 0x6B, 0x63, 0xC9, 0xE1, 0x18,
    0x28, 0x1D, 0x77, 0xCB, 0x9F, 0x1C, 0xCA, 0x33, 0xEC, 0xA5, 0xC3, 0x13, 0x9F, 0xB8, 0xF6, 0x73,
    0x91, 0xCA, 0x1C, 0x2C, 0xF1, 0xC3, 0xB5, 0xF1, 0xE4, 0x92, 0xC3, 0xD0, 0xB5, 0xD2, 0xD3, 0x97,
    0x3E, 0x6F, 0x2B, 0x39, 0x6F, 0x26, 0x4F, 0xB6, 0x80, 0xF3, 0xC4, 0x45, 0x2A, 0x87, 0x31, 0xDD,
    0x88, 0x1D, 0xC0, 0x49, 0xF2, 0x4E, 0xA8, 0x72, 0xC8, 0xD7, 0x87, 0x13, 0x88, 0x0A, 0x07, 0xA8,
    0xCB, 0xB0, 0xA2, 0x0E, 0xBD, 0x23, 0xCE, 0x57, 0x7A, 0x39, 0xFA, 0x7C, 0xB5, 0x3D, 0x2D, 0x5F,
    0xA9, 0x62, 0xFA, 0x1A, 0xA5, 0xBD, 0x39, 0x1C, 0xBD, 0xCF, 0x69, 0x7F, 0x1A, 0x3D, 0x82, 0x4C,
    0x48, 0xE5, 0x08, 0xDF, 0x49, 0x94, 0xFC, 0xD1, 0xFB, 0x9C, 0x53, 0xA4, 0xE7, 0xAB, 0x43, 0x64,
    0xC2, 0xA3, 0xFB, 0x1B, 0xE7, 0x51, 0xFB, 0x9C, 0x7C, 0x75, 0x83, 0xC9, 0x4A, 0x9E, 0x07, 0x88,
    0x55, 0xB3, 0x0D, 0x27, 0xC0, 0x0E, 0xE8, 0xC5, 0x65, 0x14, 0x1E, 0x93, 0x6E, 0xDE, 0x0C, 0x12,
    0x98, 0x7C, 0xDF, 0x9F, 0xDC, 0xC2, 0x3D, 0x32, 0x6C, 0x57, 0xD8, 0xB2, 0x3F, 0xED, 0x2F, 0x91,
    0xC9, 0xBD, 0xB6, 0xE9, 0x4F, 0x89, 0x0D, 0xF7, 0xDE, 0x3F, 0x0D, 0xDF, 0x70, 0xD9, 0x0D, 0x38,
    0xD4, 0xAB, 0x82, 0xCA, 0x5E, 0x23, 0xC3, 0xB3, 0x57, 0xB7, 0x3F, 0x7B, 0x35, 0x90, 0x8D, 0xCC,
    0xC3, 0xCA, 0x5E, 0x7E, 0x5F, 0xF6, 0xAA, 0xF7, 0xE0, 0x2D, 0xDE, 0xEF, 0x78, 0x97, 0x86, 0xEA,
    0x4E, 0xF6, 0xB4, 0xFD, 0x8D, 0xD9, 0xEE, 0x95, 0x73, 0x4A, 0x4A, 0xCF, 0x36, 0x7A, 0xC6, 0xF9,
    0x3F, 0xB5, 0x97, 0x01, 0x84, 0x24, 0x57, 0xFE, 0xC7, 0xBF, 0xD5, 0x35, 0xBD, 0x9D, 0x9D, 0xB2,
    0xD5, 0x83, 0xAD, 0xFC, 0x37, 0xD9, 0x99, 0x69, 0x08, 0xFC, 0xE3, 0x65, 0x16, 0x0E, 0x7D, 0x67,
    0x62, 0xEB, 0x70, 0x81, 0x65, 0x0D, 0xA6, 0x36, 0xEC, 0xC6, 0xEC, 0xE2, 0x0E, 0x69, 0x1B, 0x7B,
    0x08, 0xFA, 0x98, 0x64, 0x0A, 0xEE, 0x70, 0x61, 0x6F, 0xB0, 0x81, 0xDC, 0x9D, 0x0C, 0x12, 0x76,
    0x67, 0xDD, 0x4E, 0x87, 0x6B, 0xE6, 0x26, 0x93, 0xED, 0x01, 0x82, 0x83, 0x06, 0x0E, 0x39, 0x14,
    0x76, 0xE1, 0x72, 0x68, 0xF4, 0xD2, 0x3B, 0x66, 0xBA, 0xEE, 0xFB, 0x5E, 0xBF, 0x5F, 0xB6, 0xAA,
    0x7A, 0x7A, 0x6E, 0x32, 0xC9, 0xBD, 0xF8, 0x7D, 0xF7, 0xBD, 0xF7, 0xEA, 0x7D, 0xFA, 0xF7, 0x7E,
    0x55, 0xF9, 0xFD, 0xDE, 0x80, 0xAD, 0xBC, 0x14, 0x79, 0xD5, 0xFD, 0xD4, 0xF3, 0x4B, 0x7B, 0xDF,
    0x59, 0x75, 0x98, 0x5E, 0x29, 0x87, 0x91, 0xC7, 0xD5, 0x8F, 0x2E, 0xA7, 0xE9, 0x47, 0x01, 0xE0,
    0x21, 0xC6, 0x19, 0xA7, 0x0B, 0xCF, 0x58, 0x9A, 0xA6, 0xD9, 0x3E, 0x5E, 0xB4, 0xBA, 0xB6, 0xCE,
    0x37, 0xC3, 0x7A, 0xCB, 0xC3, 0xF1, 0x76, 0xC3, 0xA9, 0x77, 0xBE, 0x4D, 0xEB, 0xE7, 0x9D, 0x25,
    0xBD, 0xA7, 0x68, 0xBA, 0xA9, 0xC6, 0xEF, 0xEE, 0xAB, 0xCE, 0x37, 0x87, 0x8A, 0xCF, 0x8F, 0x19,
    0xF7, 0xAA, 0x5F, 0xBD, 0x75, 0x4F, 0x01, 0x50, 0x4E, 0x08, 0xE5, 0xC6, 0xC6, 0xF0, 0x9D, 0xA5,
    0xE9, 0xA1, 0x13, 0x45, 0xCB, 0xC2, 0xA2, 0x4F, 0xAA, 0x7D, 0x65, 0x39, 0xC7, 0x68, 0xFF, 0xF1,
    0x1A, 0xE7, 0x53, 0xC3, 0xA0, 0xA1, 0x92, 0xA6, 0x07, 0xB6, 0xAF, 0x74, 0xBF, 0x12, 0x02, 0xDA,
    0xD8, 0x1F, 0x1A, 0x8A, 0xB0, 0xFE, 0x71, 0x58, 0x64, 0x19, 0xDB, 0xF9, 0x76, 0x4B, 0x35, 0xDE,
    0x7A, 0x20, 0x3C, 0xB8, 0x64, 0xB8, 0xF4, 0x2D, 0x67, 0x9C, 0xB3, 0x9C, 0x0B, 0xC1, 0xCF, 0x97,
    0x8F, 0x3C, 0xDF, 0x17, 0x37, 0x5E, 0x36, 0xE7, 0x83, 0x70, 0x64, 0x6F, 0x3C, 0xDA, 0x5F, 0x64,
    0x89, 0x5F, 0x6B, 0xF4, 0x6B, 0xE7, 0xA3, 0xFB, 0xE3, 0xF1, 0xBA, 0xE2, 0x64, 0x78, 0x21, 0x2D,
    0xA1, 0xF5, 0x80, 0x52, 0x1F, 0xF0, 0x6E, 0x03, 0x1F, 0x54, 0x63, 0x2F, 0x71, 0x0E, 0xA7, 0x81,
    0x57, 0xB4, 0x5F, 0x12, 0xAF, 0x3C, 0x47, 0x62, 0x76, 0x9D, 0xE7, 0x1F, 0x5A, 0x16, 0x9F, 0xBD,
    0x94, 0xC6, 0xCE, 0x13, 0xA7, 0x4F, 0xDF, 0x16, 0x8D, 0x4F, 0x7B, 0x58, 0x74, 0x9E, 0x9D, 0xE9,
    0xA1, 0x36, 0x0C, 0x61, 0x5B, 0x82, 0x28, 0x0A, 0x13, 0x74, 0xD2, 0x38, 0x01, 0xDC, 0x9C, 0x04,
    0x6F, 0xC7, 0x66, 0x21, 0x8D, 0x5B, 0xC0, 0xB3, 0x90, 0x92, 0xC0, 0xCA, 0x4C, 0x82, 0x2F, 0xD3,
    0x41, 0x82, 0xC6, 0xE7, 0x1C, 0x02, 0x13, 0xC4, 0x40, 0x0D, 0x45, 0xA0, 0x4F, 0x0D, 0x2F, 0x83,
    0x6A, 0x5F, 0xFB, 0xAB, 0x7E, 0x6E, 0x43, 0xB6, 0xE9, 0x56, 0x4B, 0xD3, 0x89, 0xD0, 0xAE, 0x96,
    0x50, 0xF0, 0xE3, 0xEE, 0x0A, 0x7E, 0xDF, 0x7A, 0x1A, 0x6C, 0xE8, 0xB9, 0x24, 0x4B, 0xA9, 0x58,
    0x41, 0x56, 0xD2, 0x74, 0x00, 0x7E, 0x92, 0x4B, 0xD0, 0x4D, 0xF0, 0x13, 0x1D, 0x9F, 0xD1, 0xAB,
    0xFD, 0x04, 0xE7, 0x21, 0x3E, 0x7B, 0x79, 0x9F, 0xCD, 0xD0, 0x03, 0x60, 0x45, 0xE3, 0x75, 0x9B,
    0x80, 0x17, 0xC7, 0xDB, 0x11, 0x9E, 0xA2, 0xF0, 0x1B, 0x41, 0xFE, 0x37, 0xC8, 0x2B, 0x8A, 0x59,
    0x98, 0x4C, 0x6E, 0x3C, 0x8C, 0xF7, 0xB1, 0xB3, 0x19, 0xEE, 0x17, 0xC9, 0x8D, 0x8F, 0x39, 0x9C,
    0x06, 0xBA, 0x45, 0xD4, 0x04, 0x32, 0x26, 0xBD, 0xD5, 0xA4, 0xF8, 0x56, 0x5B, 0xD1, 0x67, 0xB9,
    0xB7, 0xEA, 0xEC, 0x51, 0x4A, 0x7B, 0x00, 0x5C, 0x3D, 0x55, 0x7D, 0x9F, 0xB2, 0xBA, 0x00, 0x5C,
    0x4C, 0x2A, 0x7D, 0x9C, 0x05, 0x7E, 0x09, 0xB6, 0x5B, 0x68, 0x6C, 0x92, 0x41, 0x77, 0xC9, 0x70,
    0x45, 0x48, 0xEE, 0xE8, 0x7E, 0x0B, 0x46, 0xDA, 0xD1, 0xB6, 0x9E, 0xFB, 0x8C, 0x03, 0x80, 0x12,
    0x3A, 0x00, 0x12, 0x37, 0x1E, 0x49, 0xA9, 0xE7, 0xED, 0xA1, 0xD2, 0x9C, 0xEB, 0x61, 0x61, 0x7E,
    0xFB, 0x4D, 0x34, 0x2B, 0x49, 0x15, 0xD2, 0x0A, 0x1F, 0xCD, 0x04, 0xC7, 0xB1, 0x64, 0x83, 0xC3,
    0xEC, 0x64, 0xBC, 0x5F, 0x02, 0x3A, 0xCF, 0x81, 0x4A, 0xF7, 0xFF, 0xF6, 0xE0, 0x03, 0xC9, 0x48,
    0x2A, 0x71, 0x65, 0x0F, 0x4E, 0x67, 0x88, 0xEF, 0xF9, 0x56, 0x9D, 0x5B, 0x85, 0xCF, 0x11, 0xA8,
    0xA6, 0x69, 0x0F, 0x70, 0x75, 0x70, 0x2A, 0x7A, 0x6A, 0xBE, 0x09, 0x38, 0xFD, 0x5A, 0x88, 0x5A,
    0xCC, 0x14, 0x20, 0x6D, 0x09, 0x51, 0x34, 0x8E, 0x5F, 0x23, 0x3E, 0x6E, 0x47, 0xE1, 0xB3, 0x1C,
    0xBE, 0x97, 0x20, 0x28, 0xE0, 0x5B, 0x3E, 0x8A, 0xC2, 0x85, 0xFE, 0xF1, 0x8E, 0x33, 0xEC, 0xE2,
    0xF8, 0x8E, 0x0E, 0xC9, 0xBB, 0x11, 0xCC, 0x6B, 0x34, 0x92, 0x03, 0xE8, 0x40, 0x94, 0xBA, 0x95,
    0x98, 0x5B, 0xB9, 0x52, 0x7A, 0x72, 0x31, 0x06, 0xEE, 0x3C, 0x17, 0xF8, 0x4B, 0x3E, 0x30, 0xEB,
    0x77, 0x0E, 0x66, 0x7D, 0xA8, 0x9C, 0x71, 0xAE, 0x36, 0x6C, 0x61, 0x6E, 0xA5, 0xC5, 0x75, 0xB1,
    0x9D, 0xF4, 0x1D, 0xBF, 0xF1, 0x31, 0xD7, 0x91, 0x35, 0x68, 0x9B, 0x62, 0x5F, 0x75, 0x86, 0xB3,
    0x2A, 0x58, 0x99, 0x55, 0xF0, 0xB5, 0xCD, 0xDD, 0xEE, 0x0C, 0x6B, 0x07, 0xDC, 0xA7, 0xB4, 0x7D,
    0x71, 0xFD, 0x1D, 0xAE, 0xBF, 0xA3, 0xC0, 0xBE, 0x24, 0x79, 0x00, 0xAA, 0x60, 0x17, 0x20, 0xAC,
    0xC3, 0x0C, 0x8B, 0xA6, 0x59, 0xED, 0xE5, 0xB9, 0xDB, 0x86, 0xE7, 0x90, 0x95, 0xFE, 0x49, 0x05,
    0xE1, 0xAC, 0xE1, 0xB9, 0xF1, 0x4B, 0x13, 0x8B, 0x98, 0xF8, 0x35, 0xE6, 0x93, 0xC3, 0xF9, 0xF4,
    0x68, 0x7F, 0x74, 0x3F, 0xC3, 0x92, 0x4F, 0x69, 0x2A, 0xC3, 0x12, 0xDE, 0x6A, 0x8E, 0x47, 0x9F,
    0x66, 0x2C, 0xCF, 0x32, 0x54, 0xC6, 0x0A, 0x85, 0xE7, 0x42, 0xEE, 0x8C, 0x8D, 0x47, 0xF3, 0xBB,
    0x3B, 0x0F, 0xE6, 0x77, 0xB3, 0xAC, 0x60, 0x69, 0x56, 0x95, 0x42, 0x5C, 0xC8, 0xEE, 0x2F, 0xB2,
    0x8E, 0x8E, 0xD7, 0xFC, 0x6E, 0x67, 0x68, 0x59, 0xDA, 0x5E, 0x96, 0xD8, 0x4F, 0xD1, 0x36, 0x68,
    0x3D, 0xC0, 0x19, 0x00, 0x95, 0x3F, 0x03, 0x1F, 0x7A, 0x5D, 0xAF, 0x8F, 0x61, 0x19, 0x28, 0x73,
    0x7D, 0x16, 0x8D, 0xFB, 0x04, 0xAC, 0x91, 0x06, 0xCC, 0x59, 0xE1, 0xB0, 0x76, 0x80, 0xF6, 0x32,
    0x7B, 0xC4, 0x51, 0xCE, 0x90, 0x35, 0x0A, 0x9E, 0x1E, 0x62, 0xC6, 0x09, 0x81, 0x96, 0xBB, 0x67,
    0x65, 0x50, 0xE9, 0xC2, 0xFD, 0xA7, 0xDF, 0x42, 0xCD, 0xDB, 0x5D, 0x40, 0xBD, 0x94, 0x78, 0xC0,
    0x31, 0x21, 0xBC, 0x5D, 0x0C, 0xA1, 0x81, 0x4A, 0x8D, 0x7C, 0x56, 0xEE, 0x93, 0x69, 0x8E, 0xCC,
    0x7A, 0xB9, 0xCD, 0xB9, 0x75, 0x81, 0x4D, 0xAA, 0x91, 0xCF, 0xB4, 0xA4, 0xA1, 0x14, 0x1D, 0xC9,
    0x1F, 0x56, 0xD2, 0xF8, 0x34, 0x35, 0x92, 0x3C, 0x83, 0x17, 0xDE, 0x53, 0x83, 0x0A, 0x7F, 0x9C,
    0x1A, 0x29, 0xEE, 0x3E, 0xCB, 0xBB, 0xBB, 0xAF, 0x6B, 0xE4, 0xFE, 0xA9, 0x6B, 0x64, 0xD1, 0xFB,
    0x22, 0x3E, 0x0D, 0x59, 0x0B, 0x9E, 0xFE, 0xD7, 0x5A, 0x30, 0x6F, 0x6A, 0xC1, 0x40, 0x6A, 0x41,
    0xD1, 0xFB, 0x7D, 0x23, 0x63, 0x64, 0x2C, 0xED, 0x9F, 0x3E, 0x59, 0xD7, 0xA3, 0x08, 0x75, 0x12,
    0xEB, 0x70, 0x5F, 0x58, 0xF4, 0x76, 0xCC, 0xB9, 0x3B, 0x03, 0xF2, 0xEB, 0x59, 0xDB, 0x49, 0x7B,
    0x75, 0xBE, 0xC7, 0x49, 0xB7, 0x61, 0xC3, 0x61, 0x18, 0x2C, 0xE7, 0x93, 0xED, 0x4E, 0xFA, 0xC9,
    0xB6, 0xEC, 0x6D, 0x5F, 0xDB, 0xE0, 0xFA, 0x86, 0x3C, 0x2F, 0x97, 0x81, 0x22, 0xE7, 0x35, 0xDA,
    0x0C, 0x50, 0xF4, 0x49, 0xB3, 0x3E, 0xCD, 0xF8, 0xB3, 0xC4, 0xF5, 0x5E, 0x3D, 0x58, 0x1E, 0xED,
    0x73, 0x63, 0xDA, 0x84, 0xA4, 0x24, 0xAC, 0xA2, 0x4F, 0xC2, 0x98, 0xB1, 0xFE, 0xB8, 0x19, 0x7F,
    0x74, 0x3F, 0xCB, 0xB2, 0x9C, 0x02, 0xEB, 0xF7, 0xC2, 0xCA, 0xFB, 0xC4, 0xBE, 0x7C, 0x27, 0x95,
    0x10, 0xF5, 0x9C, 0xD9, 0x0B, 0x50, 0x50, 0x88, 0x79, 0xE3, 0xE1, 0xA7, 0x03, 0x5E, 0x4D, 0x2C,
    0x67, 0xC6, 0x70, 0xE8, 0x7D, 0xDD, 0x0D, 0xF1, 0x1A, 0x8D, 0x67, 0xB3, 0x3E, 0xB1, 0x6F, 0xCC,
    0x72, 0xD8, 0xCE, 0x17, 0x58, 0x7C, 0x77, 0x9F, 0x0E, 0x3A, 0xA9, 0xB0, 0x18, 0xF7, 0xCD, 0x5E,
    0xBD, 0xB3, 0x2F, 0x7F, 0xC1, 0x24, 0x34, 0xB9, 0x55, 0xBF, 0x07, 0x7C, 0xE0, 0xAD, 0x57, 0x79,
    0xAB, 0xD6, 0xD9, 0xC8, 0xC4, 0x7E, 0x8D, 0x1B, 0x79, 0xF5, 0x20, 0xC9, 0xE0, 0xF4, 0x19, 0xD1,
    0x49, 0x29, 0x9A, 0x64, 0x25, 0xDA, 0xA8, 0x73, 0x4E, 0x83, 0x0C, 0x71, 0xC6, 0x81, 0xCE, 0x45,
    0xB1, 0x95, 0xBE, 0xB7, 0xC7, 0x84, 0x74, 0xAE, 0x87, 0x5A, 0xB5, 0xF9, 0x66, 0x3E, 0x21, 0x61,
    0xFC, 0xB5, 0xD2, 0x55, 0xD2, 0x8B, 0xC7, 0x06, 0xF0, 0x13, 0x5C, 0x1A, 0x86, 0xBC, 0xA4, 0x27,
    0x64, 0xBE, 0xAF, 0x43, 0xA7, 0xFF, 0x75, 0xFA, 0x67, 0x12, 0x3D, 0x0F, 0x60, 0x91, 0x9C, 0x45,
    0x32, 0x68, 0xBF, 0x5D, 0xE5, 0xA7, 0x71, 0xD0, 0x8E, 0xB0, 0x48, 0xCE, 0xE2, 0xCE, 0x56, 0x6F,
    0xB1, 0xF1, 0x79, 0xB8, 0x08, 0x24, 0x8A, 0x06, 0x4F, 0x5E, 0xDF, 0x1D, 0xF3, 0x47, 0x40, 0x52,
    0xDA, 0x43, 0x0B, 0xC2, 0x31, 0xED, 0xAC, 0x0F, 0xF8, 0xAC, 0xC1, 0xBE, 0x1F, 0xDC, 0xF6, 0x7D,
    0x28, 0xB1, 0x47, 0x9C, 0x1B, 0xFA, 0x2D, 0xF8, 0x39, 0xEB, 0xA4, 0x57, 0xFD, 0x77, 0x97, 0xB9,
    0x8E, 0xAC, 0x49, 0x5D, 0x3E, 0xA7, 0xC8, 0x51, 0xE4, 0x28, 0x28, 0x6D, 0x8F, 0x38, 0x7E, 0xA4,
    0xB8, 0x6F, 0x64, 0x2F, 0x5F, 0x55, 0xDC, 0xAF, 0xF4, 0x73, 0xC7, 0xD7, 0xE5, 0x29, 0x9A, 0x6F,
    0x58, 0x58, 0x14, 0xD3, 0xAC, 0xE1, 0x0B, 0x96, 0xE3, 0x1B, 0x56, 0x10, 0x72, 0x8D, 0x63, 0x37,
    0x3E, 0x3B, 0xA9, 0x2E, 0x4F, 0x45, 0xCB, 0xBE, 0x5A, 0x3B, 0x10, 0x9F, 0x86, 0x39, 0x9F, 0xBE,
    0x24, 0xA3, 0xC1, 0xF5, 0x93, 0xD5, 0xE5, 0xB3, 0x6A, 0x6D, 0xE0, 0xAB, 0xC6, 0xEE, 0xD1, 0xAC,
    0xF6, 0x75, 0x9E, 0x6F, 0xDF, 0x9C, 0x6F, 0x56, 0x78, 0x93, 0x6B, 0xF2, 0xD9, 0x51, 0xAC, 0x56,
    0x47, 0xAC, 0xE0, 0x03, 0xCD, 0x5A, 0xF9, 0x8E, 0xB5, 0x63, 0xFC, 0x3A, 0x77, 0xC2, 0x9A, 0x3C,
    0xC7, 0xBD, 0x73, 0x8C, 0xFB, 0x1C, 0x59, 0xDA, 0xBE, 0xE2, 0xF8, 0x2F, 0xE4, 0xCC, 0x19, 0xFB,
    0xE2, 0x3A, 0xD7, 0x87, 0x9C, 0xC7, 0x4B, 0xB4, 0x44, 0x15, 0xFE, 0x17, 0xE8, 0x7A, 0x09, 0x1E,
    0xEB, 0x9A, 0x9C, 0x7D, 0x87, 0x50, 0xD6, 0xDE, 0x10, 0xBF, 0xE4, 0x1D, 0xCA, 0x19, 0xA7, 0x8E,
    0x2E, 0x9A, 0x77, 0xD2, 0xF5, 0x7C, 0x7A, 0x0D, 0x33, 0xDF, 0xFC, 0xD6, 0x80, 0xDF, 0x6B, 0x93,
    0x29, 0xD2, 0xCC, 0xB5, 0x00, 0xDA, 0x65, 0xA6, 0xB5, 0x72, 0xD3, 0xA4, 0xD7, 0xAD, 0xA4, 0xFE,
    0xE1, 0x83, 0xF0, 0x98, 0xF4, 0x8A, 0x7A, 0x70, 0x23, 0x68, 0xC2, 0xBB, 0x34, 0x80, 0x37, 0x1A,
    0xB7, 0xF0, 0xEA, 0xB6, 0x31, 0x27, 0xE4, 0xB8, 0x7B, 0xC2, 0xF4, 0x2A, 0xAC, 0x72, 0x81, 0xA5,
    0xED, 0x12, 0xFD, 0x81, 0x61, 0x35, 0x3E, 0xB6, 0xE9, 0x30, 0x34, 0x06, 0xB1, 0xF1, 0x94, 0x88,
    0xFA, 0x88, 0x53, 0x6E, 0xB2, 0x6F, 0x19, 0x01, 0xFB, 0xDD, 0x89, 0xE9, 0xF5, 0x78, 0x56, 0xCD,
    0xB2, 0xE4, 0x7C, 0x9A, 0x27, 0xE7, 0x2B, 0xA4, 0x57, 0x64, 0x4C, 0xD2, 0xA2, 0x49, 0xB1, 0x59,
    0xD6, 0xAB, 0xDB, 0x8D, 0x2D, 0xC6, 0x77, 0xB3, 0xDC, 0xCC, 0x9E, 0x4F, 0xE7, 0x9A, 0x12, 0x6C,
    0x8A, 0x0D, 0x27, 0xA6, 0xD8, 0xD7, 0x1A, 0x9B, 0xA8, 0xAF, 0x8D, 0xB1, 0xE4, 0x9C, 0xE5, 0x66,
    0xFB, 0x7A, 0xB7, 0xDE, 0x19, 0xC6, 0x23, 0xDF, 0x9C, 0x84, 0xD6, 0x03, 0xDC, 0x3E, 0x50, 0x7D,
    0x03, 0xD8, 0xF5, 0xBA, 0xD5, 0xAE, 0xF3, 0xD5, 0x14, 0x30, 0x65, 0xD6, 0x75, 0x6E, 0x46, 0x70,
    0xE3, 0x17, 0x4D, 0xC0, 0xBD, 0x39, 0x00, 0x2A, 0xA1, 0x9D, 0x6B, 0x61, 0x7A, 0x9B, 0xC2, 0x9F,
    0x68, 0x95, 0xC9, 0xB2, 0x87, 0x05, 0xE5, 0x56, 0x29, 0x1C, 0x4B, 0xB1, 0xFF, 0x36, 0x29, 0x76,
    0xF5, 0x4D, 0x7A, 0xDA, 0xAB, 0xCA, 0x55, 0x21, 0xFB, 0x99, 0x8C, 0x5E, 0x49, 0x74, 0x33, 0xEF,
    0x6A, 0xCB, 0x89, 0xCD, 0xD1, 0x25, 0xC5, 0x96, 0x9E, 0x30, 0xC5, 0x86, 0x4C, 0xB1, 0xDC, 0xA7,
    0xFF, 0xE5, 0x78, 0x3C, 0x35, 0x0E, 0x7C, 0x1F, 0x75, 0x6D, 0x2B, 0x3E, 0x7E, 0x3A, 0xD4, 0x7D,
    0xCE, 0xD9, 0x94, 0xE8, 0xE8, 0x14, 0xB9, 0x62, 0xFA, 0x5F, 0xA6, 0xBE, 0xDF, 0xB8, 0x37, 0x9E,
    0x1A, 0x25, 0x9D, 0x71, 0x8F, 0x42, 0x73, 0x45, 0xE1, 0x67, 0x43, 0x45, 0x86, 0x19, 0x73, 0xAF,
    0x22, 0x83, 0xFF, 0x72, 0x9C, 0xFA, 0x2A, 0x5A, 0x9A, 0x9C, 0xCE, 0x60, 0xDA, 0x39, 0xB3, 0x2F,
    0xF8, 0xCD, 0x23, 0x45, 0x5F, 0x54, 0xD0, 0xE4, 0xBE, 0x3E, 0x39, 0xA5, 0x11, 0x63, 0x87, 0x8C,
    0xC6, 0xBD, 0x13, 0xA5, 0x8D, 0x0B, 0xC1, 0x92, 0xF5, 0xA9, 0x5E, 0x60, 0x19, 0x7F, 0x56, 0x98,
    0xCE, 0x38, 0x1E, 0xFA, 0xF6, 0x2A, 0x9F, 0xD0, 0xE4, 0xB5, 0x2E, 0x00, 0xBB, 0x15, 0xBE, 0x56,
    0x3C, 0x7E, 0xF1, 0xB7, 0x25, 0xF0, 0xEB, 0x8C, 0x98, 0x39, 0x1F, 0x40, 0x51, 0xB8, 0x30, 0x30,
    0x17, 0xBF, 0x8C, 0xA4, 0x6C, 0x71, 0xC4, 0x06, 0x71, 0x4F, 0x69, 0x99, 0x35, 0x43, 0x73, 0x7C,
    0xB8, 0x21, 0x24, 0x0F, 0xD3, 0x8B, 0x8C, 0x74, 0xB8, 0x57, 0x73, 0x80, 0x8A, 0xDD, 0x3B, 0x5B,
    0x94, 0xDC, 0xAA, 0xCA, 0x88, 0x99, 0xAB, 0x90, 0x6C, 0x45, 0xE3, 0xE5, 0xEE, 0x9B, 0x25, 0x97,
    0x20, 0x8F, 0x14, 0x1F, 0x16, 0xF2, 0xB1, 0xD0, 0xC3, 0x22, 0xCF, 0x34, 0x2F, 0xEB, 0xAE, 0x1A,
    0x0D, 0x3D, 0xBB, 0x90, 0x16, 0xC9, 0x27, 0x77, 0x57, 0x9A, 0x3C, 0xAC, 0xB4, 0xCC, 0x1A, 0x11,
    0xDE, 0xE9, 0xC9, 0x82, 0x52, 0x45, 0xFC, 0x29, 0xC9, 0x05, 0xBC, 0x19, 0x9A, 0xE4, 0x01, 0x77,
    0x40, 0xA9, 0xD5, 0x42, 0x9C, 0x19, 0x94, 0x9E, 0x63, 0x3A, 0xC4, 0xFF, 0xFF, 0xA0, 0x68, 0x60,
    0x2D, 0x5D, 0x87, 0xDB, 0x65, 0x79, 0xAA, 0xC0, 0xF8, 0x4C, 0x71, 0x9F, 0x94, 0x07, 0xE6, 0x5A,
    0x04, 0x69, 0x0A, 0xE5, 0x68, 0x59, 0xA1, 0x9A, 0x1E, 0x28, 0x3D, 0xB2, 0x62, 0x86, 0x3E, 0x60,
    0x64, 0x61, 0xA3, 0xBA, 0x79, 0x7F, 0x61, 0x63, 0xFA, 0xF1, 0x7D, 0xA5, 0x67, 0xAC, 0x38, 0xEF,
    0x35, 0x14, 0x2E, 0xA7, 0xFB, 0xD6, 0xB5, 0x71, 0xD1, 0x94, 0x81, 0xEE, 0xD5, 0xAD, 0x98, 0xA1,
    0x40, 0x2F, 0x25, 0xFA, 0x37, 0x84, 0x17, 0x28, 0x7A, 0x3B, 0x54, 0x08, 0x42, 0xD9, 0x5B, 0xDA,
    0x1B, 0x09, 0xAC, 0x48, 0x2E, 0x28, 0x92, 0x05, 0xBA, 0xB0, 0x3E, 0x06, 0x2D, 0x0B, 0xD4, 0x3A,
    0x34, 0x05, 0x53, 0xA8, 0x4D, 0xC5, 0xD6, 0x79, 0x61, 0x24, 0x4E, 0xBF, 0xDC, 0xE7, 0xCE, 0x51,
    0x48, 0x1C, 0x46, 0xE3, 0x8A, 0x87, 0x57, 0x1F, 0xFE, 0xDD, 0x03, 0x4A, 0x14, 0xD3, 0x7B, 0x23,
    0xBA, 0x72, 0xC3, 0x7C, 0xAE, 0x7C, 0x8C, 0xC3, 0x72, 0x9B, 0x8F, 0xA0, 0xE5, 0x79, 0x8C, 0xF8,
    0xB7, 0x1E, 0x82, 0xA5, 0x0A, 0x87, 0xE7, 0x11, 0x02, 0x8B, 0x48, 0x28, 0xFA, 0x65, 0x0E, 0x5D,
    0xFE, 0xC6, 0xD7, 0x7F, 0x98, 0x47, 0xAD, 0x74, 0x50, 0xD9, 0x9B, 0xC2, 0x2D, 0x48, 0xB2, 0xF6,
    0x19, 0x6F, 0x9F, 0x6E, 0xEA, 0x40, 0x18, 0xD3, 0x7D, 0xC9, 0x9D, 0xD5, 0xCD, 0x07, 0xFE, 0xF4,
    0xD6, 0x03, 0x1F, 0xF6, 0x3F, 0xE7, 0xE6, 0xF5, 0xBB, 0x97, 0xD3, 0xE1, 0x55, 0xBD, 0xAF, 0x60,
    0x67, 0x71, 0x66, 0xF3, 0xBE, 0x4F, 0xD9, 0xF5, 0xA1, 0x31, 0xF4, 0x7C, 0xD5, 0x87, 0xA7, 0xE7,
    0x3C, 0x80, 0x12, 0x2D, 0x53, 0xD2, 0x43, 0x8D, 0x85, 0x96, 0x6B, 0x57, 0x61, 0x51, 0x7A, 0xB8,
    0x4E, 0xC9, 0x7F, 0x93, 0x26, 0x27, 0x01, 0x3A, 0x25, 0x99, 0x46, 0xBC, 0x85, 0x12, 0xAF, 0x51,
    0x07, 0x42, 0x36, 0x0B, 0x37, 0x89, 0xE7, 0x61, 0x7C, 0x42, 0xD3, 0xAB, 0xBA, 0xF4, 0xFA, 0x30,
    0xCD, 0xB1, 0x49, 0xC2, 0x1F, 0xF5, 0x9C, 0x2E, 0x60, 0x85, 0xF8, 0x10, 0xD2, 0x74, 0x14, 0x2A,
    0x36, 0x0A, 0xFA, 0x0C, 0x1A, 0xAA, 0xE9, 0xDA, 0x63, 0x67, 0x85, 0x6C, 0xDF, 0xF1, 0x49, 0xBE,
    0xFB, 0xFA, 0xE7, 0x4B, 0x23, 0xB0, 0x86, 0x75, 0xE1, 0x8B, 0x99, 0xB1, 0xAD, 0x0E, 0x5E, 0x26,
    0x9A, 0xBA, 0x6F, 0x38, 0xE4, 0x93, 0x65, 0xA2, 0x18, 0xDC, 0x7C, 0x78, 0xF7, 0xF5, 0x4D, 0x32,
    0xD9, 0xCC, 0xDE, 0xC4, 0xEE, 0x4F, 0xC6, 0x58, 0xF6, 0x9C, 0xC0, 0x2C, 0xFD, 0x8F, 0x6E, 0x4B,
    0x40, 0x0B, 0xC7, 0xD6, 0xD4, 0xD7, 0xB7, 0xD2, 0xBB, 0xB8, 0xFC, 0xAF, 0x7B, 0x92, 0xE6, 0x51,
    0xD7, 0xB2, 0x4A, 0x83, 0x86, 0x55, 0xBE, 0x8E, 0xE1, 0x3C, 0x76, 0x9E, 0xC3, 0x5D, 0xC7, 0x45,
    0x08, 0x9D, 0xF0, 0xBC, 0x97, 0x34, 0xF1, 0x92, 0xC1, 0xBC, 0xAA, 0x5F, 0x50, 0x10, 0xDA, 0xF7,
    0x5B, 0x4B, 0x13, 0xF4, 0xB1, 0xEA, 0xD0, 0x43, 0x6D, 0xF8, 0x9B, 0xB3, 0x8B, 0x8B, 0xE9, 0xFA,
    0xC9, 0x4A, 0x8F, 0x54, 0x9D, 0x96, 0xA7, 0x1F, 0xC8, 0x4A, 0xA6, 0xF4, 0x9C, 0xB8, 0x40, 0x2C,
    0xBA, 0xB1, 0x91, 0x93, 0x14, 0x08, 0xFD, 0x17, 0xC8, 0xA4, 0xC4, 0x25, 0xB5, 0x41, 0x78, 0xFF,
    0xA3, 0x02, 0x21, 0xF8, 0x1F, 0x3F, 0x8D, 0x13, 0x3A, 0xC1, 0xFB, 0x5E, 0x3E, 0x8D, 0x57, 0x43,
    0x4C, 0xDB, 0x34, 0xFE, 0xCA, 0xE9, 0x7C, 0x96, 0xD6, 0x39, 0x2A, 0x8D, 0x73, 0x68, 0xD2, 0xB8,
    0xFC, 0xA9, 0x3B, 0x97, 0x11, 0x13, 0xE2, 0x0A, 0x00, 0x4A, 0xFE, 0x37, 0xA4, 0xC9, 0x6F, 0x24,
    0xC0, 0x44, 0x39, 0xD1, 0xB5, 0xA4, 0xC0, 0xEB, 0x01, 0x22, 0x93, 0xEF, 0x26, 0x27, 0xFA, 0xEA,
    0x26, 0xE1, 0x4B, 0x86, 0x1C, 0xF6, 0xBE, 0xEF, 0x57, 0x27, 0x9F, 0xDE, 0x91, 0xC7, 0xF7, 0xF2,
    0x9E, 0x9E, 0xEE, 0xAB, 0x9B, 0x1C, 0xDD, 0xE3, 0xAF, 0x25, 0x6E, 0x9E, 0xAC, 0x87, 0x36, 0xC4,
    0xF1, 0xE4, 0x38, 0xEB, 0xD5, 0xDE, 0x2C, 0x25, 0xF3, 0x66, 0x54, 0x66, 0xF8, 0xC3, 0x7C, 0x5E,
    0x87, 0x48, 0xEE, 0x5A, 0xE2, 0x0D, 0x4A, 0x43, 0x9C, 0x05, 0x82, 0x1F, 0x14, 0x0D, 0x8E, 0xBB,
    0xA3, 0xEF, 0xD9, 0xCB, 0x5E, 0x4B, 0xFA, 0xA3, 0xEF, 0xF9, 0x3F, 0xA5, 0x59, 0x3D, 0x6C, 0x1B,
    0xD9, 0x11, 0xFE, 0x76, 0x57, 0xD2, 0x46, 0x59, 0x68, 0x57, 0xC5, 0x29, 0x50, 0x72, 0x4C, 0xD4,
    0xB8, 0x32, 0x9E, 0xCD, 0xE6, 0x0A, 0x16, 0x72, 0xBC, 0xC0, 0x95, 0x06, 0x14, 0x15, 0xA6, 0xDD,
    0x24, 0xAA, 0x03, 0xE1, 0x12, 0xAB, 0x70, 0xA1, 0xC2, 0x89, 0x08, 0x24, 0x9D, 0x00, 0x43, 0x45,
    0xAE, 0x4B, 0xBA, 0x04, 0x88, 0x65, 0xD8, 0x61, 0x80, 0x33, 0xE0, 0x18, 0xF2, 0x91, 0x88, 0xFB,
    0x80, 0x4D, 0xEA, 0x6C, 0x61, 0x15, 0x39, 0xA4, 0x20, 0x10, 0x1A, 0xD0, 0xE9, 0xCC, 0xDD, 0xCC,
    0x87, 0xC7, 0xB9, 0x7B, 0xF7, 0xB2, 0x14, 0x69, 0x79, 0x8C, 0xF9, 0x3C, 0xEF, 0xEF, 0xE3, 0xBC,
    0x79, 0xB3, 0xF3, 0x76, 0x21, 0x58, 0x49, 0xB3, 0xEA, 0x6D, 0x0A, 0x98, 0x94, 0x4A, 0x5B, 0x0C,
    0xAA, 0xD8, 0xE3, 0x94, 0xE3, 0x41, 0xFB, 0xCE, 0xD6, 0x41, 0x75, 0xBE, 0x05, 0x83, 0x14, 0xE6,
    0xBB, 0x4F, 0xA9, 0xB4, 0x55, 0xED, 0x9C, 0xDB, 0x29, 0x12, 0x12, 0x91, 0x05, 0x4B, 0xC7, 0x27,
    0xD2, 0x64, 0x5F, 0x02, 0xE8, 0x00, 0xAD, 0xAB, 0xC7, 0xBD, 0x2D, 0x5C, 0x7D, 0xFA, 0x3B, 0x69,
    0xAE, 0x08, 0x0B, 0x56, 0x16, 0x77, 0x80, 0x75, 0xE4, 0x80, 0x41, 0x01, 0xDC, 0x08, 0x86, 0xC0,
    0x57, 0xD1, 0x09, 0xE2, 0x57, 0xFF, 0xCA, 0xF2, 0x14, 0xCF, 0xC3, 0x3E, 0xBE, 0x91, 0xF0, 0x56,
    0xB3, 0x7A, 0x75, 0xB8, 0x78, 0xE7, 0xD5, 0x21, 0xC2, 0x57, 0x87, 0xB4, 0x0D, 0xA2, 0xC3, 0x6B,
    0xED, 0x8F, 0x0F, 0x7F, 0x70, 0xFC, 0x9B, 0x43, 0x88, 0x7D, 0xDC, 0xFB, 0xEF, 0xE1, 0xEE, 0x9B,
    0x8F, 0x0F, 0xD1, 0xBD, 0x7B, 0x88, 0xBF, 0x56, 0xF2, 0x7F, 0xA4, 0xCA, 0xF1, 0x5B, 0x00, 0x12,
    0xDD, 0x76, 0xE2, 0x6C, 0x9B, 0xB6, 0x0C, 0x58, 0xAD, 0x4A, 0xBB, 0x1D, 0x04, 0x5B, 0x37, 0xAB,
    0xEA, 0xE1, 0xDA, 0x0E, 0xD2, 0xDA, 0x7F, 0xA0, 0x62, 0x65, 0x3A, 0x8F, 0x0D, 0x1F, 0xF0, 0x3D,
    0xE1, 0x29, 0xB7, 0x74, 0x55, 0x54, 0x55, 0x65, 0xD0, 0x6E, 0xEF, 0x70, 0xCC, 0xD1, 0x45, 0x72,
    0xD9, 0x48, 0x05, 0xED, 0x4F, 0x26, 0x71, 0x8C, 0xD9, 0x74, 0xE2, 0x48, 0xCA, 0x45, 0x69, 0x72,
    0xFE, 0x16, 0xE8, 0x1D, 0xE8, 0x1E, 0xC8, 0x8C, 0xE0, 0xA1, 0x00, 0x03, 0xE6, 0x42, 0x55, 0x55,
    0x40, 0xBB, 0xDD, 0x06, 0x85, 0x7C, 0x0E, 0x3D, 0x7F, 0x4D, 0x99, 0x8F, 0xFF, 0x2C, 0x03, 0x64,
    0x5E, 0x6B, 0xEF, 0x3E, 0x14, 0xE6, 0x47, 0x5B, 0xEC, 0x26, 0xB3, 0x65, 0x29, 0x41, 0x3F, 0xAD,
    0x15, 0x0E, 0x5C, 0xFA, 0x1C, 0x13, 0x59, 0x58, 0x12, 0x12, 0x9E, 0x3C, 0xB9, 0xE3, 0x9A, 0x48,
    0xC8, 0xE1, 0xFF, 0xE3, 0xEA, 0x5F, 0xDA, 0x1A, 0x3F, 0x04, 0x8C, 0xC4, 0x00, 0xA9, 0x2A, 0xDB,
    0xCA, 0x05, 0x92, 0xC1, 0xB2, 0xA1, 0x51, 0x1F, 0x09, 0x72, 0xAA, 0xBF, 0xFF, 0xDE, 0x82, 0xCD,
    0x45, 0xB3, 0x2E, 0xB0, 0x6E, 0x38, 0x7A, 0x43, 0x14, 0x5F, 0xE5, 0x40, 0xFC, 0xF7, 0x02, 0x41,
    0x89, 0x83, 0x4E, 0x70, 0x84, 0xA5, 0x7C, 0xBE, 0x43, 0xBB, 0xF3, 0xD0, 0x39, 0xB4, 0x65, 0x34,
    0xAB, 0x02, 0x23, 0x3C, 0x98, 0xB8, 0xBA, 0x82, 0xBF, 0x05, 0x27, 0xF8, 0xB0, 0x3A, 0x4A, 0xAA,
    0x6A, 0x0C, 0x91, 0x1F, 0x3A, 0x10, 0xB3, 0x2F, 0xA6, 0x6D, 0x81, 0xBB, 0xF2, 0xA4, 0x27, 0x71,
    0xEB, 0xA3, 0x15, 0xF5, 0x31, 0x0D, 0x98, 0x26, 0x6F, 0x21, 0x62, 0x08, 0x0D, 0xDB, 0x8C, 0x3A,
    0x00, 0xA2, 0x9C, 0x40, 0x52, 0x9F, 0x6F, 0x93, 0x6B, 0x15, 0x10, 0x4F, 0x08, 0x1A, 0x3E, 0xE8,
    0x80, 0x71, 0x80, 0x7D, 0x88, 0xC9, 0x6C, 0xA1, 0x8E, 0x3E, 0x11, 0xD2, 0x90, 0x10, 0xDF, 0x12,
    0xF0, 0x26, 0x4B, 0x46, 0xDF, 0x76, 0x99, 0x3D, 0x52, 0x86, 0x64, 0xEA, 0xF6, 0x93, 0x6F, 0x79,
    0x6A, 0x9B, 0x09, 0x00, 0x5A, 0x15, 0x28, 0x1E, 0xF3, 0x0C, 0x77, 0x3D, 0x7A, 0x9D, 0x6C, 0x08,
    0x0D, 0x0B, 0x96, 0x4F, 0xC5, 0x09, 0x36, 0xC1, 0x36, 0x6D, 0x9C, 0x3B, 0xD3, 0x82, 0xDD, 0x90,
    0xF1, 0xE8, 0xF7, 0xD1, 0x4F, 0x11, 0xFD, 0x36, 0xF8, 0xE6, 0x78, 0x0C, 0xC1, 0x36, 0x2F, 0xED,
    0xF8, 0x10, 0x05, 0x30, 0xDC, 0x26, 0x0C, 0x05, 0xC2, 0x11, 0x27, 0xFE, 0x42, 0xE0, 0x57, 0xC9,
    0x11, 0xB2, 0x22, 0x28, 0x59, 0x2B, 0x16, 0x2E, 0xC3, 0x7C, 0x3F, 0xEC, 0x83, 0xC0, 0xF6, 0x00,
    0xD1, 0x20, 0x78, 0xCE, 0x14, 0x65, 0x5C, 0xE8, 0xF8, 0xEB, 0xC5, 0x11, 0x70, 0xAF, 0xEA, 0x20,
    0xAB, 0xAA, 0x21, 0x44, 0xF6, 0x1C, 0x60, 0x1F, 0x52, 0x00, 0x1E, 0x70, 0xE0, 0x0C, 0x9E, 0x54,
    0x22, 0x9D, 0xB6, 0xC8, 0xAC, 0x2C, 0x76, 0xA3, 0xAB, 0x4E, 0xAA, 0x4C, 0x4F, 0x60, 0x8A, 0xCF,
    0x3C, 0xF7, 0xB9, 0x51, 0x42, 0x9D, 0xE2, 0xC2, 0xEC, 0x2C, 0xF6, 0x52, 0xD9, 0x73, 0x97, 0x69,
    0xEB, 0x27, 0xF0, 0xFB, 0x67, 0xB1, 0xCA, 0x8C, 0x2C, 0xAE, 0x8F, 0xF3, 0xCC, 0x40, 0x30, 0x59,
    0x09, 0x1A, 0x3A, 0x36, 0xDF, 0x3F, 0x81, 0xAD, 0x1C, 0x11, 0x86, 0x98, 0x24, 0x70, 0xC2, 0x04,
    0x7E, 0x99, 0x0C, 0x90, 0x0D, 0xF0, 0xF9, 0x7B, 0x31, 0x6B, 0xFB, 0xE8, 0xFF, 0x13, 0x58, 0x9A,
    0x4C, 0xE0, 0xF7, 0x62, 0x9E, 0x54, 0x74, 0x3A, 0x1E, 0x31, 0xB1, 0x9B, 0x59, 0x8E, 0x64, 0x14,
    0x96, 0x58, 0x06, 0x16, 0x2F, 0x9B, 0x1B, 0x76, 0x1E, 0x74, 0x9E, 0x36, 0x5D, 0x5F, 0x94, 0x79,
    0x13, 0x3E, 0xB3, 0x3B, 0x8A, 0x0B, 0x52, 0xAF, 0x15, 0xE5, 0x0E, 0x64, 0xF4, 0xC5, 0x15, 0xB3,
    0xD6, 0xDE, 0x36, 0x37, 0xAB, 0xC2, 0x00, 0x5F, 0xAB, 0xF4, 0x15, 0xEC, 0x33, 0x2D, 0xC0, 0xD1,
    0xC0, 0xFC, 0xB8, 0xAA, 0xCC, 0xD5, 0x47, 0x39, 0xB7, 0xE9, 0x2B, 0xA5, 0xD5, 0xAB, 0x3A, 0xAD,
    0xB5, 0xBB, 0x9D, 0x16, 0x22, 0xFB, 0x3F, 0xDB, 0x5D, 0xE9, 0xA7, 0x3E, 0xBB, 0xF3, 0x5C, 0xDA,
    0x7F, 0x14, 0x2A, 0x50, 0xE9, 0xDD, 0x19, 0x6D, 0x4F, 0xAF, 0x88, 0xAE, 0x7A, 0x5C, 0x54, 0x87,
    0x8B, 0x7A, 0x5B, 0xDA, 0x67, 0xAD, 0xB5, 0x6D, 0xBB, 0x2E, 0xB6, 0x0A, 0x55, 0xC6, 0x85, 0x0F,
    0xAD, 0xE3, 0x57, 0x0D, 0xCF, 0xAA, 0xE5, 0x98, 0xF8, 0x13, 0x3B, 0xFE, 0xD0, 0x66, 0x94, 0x63,
    0xE7, 0xF4, 0x5C, 0xBF, 0xEA, 0x7D, 0xFA, 0xC0, 0xF2, 0xDD, 0x56, 0x3E, 0x72, 0x58, 0xDF, 0x54,
    0xD9, 0x57, 0xE7, 0xD3, 0xEE, 0x63, 0x72, 0xE5, 0x5F, 0x73, 0x91, 0x67, 0xF7, 0x4F, 0x79, 0x2B,
    0x94, 0x78, 0x70, 0x1D, 0x79, 0xB8, 0xB6, 0x86, 0x67, 0xF5, 0x9D, 0xE2, 0x1E, 0x0C, 0x5A, 0x08,
    0x0B, 0x20, 0x1A, 0x02, 0xD9, 0x26, 0xF0, 0x20, 0xCB, 0x93, 0x22, 0xFC, 0x72, 0x19, 0x58, 0x27,
    0xD7, 0x5A, 0x5B, 0xFD, 0x9A, 0x19, 0xAF, 0x2B, 0xB8, 0x57, 0xE6, 0xD1, 0xEB, 0xA5, 0x61, 0x22,
    0x6D, 0xAA, 0x3C, 0x76, 0x43, 0xC8, 0x64, 0x38, 0x52, 0x40, 0x18, 0x0B, 0xF6, 0x16, 0xE8, 0x46,
    0xB5, 0x50, 0x75, 0x04, 0xCE, 0x73, 0x6F, 0x80, 0x2B, 0xEC, 0x5A, 0xA0, 0x16, 0x72, 0x02, 0xE7,
    0xF5, 0x65, 0x45, 0xE8, 0x40, 0x95, 0x0B, 0x9C, 0x3A, 0x7D, 0x32, 0x45, 0x97, 0x51, 0x36, 0xAA,
    0x8A, 0xD6, 0xC5, 0xCC, 0x4A, 0xBF, 0x7B, 0x2C, 0x6E, 0xBC, 0x78, 0x5C, 0xFB, 0x1B, 0x6F, 0x68,
    0xD9, 0x51, 0xCE, 0x9B, 0x10, 0x04, 0x84, 0x64, 0x02, 0x70, 0x81, 0x47, 0x26, 0x39, 0xB9, 0xAD,
    0x87, 0x86, 0x3D, 0xBA, 0xB6, 0x87, 0x6E, 0x60, 0xE1, 0x3E, 0xE1, 0xA0, 0xA3, 0x96, 0x1D, 0x95,
    0x18, 0xE4, 0x7B, 0x36, 0xA9, 0xBF, 0x03, 0x16, 0x77, 0xA9, 0xC0, 0x7A, 0xDF, 0x35, 0x0B, 0x81,
    0xEE, 0xBE, 0x40, 0x61, 0xB0, 0x31, 0xFE, 0x6C, 0x1F, 0xCB, 0xDB, 0x4D, 0x2F, 0x38, 0xF3, 0x3B,
    0xAE, 0x15, 0x63, 0xE8, 0x3B, 0xAE, 0xDE, 0x8F, 0xE0, 0x8A, 0x4F, 0x7F, 0xAA, 0xF4, 0xF5, 0x61,
    0x27, 0x81, 0x1B, 0x67, 0x36, 0xFD, 0xE0, 0xC0, 0xA7, 0xEF, 0x90, 0xCA, 0xC2, 0x29, 0x81, 0xF4,
    0xDA, 0xC7, 0x51, 0x87, 0xBE, 0x59, 0x92, 0x3E, 0xC5, 0x04, 0x36, 0x4A, 0x30, 0x38, 0x0A, 0x1B,
    0x55, 0xEE, 0x1D, 0xAD, 0x97, 0x93, 0xA7, 0x84, 0xCA, 0x49, 0x42, 0x8F, 0xFE, 0xE6, 0x5B, 0xD2,
    0x9B, 0x82, 0x30, 0x28, 0xD0, 0x7C, 0x2B, 0x60, 0xA0, 0xD0, 0x1C, 0x73, 0x94, 0x32, 0x33, 0xF6,
    0x7E, 0x70, 0xFC, 0x08, 0x25, 0x80, 0x0F, 0x76, 0x40, 0x65, 0x50, 0x93, 0x93, 0xE7, 0x0A, 0xB5,
    0xF4, 0xA8, 0xE5, 0x9B, 0x42, 0x0F, 0xCD, 0xFB, 0x9C, 0xBF, 0xE1, 0x3D, 0xAB, 0x36, 0x42, 0xA7,
    0xF5, 0x4F, 0x68, 0x20, 0x3F, 0x69, 0xBF, 0xFE, 0x22, 0x76, 0x65, 0xF7, 0x05, 0x1E, 0x5C, 0x07,
    0x92, 0x22, 0x7E, 0x8D, 0x14, 0xF8, 0xF9, 0xBC, 0xC1, 0xF1, 0xB7, 0x60, 0x97, 0xF5, 0xC6, 0x40,
    0x3C, 0x88, 0xFB, 0xC8, 0xD8, 0x47, 0x40, 0x7C, 0x24, 0xCD, 0xA0, 0x57, 0x62, 0xCE, 0xD8, 0x9F,
    0x4E, 0xCF, 0x7B, 0xFB, 0x6A, 0x1B, 0x0E, 0xA0, 0xDE, 0xEF, 0x03, 0xC1, 0xC9, 0x46, 0x8E, 0x8D,
    0x41, 0x38, 0xC2, 0x02, 0xB0, 0xAA, 0xF4, 0x97, 0xC8, 0x7B, 0x7D, 0xA2, 0xFC, 0xA6, 0xFF, 0x58,
    0x1D, 0xA1, 0xDD, 0xCE, 0x3D, 0xFA, 0xF3, 0x5C, 0xE9, 0xED, 0x80, 0x3A, 0x9E, 0x17, 0x8C, 0x38,
    0x90, 0x91, 0x60, 0x91, 0x55, 0x05, 0xF7, 0xBE, 0x94, 0xAE, 0xD7, 0x1F, 0xE6, 0x88, 0x3A, 0x61,
    0xDF, 0x02, 0x9B, 0x76, 0xC0, 0x0A, 0xBF, 0x81, 0x4D, 0x7A, 0x30, 0x36, 0xE9, 0xB3, 0x1D, 0x93,
    0x76, 0x53, 0x57, 0x9B, 0x65, 0x37, 0xBD, 0xB6, 0xE3, 0xF6, 0xF5, 0x4A, 0xC3, 0xF9, 0x9E, 0x42,
    0x74, 0xA1, 0x21, 0xB6, 0xE9, 0x8D, 0x8D, 0xE9, 0xAE, 0xA8, 0x36, 0xDF, 0xAA, 0xFD, 0xE2, 0x89,
    0x31, 0xBB, 0x8F, 0x8C, 0x01, 0x1A, 0xC6, 0xFB, 0x92, 0x32, 0x35, 0xBA, 0x00, 0x70, 0x3E, 0xD7,
    0xF9, 0x7C, 0xD7, 0x3E, 0x71, 0xF9, 0x38, 0x2F, 0xCC, 0x8D, 0x89, 0x3A, 0x0B, 0xA2, 0x80, 0xAA,
    0x70, 0x8F, 0x79, 0xD9, 0x2B, 0x57, 0xAF, 0x94, 0xF5, 0x29, 0x55, 0xD6, 0xA7, 0xC2, 0x23, 0xB6,
    0xEC, 0x97, 0xFD, 0xD6, 0x27, 0xCF, 0x1F, 0xDA, 0x0E, 0x57, 0x09, 0x8A, 0x72, 0x8D, 0x67, 0xF8,
    0xA4, 0x7C, 0x96, 0xC3, 0xB8, 0xCA, 0xBE, 0x49, 0xDC, 0xBD, 0xFD, 0x91, 0xE7, 0xFA, 0x09, 0xED,
    0x67, 0x3F, 0x33, 0xE6, 0x60, 0x4C, 0x9E, 0x75, 0x7E, 0x39, 0x36, 0xDC, 0xB5, 0x3E, 0x8F, 0x95,
    0x86, 0xC7, 0x45, 0x1E, 0x2A, 0x6D, 0xEB, 0xEF, 0xDA, 0x6D, 0xF2, 0x41, 0xB4, 0x10, 0x65, 0x5E,
    0x8F, 0xEC, 0x97, 0xE2, 0xF5, 0xA4, 0x93, 0x8C, 0x82, 0xF1, 0x52, 0x8E, 0xEF, 0xDB, 0xFD, 0x41,
    0x26, 0xF2, 0xD7, 0x41, 0x37, 0xC0, 0xF5, 0xA0, 0x73, 0xE0, 0x2E, 0xD9, 0xE4, 0x80, 0x4E, 0x71,
    0x4E, 0x53, 0x9E, 0x7F, 0x42, 0x1F, 0x18, 0xC5, 0x7D, 0x84, 0xFF, 0x49, 0x87, 0x48, 0x7E, 0xB2,
    0xB9, 0x89, 0x1B, 0xD1, 0x30, 0xD3, 0xC7, 0x84, 0xF4, 0x76, 0x6B, 0xA4, 0xF0, 0x5C, 0x75, 0xB6,
    0x4D, 0xC5, 0x3A, 0x9A, 0x55, 0x27, 0x78, 0xB3, 0x38, 0x8A, 0xFA, 0x76, 0xCB, 0x01, 0xDF, 0xD9,
    0x9B, 0xD5, 0x11, 0xA0, 0x5C, 0x0D, 0xD9, 0x5A, 0x43, 0xD6, 0x35, 0x84, 0x87, 0xBA, 0x21, 0x21,
    0xFC, 0x91, 0x70, 0xD9, 0xBE, 0x83, 0x71, 0xC3, 0x3B, 0xDA, 0x21, 0x10, 0x70, 0xDB, 0x7F, 0x00,
    0x7E, 0x29, 0x75, 0xE3, 0x35, 0x3E, 0x0F, 0x66, 0xBC, 0x97, 0x9C, 0xE7, 0xDE, 0x1D, 0xE0, 0xBF,
    0xA6, 0xCC, 0xF3, 0x5E, 0xE2, 0xBD, 0x33, 0xF8, 0x75, 0xED, 0x9C, 0x50, 0x5D, 0xE2, 0x95, 0xC4,
    0xBF, 0x75, 0xB5, 0xA4, 0xF9, 0x77, 0xC0, 0xE5, 0x6F, 0x5D, 0xDF, 0x71, 0x65, 0xB6, 0xF0, 0xC6,
    0xF6, 0x5D, 0xAA, 0x2A, 0x53, 0x5A, 0xFA, 0x66, 0xD9, 0x8D, 0x5C, 0xFD, 0xE2, 0x79, 0x37, 0xAA,
    0xCE, 0x68, 0xBB, 0xCA, 0x79, 0x9C, 0x0F, 0xF8, 0xCA, 0x3A, 0xEC, 0xF1, 0x78, 0xEB, 0x39, 0x36,
    0xE3, 0x0B, 0x43, 0x79, 0x40, 0x5B, 0x6E, 0xBA, 0xD6, 0x8B, 0xC7, 0xBA, 0xFE, 0xD3, 0x7D, 0x97,
    0x8F, 0xFD, 0x1C, 0xE7, 0xBC, 0x20, 0x47, 0x2B, 0xEA, 0x50, 0xDD, 0xC2, 0xE3, 0x7F, 0x65, 0xF4,
    0x5B, 0xDD, 0x50, 0xB5, 0x3A, 0x53, 0x9B, 0xFD, 0xEA, 0x53, 0xE4, 0xF8, 0x44, 0xDB, 0x2D, 0x62,
    0xA0, 0xB8, 0x5C, 0x91, 0x2A, 0x7D, 0xB2, 0xB6, 0xCB, 0xB5, 0x51, 0x1E, 0x9C, 0x21, 0xDD, 0x6B,
    0x51, 0xB3, 0x72, 0xAF, 0xB5, 0x02, 0xD1, 0x40, 0xEC, 0x4A, 0xFA, 0x29, 0x53, 0xE2, 0xC5, 0x7D,
    0xD2, 0x7E, 0x76, 0x57, 0xE3, 0xE5, 0x7D, 0xB1, 0x38, 0xEA, 0x7C, 0x69, 0x5C, 0x61, 0x2C, 0x94,
    0xCB, 0x3F, 0x3B, 0x97, 0x87, 0x71, 0x52, 0xE5, 0x1E, 0x5D, 0xDB, 0xF3, 0x8B, 0x3E, 0x38, 0x7E,
    0x91, 0xD3, 0xF7, 0x2B, 0x77, 0xBE, 0x5A, 0x46, 0x40, 0x76, 0x03, 0x38, 0x49, 0x8E, 0xB2, 0x22,
    0x18, 0x2F, 0x02, 0x0B, 0xEF, 0x98, 0x13, 0xAB, 0x38, 0xA8, 0x3A, 0xFC, 0x52, 0xD1, 0x2F, 0x29,
    0xDA, 0xEC, 0x53, 0xBF, 0x9C, 0xD8, 0x3B, 0xE7, 0xF8, 0xCF, 0x7D, 0xB1, 0xC5, 0x2F, 0x37, 0xFE,
    0x7E, 0xA5, 0x79, 0x02, 0xFC, 0x3A, 0x39, 0x4A, 0x8A, 0xE0, 0x65, 0x00, 0x2C, 0xD8, 0x78, 0x75,
    0x3E, 0x92, 0xE7, 0xE9, 0xA3, 0x6E, 0x48, 0xAD, 0x46, 0xDD, 0xF0, 0x8B, 0xCF, 0x68, 0xB3, 0x8F,
    0x63, 0x40, 0x2E, 0x5A, 0x20, 0xD3, 0x3C, 0x6A, 0x96, 0x60, 0x49, 0x0D, 0xFA, 0x28, 0xA8, 0xB4,
    0xD9, 0x67, 0x65, 0x39, 0x05, 0x52, 0xB9, 0xBC, 0x53, 0xB9, 0xBC, 0x53, 0xB9, 0xA0, 0x55, 0x77,
    0xD2, 0x6E, 0x56, 0x5A, 0xDB, 0xD1, 0x5E, 0x99, 0x72, 0xBE, 0xA7, 0xA0, 0x2E, 0x00, 0xA9, 0x54,
    0xD3, 0x54, 0xAA, 0xA8, 0x55, 0x59, 0x2F, 0x97, 0xA5, 0xB6, 0xED, 0x18, 0xE7, 0xCC, 0xBE, 0xB8,
    0xB1, 0xCE, 0x79, 0xE2, 0x93, 0x5C, 0x48, 0x76, 0xAD, 0xF8, 0x43, 0x3E, 0xE5, 0x62, 0xBF, 0x5C,
    0x58, 0x96, 0x2F, 0xCC, 0x53, 0xA9, 0xEE, 0xCB, 0x17, 0x5C, 0xDE, 0x2B, 0x72, 0x49, 0x93, 0xC3,
    0xE1, 0x11, 0x9B, 0xCA, 0x7E, 0x72, 0xCC, 0x7B, 0x79, 0xD7, 0xEF, 0x71, 0x87, 0xB6, 0xDC, 0x18,
    0xD6, 0x67, 0xFE, 0xDE, 0xEC, 0xCB, 0x7B, 0x59, 0xFC, 0x77, 0xF6, 0x97, 0x3D, 0xA5, 0xFA, 0x3C,
    0xF3, 0x5C, 0xDE, 0xDC, 0x5F, 0x0D, 0x57, 0xE9, 0xC6, 0x5D, 0x2E, 0x6F, 0xF2, 0x2D, 0xE8, 0xE5,
    0xAD, 0xB9, 0xA5, 0x97, 0x77, 0xB9, 0x04, 0xBD, 0xBC, 0xE9, 0x3C, 0x7F, 0x1D, 0x74, 0x03, 0x5C,
    0x0F, 0x21, 0x13, 0x48, 0x9F, 0xB2, 0xA9, 0x03, 0x9C, 0xC2, 0xC9, 0x35, 0x97, 0x77, 0xC4, 0xCB,
    0x3B, 0x2B, 0x90, 0x6C, 0x99, 0x16, 0x6E, 0xC4, 0xA3, 0x0D, 0xAC, 0xA2, 0x13, 0x80, 0xC7, 0x3A,
    0x3D, 0x7C, 0x7E, 0x8A, 0xCC, 0xB8, 0xBC, 0xFD, 0xF2, 0xEF, 0x3D, 0xEA, 0x54, 0xBF, 0x6F, 0x5A,
    0xF9, 0xF7, 0x4B, 0x36, 0xD7, 0xB8, 0x57, 0x09, 0xF5, 0x52, 0xE5, 0xDF, 0xE3, 0xD2, 0x6B, 0xE0,
    0x5B, 0xE5, 0x1F, 0x17, 0x96, 0xFF, 0x0F, 0xDA, 0x6D, 0x96, 0x46, 0xB7, 0xEC, 0x53, 0xC5, 0x27,
    0xD1, 0xF9, 0xCB, 0xBF, 0x5F, 0x1A, 0x6D, 0x89, 0xF5, 0x63, 0xF4, 0x6E, 0xA5, 0x91, 0x13, 0xB9,
    0x02, 0x5C, 0xAA, 0xC0, 0x26, 0x81, 0x94, 0x78, 0x76, 0xF7, 0xD3, 0x7D, 0x3B, 0xC5, 0xB2, 0xAE,
    0x06, 0x39, 0x38, 0x6C, 0x41, 0xDF, 0xF1, 0x0A, 0x64, 0x5B, 0x9B, 0xFB, 0xD8, 0x8C, 0x87, 0x1B,
    0xF6, 0xEE, 0xAF, 0x0F, 0xA1, 0xEF, 0xEA, 0xDC, 0x95, 0xF7, 0x83, 0x35, 0x0D, 0xA1, 0x53, 0x71,
    0xF9, 0x3F, 0xDB, 0xEC, 0xE7, 0x38, 0xB0, 0x2D, 0x3A, 0x44, 0xEC, 0x56, 0xDE, 0xE4, 0x09, 0xF0,
    0x32, 0x1E, 0x64, 0x03, 0xBC, 0x04, 0x50, 0x5F, 0x2D, 0xB3, 0xA7, 0x7E, 0x95, 0x64, 0x1F, 0xF5,
    0xC2, 0x6A, 0x99, 0xF1, 0xB8, 0xC4, 0x6A, 0x4D, 0x07, 0x4E, 0xB1, 0x1F, 0xBE, 0x35, 0xE0, 0xFF,
    0xC9, 0x83, 0x8F, 0x07, 0x58, 0x2A, 0x5C, 0xE0, 0x00, 0x37, 0xE3, 0xC0, 0x41, 0xFD, 0x9F, 0x3C,
    0x4C, 0xCD, 0x9F, 0x3C, 0xD6, 0xF1, 0x3F, 0xB5, 0x99, 0x01, 0x84, 0x1C, 0x59, 0x1A, 0xC7, 0xFF,
    0x55, 0xD5, 0x93, 0xDA, 0xA4, 0x4C, 0x75, 0xB0, 0x73, 0x37, 0xEE, 0x66, 0x6E, 0x0E, 0x01, 0xE3,
    0xCD, 0x34, 0x1C, 0x0A, 0x73, 0x52, 0x77, 0x0B, 0x58, 0xE6, 0x9A, 0x4B, 0x6F, 0x58, 0x2E, 0x17,
    0xC0, 0x89, 0xC9, 0x26, 0x58, 0x04, 0x89, 0x14, 0x07, 0x18, 0xA2, 0x71, 0x00, 0xDC, 0x60, 0x8F,
    0x4D, 0x47, 0x92, 0x3E, 0x2E, 0x44, 0x6C, 0xB6, 0x9B, 0xE0, 0xAC, 0x85, 0xC6, 0x01, 0xA0, 0xB8,
    0x04, 0x77, 0x8E, 0x6B, 0xF4, 0xD2, 0x1B, 0x33, 0xFD, 0xEE, 0xFB, 0xAB, 0xD7, 0xF3, 0xAA, 0xAA,
    0xAB, 0xA7, 0x37, 0x2D, 0xF7, 0xC5, 0xF7, 0x9F, 0x7A, 0xF5, 0xEA, 0xFD, 0xFA, 0x7B, 0xDF, 0xF7,
    0xAA, 0xDF, 0x93, 0xF6, 0xB4, 0x3E, 0x86, 0x97, 0x40, 0xC1, 0x8B, 0xB1, 0x91, 0x17, 0x76, 0x00,
    0x43, 0xE4, 0xE4, 0xBE, 0xD6, 0xBA, 0x0F, 0x20, 0x46, 0xA0, 0x7F, 0x35, 0x00, 0x7C, 0x8A, 0xFF,
    0xEB, 0x54, 0xE4, 0xA3, 0xAE, 0xC8, 0xB5, 0x1D, 0x91, 0x3B, 0x01, 0xAC, 0x91, 0x32, 0x43, 0xE6,
    0xA7, 0xB1, 0x63, 0x86, 0x6C, 0x87, 0xC5, 0x45, 0x49, 0x32, 0xD4, 0x09, 0x9C, 0x56, 0xEB, 0x0A,
    0xF2, 0x31, 0x1B, 0x29, 0x40, 0xD3, 0x19, 0xA8, 0x9F, 0x75, 0x40, 0x51, 0xCC, 0xDC, 0x2C, 0x5E,
    0x9A, 0x13, 0xD0, 0x96, 0x20, 0x07, 0xFA, 0xD6, 0x89, 0xF0, 0x0F, 0x56, 0x01, 0x4F, 0xC4, 0xD7,
    0x14, 0xA8, 0xA9, 0xE8, 0xFF, 0x4A, 0x2F, 0x6D, 0xA9, 0x3C, 0x03, 0x36, 0x7A, 0x9F, 0x0F, 0x5B,
    0xE1, 0xBD, 0x77, 0x23, 0x5B, 0xA8, 0x0B, 0xAC, 0x97, 0xE6, 0x96, 0x9F, 0xAF, 0x25, 0x2F, 0x1B,
    0xF3, 0xD1, 0xB4, 0xC3, 0x19, 0x31, 0xFC, 0xC7, 0x22, 0x9F, 0x05, 0x09, 0x82, 0x91, 0x33, 0xC1,
    0x0A, 0x70, 0x7E, 0x69, 0x72, 0x43, 0x27, 0x70, 0xBE, 0x3B, 0x37, 0xE2, 0xD8, 0x3D, 0x33, 0x82,
    0x57, 0xBC, 0x97, 0xF5, 0x4E, 0x4D, 0x61, 0xA5, 0x75, 0x45, 0xA1, 0xAE, 0x8F, 0x15, 0x42, 0xA8,
    0x19, 0xA9, 0xB7, 0xEE, 0xEE, 0x1E, 0x49, 0xEF, 0xEE, 0x11, 0xDB, 0xB0, 0xB2, 0xFD, 0xB4, 0x77,
    0x80, 0xCB, 0x93, 0xBF, 0x28, 0x52, 0xAA, 0x64, 0x03, 0x17, 0x3A, 0x5F, 0x90, 0x3C, 0x26, 0x2A,
    0xB2, 0x42, 0xE8, 0x9D, 0x9D, 0xA6, 0x74, 0x34, 0x52, 0x28, 0x3E, 0x4C, 0xD9, 0xEE, 0x69, 0x91,
    0xCE, 0x15, 0x03, 0x70, 0x13, 0x4A, 0x1F, 0xC8, 0x0B, 0xD7, 0x1F, 0xB8, 0xB2, 0xA7, 0x16, 0x11,
    0x1F, 0x11, 0x6A, 0x65, 0x0F, 0xF5, 0xCE, 0xF3, 0xCB, 0xE9, 0x85, 0x27, 0x5F, 0x44, 0x0C, 0x22,
    0xC2, 0xDA, 0x67, 0xBD, 0x08, 0x97, 0xF5, 0xBF, 0xA4, 0x09, 0x88, 0x5C, 0x44, 0x0C, 0x44, 0x24,
    0xDE, 0xF5, 0x06, 0xC0, 0xB1, 0x37, 0x84, 0xFB, 0x6D, 0x18, 0x61, 0xEB, 0xA3, 0xE3, 0xAD, 0xF8,
    0x03, 0x1C, 0xB9, 0x10, 0xAB, 0x51, 0xAA, 0xA2, 0x9F, 0x09, 0x1C, 0x3B, 0x9F, 0x2A, 0xC1, 0xBF,
    0x35, 0x81, 0x9B, 0xDC, 0xAF, 0x8C, 0x4C, 0xDD, 0x28, 0xCE, 0x6B, 0xE7, 0x39, 0x70, 0x4B, 0xB7,
    0x91, 0xB7, 0x50, 0x32, 0x1F, 0x4A, 0x6A, 0xC3, 0x10, 0xAA, 0xE0, 0x92, 0x73, 0xDE, 0x0F, 0x91,
    0xFB, 0xB7, 0xFD, 0x54, 0x3F, 0x90, 0x6C, 0x87, 0x00, 0xCA, 0x7E, 0x1E, 0x8E, 0x80, 0x10, 0x70,
    0x44, 0x00, 0x55, 0x90, 0xD6, 0x81, 0xE9, 0x00, 0x29, 0x14, 0x16, 0xEE, 0x01, 0x76, 0x3B, 0x7F,
    0xE2, 0x50, 0x88, 0x0C, 0x32, 0x81, 0x91, 0x94, 0xA2, 0xB5, 0x66, 0xA2, 0x5B, 0x20, 0xBE, 0x9A,
    0x4C, 0xC9, 0x93, 0x3F, 0xD9, 0x97, 0x24, 0xFC, 0x7B, 0x3F, 0xCB, 0x9D, 0x23, 0x95, 0x32, 0x78,
    0x0A, 0x9B, 0x70, 0x04, 0x6F, 0x44, 0xF0, 0x31, 0x8C, 0xAD, 0x9C, 0xEB, 0x7C, 0x19, 0x12, 0x44,
    0xA2, 0x71, 0xB6, 0xED, 0xCC, 0xB5, 0x7E, 0xB0, 0xFD, 0xB0, 0x19, 0x22, 0x46, 0x4D, 0x86, 0x87,
    0x74, 0x02, 0xF3, 0xD7, 0x86, 0x75, 0x9A, 0x84, 0xCD, 0x82, 0x74, 0x1E, 0x87, 0x38, 0xF7, 0xF4,
    0xCB, 0xD3, 0x50, 0x3F, 0x65, 0xA8, 0x93, 0x7D, 0xAC, 0x35, 0xD9, 0xC4, 0x25, 0x4A, 0x44, 0xB9,
    0x4B, 0x08, 0x61, 0xC1, 0xDF, 0xFB, 0x70, 0xBE, 0xC6, 0xF7, 0xF0, 0xDA, 0xF8, 0x29, 0x8C, 0x9D,
    0x19, 0x25, 0xA9, 0xB2, 0x08, 0xF6, 0x4F, 0x6B, 0xD2, 0xD0, 0x29, 0x46, 0xB8, 0xC9, 0xF4, 0xF2,
    0x2F, 0xDB, 0x84, 0xD4, 0xB5, 0x1E, 0xF3, 0x89, 0x68, 0xBE, 0xF0, 0x11, 0xA0, 0x1B, 0x00, 0xB8,
    0x3D, 0x2B, 0x5A, 0x2C, 0xF9, 0xC1, 0x1B, 0x87, 0x92, 0x6B, 0xCA, 0x7B, 0xDD, 0x38, 0x2C, 0x74,
    0xF9, 0x8D, 0xA3, 0x1C, 0x73, 0x91, 0xBC, 0xE4, 0x97, 0xB0, 0xED, 0xB0, 0x62, 0xC9, 0x95, 0x78,
    0xBB, 0x57, 0xC1, 0x1D, 0x89, 0xF8, 0x37, 0x45, 0xEE, 0x05, 0x6D, 0x04, 0x69, 0xF6, 0x25, 0x5C,
    0xCB, 0xEF, 0x2D, 0x80, 0x9A, 0x91, 0x18, 0x7B, 0x59, 0xAF, 0xB5, 0x1E, 0xF1, 0x86, 0x3C, 0x98,
    0x27, 0xF1, 0xA2, 0x6C, 0x58, 0x33, 0xE1, 0x0E, 0x4D, 0xB8, 0x94, 0x72, 0xC6, 0x0B, 0xB2, 0xBE,
    0x04, 0xD9, 0xC8, 0x11, 0x50, 0xE7, 0x56, 0x2D, 0x4F, 0x6F, 0xCE, 0x88, 0x1B, 0x7F, 0x70, 0x46,
    0x36, 0x62, 0x4A, 0x45, 0x22, 0x2C, 0xDE, 0xCF, 0xE4, 0x88, 0x42, 0x4A, 0x4C, 0xB1, 0xAB, 0x6E,
    0xA9, 0x98, 0x29, 0x76, 0xEB, 0x47, 0x5E, 0x48, 0x5E, 0x7C, 0x5C, 0xA9, 0x84, 0xBE, 0x9F, 0x83,
    0x50, 0x75, 0xF1, 0xDA, 0xC4, 0xFF, 0x99, 0x29, 0x4E, 0x36, 0xE5, 0x8A, 0x02, 0x50, 0x9A, 0x6C,
    0x0E, 0x37, 0x21, 0xB6, 0xBA, 0x04, 0x39, 0xD0, 0x4F, 0x97, 0x3B, 0x62, 0x2D, 0x91, 0xE7, 0xF2,
    0x11, 0x6B, 0x59, 0xB2, 0x1B, 0xA7, 0x7C, 0xBB, 0x9B, 0x8B, 0xDE, 0xEE, 0xBA, 0xD6, 0x23, 0x84,
    0xC0, 0xE7, 0x94, 0x5F, 0x58, 0xC9, 0x3A, 0xAC, 0x69, 0xB1, 0xC4, 0x1E, 0x19, 0x68, 0xE6, 0x8A,
    0x5B, 0x3D, 0x02, 0xCE, 0xE3, 0xDE, 0x2E, 0xB0, 0x95, 0xFA, 0xC7, 0xA8, 0x01, 0x1F, 0x2E, 0xFD,
    0x0E, 0xDE, 0xE2, 0xE7, 0xBC, 0x5E, 0x19, 0xE7, 0x6A, 0xE4, 0xA6, 0x66, 0x9B, 0x5F, 0x76, 0xD5,
    0x51, 0xD8, 0x7B, 0xC2, 0x87, 0x31, 0xB3, 0xEA, 0xCE, 0x5E, 0xCF, 0xF3, 0xC3, 0x6D, 0x1A, 0x72,
    0xC0, 0x65, 0xCB, 0x57, 0xCD, 0x1C, 0x01, 0x47, 0xCE, 0x10, 0x4E, 0x5F, 0x92, 0x88, 0xD7, 0x72,
    0x95, 0x3F, 0x16, 0x06, 0xB2, 0xB5, 0x05, 0x01, 0x54, 0xC1, 0x79, 0x8F, 0x7D, 0xF4, 0xCB, 0x5A,
    0x7F, 0xBB, 0xFD, 0xFB, 0x38, 0x40, 0x08, 0xF1, 0xBA, 0xE6, 0xDF, 0x82, 0x83, 0x8E, 0xF3, 0xF0,
    0x35, 0x37, 0xE4, 0xCE, 0x57, 0x73, 0x4E, 0x25, 0x80, 0x88, 0xD3, 0xDA, 0x67, 0xBC, 0xFB, 0xD3,
    0xFD, 0xF9, 0xC2, 0x13, 0x91, 0x95, 0x6B, 0xF0, 0xBE, 0x91, 0xA6, 0xD7, 0x07, 0xF2, 0xB2, 0xF8,
    0x68, 0x62, 0xC9, 0xDB, 0x1D, 0x39, 0xEA, 0x6C, 0xBF, 0x6C, 0x4A, 0x53, 0x05, 0x13, 0x11, 0xE2,
    0x6B, 0xF2, 0xCF, 0xAD, 0x3A, 0x9F, 0x10, 0xEF, 0x10, 0x7F, 0x6A, 0x3C, 0xA0, 0x31, 0xF6, 0xFC,
    0x86, 0xCF, 0xB3, 0xD6, 0x5A, 0xEB, 0x86, 0x6C, 0xF6, 0x0F, 0x43, 0x46, 0x89, 0x50, 0xC8, 0x72,
    0x25, 0xC3, 0xE9, 0xF6, 0x68, 0x62, 0xAE, 0x61, 0xAC, 0xF2, 0x90, 0x46, 0x38, 0xE4, 0x00, 0x64,
    0xE2, 0x90, 0xAC, 0x3E, 0xC0, 0xDA, 0xCD, 0xF8, 0x34, 0x5E, 0xC1, 0x43, 0x7D, 0x58, 0x75, 0x3E,
    0x19, 0xF0, 0x7C, 0x32, 0x89, 0xDD, 0x36, 0x82, 0xD8, 0xAC, 0xF2, 0x8F, 0x7F, 0xD2, 0xF9, 0xE3,
    0xE1, 0xEE, 0xA3, 0x57, 0x87, 0xCA, 0x31, 0xEE, 0xBE, 0x3A, 0x6C, 0xE8, 0x57, 0x87, 0x80, 0x77,
    0x08, 0xE7, 0xB7, 0x87, 0x3D, 0xFD, 0xCF, 0xC3, 0x0F, 0xBB, 0x72, 0xDD, 0xBD, 0x7A, 0x88, 0xBF,
    0x6A, 0xF9, 0xEB, 0x59, 0x87, 0xF7, 0x31, 0xC1, 0xF9, 0xB3, 0x0E, 0xEB, 0xC4, 0x30, 0xCB, 0xD3,
    0x67, 0xFF, 0x76, 0x4F, 0x4E, 0x65, 0x4F, 0xE5, 0x7A, 0xDE, 0x3F, 0xD0, 0xB1, 0xCA, 0xD9, 0x99,
    0x79, 0x56, 0x95, 0x89, 0x19, 0x36, 0xB5, 0x7A, 0x24, 0x73, 0x27, 0x91, 0x0D, 0x23, 0xEE, 0x37,
    0x94, 0x3E, 0x90, 0x97, 0xF2, 0x02, 0x18, 0x93, 0x17, 0x15, 0x84, 0xF7, 0xC4, 0x28, 0x3F, 0x32,
    0x67, 0x3D, 0x03, 0x9D, 0xAD, 0x3D, 0x9B, 0x65, 0x3C, 0x6D, 0xD1, 0xB6, 0xCF, 0x0E, 0xDA, 0xCC,
    0x6E, 0xF7, 0x39, 0xD7, 0xE9, 0x5C, 0xF9, 0xB9, 0x13, 0xE7, 0xC9, 0x31, 0x94, 0x95, 0x33, 0xB6,
    0xD0, 0x80, 0xC1, 0x51, 0xFC, 0x80, 0x72, 0xCE, 0x49, 0xCC, 0x16, 0x8A, 0xEA, 0x2D, 0x74, 0xD1,
    0x57, 0xCE, 0x1E, 0x63, 0x51, 0x22, 0xEF, 0xE7, 0xE0, 0x46, 0xAB, 0xC4, 0xF3, 0xEA, 0x5D, 0x36,
    0x8D, 0x45, 0xDF, 0x68, 0x6B, 0xCF, 0x5A, 0x6F, 0x62, 0x74, 0x31, 0x00, 0xBA, 0x43, 0x91, 0xEB,
    0xC3, 0x36, 0xE0, 0x8E, 0x01, 0x04, 0xD7, 0x44, 0x5E, 0xFA, 0x03, 0xD4, 0x53, 0x7C, 0x0D, 0x2C,
    0x3E, 0x6B, 0x97, 0x0F, 0xDC, 0x45, 0xB3, 0xBB, 0x49, 0x4B, 0xEC, 0x87, 0x9C, 0xB5, 0xAD, 0xBD,
    0xCF, 0xB3, 0xF6, 0x2C, 0xEF, 0xFF, 0x54, 0xB2, 0x82, 0x9D, 0x5D, 0x32, 0x8B, 0x7F, 0x07, 0xB2,
    0xD9, 0x84, 0x8C, 0x78, 0x7C, 0x6C, 0xAB, 0x1E, 0x63, 0x65, 0xEC, 0x8D, 0x10, 0x24, 0xD8, 0x45,
    0xDE, 0xBA, 0x92, 0xF2, 0xAE, 0xE4, 0xBE, 0x9B, 0x7A, 0x8B, 0x9D, 0xCF, 0xF1, 0x79, 0x60, 0xC6,
    0x2F, 0x8A, 0x47, 0x3D, 0xDD, 0x8F, 0xBA, 0x6E, 0xB5, 0xB3, 0x0F, 0x00, 0x9D, 0xDB, 0xE3, 0x58,
    0x4A, 0x72, 0x87, 0xED, 0x82, 0x1B, 0x4E, 0xAB, 0x15, 0xCF, 0x65, 0xBD, 0x78, 0xD4, 0x8F, 0x6E,
    0x74, 0x92, 0x88, 0xCF, 0xB9, 0xE2, 0x7E, 0x4C, 0x07, 0x8C, 0x9B, 0xDC, 0xD9, 0x78, 0x16, 0x31,
    0xA6, 0x35, 0xB0, 0x8C, 0x3C, 0xC7, 0xD8, 0x7C, 0x16, 0xEF, 0xE7, 0x39, 0x63, 0x5E, 0xD3, 0x79,
    0x9D, 0x63, 0x9D, 0x2C, 0x64, 0x79, 0x45, 0x56, 0x7D, 0x72, 0x7F, 0x8C, 0xF0, 0x76, 0x44, 0xAF,
    0x4F, 0x6E, 0x47, 0xAB, 0x10, 0x77, 0xE4, 0x5A, 0xCB, 0x7D, 0xB1, 0x25, 0xE6, 0xC8, 0x78, 0xA2,
    0x82, 0xDB, 0xD7, 0xF1, 0x12, 0x9F, 0xE5, 0x98, 0x45, 0x73, 0x2C, 0x8F, 0xAF, 0x60, 0xD1, 0xA2,
    0x45, 0xBC, 0xB5, 0x56, 0x6C, 0x98, 0x83, 0x08, 0x4E, 0x0A, 0x78, 0x3C, 0x37, 0xED, 0x01, 0xF7,
    0xEA, 0x71, 0x90, 0xBA, 0xE3, 0x0B, 0xC0, 0xBA, 0x99, 0x23, 0x22, 0x70, 0x04, 0x38, 0xB4, 0x52,
    0xF8, 0x39, 0x30, 0x93, 0x25, 0x31, 0x76, 0x00, 0xC8, 0x82, 0xCD, 0xC4, 0x19, 0xFA, 0x7D, 0x78,
    0xCF, 0xC3, 0x14, 0x5B, 0x9B, 0x7B, 0x77, 0x70, 0x37, 0x18, 0x6E, 0x09, 0x36, 0x06, 0xDE, 0x71,
    0xD9, 0x5E, 0x92, 0x28, 0x12, 0x6F, 0xE0, 0x0C, 0x03, 0x69, 0xD3, 0x79, 0xCD, 0x7B, 0x8B, 0xCB,
    0x91, 0xE7, 0xB4, 0xC5, 0x53, 0x04, 0x5C, 0x5E, 0x9C, 0xB6, 0xCB, 0x69, 0xDF, 0x83, 0xF3, 0x32,
    0x18, 0xD4, 0x07, 0x78, 0x39, 0x65, 0x31, 0x3D, 0x8B, 0x59, 0xA5, 0xA5, 0xCB, 0x72, 0x54, 0x2F,
    0x5F, 0xA4, 0xCC, 0x54, 0xB5, 0xF4, 0xB4, 0xC8, 0xB3, 0x4F, 0xFA, 0x3A, 0x99, 0xD7, 0xCB, 0xDC,
    0xA6, 0xA4, 0x94, 0x85, 0x79, 0xB4, 0x0F, 0x93, 0x92, 0x8D, 0x78, 0xCB, 0xA6, 0x8E, 0x6D, 0x87,
    0x54, 0xA8, 0x44, 0x01, 0xB6, 0xB4, 0xB6, 0xCD, 0x2A, 0x89, 0x05, 0xCF, 0xC0, 0x9D, 0x24, 0x13,
    0xA1, 0x64, 0xA2, 0x63, 0x69, 0xBE, 0x31, 0x1D, 0xAE, 0x48, 0x4F, 0x17, 0xC8, 0xF5, 0x09, 0xC9,
    0x21, 0xE6, 0x48, 0x0D, 0xCD, 0xAC, 0x5E, 0x17, 0x9D, 0xB8, 0x0B, 0x79, 0xF1, 0x32, 0x11, 0x72,
    0x26, 0xBD, 0x44, 0x9A, 0xCF, 0xB2, 0x7B, 0xCF, 0xAE, 0x8A, 0xF4, 0xB4, 0x88, 0x98, 0x08, 0xED,
    0xF2, 0xB1, 0xFD, 0x2F, 0x0E, 0xBF, 0x2F, 0x52, 0x1F, 0x88, 0xEC, 0xFD, 0x0D, 0xD8, 0x19, 0xEE,
    0x00, 0xEB, 0x71, 0x0D, 0x8C, 0x9E, 0x52, 0x9D, 0xCE, 0x69, 0x72, 0xBE, 0x33, 0x59, 0xBB, 0x2A,
    0x72, 0x9F, 0x1D, 0x1C, 0x01, 0x87, 0x12, 0x18, 0x41, 0x5E, 0xA4, 0xBE, 0xDC, 0xCA, 0x9A, 0x20,
    0xBE, 0x94, 0x7B, 0x06, 0x4E, 0xC9, 0xC8, 0x6F, 0x4A, 0x1F, 0x69, 0x93, 0x43, 0xCA, 0xD0, 0x42,
    0x8B, 0xF8, 0x11, 0xA6, 0x16, 0xE3, 0x3A, 0xB3, 0x9B, 0xA7, 0x08, 0x94, 0xAB, 0x24, 0x9E, 0x4F,
    0x2E, 0x16, 0x94, 0xCD, 0x72, 0xF4, 0x53, 0x6B, 0x0B, 0x3E, 0x26, 0x25, 0x57, 0x41, 0xC1, 0x5F,
    0x4D, 0x88, 0x9F, 0x53, 0xD5, 0x46, 0xB1, 0xAA, 0x5B, 0x13, 0x91, 0x4D, 0x88, 0x6C, 0x80, 0x4D,
    0x2D, 0xBC, 0x69, 0xDA, 0x9B, 0x06, 0xEF, 0xF5, 0x8D, 0x48, 0xA4, 0xC4, 0x33, 0xFA, 0xFC, 0x3D,
    0x8B, 0x67, 0x55, 0x89, 0x57, 0x29, 0x65, 0x90, 0xA2, 0x71, 0x2C, 0xA2, 0x30, 0x95, 0xC6, 0x09,
    0x7B, 0x73, 0xC9, 0x89, 0x4B, 0xC9, 0x79, 0x4B, 0xFC, 0x4C, 0x72, 0xD6, 0x5A, 0x16, 0x3F, 0x30,
    0x64, 0x28, 0x4D, 0xFC, 0x9B, 0xB9, 0x78, 0x46, 0x9F, 0xCC, 0x2D, 0x6D, 0x5A, 0xB9, 0x68, 0x68,
    0xA7, 0x19, 0x9F, 0x15, 0x6D, 0xF0, 0x67, 0x92, 0xDF, 0x14, 0x5F, 0x62, 0x43, 0xF6, 0x81, 0x41,
    0x11, 0x55, 0x4D, 0xA6, 0x95, 0xD6, 0xA4, 0x5D, 0x39, 0x66, 0xC9, 0xCF, 0xFD, 0x56, 0x71, 0xFA,
    0x94, 0x01, 0xB2, 0x6D, 0x00, 0xF5, 0x3B, 0x22, 0xF7, 0x7E, 0x06, 0x04, 0xA9, 0x3F, 0x42, 0x08,
    0xFC, 0xE1, 0xB4, 0xB4, 0xEF, 0xBE, 0xE4, 0x9B, 0x40, 0xEF, 0x7B, 0xC0, 0xFF, 0xC7, 0x8F, 0xFB,
    0xA8, 0xF3, 0x1E, 0x05, 0x7E, 0xDB, 0xEF, 0xC3, 0xE9, 0x4D, 0x90, 0x5B, 0x93, 0xB7, 0x9D, 0xD9,
    0xC0, 0x4D, 0x55, 0x17, 0xBF, 0x4C, 0xD5, 0xCD, 0x11, 0x72, 0xB6, 0x11, 0x5E, 0x3F, 0xAF, 0xC2,
    0xEE, 0x6A, 0xD1, 0x7B, 0x27, 0xFC, 0xDB, 0x98, 0x54, 0xDD, 0x5F, 0xBB, 0xA2, 0x42, 0x20, 0xEF,
    0x10, 0xAF, 0x6D, 0x5C, 0xAC, 0x29, 0xD5, 0x0D, 0x33, 0x7F, 0xF1, 0x84, 0xDE, 0x38, 0xEE, 0x86,
    0x3B, 0x07, 0x6C, 0x3F, 0xBB, 0xA6, 0xD4, 0xFD, 0x13, 0xA5, 0x80, 0x0D, 0x55, 0x38, 0x42, 0x02,
    0xAA, 0xE4, 0x1B, 0xE2, 0xEB, 0x80, 0x52, 0xB7, 0x57, 0x2D, 0xAF, 0x37, 0x21, 0x83, 0x3C, 0xCB,
    0xBF, 0xF1, 0x90, 0x3C, 0xA5, 0xDC, 0x58, 0x29, 0x2F, 0xA9, 0x89, 0x03, 0xC6, 0xC9, 0x3E, 0xE1,
    0x01, 0x1B, 0x40, 0x8D, 0x71, 0x59, 0x0E, 0xE3, 0x21, 0xC7, 0x72, 0x19, 0x53, 0x39, 0x1E, 0x5E,
    0xE7, 0x58, 0xA6, 0x22, 0x79, 0x16, 0xE3, 0xE1, 0x78, 0xB2, 0x76, 0xEE, 0x9A, 0x76, 0x99, 0x47,
    0x86, 0x2A, 0xB8, 0xD9, 0x02, 0x2F, 0xD6, 0x36, 0x0A, 0xB9, 0x32, 0x9C, 0x83, 0x72, 0x5C, 0x3C,
    0x57, 0xE7, 0xC7, 0x96, 0x39, 0x8C, 0x09, 0x7C, 0x10, 0x32, 0xCA, 0x08, 0xE3, 0x40, 0x6F, 0xB2,
    0xFB, 0x95, 0x34, 0x45, 0x6C, 0x07, 0xA1, 0x90, 0xEA, 0x29, 0x8E, 0xA2, 0xB4, 0xD5, 0xCC, 0x2F,
    0x90, 0xBB, 0x85, 0x5F, 0x20, 0x41, 0x3C, 0xE7, 0x0C, 0x29, 0xBE, 0x91, 0x17, 0x8F, 0x89, 0x3A,
    0x69, 0x1C, 0x4B, 0x73, 0xE7, 0x40, 0x84, 0x1F, 0xF9, 0x3B, 0xC5, 0x7B, 0x22, 0xB9, 0x02, 0x77,
    0xBD, 0x84, 0xD2, 0x07, 0x46, 0x7E, 0x1F, 0xEE, 0x7F, 0xC2, 0x21, 0x82, 0xDF, 0xEC, 0xED, 0xE1,
    0x97, 0xDE, 0xB0, 0x0E, 0x20, 0x9E, 0x46, 0xCF, 0x19, 0xCF, 0xAF, 0x34, 0xDB, 0x00, 0x1D, 0xEB,
    0x68, 0xE8, 0x84, 0x3F, 0xAE, 0x09, 0x93, 0x59, 0x50, 0xFC, 0x65, 0x2D, 0xF7, 0xC3, 0xDA, 0x3A,
    0x23, 0x3D, 0x93, 0x63, 0x82, 0x2B, 0x55, 0x77, 0x9C, 0x5F, 0x35, 0xEC, 0xFF, 0x1F, 0xAD, 0x59,
    0x01, 0x64, 0x5C, 0x5B, 0x1A, 0xFE, 0xEE, 0xBD, 0x33, 0x99, 0x97, 0xBD, 0x3B, 0x77, 0x06, 0x0D,
    0xB5, 0x92, 0xCE, 0x43, 0xB1, 0xE2, 0xBE, 0x06, 0x8A, 0x41, 0xBA, 0x3D, 0x6B, 0x01, 0x8F, 0x6C,
    0xD8, 0x4E, 0xC3, 0x2B, 0x69, 0x01, 0xC4, 0xAB, 0x16, 0x0F, 0x41, 0x57, 0x06, 0x80, 0x90, 0x0D,
    0xB6, 0x00, 0xB6, 0xB0, 0xEC, 0x9B, 0xEE, 0x36, 0xB3, 0x6C, 0xC8, 0x76, 0xFB, 0x3A, 0x43, 0xF1,
    0x50, 0x08, 0xEB, 0x01, 0x30, 0x68, 0xB1, 0xDD, 0x65, 0x87, 0x9D, 0x47, 0xB6, 0x2F, 0x99, 0xF3,
    0xFE, 0x2F, 0x67, 0xEE, 0x9C, 0x33, 0x77, 0x6E, 0xDA, 0xE9, 0xA4, 0x27, 0xFE, 0x2F, 0xE7, 0x3F,
    0x73, 0xFF, 0x6F, 0xFE, 0xF3, 0xDF, 0x73, 0xFF, 0xFF, 0xCF, 0x0D, 0x06, 0xA3, 0x83, 0xA6, 0xDF,
    0x4E, 0x81, 0x56, 0x02, 0x6F, 0x55, 0x4B, 0x8B, 0xBA, 0x7F, 0xD3, 0xF9, 0xE0, 0x35, 0x41, 0xD7,
    0xA9, 0x82, 0x9F, 0x62, 0xA3, 0x51, 0xEF, 0x90, 0x65, 0x0C, 0xCA, 0x50, 0xD6, 0xEC, 0x2D, 0x59,
    0x34, 0x2D, 0xDC, 0x35, 0x52, 0xE1, 0xE9, 0xE3, 0x34, 0x0B, 0x50, 0xD1, 0xDA, 0xAA, 0x59, 0xA0,
    0x32, 0x1C, 0xD7, 0xE2, 0xAE, 0xF1, 0x6F, 0xE4, 0x7B, 0xD7, 0x04, 0xB6, 0x74, 0x7B, 0x60, 0xEB,
    0x11, 0xC2, 0x01, 0xC0, 0x05, 0xAD, 0x8F, 0xE0, 0xD5, 0x6A, 0xAB, 0xB8, 0xE3, 0xD5, 0x1D, 0x52,
    0xFA, 0xF7, 0x3D, 0xC1, 0xFD, 0x22, 0xD9, 0xCC, 0x6B, 0xB4, 0x86, 0xA4, 0x05, 0xE0, 0x30, 0x21,
    0x25, 0xD0, 0xFB, 0x94, 0xEA, 0x8E, 0x6A, 0x33, 0xA8, 0x8F, 0x49, 0x4B, 0xBF, 0x39, 0x68, 0x06,
    0x94, 0xF4, 0x7A, 0xBD, 0x3A, 0x57, 0x43, 0x15, 0x18, 0x93, 0x72, 0xD9, 0xB3, 0x5C, 0x4F, 0x1F,
    0x53, 0xF4, 0x51, 0xDA, 0x96, 0xD7, 0x0E, 0xF7, 0x87, 0x4C, 0x1E, 0x90, 0x8B, 0xF3, 0x51, 0xDB,
    0x87, 0x9B, 0xFB, 0x6B, 0x96, 0x6F, 0x7F, 0x8D, 0x6B, 0xEA, 0xD4, 0xC6, 0x13, 0x09, 0xEA, 0x14,
    0x60, 0x28, 0x5A, 0x1F, 0x4B, 0xF8, 0x6E, 0x9C, 0xED, 0xD7, 0xC3, 0xCD, 0x2C, 0xBF, 0x0A, 0xE2,
    0x57, 0x41, 0x01, 0x05, 0x38, 0x22, 0x5C, 0x89, 0x5F, 0x77, 0x7C, 0x95, 0xED, 0x53, 0x8A, 0x27,
    0x70, 0xF6, 0xC7, 0xB9, 0xE3, 0xD7, 0x09, 0xCC, 0xB8, 0xEC, 0x72, 0xD1, 0xF6, 0x2C, 0xAE, 0x4A,
    0x7F, 0xEB, 0x08, 0xD1, 0xFD, 0x2A, 0xA5, 0xD2, 0xBF, 0x5F, 0x5D, 0x80, 0x88, 0x27, 0x73, 0x2D,
    0xEB, 0x1C, 0xD3, 0xED, 0xB1, 0x5A, 0x80, 0x23, 0xC6, 0x5F, 0xD0, 0x27, 0x97, 0xA7, 0x25, 0xEB,
    0x3C, 0x07, 0x69, 0x9E, 0x40, 0xE1, 0xAA, 0x89, 0x79, 0xB2, 0x3F, 0x3B, 0x4F, 0xF6, 0x67, 0x7D,
    0xE2, 0xDE, 0xD2, 0x67, 0xCA, 0xF5, 0x49, 0x55, 0xE1, 0x1D, 0x56, 0xE1, 0x77, 0x80, 0xA0, 0x07,
    0x54, 0x3E, 0x83, 0x77, 0x10, 0x1E, 0x96, 0x0E, 0xF1, 0x4D, 0x0E, 0xC8, 0x99, 0xF3, 0x30, 0xF1,
    0xFE, 0x2E, 0xE3, 0x5E, 0x5F, 0x05, 0xAF, 0xF2, 0xDD, 0x64, 0x6F, 0xC1, 0xA1, 0xD7, 0x85, 0x5C,
    0x30, 0x7A, 0xB6, 0xDA, 0x14, 0xE1, 0xA1, 0x90, 0xEB, 0xBB, 0xCD, 0x64, 0x4D, 0x9E, 0x24, 0xF7,
    0x3E, 0x1E, 0x03, 0x5D, 0xC0, 0xEF, 0x01, 0xE1, 0x5D, 0xE0, 0xB7, 0xE1, 0x61, 0xD8, 0xC1, 0x37,
    0xA0, 0x5F, 0x1C, 0x28, 0x46, 0x77, 0x66, 0xA3, 0xA8, 0x59, 0x1C, 0x95, 0x56, 0x7F, 0x3D, 0x6A,
    0x56, 0xFA, 0xE3, 0xEB, 0x27, 0x51, 0x34, 0x77, 0x23, 0x8A, 0x00, 0x47, 0x04, 0xCA, 0xB9, 0x62,
    0xDC, 0x8C, 0xA2, 0xA1, 0x88, 0x7D, 0xDC, 0x2C, 0xF5, 0x87, 0xFA, 0xD3, 0x27, 0x51, 0xBC, 0xF1,
    0x75, 0x14, 0x03, 0xC5, 0xD8, 0xFA, 0x85, 0x78, 0x5C, 0x72, 0xF3, 0x40, 0x14, 0xDF, 0x2F, 0xBA,
    0x5C, 0x51, 0xBC, 0x7F, 0xDB, 0x72, 0xED, 0xAF, 0x47, 0xF1, 0xD6, 0x09, 0xB9, 0xA2, 0xD8, 0x57,
    0x51, 0x1C, 0xD4, 0x67, 0x45, 0x00, 0xF7, 0x8C, 0x0E, 0x9E, 0x9D, 0x5C, 0x39, 0x17, 0x8D, 0xF8,
    0xD0, 0xD2, 0xC2, 0x53, 0x7A, 0xE2, 0x72, 0x93, 0x67, 0xE8, 0x93, 0xCB, 0xE3, 0x9E, 0xF7, 0x34,
    0x17, 0xF7, 0x47, 0x9F, 0xB2, 0x79, 0xEC, 0xDE, 0x38, 0x77, 0xB8, 0xFA, 0xE0, 0x98, 0xD8, 0xAF,
    0xA2, 0xEB, 0x57, 0x3C, 0x22, 0xF6, 0x99, 0x06, 0x63, 0x3F, 0x09, 0x57, 0xA0, 0x30, 0xEF, 0xDA,
    0x67, 0x70, 0xE5, 0xC0, 0x0B, 0x41, 0x2B, 0x03, 0x8C, 0x35, 0x5A, 0xFA, 0x49, 0x0C, 0x32, 0x3A,
    0x1F, 0x90, 0x14, 0x72, 0x12, 0x62, 0x5A, 0x11, 0x76, 0x09, 0x5D, 0x11, 0xAF, 0x27, 0x50, 0xF8,
    0x8B, 0xC0, 0x95, 0xB0, 0x8E, 0xB0, 0xE7, 0xF5, 0x91, 0x07, 0x66, 0x0D, 0x3D, 0xF7, 0x3D, 0x4E,
    0xDF, 0xCF, 0xA6, 0x4F, 0x02, 0x00, 0xB0, 0x4E, 0x08, 0x04, 0x02, 0x3D, 0x01, 0xFF, 0x3F, 0x61,
    0x13, 0xE1, 0xAF, 0xE3, 0x65, 0x5C, 0x0B, 0x7A, 0x25, 0x00, 0x2A, 0xF1, 0xDE, 0x8D, 0xAA, 0xC8,
    0x1E, 0xEF, 0xD0, 0x7A, 0x56, 0x54, 0x2F, 0x62, 0x49, 0xD7, 0xBD, 0xEF, 0xF3, 0x42, 0x67, 0xA2,
    0xE0, 0xBD, 0xF2, 0x0E, 0x70, 0x4F, 0xEF, 0x9E, 0x5D, 0x59, 0x4C, 0x26, 0x69, 0xE9, 0xF1, 0xB5,
    0x49, 0x2B, 0x0B, 0x9F, 0x78, 0xDA, 0x58, 0x0E, 0xCB, 0x39, 0x5D, 0x65, 0x21, 0x17, 0xB3, 0x93,
    0xD5, 0x3F, 0xA0, 0xB2, 0x5C, 0xB0, 0xD9, 0x92, 0x3C, 0x49, 0x36, 0x32, 0x59, 0xEE, 0x43, 0xAA,
    0x41, 0xC2, 0x43, 0x3B, 0x66, 0x23, 0x77, 0x7F, 0xDC, 0xF3, 0x74, 0x59, 0x97, 0xD5, 0x29, 0x3B,
    0x56, 0x8C, 0xF3, 0x04, 0x59, 0xF7, 0x32, 0x56, 0x3D, 0xB9, 0x88, 0xD6, 0xA0, 0xA9, 0xF4, 0x1D,
    0xA7, 0x40, 0x95, 0x6B, 0xA4, 0x94, 0x8E, 0xE6, 0xE1, 0x26, 0x06, 0x0E, 0x82, 0xAC, 0x1E, 0x80,
    0x0E, 0x77, 0x47, 0xF0, 0xBB, 0x61, 0x1B, 0xC1, 0x41, 0xB1, 0x83, 0xCA, 0xA5, 0x07, 0xCB, 0xA8,
    0x16, 0xBA, 0xF6, 0xB8, 0x95, 0x81, 0xEC, 0xDB, 0x6A, 0x43, 0x38, 0x71, 0x52, 0xFF, 0xF9, 0xFD,
    0x40, 0x2D, 0x8B, 0xAD, 0x88, 0x3E, 0x96, 0x5B, 0xF1, 0xC0, 0xCC, 0xDF, 0x3C, 0xA3, 0xC8, 0x65,
    0xCB, 0x00, 0x28, 0x48, 0x25, 0x94, 0x9E, 0x7B, 0x5B, 0xC1, 0x91, 0x95, 0xD4, 0x4B, 0x4F, 0x4E,
    0x85, 0xC9, 0xBB, 0xB9, 0x90, 0xAC, 0xF5, 0x23, 0x79, 0x34, 0xDE, 0x99, 0xD4, 0x99, 0x8C, 0xDD,
    0x47, 0x4A, 0x6C, 0x4C, 0x32, 0x5E, 0xA7, 0x6E, 0x12, 0xFC, 0xE4, 0xC9, 0xD8, 0x30, 0x56, 0x1D,
    0x28, 0xF1, 0xB6, 0x73, 0x96, 0xF9, 0x01, 0xFC, 0x36, 0xD2, 0xA0, 0x65, 0x08, 0x29, 0x35, 0x85,
    0x8B, 0xE0, 0x73, 0x6B, 0x76, 0xCE, 0x99, 0x85, 0x24, 0x1A, 0x5D, 0x18, 0xD8, 0x12, 0x33, 0x52,
    0x70, 0x38, 0x0D, 0x51, 0x4C, 0x98, 0x1F, 0x85, 0xDC, 0xB9, 0x98, 0x43, 0x7D, 0xEF, 0x04, 0x08,
    0xD4, 0x42, 0x06, 0xFC, 0x54, 0x04, 0xF3, 0x69, 0xAA, 0x6C, 0xE6, 0x34, 0x3D, 0xED, 0x5D, 0xA0,
    0x85, 0x89, 0x2D, 0x18, 0x5C, 0x97, 0x39, 0x93, 0xB4, 0xF3, 0xCE, 0x40, 0xD0, 0x96, 0x33, 0x4B,
    0x6F, 0x4B, 0x95, 0x07, 0xE4, 0xA6, 0xF5, 0xD9, 0x7E, 0x47, 0x81, 0xFE, 0x39, 0x30, 0x72, 0x58,
    0x27, 0xA6, 0xB7, 0xCC, 0xC6, 0x2B, 0x35, 0x6A, 0x46, 0xD5, 0x00, 0xD5, 0xF3, 0x9D, 0x92, 0x47,
    0x66, 0xCD, 0xF4, 0x4D, 0x28, 0xDC, 0x05, 0xD8, 0x39, 0x21, 0xEC, 0xE0, 0x39, 0xBC, 0x73, 0x9C,
    0x12, 0x56, 0x1D, 0xF8, 0xAF, 0xF3, 0x3D, 0xB9, 0x2E, 0x71, 0xD7, 0x67, 0xE5, 0x19, 0x2D, 0x3D,
    0x1C, 0x31, 0x22, 0xC4, 0x2E, 0x94, 0xF4, 0x71, 0x6A, 0x6D, 0xA9, 0x2B, 0x6B, 0x57, 0x76, 0x39,
    0x85, 0x85, 0xB9, 0xDB, 0x7B, 0x31, 0xAE, 0xEB, 0x7F, 0x89, 0x0A, 0x8C, 0x41, 0x1E, 0x17, 0x68,
    0x5B, 0x15, 0xA8, 0x6D, 0x92, 0xF4, 0x28, 0x51, 0x09, 0xA2, 0x2E, 0x75, 0x10, 0xF3, 0x62, 0xC2,
    0xE2, 0x73, 0x1D, 0xE3, 0x17, 0x8D, 0xDF, 0x0F, 0x6C, 0xFD, 0x3A, 0xA1, 0x6D, 0x00, 0x03, 0xE0,
    0x51, 0x41, 0xF2, 0x84, 0x63, 0x16, 0x97, 0xAB, 0xA4, 0xAA, 0xA2, 0xD4, 0x38, 0x30, 0x40, 0xF5,
    0x9A, 0x92, 0xD9, 0xF5, 0x4E, 0x49, 0xF7, 0xAA, 0x3C, 0x6E, 0x02, 0x0B, 0x5F, 0x54, 0xC5, 0xC9,
    0x7E, 0x15, 0x73, 0xAB, 0x54, 0xCB, 0x50, 0x40, 0x95, 0x8C, 0x0F, 0x82, 0x43, 0xE0, 0x38, 0xE8,
    0xC2, 0x7F, 0x19, 0x2D, 0xA3, 0x12, 0x1C, 0x97, 0xD4, 0x27, 0x78, 0xE4, 0x25, 0xC7, 0x29, 0x9C,
    0xF7, 0x5E, 0x86, 0xB1, 0x6F, 0x64, 0x49, 0xDB, 0xB9, 0x88, 0x16, 0xFD, 0x16, 0x9A, 0x61, 0x98,
    0xC8, 0xC6, 0x0F, 0x3F, 0x84, 0x5B, 0x6F, 0x6E, 0x85, 0x40, 0x38, 0x90, 0x82, 0x08, 0x28, 0x1E,
    0x2E, 0x7A, 0xDB, 0x21, 0x68, 0x89, 0x2B, 0x8F, 0x13, 0x10, 0xF5, 0x16, 0x41, 0x83, 0xD4, 0x20,
    0x87, 0xC0, 0xE7, 0x21, 0x5A, 0xFA, 0xDF, 0xA1, 0xB8, 0x4A, 0xF3, 0x0B, 0x74, 0x75, 0x19, 0x1D,
    0x01, 0xAF, 0x0B, 0x3C, 0x0F, 0x0E, 0xE0, 0x7F, 0xFB, 0xBB, 0x4B, 0xA8, 0xFC, 0xF2, 0xB8, 0xD0,
    0xCE, 0xE1, 0x53, 0x28, 0x98, 0x11, 0x45, 0x88, 0x8D, 0xD4, 0xBE, 0x8C, 0xE4, 0x4E, 0x59, 0x5D,
    0x84, 0x3A, 0x9C, 0x9F, 0xB9, 0xDB, 0x8F, 0x77, 0xE4, 0xA6, 0xAD, 0xD0, 0x2E, 0x25, 0xF0, 0x90,
    0x8B, 0x42, 0xB1, 0x09, 0xF5, 0x31, 0x7F, 0x5B, 0x19, 0x72, 0xDC, 0x5C, 0x91, 0x58, 0x26, 0xB6,
    0xF0, 0x78, 0x4F, 0xC6, 0x79, 0x66, 0x45, 0xC0, 0x03, 0x10, 0x81, 0xD6, 0x06, 0xC8, 0xE1, 0xAA,
    0x8D, 0x67, 0x11, 0x66, 0xF6, 0xFE, 0x14, 0x81, 0xB4, 0x10, 0xAF, 0x56, 0x78, 0x96, 0x22, 0x18,
    0x8E, 0x5D, 0xC2, 0xA1, 0x01, 0x18, 0x60, 0x52, 0xE6, 0x01, 0xA8, 0x99, 0xF4, 0x19, 0x62, 0x3E,
    0x9B, 0x99, 0x2A, 0x39, 0x08, 0x37, 0x49, 0xFA, 0x76, 0xC5, 0xB8, 0x43, 0x6F, 0x0D, 0x3D, 0xC1,
    0xA8, 0x1E, 0x99, 0x0D, 0x08, 0xBD, 0x42, 0x32, 0x66, 0x70, 0x31, 0x22, 0x1B, 0xDD, 0xA4, 0x24,
    0xF3, 0x42, 0x12, 0x89, 0xDB, 0x5F, 0x9C, 0x46, 0x22, 0x3F, 0xA0, 0x03, 0xC9, 0xE8, 0x6F, 0x22,
    0xD4, 0xCD, 0x98, 0x15, 0x2E, 0x1B, 0x55, 0xB9, 0x43, 0x09, 0x17, 0x77, 0x4F, 0xAE, 0xC5, 0xBD,
    0xD6, 0xCE, 0xE2, 0xD7, 0xAB, 0x86, 0xC7, 0xB5, 0x4F, 0x71, 0x4D, 0x51, 0xDA, 0x9A, 0x21, 0x52,
    0x60, 0x4A, 0x5B, 0x4D, 0xC6, 0x44, 0x65, 0x82, 0x35, 0xD6, 0x82, 0xCD, 0x2F, 0xFE, 0x3B, 0xCB,
    0xC4, 0x0C, 0x70, 0x11, 0x05, 0x20, 0x26, 0x2C, 0x9B, 0x34, 0x4C, 0x35, 0xBD, 0x66, 0x47, 0xCB,
    0x30, 0x77, 0x4C, 0x08, 0xB2, 0x60, 0xE2, 0x44, 0x6B, 0xC7, 0x96, 0x25, 0x25, 0xD8, 0x2A, 0x34,
    0x06, 0x74, 0x57, 0x21, 0x76, 0x80, 0x17, 0x5B, 0x35, 0xD3, 0x5D, 0x9B, 0x77, 0x67, 0x08, 0x05,
    0x3C, 0x22, 0x40, 0x40, 0x11, 0x92, 0x68, 0x4C, 0x54, 0xDA, 0x52, 0x3E, 0x93, 0xCF, 0x42, 0xE2,
    0x0B, 0x5C, 0x20, 0x3D, 0xC7, 0x7B, 0x6B, 0x72, 0x36, 0xE9, 0x24, 0x35, 0x99, 0xE3, 0x43, 0x1D,
    0xEF, 0x0C, 0xE9, 0xFF, 0x70, 0x42, 0xE3, 0x05, 0x99, 0x11, 0x00, 0xC2, 0x2A, 0xD5, 0xEE, 0x02,
    0x00, 0x7C, 0x72, 0x1E, 0xFA, 0xA4, 0x01, 0xFA, 0xB2, 0x28, 0x7C, 0x04, 0xC4, 0x09, 0xE8, 0xFF,
    0x9A, 0xB8, 0x4C, 0x1F, 0x76, 0xBB, 0x85, 0x73, 0x75, 0x14, 0xD9, 0xF4, 0x1E, 0xBA, 0xEC, 0x28,
    0x76, 0xDF, 0xD3, 0x51, 0x70, 0x94, 0x51, 0x02, 0xBE, 0x1A, 0x80, 0xD6, 0xBD, 0xB4, 0x6A, 0x87,
    0x69, 0x57, 0x6D, 0xAD, 0x84, 0x4A, 0x66, 0xAC, 0x71, 0x28, 0xFD, 0x0D, 0xF0, 0x9E, 0x2D, 0x29,
    0x2C, 0xED, 0xFA, 0x93, 0x37, 0x2C, 0x99, 0x71, 0xB9, 0xC7, 0xEF, 0x79, 0x95, 0x3F, 0x72, 0xDB,
    0x8A, 0x8E, 0xDB, 0x56, 0x4C, 0x7B, 0xD0, 0x99, 0x3C, 0x46, 0x0F, 0xE1, 0xF1, 0x70, 0xF6, 0x11,
    0x6F, 0xE8, 0x49, 0x3A, 0xA5, 0x85, 0x3C, 0xED, 0x6E, 0xDA, 0x0F, 0x43, 0xC4, 0x61, 0x58, 0x7B,
    0x10, 0x4A, 0xBA, 0x36, 0x73, 0x11, 0xCE, 0xBD, 0xDA, 0x8D, 0x10, 0x40, 0xB8, 0xA8, 0xF5, 0xCB,
    0xC5, 0x3D, 0x99, 0x47, 0x10, 0x09, 0x35, 0x22, 0xEF, 0x16, 0xE7, 0x43, 0x01, 0x42, 0x0F, 0xB9,
    0xD9, 0xEC, 0xDA, 0xC7, 0x19, 0x80, 0x08, 0x8B, 0x8D, 0xBD, 0x1D, 0x5C, 0xEF, 0xFF, 0x31, 0x82,
    0xF0, 0xF7, 0x05, 0x20, 0x33, 0x0E, 0x7F, 0xB4, 0x4C, 0x51, 0x1D, 0x76, 0x40, 0x1A, 0xC9, 0xC8,
    0x1B, 0x3E, 0xD6, 0x13, 0x87, 0x5E, 0xFC, 0x8E, 0x30, 0xD3, 0x60, 0x55, 0x45, 0x3E, 0x62, 0x10,
    0x56, 0x70, 0xE1, 0x12, 0xA9, 0x8A, 0x61, 0x5F, 0x80, 0xB3, 0x1C, 0x14, 0x10, 0x33, 0x28, 0xD7,
    0xD8, 0x56, 0xFC, 0x83, 0x6D, 0xC5, 0x3F, 0x5F, 0x5E, 0x42, 0x49, 0x9D, 0xB0, 0xAD, 0x28, 0x0F,
    0xCF, 0xF6, 0xE7, 0xB1, 0xFF, 0x62, 0xFB, 0xB3, 0x9B, 0x2F, 0xB6, 0x97, 0xF4, 0x8B, 0x6D, 0xCE,
    0x29, 0x9C, 0xE7, 0x6B, 0xBF, 0xDA, 0x06, 0x7E, 0xB3, 0xDD, 0xD2, 0xFF, 0xDB, 0x9E, 0x6B, 0x06,
    0xDB, 0x68, 0xAE, 0x6D, 0xE3, 0xAF, 0x5A, 0x7E, 0x07, 0x56, 0xC4, 0x1E, 0x40, 0xE8, 0x16, 0x53,
    0x7A, 0x37, 0xD2, 0x5A, 0xB0, 0x08, 0x1A, 0x67, 0xA3, 0xC5, 0x46, 0x4B, 0xDA, 0x12, 0x89, 0xC6,
    0x59, 0x3F, 0xA0, 0x20, 0x97, 0x5D, 0x98, 0x5D, 0x1E, 0xBD, 0x23, 0x77, 0x67, 0x68, 0xE5, 0x9F,
    0xDD, 0xA2, 0x14, 0xE9, 0x98, 0xDB, 0x8E, 0x10, 0xD2, 0x61, 0x05, 0xD8, 0x9D, 0xD4, 0x36, 0xD8,
    0x48, 0xBC, 0x59, 0x01, 0x6F, 0xB1, 0x01, 0xFF, 0x5B, 0x42, 0x1B, 0x70, 0xC1, 0x6D, 0x51, 0x80,
    0x42, 0x56, 0x8B, 0x42, 0xE6, 0x82, 0x3D, 0x05, 0x7B, 0x7A, 0x47, 0x60, 0x75, 0xD8, 0xB1, 0x24,
    0x5D, 0x55, 0xBA, 0x45, 0x69, 0x13, 0xDC, 0x03, 0x30, 0xEB, 0x36, 0x67, 0xEE, 0xDC, 0xEC, 0xD0,
    0x93, 0xF6, 0x44, 0xEF, 0xCC, 0xAD, 0x0F, 0xE3, 0x37, 0x8B, 0x8A, 0xEE, 0xA0, 0x87, 0xBB, 0xC2,
    0x17, 0xF1, 0x37, 0x96, 0x44, 0xA7, 0xD3, 0xC0, 0x85, 0x41, 0x61, 0x56, 0x19, 0xC5, 0x5A, 0x9D,
    0x51, 0xAC, 0xE7, 0xFE, 0xBE, 0xF6, 0x9D, 0xC2, 0x57, 0x41, 0x1B, 0x99, 0xF0, 0xA9, 0xA7, 0xA6,
    0x29, 0xA9, 0x21, 0xE3, 0x48, 0x98, 0x21, 0x14, 0x66, 0xBC, 0x3A, 0xDD, 0xC0, 0x00, 0x18, 0x0E,
    0x96, 0xD4, 0xC9, 0x6B, 0xDE, 0x32, 0x7D, 0x89, 0x09, 0x9C, 0x7D, 0xAC, 0xBF, 0x43, 0x81, 0xF7,
    0x7C, 0x47, 0x76, 0xD5, 0x98, 0xAE, 0x7F, 0x69, 0xA2, 0x03, 0x34, 0x57, 0x09, 0x5D, 0x81, 0x72,
    0x57, 0x01, 0x01, 0x2F, 0xAB, 0x94, 0x14, 0x66, 0x8E, 0xFC, 0xFF, 0xE3, 0x27, 0x0A, 0x3F, 0xFB,
    0xC0, 0x8C, 0xBE, 0xC9, 0x38, 0x5F, 0x25, 0x6C, 0x89, 0x76, 0xF6, 0x1F, 0x8A, 0x53, 0xF6, 0x9D,
    0x19, 0xC3, 0xF6, 0x9D, 0x93, 0x7A, 0x3A, 0x27, 0x17, 0xAB, 0xEC, 0x37, 0x09, 0xD9, 0x3D, 0xDC,
    0x24, 0x1D, 0xAD, 0x1D, 0x96, 0xF9, 0x5C, 0x2F, 0x3E, 0xB2, 0x49, 0xAD, 0xA7, 0xF1, 0xD9, 0x07,
    0x6E, 0xDA, 0x13, 0x91, 0x8C, 0x8F, 0xDE, 0xA1, 0x4C, 0xF1, 0xCE, 0x63, 0x0A, 0xC7, 0x77, 0x31,
    0xF2, 0x06, 0xFF, 0xCF, 0x59, 0x6F, 0xF0, 0x39, 0x9A, 0x9D, 0xA0, 0x3E, 0x26, 0x72, 0x88, 0x9A,
    0xAF, 0xD7, 0xB2, 0xD7, 0x1B, 0x0D, 0xD5, 0x04, 0x30, 0x22, 0x65, 0xA8, 0x6A, 0xD3, 0x6F, 0x9F,
    0xCA, 0xFE, 0x4D, 0xFE, 0xD3, 0x8A, 0x73, 0x2B, 0xD4, 0x37, 0x1A, 0xEF, 0x7D, 0x2D, 0x7E, 0x35,
    0x79, 0x0F, 0x9B, 0xB6, 0x75, 0x75, 0xFE, 0x93, 0x4C, 0x1E, 0xA7, 0xE1, 0x2B, 0xF1, 0x82, 0x11,
    0x9C, 0x8A, 0x12, 0x19, 0xBC, 0x12, 0xFF, 0x11, 0x9D, 0x58, 0x01, 0x68, 0x1B, 0xE7, 0x15, 0xFE,
    0xEE, 0xCE, 0xF6, 0xD9, 0xB9, 0xEA, 0x64, 0x20, 0x06, 0x03, 0x72, 0x64, 0x20, 0x80, 0x19, 0xD7,
    0xB8, 0x80, 0x07, 0xEA, 0xB0, 0xEB, 0xCB, 0xB2, 0xB1, 0x01, 0x38, 0x0B, 0xAC, 0xDA, 0x80, 0x35,
    0x24, 0xC0, 0x00, 0x5A, 0xB2, 0xD9, 0x40, 0x0A, 0x61, 0x73, 0x63, 0x35, 0x01, 0x18, 0x1B, 0x6B,
    0xCC, 0x00, 0x06, 0x8C, 0x95, 0xC0, 0x00, 0x4A, 0x9B, 0x11, 0x03, 0x0D, 0x64, 0x99, 0x53, 0x29,
    0x15, 0x30, 0x20, 0xC4, 0x51, 0xA2, 0xAD, 0x01, 0x0A, 0x4C, 0x50, 0x37, 0x86, 0x79, 0xDD, 0x04,
    0xD3, 0xA8, 0xA0, 0xB2, 0x6E, 0xEF, 0xDB, 0xDD, 0xAF, 0xFF, 0x7C, 0xBE, 0x08, 0xC5, 0x0F, 0xBF,
    0x2F, 0xFF, 0x7B, 0xFF, 0xFD, 0x9F, 0xDE, 0xBD, 0xF7, 0xFE, 0xFF, 0x3F, 0x02, 0x60, 0xFC, 0xBC,
    0x51, 0x2A, 0x6C, 0x98, 0x95, 0x02, 0xB5, 0x1C, 0x84, 0xFF, 0xC6, 0x6D, 0x00, 0x54, 0xD8, 0x41,
    0xD0, 0xE6, 0x98, 0xCA, 0xB1, 0xED, 0x03, 0x54, 0x19, 0xEF, 0x21, 0x94, 0xE3, 0x07, 0xB8, 0xAC,
    0x74, 0xAE, 0x6C, 0x77, 0xAD, 0x0D, 0x77, 0xA5, 0x40, 0xCD, 0x76, 0x57, 0x0A, 0x19, 0x88, 0x1A,
    0x32, 0x0E, 0xC4, 0xAF, 0x25, 0x19, 0x57, 0xDF, 0xD8, 0x6C, 0x5F, 0xE2, 0x82, 0xD6, 0x28, 0x5E,
    0xC4, 0x63, 0xBA, 0xF3, 0x01, 0x55, 0x73, 0xDC, 0xFA, 0x81, 0xE6, 0xB1, 0x80, 0x39, 0x72, 0x50,
    0x15, 0x9F, 0x1A, 0x23, 0x94, 0xF1, 0x71, 0xF8, 0xB1, 0xB5, 0xE9, 0xF9, 0x9A, 0x28, 0xFA, 0x61,
    0x5C, 0x46, 0x4D, 0xB4, 0x01, 0x58, 0x4D, 0x20, 0x3B, 0x0F, 0xAC, 0x66, 0x4B, 0xD9, 0x86, 0xB1,
    0x37, 0x06, 0x4C, 0x92, 0x4B, 0xBD, 0xDF, 0x00, 0xB9, 0x3F, 0x8E, 0xB5, 0xAE, 0x6F, 0xFD, 0x75,
    0xA4, 0xE9, 0x88, 0x4D, 0xB5, 0x6A, 0x46, 0x13, 0xE5, 0xA0, 0x74, 0xC8, 0x5C, 0x75, 0x18, 0x17,
    0xCC, 0x26, 0xE0, 0xAC, 0x02, 0x77, 0x9D, 0x75, 0xC6, 0x05, 0x60, 0x28, 0xA5, 0x86, 0x7C, 0xCF,
    0x94, 0xF7, 0xA3, 0x36, 0x40, 0x75, 0x14, 0x9F, 0xD5, 0x02, 0xF2, 0x27, 0x30, 0xD2, 0xB6, 0xB7,
    0xB3, 0x25, 0xFC, 0x04, 0x31, 0xD9, 0x40, 0xED, 0x41, 0x6E, 0x03, 0x8F, 0x52, 0x20, 0x78, 0xD8,
    0xB9, 0x85, 0xA7, 0x5B, 0x17, 0xCA, 0xFE, 0x33, 0x66, 0x37, 0xF0, 0xFE, 0x2F, 0xDF, 0xDB, 0x20,
    0x4B, 0x1A, 0x48, 0x45, 0xBE, 0x35, 0x14, 0x5F, 0xF1, 0x8F, 0xAD, 0x1B, 0xFF, 0x07, 0xF2, 0x25,
    0xA9, 0xF4, 0x32, 0x20, 0x1F, 0x04, 0x4D, 0x65, 0xA6, 0x82, 0x96, 0xF4, 0xA8, 0x54, 0xCC, 0xB7,
    0x40, 0x1F, 0xCD, 0xF8, 0x6F, 0x18, 0x04, 0x27, 0x02, 0x68, 0x88, 0xD2, 0x55, 0x2C, 0xBE, 0xAA,
    0xA3, 0xEF, 0x9F, 0x8D, 0x64, 0xE0, 0xCE, 0xFE, 0xC0, 0x69, 0x26, 0xE9, 0x95, 0x9C, 0x47, 0xE9,
    0x17, 0xFB, 0xE8, 0xBF, 0x7A, 0xB8, 0xA9, 0x93, 0x93, 0x4E, 0x3F, 0xBB, 0xB7, 0x26, 0xF4, 0x53,
    0x2B, 0x2B, 0x20, 0x88, 0x29, 0xF0, 0x22, 0x04, 0x3C, 0xD0, 0x0C, 0x64, 0x56, 0xC9, 0x78, 0xB8,
    0xEC, 0xF1, 0xAF, 0x73, 0x11, 0xEC, 0xBC, 0xC3, 0x1C, 0x5C, 0xEB, 0x94, 0x7D, 0x31, 0x6F, 0x85,
    0xBE, 0xBA, 0x00, 0x7D, 0xF1, 0xDF, 0xC8, 0x32, 0x66, 0x97, 0x66, 0x02, 0x38, 0x01, 0x50, 0x4E,
    0x32, 0x2F, 0x9A, 0x79, 0xF7, 0x9D, 0x1B, 0x49, 0x66, 0xFE, 0x9A, 0x66, 0x5E, 0x81, 0x4B, 0x48,
    0x50, 0x25, 0x4C, 0x9D, 0x97, 0x44, 0x55, 0x55, 0xF1, 0x6E, 0xD1, 0x3C, 0x90, 0x9C, 0xE2, 0xB7,
    0x5F, 0xE5, 0x6F, 0xF8, 0x02, 0x66, 0x8D, 0xC0, 0xC6, 0xB7, 0x49, 0x77, 0x6C, 0x01, 0x30, 0xDA,
    0xD9, 0x75, 0xE4, 0xD7, 0x8D, 0x0E, 0xB7, 0xCF, 0x50, 0x5F, 0xFA, 0x3E, 0xFD, 0x02, 0xDF, 0xE0,
    0x6E, 0xB2, 0x08, 0xB6, 0x0F, 0xB3, 0xE9, 0x54, 0x60, 0x5F, 0x9A, 0x6A, 0xE0, 0x84, 0x7B, 0xE9,
    0x12, 0x2E, 0xDA, 0x8D, 0x63, 0x3A, 0xED, 0x69, 0xF4, 0x2C, 0x6D, 0xDF, 0x96, 0x67, 0x54, 0x6B,
    0x5D, 0xC0, 0xDA, 0xB6, 0x6B, 0xC8, 0xD2, 0x47, 0x80, 0x5D, 0xE3, 0xDB, 0x94, 0xBB, 0x7E, 0x2C,
    0x39, 0x6F, 0x7F, 0x77, 0x54, 0xD2, 0x4E, 0x02, 0x42, 0xAC, 0x27, 0x95, 0x4F, 0xE5, 0x65, 0x98,
    0x79, 0x31, 0x2B, 0x60, 0x5E, 0x80, 0xBC, 0x3A, 0x28, 0xC9, 0x47, 0x97, 0x5D, 0x81, 0x55, 0x32,
    0x2A, 0x30, 0xB7, 0x65, 0x84, 0xE5, 0x3D, 0x44, 0x62, 0x2D, 0x9D, 0x1C, 0x3F, 0xB5, 0x54, 0x7D,
    0xA9, 0xBA, 0x4F, 0x83, 0xC5, 0xEA, 0xD2, 0x93, 0xAF, 0x57, 0xF7, 0x64, 0xFC, 0xFB, 0xA4, 0xBF,
    0x38, 0x71, 0x6A, 0x89, 0xEB, 0xB4, 0x22, 0x23, 0x3A, 0x24, 0x63, 0x57, 0x9E, 0x71, 0xA9, 0x3B,
    0x2F, 0x57, 0xDD, 0xDD, 0x6F, 0x54, 0xBB, 0x32, 0x3E, 0xAD, 0x7C, 0xB2, 0xD6, 0xE5, 0x33, 0xD1,
    0xB9, 0xD7, 0x05, 0xE0, 0xA6, 0x28, 0xAB, 0x36, 0xCA, 0xC0, 0x32, 0xF8, 0xF8, 0xC7, 0xD5, 0x0C,
    0xAA, 0x3D, 0x08, 0x96, 0x05, 0x76, 0x5E, 0xAF, 0xEE, 0xD1, 0x3C, 0x4B, 0xA0, 0xA9, 0x26, 0xB8,
    0x02, 0x86, 0x2F, 0x20, 0xEF, 0x49, 0x00, 0xE2, 0x10, 0x04, 0x01, 0x77, 0x7A, 0x11, 0xFC, 0x09,
    0xC8, 0x3B, 0xBB, 0x24, 0x88, 0x60, 0xF7, 0xA7, 0xD5, 0xD3, 0xD8, 0x7D, 0xA3, 0xDA, 0xD5, 0x3E,
    0x21, 0x15, 0x50, 0xF1, 0x92, 0x80, 0x11, 0x03, 0x6E, 0x08, 0x34, 0x93, 0xF4, 0x14, 0xA8, 0x4C,
    0x90, 0x83, 0x2A, 0xAC, 0xAE, 0xD0, 0x77, 0x65, 0x7C, 0x5A, 0xF9, 0x48, 0xAD, 0x98, 0x49, 0x24,
    0x14, 0x6E, 0x5C, 0xD5, 0x6F, 0x31, 0xCA, 0x18, 0x0F, 0xD7, 0x91, 0xE7, 0x5D, 0xDA, 0x4F, 0x5E,
    0xEF, 0xF1, 0x1C, 0xB1, 0x7C, 0x64, 0xE2, 0x6B, 0xE3, 0x63, 0x1D, 0x13, 0x4B, 0x55, 0x7D, 0xE9,
    0x0F, 0x11, 0xD4, 0xE7, 0x04, 0x82, 0xC5, 0xCF, 0xFE, 0xC8, 0xD1, 0x17, 0x7A, 0x82, 0xBE, 0x25,
    0x14, 0x27, 0xBE, 0xCF, 0xBA, 0x9A, 0x19, 0x36, 0x2C, 0xA1, 0x09, 0x6E, 0x2E, 0x56, 0xEE, 0x5D,
    0x81, 0xCB, 0xD2, 0xB6, 0x4E, 0x0B, 0x1F, 0x61, 0x0C, 0x18, 0x81, 0x2E, 0x98, 0x94, 0x39, 0x02,
    0x69, 0x9E, 0x8C, 0x50, 0xB1, 0x56, 0xD2, 0x42, 0xA1, 0xAF, 0x3E, 0x17, 0xFA, 0xA2, 0x5A, 0xF1,
    0xC0, 0x05, 0xE4, 0x26, 0x13, 0xB0, 0x04, 0x5A, 0x56, 0x0D, 0xD6, 0x3F, 0x5D, 0xD9, 0x0B, 0xD9,
    0xD5, 0x05, 0xCC, 0x5B, 0x4D, 0x47, 0xA6, 0xFD, 0x5E, 0x46, 0x33, 0xF7, 0x85, 0x43, 0xA9, 0xB0,
    0x9C, 0xFD, 0x54, 0xFA, 0x53, 0xDB, 0x64, 0x25, 0xA9, 0x84, 0xB4, 0x1C, 0xAC, 0x5B, 0xDB, 0xC6,
    0x6D, 0x07, 0x98, 0xA2, 0x4A, 0xAC, 0x9B, 0x28, 0x07, 0xB5, 0xBE, 0x77, 0xA0, 0x3A, 0x6A, 0xEE,
    0xF8, 0xEA, 0x3E, 0xD1, 0x13, 0xEA, 0x20, 0x3A, 0xCC, 0x1D, 0x78, 0x07, 0x5C, 0xCB, 0x65, 0xB1,
    0x1F, 0x02, 0x27, 0x0E, 0x77, 0x07, 0x26, 0x8E, 0xF9, 0x3B, 0x3C, 0xD2, 0xCB, 0x3C, 0x78, 0xB5,
    0xAF, 0xEC, 0xD7, 0x39, 0xF1, 0xDC, 0xC7, 0xBC, 0x12, 0xEF, 0xDE, 0x83, 0xDC, 0x01, 0x0D, 0x1E,
    0xEE, 0x5D, 0xF8, 0x64, 0x6B, 0xB9, 0x73, 0xD0, 0xDF, 0xF1, 0x24, 0x1D, 0x1E, 0x80, 0xA4, 0x0E,
    0x49, 0x22, 0xBC, 0x47, 0x0F, 0x5E, 0xF0, 0xA8, 0x72, 0xCF, 0x79, 0x5F, 0x3D, 0x2C, 0x77, 0x1E,
    0x3D, 0xC8, 0x5C, 0x50, 0x3E, 0x59, 0xAB, 0x9E, 0x65, 0x14, 0x1D, 0x8E, 0x53, 0x94, 0x72, 0x94,
    0xE3, 0xC7, 0xB2, 0x46, 0x29, 0xE3, 0x79, 0xBA, 0x75, 0xAE, 0xA3, 0xEC, 0x9D, 0xAD, 0x0B, 0x5E,
    0x70, 0x2D, 0xE4, 0x1B, 0x16, 0x75, 0x42, 0x45, 0x4F, 0x85, 0x3F, 0xBA, 0xE8, 0x87, 0x44, 0x7B,
    0x71, 0x49, 0xA1, 0x85, 0x2B, 0x48, 0x8F, 0x2B, 0x5A, 0xC7, 0xF5, 0x49, 0x2E, 0xB5, 0xAD, 0xE4,
    0x6A, 0x54, 0x31, 0xC9, 0xFB, 0xDD, 0xF0, 0x76, 0xB7, 0x6E, 0xAA, 0x98, 0x12, 0x3C, 0xFA, 0xFD,
    0x38, 0x4E, 0x72, 0x25, 0xE2, 0x12, 0x1E, 0xE6, 0xEB, 0x66, 0x47, 0xD9, 0x72, 0xD0, 0xA7, 0xC5,
    0xE5, 0xC5, 0x35, 0xC6, 0x35, 0x19, 0x72, 0xE5, 0xA8, 0xB1, 0x77, 0x3C, 0xB6, 0xA9, 0x7C, 0x9A,
    0x8B, 0xDA, 0xF0, 0x60, 0x34, 0x01, 0xAB, 0x0D, 0xE4, 0x8F, 0xC9, 0x3E, 0xB7, 0x1B, 0x72, 0x8D,
    0x5E, 0xEE, 0x71, 0xB1, 0x90, 0x60, 0x14, 0x21, 0x90, 0x0F, 0x24, 0x04, 0xB3, 0xA6, 0x7C, 0xAF,
    0x79, 0x88, 0x48, 0x21, 0x70, 0xC6, 0x00, 0x70, 0x9D, 0x67, 0x63, 0xD3, 0xAA, 0x08, 0x39, 0xAF,
    0x9F, 0xF7, 0xDC, 0x26, 0xF2, 0xAE, 0xEC, 0xED, 0x82, 0xDD, 0xCC, 0x02, 0xF0, 0x75, 0xA8, 0xE4,
    0x50, 0xAA, 0x4A, 0x9B, 0x52, 0x8E, 0x49, 0x2C, 0x77, 0x7D, 0x6B, 0x7B, 0xB8, 0x65, 0x03, 0xF3,
    0x7C, 0x65, 0xAB, 0x66, 0x7C, 0x88, 0x72, 0xB0, 0x0E, 0xE8, 0xFB, 0xEC, 0xCA, 0xF4, 0xD5, 0x94,
    0xFB, 0xEC, 0x89, 0xDC, 0x67, 0x81, 0xB2, 0x07, 0xBD, 0xCF, 0x96, 0xE4, 0x6C, 0x51, 0x2A, 0xCF,
    0xD6, 0x97, 0x76, 0x5F, 0x0E, 0x62, 0x76, 0x55, 0x3F, 0xDF, 0xFF, 0xCC, 0x49, 0xD9, 0x56, 0xF9,
    0xCE, 0x3D, 0x29, 0x07, 0xDF, 0xED, 0x13, 0x49, 0xA7, 0xF6, 0x4D, 0x5D, 0x18, 0x78, 0x5B, 0xB1,
    0x65, 0x65, 0x0D, 0x9F, 0x0D, 0xED, 0x2C, 0xDB, 0x78, 0x75, 0xF0, 0x6D, 0xA5, 0x5B, 0x8E, 0x5C,
    0x8F, 0x13, 0x5C, 0x8F, 0x25, 0x96, 0xE7, 0x68, 0x39, 0xF8, 0x6A, 0x2B, 0x48, 0x0C, 0x3B, 0x5B,
    0xCB, 0xE4, 0x0A, 0xED, 0x04, 0xD7, 0x08, 0x30, 0x19, 0x5F, 0xDF, 0xB7, 0x7D, 0x65, 0xDD, 0xD3,
    0x88, 0x8B, 0x36, 0xDF, 0x97, 0xBE, 0x43, 0xB7, 0xAF, 0xBB, 0x09, 0xF2, 0x81, 0x04, 0xCA, 0x97,
    0xED, 0x0C, 0xD4, 0xBE, 0x37, 0x32, 0xD2, 0xBE, 0x59, 0xB6, 0xAF, 0x5C, 0x4D, 0x69, 0xED, 0xCB,
    0x72, 0x64, 0xFB, 0x95, 0x83, 0xED, 0x5B, 0x4A, 0x69, 0xDF, 0x12, 0x89, 0x66, 0x46, 0xA7, 0x27,
    0x31, 0x9F, 0x9B, 0xF3, 0x42, 0x58, 0xEC, 0x2C, 0x76, 0xB4, 0x99, 0x9C, 0x80, 0x59, 0x82, 0x40,
    0x25, 0x0E, 0x81, 0x48, 0x18, 0xD3, 0xD1, 0xD1, 0xE9, 0xA3, 0xF0, 0x32, 0xF2, 0xF0, 0xEC, 0x9E,
    0x3C, 0xEC, 0x4D, 0xC9, 0x88, 0x66, 0x38, 0x9A, 0xED, 0xAE, 0x75, 0x12, 0xCB, 0x84, 0x4C, 0xC9,
    0x6C, 0x10, 0xB4, 0x20, 0x72, 0x31, 0x05, 0xA6, 0x31, 0x36, 0x32, 0x39, 0x06, 0xD7, 0xCE, 0xB9,
    0xD2, 0x59, 0xF9, 0xAE, 0x8C, 0xA6, 0xDC, 0xD0, 0xD4, 0x3E, 0xA0, 0x81, 0x10, 0x26, 0x8A, 0xFF,
    0x2D, 0xFA, 0x65, 0xA1, 0xAF, 0x80, 0x62, 0x27, 0xC0, 0x47, 0xF4, 0xFF, 0x15, 0x3C, 0x97, 0x71,
    0xC4, 0x7A, 0xCD, 0x85, 0x63, 0x9F, 0x15, 0x08, 0xCE, 0x75, 0x65, 0x14, 0x37, 0x15, 0x69, 0x13,
    0x58, 0xEB, 0xF1, 0x85, 0xA4, 0x51, 0xD3, 0xE4, 0x60, 0x71, 0x64, 0x91, 0x94, 0x00, 0xFD, 0xED,
    0x33, 0x6C, 0x8E, 0x8E, 0x91, 0x4F, 0x31, 0x93, 0x34, 0x4E, 0x7F, 0xB3, 0x4B, 0xE6, 0x3E, 0xF4,
    0x12, 0x69, 0x2E, 0x0E, 0xF4, 0x69, 0x51, 0x54, 0x49, 0x7A, 0x15, 0xF8, 0x19, 0xA4, 0xD1, 0x33,
    0x48, 0x0F, 0x56, 0x89, 0x40, 0x3E, 0x9A, 0x02, 0xCA, 0x7C, 0x8E, 0xC0, 0xA3, 0x3C, 0x2F, 0x92,
    0x59, 0x95, 0xB0, 0x04, 0xF3, 0xF3, 0xE1, 0x96, 0xD0, 0x2B, 0x52, 0x53, 0xCE, 0x26, 0xF0, 0x90,
    0x42, 0x5C, 0x9C, 0xDC, 0x5C, 0x95, 0xEA, 0x4C, 0x5D, 0x7C, 0xE2, 0xE4, 0x5B, 0xC1, 0x01, 0x1B,
    0xC3, 0x70, 0x90, 0x0D, 0x75, 0xE2, 0xDC, 0x1B, 0xF7, 0x17, 0x83, 0xEE, 0xAF, 0xB8, 0x2E, 0xA1,
    0x90, 0xEE, 0x2A, 0xE4, 0x34, 0xA8, 0xB6, 0x8B, 0xFB, 0xC4, 0x54, 0x13, 0x68, 0xDA, 0x48, 0x82,
    0xEE, 0xC2, 0x23, 0xD6, 0x0B, 0x47, 0xFA, 0xBC, 0x35, 0x7D, 0x28, 0xB0, 0x71, 0x09, 0x89, 0x72,
    0x81, 0x6F, 0xC8, 0x77, 0xD5, 0xE9, 0xA5, 0xD9, 0x02, 0x73, 0x12, 0x36, 0x6F, 0xC6, 0xF1, 0x5C,
    0xB8, 0x84, 0x6C, 0x30, 0xDB, 0x0D, 0x47, 0x99, 0x10, 0x94, 0x4F, 0x4B, 0x99, 0xF4, 0x13, 0xC5,
    0xCF, 0x8B, 0x3E, 0x50, 0x03, 0xD2, 0x41, 0xE6, 0x46, 0xFA, 0x57, 0x8A, 0x3E, 0x2D, 0x51, 0xCC,
    0x6A, 0x97, 0xA8, 0x76, 0xF2, 0x08, 0xB9, 0xFD, 0x30, 0xA4, 0x37, 0x17, 0xF7, 0x5A, 0xB4, 0xC3,
    0x12, 0x1B, 0x2E, 0x11, 0xAE, 0x6E, 0x36, 0x93, 0x60, 0xE3, 0x3A, 0x01, 0x04, 0xB5, 0xE1, 0xFA,
    0x34, 0xEF, 0x00, 0x31, 0x37, 0x07, 0xD9, 0x75, 0x87, 0x4F, 0x09, 0xE9, 0xFB, 0xEE, 0xBA, 0xC9,
    0xB1, 0xE3, 0x93, 0xC8, 0xB9, 0x73, 0x1E, 0xF2, 0xDD, 0xC5, 0x8E, 0x8C, 0x0A, 0x1E, 0x68, 0x72,
    0x14, 0xF9, 0x44, 0x54, 0x4B, 0xE9, 0x33, 0x12, 0xBE, 0x1A, 0x59, 0xAC, 0x5B, 0xFE, 0x92, 0x04,
    0xD9, 0xCE, 0xAF, 0x63, 0xB6, 0x64, 0x6C, 0x1E, 0x3A, 0x66, 0x95, 0x6C, 0xDA, 0xB5, 0xE7, 0x6B,
    0x3D, 0x9A, 0xDA, 0x97, 0xDE, 0x7A, 0x7F, 0xFA, 0xE1, 0xDF, 0x7C, 0x5C, 0xB4, 0x2A, 0x48, 0x85,
    0x69, 0xC3, 0x3F, 0x4C, 0xCC, 0x73, 0x4C, 0x02, 0x81, 0x31, 0x33, 0x19, 0xAB, 0x51, 0xCC, 0x1C,
    0x81, 0x3E, 0x50, 0x66, 0x32, 0x73, 0x7D, 0xF6, 0x74, 0x62, 0x22, 0x4D, 0xF4, 0x9E, 0x3E, 0x4C,
    0x17, 0x2B, 0xE9, 0x7F, 0x6D, 0xF4, 0xE9, 0x62, 0x95, 0x12, 0x25, 0x87, 0xB9, 0x3B, 0x8E, 0x0C,
    0x9E, 0xDD, 0xC1, 0xEF, 0x8E, 0x41, 0x8F, 0x39, 0x2D, 0x83, 0x5F, 0x1B, 0x5A, 0xDC, 0xF3, 0xBF,
    0xF9, 0xA6, 0xBB, 0x52, 0x3F, 0xB5, 0x4F, 0xD7, 0xEA, 0x81, 0xFB, 0x66, 0xFD, 0xB7, 0xA9, 0xFE,
    0xAF, 0x5D, 0x79, 0x3F, 0xF5, 0xFF, 0x63, 0xC6, 0x4F, 0x1A, 0xDE, 0x4A, 0xDD, 0x8E, 0xF4, 0x3B,
    0x9E, 0x3C, 0xAB, 0x6D, 0x51, 0xDA, 0xF1, 0xEF, 0xCD, 0xE1, 0x62, 0x71, 0x35, 0xED, 0xBB, 0x35,
    0xD2, 0x03, 0x6B, 0xDF, 0xAC, 0xFF, 0x48, 0xD9, 0x32, 0xFE, 0x5D, 0x8F, 0xCF, 0x10, 0xB5, 0x7C,
    0x50, 0xD1, 0x53, 0x29, 0x3C, 0xEB, 0x9E, 0x8C, 0x8B, 0x6B, 0x18, 0x5B, 0x4A, 0x4C, 0x2A, 0x33,
    0x1E, 0x95, 0x63, 0xC5, 0xA5, 0xAB, 0xDC, 0xFF, 0x1D, 0x69, 0x27, 0xF9, 0x18, 0x57, 0x5C, 0x55,
    0xF6, 0xA7, 0xAF, 0x98, 0xBD, 0x75, 0x3F, 0xAB, 0x7F, 0xF0, 0x4C, 0x9E, 0xE4, 0xDA, 0x04, 0x0F,
    0x65, 0x32, 0x16, 0x13, 0x73, 0xD4, 0x27, 0x26, 0x6A, 0x53, 0xB4, 0x05, 0x98, 0xB2, 0x3C, 0xFB,
    0x3D, 0x18, 0x77, 0xAD, 0xED, 0x6C, 0x4D, 0x7F, 0x03, 0x0F, 0x5A, 0x43, 0xF5, 0x91, 0x6A, 0xF2,
    0x23, 0xD5, 0xC7, 0xBC, 0x28, 0x3F, 0x52, 0x6F, 0x63, 0x6D, 0xFF, 0xA7, 0x83, 0x07, 0x4C, 0x12,
    0xBC, 0x14, 0x98, 0x27, 0xBC, 0x82, 0x13, 0xD7, 0xF1, 0x73, 0xC2, 0x67, 0x25, 0x0F, 0xE6, 0xC7,
    0x35, 0x0F, 0x4E, 0xA9, 0xE5, 0xE1, 0x04, 0x16, 0x3C, 0x14, 0x30, 0xEA, 0x91, 0x25, 0x1D, 0x92,
    0x7C, 0x0B, 0x21, 0xDF, 0x6C, 0x03, 0x5F, 0xFA, 0xA4, 0x6A, 0x78, 0xC8, 0xFB, 0x9B, 0x1E, 0xE6,
    0x35, 0x8B, 0x2A, 0x4B, 0x1F, 0x52, 0x09, 0x38, 0x25, 0x66, 0xC5, 0xFC, 0x67, 0xBC, 0xE8, 0x1B,
    0xF5, 0x0A, 0x83, 0x6C, 0x7B, 0xFC, 0x45, 0x0F, 0xE3, 0xD1, 0x32, 0x1F, 0x4E, 0x50, 0x6A, 0x08,
    0x3F, 0xC1, 0x7A, 0xBB, 0x29, 0x70, 0xF5, 0x43, 0x81, 0x6B, 0x53, 0x02, 0x9B, 0x8E, 0x0F, 0x03,
    0xA0, 0x8C, 0xF3, 0xAF, 0x00, 0x14, 0xF6, 0xC3, 0x3C, 0xE1, 0x2E, 0x16, 0x6B, 0xF8, 0x37, 0x16,
    0x7C, 0xAB, 0x5A, 0x29, 0x20, 0x8F, 0x76, 0x01, 0xAB, 0x98, 0x91, 0x09, 0x70, 0xD6, 0x17, 0x30,
    0x2B, 0x21, 0x20, 0x0E, 0x6C, 0x50, 0x44, 0xA7, 0xDC, 0x71, 0xF9, 0x4B, 0x61, 0x7E, 0x8B, 0xCC,
    0xBB, 0x78, 0xD9, 0x37, 0xC9, 0x9C, 0xF5, 0x85, 0x79, 0x81, 0xCC, 0xE3, 0xE0, 0x2C, 0x42, 0x96,
    0x8E, 0x26, 0x8D, 0x43, 0xFC, 0x53, 0x60, 0x08, 0x98, 0x89, 0x55, 0x90, 0x20, 0x29, 0xC1, 0x1A,
    0x93, 0xB3, 0x23, 0x15, 0xB4, 0xEF, 0x35, 0x3D, 0xCC, 0x62, 0xD5, 0x63, 0x20, 0x5E, 0x8C, 0x59,
    0xA7, 0x98, 0x66, 0x32, 0x7A, 0x25, 0xE3, 0x07, 0xA2, 0x5F, 0x55, 0x79, 0x31, 0x3E, 0x95, 0x91,
    0x7D, 0xB5, 0x56, 0x90, 0x4A, 0xDC, 0x2E, 0x90, 0x3E, 0x0A, 0xDC, 0x09, 0x16, 0xDB, 0x80, 0x4D,
    0x53, 0x40, 0x4C, 0x02, 0x7A, 0x10, 0xC8, 0x0A, 0x32, 0x47, 0xA5, 0xCD, 0x25, 0x9B, 0x46, 0x45,
    0xFF, 0xA5, 0x44, 0x6F, 0xB1, 0x69, 0x18, 0x3D, 0x66, 0x38, 0xAF, 0xE8, 0x3B, 0xC2, 0x2C, 0x77,
    0x1C, 0x41, 0x4C, 0x02, 0x7A, 0x10, 0xAC, 0x75, 0xA0, 0xE4, 0x28, 0xFF, 0x54, 0x5E, 0x34, 0x2C,
    0x24, 0x3A, 0x47, 0xDA, 0xFB, 0x15, 0x76, 0xCE, 0x34, 0x38, 0x1B, 0xCF, 0xBD, 0x97, 0x04, 0x4E,
    0xA8, 0xCC, 0x3F, 0x8B, 0xB9, 0x8C, 0x17, 0xCF, 0x18, 0xF5, 0x12, 0x73, 0x4F, 0xE6, 0x5E, 0xEE,
    0x8D, 0x0A, 0x72, 0x49, 0xAA, 0x34, 0x66, 0x4A, 0x9F, 0x1D, 0xC5, 0xE4, 0xE0, 0x3F, 0xDC, 0x9C,
    0xF7, 0xB8, 0xA3, 0xFC, 0xB7, 0x38, 0x35, 0xD4, 0xDB, 0x2E, 0x05, 0x8F, 0x40, 0x6B, 0x53, 0xD4,
    0xFC, 0xBB, 0x40, 0xFE, 0x6A, 0x0D, 0xE6, 0x1E, 0x3E, 0x82, 0x59, 0xC2, 0x48, 0x94, 0xFB, 0xA3,
    0x29, 0x3D, 0xB9, 0x8A, 0xC5, 0x06, 0xFE, 0xC5, 0x9E, 0xFC, 0x4B, 0x49, 0x0A, 0x75, 0xB2, 0x59,
    0x90, 0x36, 0xBD, 0x58, 0xC0, 0xB4, 0x2A, 0x6D, 0xEC, 0x03, 0x1E, 0xAB, 0xFC, 0x18, 0xFB, 0xC2,
    0xD9, 0x80, 0x7D, 0xFF, 0xEC, 0x02, 0x8E, 0x99, 0x6D, 0xA7, 0x32, 0x84, 0x33, 0x88, 0x5A, 0x7E,
    0x26, 0x95, 0x9E, 0x9B, 0x49, 0xD3, 0xB7, 0xD8, 0x39, 0x97, 0x34, 0xBD, 0x2C, 0x9B, 0xED, 0xFA,
    0x30, 0x5A, 0xC3, 0x4D, 0x58, 0xDC, 0x56, 0x56, 0x49, 0xC0, 0xD8, 0x36, 0x9A, 0xC0, 0x72, 0x50,
    0x82, 0x92, 0xC9, 0x78, 0xC6, 0x75, 0xCB, 0x5F, 0x66, 0x5E, 0x76, 0xFD, 0x5E, 0xD3, 0x6C, 0x7A,
    0x28, 0x44, 0x79, 0x41, 0x4A, 0x8F, 0xB7, 0x53, 0x77, 0xD4, 0xFF, 0x00, 0xA5, 0x99, 0x0B, 0x68,
    0x1C, 0xD7, 0x15, 0x86, 0xFF, 0x7B, 0x67, 0xA5, 0xB1, 0x73, 0xEB, 0x99, 0x85, 0xAC, 0x88, 0x82,
    0x15, 0xAF, 0x01, 0x01, 0x6E, 0x19, 0x69, 0x79, 0x08, 0xBA, 0xA1, 0xFB, 0x98, 0x46, 0x85, 0x40,
    0x17, 0x62, 0x01, 0x51, 0x0D, 0x11, 0xD8, 0x86, 0xF2, 0x6A, 0x62, 0x62, 0x03, 0x2E, 0x24, 0x54,
    0xB6, 0xC6, 0x11, 0x50, 0x60, 0xC1, 0x11, 0xA4, 0x10, 0x20, 0x50, 0x02, 0x21, 0x94, 0xA6, 0x21,
    0x16, 0x34, 0xD4, 0xA6, 0x5E, 0x49, 0x6B, 0x0B, 0x08, 0xE0, 0xD6, 0x5E, 0x2A, 0xC0, 0x80, 0xE3,
    0x78, 0x41, 0x2A, 0x21, 0xD8, 0xC1, 0x5B, 0x3C, 0xC5, 0x6B, 0x67, 0xB5, 0xB7, 0xE7, 0x78, 0x76,
    0x76, 0x67, 0x1F, 0x7E, 0xD5, 0x63, 0x9F, 0xCF, 0x73, 0xF6, 0xCE, 0xFC, 0x73, 0xEE, 0xEB, 0xDC,
    0x3B, 0x63, 0x80, 0x8F, 0x61, 0x85, 0xB8, 0x52, 0x58, 0x1E, 0x60, 0xBE, 0xD2, 0xA8, 0xAB, 0x33,
    0xF2, 0x6B, 0xA5, 0x8C, 0xD3, 0x4A, 0xD9, 0x66, 0x51, 0x65, 0xE4, 0x4D, 0x35, 0x85, 0x82, 0x02,
    0x54, 0xC4, 0x40, 0x36, 0xDC, 0x7B, 0xFF, 0x1C, 0xDF, 0x2F, 0x6F, 0x29, 0x65, 0xBE, 0xAF, 0x54,
    0xD2, 0xB8, 0xA6, 0xD2, 0x28, 0x2A, 0xC0, 0x34, 0xC1, 0x87, 0xD6, 0x9A, 0xA8, 0x7A, 0x8C, 0xCB,
    0xA4, 0x0B, 0x18, 0x8B, 0x1E, 0xA6, 0xBA, 0x71, 0x9C, 0x51, 0x32, 0xB4, 0x87, 0xEF, 0x8D, 0x0F,
    0x3D, 0xE3, 0xD2, 0xF4, 0xA2, 0x67, 0x4F, 0x6F, 0x2E, 0x7A, 0x59, 0x7C, 0x42, 0x05, 0xE0, 0xD2,
    0xC3, 0x8C, 0x65, 0x61, 0x10, 0x00, 0x44, 0xB0, 0xA6, 0x75, 0x19, 0x23, 0xB3, 0xB3, 0x00, 0x20,
    0x80, 0xC3, 0x1C, 0xF3, 0x72, 0x37, 0xEA, 0x4A, 0x43, 0x5E, 0xA7, 0x33, 0xB5, 0x9F, 0x6A, 0x97,
    0x95, 0xD7, 0x14, 0xC6, 0xC1, 0x05, 0x91, 0x68, 0xA1, 0x02, 0x04, 0x6E, 0x15, 0x08, 0xC0, 0xAE,
    0x87, 0xD6, 0x21, 0xFA, 0x5A, 0xB3, 0xC6, 0xAD, 0xA8, 0xE6, 0x0C, 0x12, 0xB7, 0x55, 0x51, 0x65,
    0xC5, 0x35, 0xB5, 0x37, 0x54, 0x66, 0xA1, 0x2A, 0x54, 0xD4, 0x02, 0xF1, 0xF0, 0x18, 0x1E, 0xA4,
    0x75, 0x86, 0xB5, 0x14, 0x6B, 0x49, 0xD6, 0x32, 0x15, 0x96, 0x30, 0x1C, 0xBD, 0x7F, 0x80, 0x96,
    0x00, 0xE2, 0x7D, 0xD5, 0x66, 0x9C, 0x01, 0x2B, 0xB6, 0xEA, 0x5E, 0xE8, 0xA9, 0xBB, 0x60, 0xA4,
    0x19, 0x19, 0x32, 0xAC, 0x90, 0xC9, 0x6B, 0x2E, 0x90, 0x7C, 0x65, 0x0B, 0xB2, 0x8E, 0x05, 0x4F,
    0xB8, 0xA0, 0xBF, 0x10, 0xC3, 0x83, 0x5B, 0x95, 0x47, 0x90, 0x68, 0xA8, 0x39, 0xF0, 0xF8, 0x41,
    0xD2, 0x24, 0xE5, 0x0C, 0x2E, 0xA9, 0xA0, 0x62, 0x88, 0x61, 0x06, 0x70, 0x50, 0x65, 0xF5, 0x1A,
    0x90, 0x15, 0x3E, 0xF0, 0x83, 0xF1, 0x39, 0xCC, 0xF5, 0x1B, 0xB6, 0x6B, 0xA1, 0x21, 0xCB, 0x40,
    0x57, 0x53, 0xE0, 0x98, 0x8A, 0xA2, 0xB7, 0xE7, 0x0A, 0x45, 0x85, 0x1C, 0x47, 0x9F, 0x00, 0xB9,
    0x7C, 0x0B, 0xA0, 0x34, 0xC9, 0x9F, 0xF8, 0xF9, 0x09, 0xA0, 0x06, 0x05, 0x54, 0x19, 0xEF, 0xE2,
    0x6D, 0x2E, 0xD8, 0x42, 0xD7, 0xE1, 0x00, 0xA3, 0x0C, 0x27, 0x82, 0x89, 0x19, 0x42, 0xAA, 0x86,
    0x0C, 0xBB, 0x59, 0xC6, 0xEF, 0x18, 0x9B, 0xAE, 0x03, 0x79, 0xB1, 0x9C, 0xAA, 0x99, 0x9E, 0xEF,
    0x60, 0x12, 0x59, 0x07, 0x69, 0xEC, 0x70, 0x00, 0x60, 0x20, 0xBA, 0x45, 0x53, 0xD5, 0x40, 0x2A,
    0xC7, 0xB8, 0xEB, 0x4E, 0xB8, 0xF2, 0x62, 0x35, 0x55, 0x4D, 0xBA, 0x25, 0x07, 0x19, 0x8C, 0x76,
    0x6E, 0x03, 0x0C, 0xAD, 0x1B, 0xA1, 0x3B, 0x10, 0x71, 0xFE, 0x9B, 0x06, 0xD2, 0x11, 0xE4, 0x2B,
    0x24, 0xF3, 0xB2, 0x8B, 0x15, 0x76, 0x6F, 0x13, 0x8C, 0xF5, 0x72, 0xCE, 0x4B, 0xA2, 0x9E, 0xF3,
    0xE6, 0xB1, 0x2F, 0x0D, 0x00, 0x04, 0x97, 0x20, 0xCB, 0x01, 0x10, 0x85, 0xD6, 0x4D, 0x60, 0x76,
    0xF6, 0x75, 0x00, 0x88, 0x01, 0xFB, 0xDA, 0x81, 0x67, 0xDA, 0x81, 0x9F, 0x27, 0x88, 0x8D, 0x72,
    0xAA, 0xAA, 0x4E, 0xD5, 0x1D, 0xAE, 0x86, 0x83, 0x44, 0x3B, 0x66, 0xD9, 0x1D, 0x33, 0xBB, 0xBD,
    0xF2, 0xE1, 0x91, 0xE0, 0xBF, 0xAC, 0xDC, 0x96, 0xE7, 0xB3, 0xDE, 0x67, 0x78, 0x7E, 0xEB, 0x19,
    0x7B, 0xBB, 0x9E, 0xC1, 0x7A, 0x4E, 0x2F, 0xC2, 0x87, 0x73, 0xEC, 0x11, 0xE5, 0xC9, 0xA5, 0x00,
    0xAC, 0x8C, 0x35, 0xB0, 0xB2, 0x97, 0xAA, 0x9A, 0x17, 0xFC, 0x89, 0x99, 0x1C, 0xE6, 0x1D, 0x8C,
    0x83, 0x7F, 0x2B, 0x63, 0xAC, 0x47, 0x6A, 0xB0, 0x32, 0x80, 0x87, 0xF5, 0xEA, 0x84, 0x8B, 0x05,
    0x76, 0xEF, 0x78, 0x74, 0xC7, 0x85, 0x07, 0xBD, 0x7A, 0x62, 0xC2, 0x75, 0x22, 0x63, 0x23, 0xFD,
    0x00, 0xEC, 0x95, 0xC8, 0xE4, 0x0D, 0x42, 0x72, 0xB1, 0x02, 0xB9, 0x8D, 0x55, 0x48, 0x0F, 0xC3,
    0xA1, 0x7A, 0xA7, 0x43, 0xB9, 0x2F, 0x33, 0xC8, 0x97, 0x31, 0xCF, 0x6E, 0x93, 0x20, 0xAE, 0x7A,
    0xF9, 0xB2, 0x7A, 0xCF, 0x7F, 0xD9, 0xCD, 0xE1, 0x9D, 0x34, 0xC6, 0x03, 0x41, 0xFE, 0x37, 0xD5,
    0x74, 0x21, 0xFC, 0xA1, 0x1A, 0x0C, 0xEE, 0x5A, 0xC3, 0x23, 0x88, 0x2D, 0x51, 0x03, 0x8E, 0x86,
    0x19, 0xEA, 0x11, 0x49, 0x5F, 0x07, 0x49, 0x9F, 0xAC, 0xAE, 0x14, 0x25, 0xFD, 0x39, 0x9A, 0xB4,
    0xFA, 0x91, 0x49, 0x7F, 0x70, 0xB2, 0xD6, 0x9C, 0xAC, 0x3F, 0xF4, 0x50, 0x62, 0xF7, 0x7B, 0x02,
    0x25, 0xEB, 0x9B, 0x9C, 0xAC, 0xF5, 0xB3, 0x26, 0x6B, 0x1D, 0x4E, 0x79, 0x02, 0xAF, 0x2C, 0x30,
    0xF7, 0x2B, 0x8D, 0x49, 0x5A, 0x5B, 0x10, 0xC4, 0x07, 0x88, 0xFF, 0x37, 0x59, 0x9F, 0x01, 0x5B,
    0x2D, 0xA8, 0x3D, 0x25, 0x58, 0x4D, 0xC9, 0x7A, 0xEE, 0xE9, 0x92, 0x35, 0xCC, 0x9E, 0x14, 0xA5,
    0x81, 0x2F, 0xF9, 0xAC, 0x41, 0x30, 0x2E, 0x93, 0x6B, 0x73, 0x06, 0xCC, 0x72, 0x06, 0x8C, 0xC3,
    0x7C, 0xEA, 0x14, 0x65, 0x61, 0x94, 0xCC, 0xE9, 0xB1, 0x4C, 0xB2, 0x89, 0xDC, 0xD0, 0x41, 0x9C,
    0x87, 0x45, 0x89, 0xC9, 0xA2, 0xBC, 0x64, 0x29, 0xD7, 0xB7, 0x28, 0x2B, 0x59, 0x94, 0x94, 0x2C,
    0x00, 0xBD, 0x36, 0x8A, 0x63, 0x70, 0xB0, 0x1C, 0xDA, 0xD0, 0x11, 0xD4, 0x53, 0x0D, 0xD1, 0x80,
    0x63, 0xBC, 0x0F, 0x27, 0x69, 0x56, 0x9C, 0x12, 0x7C, 0x87, 0x53, 0x73, 0x24, 0x07, 0x39, 0x03,
    0x2C, 0xC6, 0xF1, 0x93, 0x9A, 0x82, 0x13, 0x9A, 0xD2, 0xC8, 0x89, 0x39, 0x9C, 0x85, 0x12, 0x1B,
    0x15, 0xA5, 0xBC, 0xBA, 0xCA, 0xC1, 0x51, 0x71, 0x40, 0x05, 0x5A, 0x37, 0x34, 0x44, 0x45, 0xF5,
    0x19, 0xDC, 0xA1, 0x40, 0x8F, 0x2B, 0x08, 0xA7, 0x03, 0xBB, 0x09, 0xE4, 0xF8, 0xEC, 0x2C, 0x41,
    0x6E, 0x54, 0x2C, 0x90, 0xA6, 0xC5, 0x13, 0xD9, 0x02, 0x00, 0x06, 0x66, 0x48, 0xB7, 0xBC, 0x0C,
    0xC8, 0x00, 0x3E, 0xE1, 0x42, 0x83, 0xF0, 0xD5, 0x69, 0xC2, 0x37, 0x66, 0x19, 0xE2, 0x17, 0x70,
    0x01, 0xEC, 0x04, 0x62, 0xDD, 0xF2, 0x19, 0x30, 0xF8, 0x19, 0x27, 0xF9, 0xEC, 0x2E, 0x41, 0xAE,
    0x97, 0x2D, 0xD8, 0x6E, 0xF8, 0x8C, 0x38, 0xB8, 0xC0, 0x65, 0x54, 0x03, 0xA0, 0x67, 0x30, 0x71,
    0xB2, 0x9C, 0x45, 0x20, 0xBF, 0x0F, 0x36, 0xE0, 0x30, 0x32, 0x60, 0xD8, 0x1A, 0x38, 0xC1, 0x67,
    0x37, 0x09, 0x72, 0xBD, 0x62, 0x23, 0xE9, 0xD6, 0x6D, 0xCE, 0xF2, 0x76, 0x3B, 0x7A, 0x74, 0x46,
    0xE8, 0x60, 0x79, 0x00, 0x61, 0x2E, 0x7E, 0x58, 0xE0, 0xDF, 0xBA, 0x16, 0xCC, 0x8B, 0x55, 0x0B,
    0x29, 0xCC, 0x5B, 0x74, 0x59, 0xAC, 0xA3, 0xDC, 0x0C, 0x1F, 0xC4, 0x60, 0xB7, 0x5B, 0xDE, 0xED,
    0xC8, 0x8F, 0x45, 0xC6, 0x54, 0x96, 0xA4, 0x17, 0x78, 0x3C, 0x79, 0x96, 0x71, 0xA1, 0x6A, 0xB1,
    0x6C, 0xA8, 0x6A, 0xE8, 0x2B, 0x4D, 0xC8, 0x7F, 0x5A, 0x90, 0xFF, 0xB0, 0x0C, 0x4D, 0xE6, 0xFD,
    0x28, 0x30, 0x7D, 0x23, 0xCC, 0xEC, 0x43, 0x70, 0x7A, 0xB5, 0x68, 0x7C, 0xDE, 0xE9, 0xD5, 0x8A,
    0x91, 0x16, 0xEB, 0xB0, 0x5D, 0x69, 0x1A, 0xFA, 0xF2, 0x41, 0xC3, 0xDB, 0x65, 0xB1, 0x45, 0xB4,
    0x44, 0xFF, 0xF8, 0x82, 0xC2, 0x59, 0x57, 0x89, 0x7F, 0xF1, 0xF8, 0x5A, 0x51, 0x59, 0x8C, 0x29,
    0x00, 0x8F, 0x9F, 0xA2, 0x89, 0x70, 0xBE, 0xB0, 0x3D, 0xF7, 0x05, 0xD8, 0xD6, 0x60, 0x51, 0x32,
    0xB5, 0xCC, 0x53, 0x35, 0x2B, 0x47, 0x71, 0x8D, 0x03, 0x16, 0x2A, 0xD8, 0xC5, 0x7D, 0xCD, 0xC6,
    0x0D, 0x16, 0x3D, 0x0F, 0xB3, 0x27, 0xC0, 0x41, 0xC1, 0xE9, 0x40, 0x69, 0x20, 0x3B, 0x74, 0x88,
    0xD7, 0x2D, 0x05, 0xB1, 0x59, 0x56, 0x30, 0xCB, 0xBE, 0x42, 0x0E, 0x19, 0x85, 0x44, 0x10, 0x5D,
    0x9C, 0x91, 0x66, 0xCC, 0x93, 0x81, 0xC5, 0x8C, 0x0D, 0x0F, 0x48, 0xB9, 0x75, 0x18, 0x75, 0x24,
    0xCB, 0x08, 0xAB, 0xDC, 0x2F, 0xCF, 0x03, 0x29, 0xD7, 0x96, 0xDF, 0x20, 0x79, 0x9E, 0x5A, 0x3C,
    0x44, 0xC3, 0x2C, 0x07, 0x3E, 0xC6, 0xB0, 0x0C, 0x38, 0x8C, 0x2C, 0x7C, 0xBA, 0x58, 0xDE, 0x82,
    0xDC, 0xB8, 0xB4, 0xDF, 0xB5, 0xDD, 0x6D, 0xA3, 0x02, 0xC4, 0xE1, 0xB6, 0x33, 0x49, 0x26, 0x6A,
    0xD4, 0x43, 0xAB, 0xB0, 0x70, 0xD5, 0xB5, 0x78, 0x14, 0x71, 0x0F, 0x4D, 0x05, 0xBD, 0x1D, 0x43,
    0x52, 0x57, 0x49, 0x6A, 0x5E, 0x94, 0x61, 0xB1, 0xF1, 0x39, 0x52, 0xF4, 0x1B, 0x80, 0xFE, 0x56,
    0x55, 0x4D, 0x64, 0xA9, 0x55, 0x29, 0x13, 0xC9, 0x8D, 0xB2, 0xC5, 0x33, 0x95, 0x27, 0x51, 0x30,
    0x87, 0x00, 0xC1, 0x3D, 0x61, 0x93, 0x4A, 0xC4, 0x64, 0x57, 0x02, 0x95, 0x05, 0xC4, 0x8D, 0x22,
    0x96, 0x7B, 0xED, 0x2F, 0x45, 0xF8, 0xBA, 0x88, 0xBA, 0x51, 0x94, 0x5F, 0x1B, 0x45, 0x63, 0xBF,
    0x51, 0xB4, 0xCD, 0xC5, 0x62, 0x46, 0x6C, 0x16, 0xA7, 0x30, 0x5D, 0x04, 0x8C, 0x88, 0x41, 0xB1,
    0x4E, 0xF7, 0xFD, 0x9A, 0xEE, 0x3F, 0x50, 0x14, 0xB7, 0xE8, 0xDE, 0xF7, 0x8D, 0x62, 0xD2, 0xD8,
    0x28, 0xA6, 0xB1, 0xC8, 0xD7, 0x17, 0x9E, 0xF0, 0x5D, 0xE4, 0x78, 0x0F, 0xD6, 0x08, 0xE7, 0x0E,
    0x10, 0x1A, 0xE4, 0x1A, 0x57, 0x08, 0x6A, 0x7A, 0x83, 0xDF, 0x45, 0xD6, 0xBB, 0x97, 0x37, 0x39,
    0xFD, 0xD8, 0xE5, 0x8D, 0x63, 0x5E, 0x6E, 0xA3, 0xA6, 0x09, 0x54, 0x4F, 0xC8, 0xEB, 0x04, 0x55,
    0xA0, 0xDA, 0x4D, 0xCA, 0x8D, 0x22, 0xC6, 0x41, 0xEE, 0xD3, 0xBF, 0x8B, 0xCC, 0x44, 0x5B, 0xE1,
    0xC0, 0x83, 0x56, 0x14, 0xA4, 0x6E, 0xFC, 0x91, 0x5A, 0x50, 0x71, 0x0B, 0x6E, 0x14, 0xE3, 0xAC,
    0xFC, 0x44, 0xCB, 0x5B, 0xB4, 0x55, 0x5F, 0x28, 0xA2, 0xD6, 0xD2, 0xBA, 0x1E, 0x68, 0x65, 0x29,
    0xCC, 0xBD, 0xDC, 0xA2, 0x4F, 0xF4, 0x2E, 0xC2, 0x17, 0x62, 0xF9, 0xB1, 0x75, 0xCF, 0xCA, 0x4D,
    0xAE, 0x3B, 0x9D, 0x01, 0x42, 0x11, 0x9C, 0xF6, 0xBB, 0xC8, 0x49, 0x32, 0xF1, 0xAD, 0x07, 0xEC,
    0x3E, 0xE5, 0x43, 0x6E, 0x23, 0xD5, 0xF5, 0x2E, 0xD2, 0xAD, 0xCC, 0x03, 0x08, 0x3E, 0x41, 0x34,
    0xC8, 0x35, 0x4E, 0x13, 0x92, 0x26, 0xB5, 0x6A, 0x06, 0xEB, 0xC5, 0x20, 0x96, 0xF0, 0x5D, 0x64,
    0x99, 0x51, 0x03, 0x72, 0xC2, 0x07, 0xEE, 0x76, 0xDE, 0x45, 0x4A, 0x32, 0x3A, 0x3D, 0xE3, 0x3D,
    0xF2, 0x07, 0x58, 0x5E, 0x13, 0x1E, 0xC8, 0x7F, 0x43, 0xB0, 0x0B, 0x8B, 0x14, 0x3D, 0x35, 0x2F,
    0xB8, 0x7D, 0x1F, 0xB7, 0xD0, 0xEF, 0x7E, 0xF4, 0x42, 0x6F, 0x37, 0xDB, 0x53, 0x2C, 0x4B, 0x76,
    0x9E, 0xA6, 0xD8, 0xE6, 0x2F, 0xBF, 0x08, 0x16, 0xFA, 0xDA, 0x23, 0x16, 0xFA, 0x70, 0x81, 0xB7,
    0x1B, 0x58, 0x7E, 0xAE, 0x04, 0x9F, 0xCE, 0xEB, 0x70, 0xE4, 0xF5, 0x64, 0xC3, 0x2C, 0xB8, 0xCE,
    0xA4, 0xAC, 0x3A, 0xE7, 0x70, 0xCC, 0xC1, 0xE3, 0x17, 0xFA, 0x9D, 0x40, 0xA2, 0xB3, 0x72, 0xD2,
    0xE3, 0x91, 0x19, 0x66, 0xB0, 0x9B, 0x65, 0xFC, 0xA0, 0x9A, 0x90, 0x1B, 0x17, 0x0E, 0x42, 0x9D,
    0xF2, 0x2D, 0xCE, 0x7A, 0x4F, 0xB5, 0x72, 0x76, 0x2F, 0x6D, 0x24, 0x15, 0x28, 0x9F, 0x64, 0xDC,
    0x24, 0xD7, 0x58, 0xAF, 0x58, 0x48, 0xA2, 0x64, 0x21, 0x8D, 0xD1, 0xA7, 0x5F, 0xDA, 0x86, 0x3B,
    0xCB, 0x87, 0xA1, 0xC1, 0xFF, 0xE6, 0xC8, 0x16, 0xC8, 0x36, 0xD7, 0x35, 0xBD, 0x04, 0xA8, 0x14,
    0xB2, 0x2A, 0x81, 0xD8, 0x93, 0xED, 0xF2, 0xC2, 0x9E, 0xE1, 0x38, 0x33, 0xE2, 0x20, 0x38, 0xD4,
    0xD5, 0xE1, 0x2F, 0xC4, 0xD5, 0x57, 0x9B, 0xE6, 0x7B, 0x55, 0x2B, 0x47, 0x61, 0x8E, 0x73, 0xF2,
    0x5C, 0xC2, 0xCE, 0xC7, 0x2F, 0x23, 0x63, 0x9D, 0x14, 0x6F, 0xE8, 0xD6, 0x59, 0x8E, 0x71, 0x5E,
    0x9E, 0x01, 0x36, 0x17, 0x35, 0xCC, 0x0B, 0x35, 0x85, 0x14, 0x32, 0x0A, 0xA3, 0x88, 0x3D, 0x6C,
    0x19, 0x59, 0xF7, 0x80, 0xA3, 0xB8, 0x07, 0xC3, 0x8F, 0x2C, 0x23, 0xC3, 0xA1, 0xB2, 0x38, 0x44,
    0x30, 0x35, 0x90, 0x69, 0xCB, 0x9F, 0x25, 0x57, 0x6C, 0x5C, 0x38, 0x04, 0xE5, 0x85, 0xAB, 0x54,
    0xB0, 0x47, 0x8B, 0x21, 0x1E, 0x5D, 0x46, 0x72, 0xA8, 0xF3, 0x34, 0xB8, 0xCE, 0xD3, 0x40, 0x79,
    0x36, 0x1A, 0xB2, 0x12, 0xCA, 0xEF, 0x44, 0x22, 0x92, 0xF6, 0xC3, 0xA5, 0x64, 0x15, 0x96, 0xB8,
    0x59, 0x68, 0x72, 0x8F, 0xA5, 0xA8, 0x25, 0xD2, 0x48, 0x58, 0x7C, 0x2D, 0x8D, 0xF0, 0x25, 0xDC,
    0x13, 0xA5, 0x41, 0xCB, 0xC8, 0xE0, 0xD4, 0xBF, 0x46, 0xF6, 0x56, 0x70, 0xEE, 0x93, 0xD5, 0xD7,
    0x28, 0xF5, 0xBF, 0x55, 0xE4, 0xA9, 0xAB, 0xCC, 0xE9, 0xE2, 0x84, 0xE4, 0xD4, 0xBF, 0xD8, 0x9F,
    0xFA, 0x3B, 0x29, 0xFB, 0xD8, 0x03, 0x1C, 0x60, 0xAC, 0x85, 0x79, 0xFB, 0x1C, 0xA3, 0x41, 0xAE,
    0xBC, 0xFC, 0x02, 0xA5, 0xEC, 0x57, 0x17, 0x17, 0xBD, 0x49, 0x49, 0x79, 0x3B, 0x01, 0x2E, 0x98,
    0x79, 0x92, 0x94, 0x3D, 0x0C, 0x1C, 0xEB, 0x4C, 0xFC, 0x35, 0x42, 0x8D, 0xCF, 0x7C, 0x82, 0xBC,
    0x45, 0xAE, 0xB9, 0x9F, 0xCE, 0x26, 0x69, 0x85, 0x01, 0xC7, 0xF7, 0xB4, 0x29, 0x9B, 0xE5, 0xE3,
    0x11, 0x79, 0x46, 0x28, 0xCF, 0x6D, 0x00, 0x23, 0x48, 0x8D, 0x9C, 0x5C, 0xC2, 0x65, 0xE1, 0x29,
    0x93, 0x8B, 0x2C, 0x87, 0x30, 0x2A, 0x04, 0x93, 0x43, 0xB0, 0x8E, 0x13, 0xE6, 0x27, 0x01, 0x59,
    0x53, 0x15, 0xE4, 0x3D, 0xB1, 0x8D, 0x71, 0xE1, 0x8E, 0x86, 0x17, 0x77, 0x41, 0x87, 0xE1, 0x86,
    0x2A, 0x0C, 0x93, 0xA5, 0xEC, 0x2F, 0x09, 0x25, 0x52, 0xD9, 0x5D, 0x35, 0xB7, 0x28, 0xBE, 0xF2,
    0x91, 0xF0, 0x92, 0xEE, 0xDB, 0xF8, 0x48, 0x6A, 0xED, 0x03, 0xC0, 0xD4, 0x00, 0xEC, 0x05, 0xA4,
    0xD7, 0x56, 0x66, 0x58, 0x35, 0x8E, 0x2F, 0xCB, 0xCA, 0x6A, 0x0B, 0x39, 0xE9, 0xCD, 0x73, 0xE9,
    0x60, 0xE5, 0xD4, 0xF6, 0x1A, 0x29, 0xEF, 0xC2, 0xD4, 0x60, 0xF4, 0x05, 0x1E, 0xAD, 0xBE, 0xE2,
    0xC0, 0x27, 0x65, 0xB9, 0xD4, 0x5B, 0xDF, 0x59, 0x3A, 0xC2, 0xD4, 0xDC, 0x0F, 0x9B, 0x2B, 0x23,
    0x66, 0x67, 0x67, 0xC2, 0x1E, 0xE5, 0x70, 0xA5, 0x4F, 0x50, 0x07, 0x09, 0x27, 0xE8, 0x21, 0x76,
    0x65, 0x66, 0x0D, 0x31, 0xD4, 0x44, 0x50, 0xBA, 0x40, 0xA2, 0xC1, 0x44, 0x35, 0xA3, 0x9F, 0x4B,
    0xC6, 0x60, 0xB0, 0x6B, 0xB8, 0x40, 0x0B, 0x61, 0xB6, 0xE8, 0x57, 0x7E, 0x9B, 0xB0, 0xD2, 0x51,
    0xAE, 0xF6, 0x29, 0x2B, 0x7D, 0x74, 0x1B, 0x30, 0x8F, 0xEC, 0x02, 0x0C, 0x82, 0xA9, 0x19, 0x70,
    0x42, 0xE8, 0xDB, 0xDB, 0xA1, 0xF2, 0xC7, 0xA1, 0xB2, 0x60, 0x18, 0x25, 0x42, 0xD2, 0x76, 0x31,
    0x5C, 0x97, 0xF7, 0x60, 0x7B, 0x1F, 0xA7, 0xC2, 0x87, 0x77, 0xC9, 0x77, 0xA2, 0x37, 0x5D, 0x8C,
    0x45, 0x11, 0xF9, 0x52, 0x32, 0xC3, 0xA8, 0x85, 0x90, 0x75, 0x82, 0x9D, 0x04, 0x44, 0xC9, 0xD8,
    0xA2, 0xC0, 0x97, 0x16, 0xB8, 0xA0, 0x4F, 0x59, 0x02, 0xA3, 0x5C, 0x7D, 0x07, 0x86, 0xC7, 0x60,
    0x3D, 0x76, 0x09, 0xA1, 0xDB, 0xDB, 0x24, 0xC2, 0x27, 0x98, 0x9F, 0x13, 0x26, 0x6D, 0x0F, 0xC3,
    0x3E, 0x07, 0xEE, 0x56, 0x93, 0x0F, 0x09, 0xFC, 0xE3, 0x01, 0xB7, 0x29, 0x0F, 0xCA, 0x17, 0xDB,
    0x18, 0x02, 0x5E, 0x7C, 0x96, 0x26, 0x61, 0xBF, 0xC2, 0x53, 0x6B, 0x3E, 0x08, 0x97, 0xCF, 0x82,
    0xDF, 0xC2, 0xA3, 0xBF, 0x49, 0xD4, 0x41, 0x70, 0x5F, 0x56, 0xB9, 0x2F, 0x17, 0x78, 0x94, 0x0C,
    0x54, 0xE6, 0x9A, 0x6F, 0xB3, 0x28, 0x06, 0x8C, 0x92, 0x6D, 0x74, 0x1D, 0x69, 0xC0, 0x69, 0x23,
    0xC3, 0xC8, 0x31, 0xEE, 0xBA, 0x69, 0x18, 0x17, 0xAB, 0x69, 0xA4, 0xDC, 0x95, 0x7C, 0x65, 0x5F,
    0x62, 0x47, 0xD6, 0x8D, 0x5C, 0xC7, 0x78, 0x73, 0x55, 0xA7, 0xB1, 0x70, 0xFF, 0x0F, 0xE4, 0x02,
    0x83, 0x90, 0x00, 0xC6, 0xBA, 0x95, 0x4F, 0x12, 0xE8, 0x8D, 0xE7, 0x65, 0x37, 0xE9, 0x35, 0xF2,
    0x95, 0x1F, 0x8F, 0xC5, 0xC2, 0xD2, 0x89, 0x37, 0x48, 0x4A, 0xDF, 0x6B, 0xDF, 0x1B, 0x44, 0x5A,
    0x7F, 0x98, 0xF2, 0x38, 0x63, 0x94, 0xE5, 0x9D, 0x16, 0x26, 0x18, 0x79, 0xC6, 0x9D, 0xB2, 0x03,
    0xB3, 0x7C, 0x6F, 0x62, 0x66, 0x32, 0x36, 0x96, 0xAA, 0x76, 0x2E, 0xF9, 0xC9, 0x9A, 0x26, 0xFC,
    0x79, 0x86, 0x5C, 0x84, 0x5F, 0xEA, 0x1E, 0xF5, 0x41, 0x13, 0xD1, 0x76, 0xC9, 0x86, 0x4D, 0x62,
    0x5E, 0xF4, 0xF3, 0x95, 0xC9, 0xC4, 0x91, 0x76, 0xE0, 0x6F, 0x72, 0xE0, 0xF7, 0xD3, 0x18, 0xE9,
    0x0F, 0x3C, 0x38, 0x33, 0x3C, 0x80, 0xD1, 0xD3, 0xF6, 0xB1, 0xBE, 0xE8, 0x17, 0x08, 0x62, 0xB3,
    0x3A, 0x41, 0x8D, 0xB3, 0x92, 0xAA, 0xBE, 0x38, 0x16, 0x6B, 0x97, 0xBE, 0xE1, 0x20, 0xAF, 0xEF,
    0xB7, 0x02, 0x47, 0x4A, 0x7B, 0x10, 0xFF, 0x15, 0x3E, 0x8C, 0x72, 0x38, 0xEE, 0xC5, 0x96, 0x38,
    0x07, 0x1C, 0xD5, 0x4B, 0x88, 0x1C, 0x66, 0xEF, 0xFF, 0xD0, 0x28, 0xFE, 0x0E, 0x66, 0xEE, 0x2F,
    0x28, 0xFA, 0x0A, 0xA6, 0xA7, 0x0E, 0x17, 0xE6, 0xA2, 0xE5, 0x0B, 0xFA, 0x07, 0xF5, 0xE6, 0xA7,
    0x74, 0x8E, 0xD0, 0x4C, 0x32, 0x90, 0x89, 0x70, 0xA1, 0x39, 0xCE, 0x78, 0x87, 0xD1, 0x20, 0xC8,
    0x2B, 0x04, 0x35, 0xBD, 0x79, 0x1B, 0xD9, 0xBD, 0x1F, 0x68, 0x60, 0xCA, 0x28, 0x12, 0x9E, 0x2F,
    0x52, 0xA8, 0x77, 0x8A, 0x18, 0x99, 0x61, 0x17, 0x8C, 0xAA, 0x2C, 0x0C, 0xDA, 0xD2, 0x79, 0x68,
    0x27, 0x4A, 0xEC, 0x35, 0x0A, 0x2C, 0x4F, 0x38, 0x47, 0x10, 0xD7, 0x09, 0xE6, 0xEF, 0x49, 0x34,
    0x17, 0xFF, 0xE4, 0x23, 0x56, 0xA6, 0x82, 0xDF, 0xFE, 0xBA, 0x40, 0x0D, 0x7D, 0xA7, 0x80, 0x11,
    0x97, 0x5D, 0xB4, 0x54, 0x06, 0x2F, 0x93, 0xDD, 0x93, 0x61, 0x9C, 0x6E, 0x48, 0x53, 0x24, 0x1C,
    0xFA, 0xB6, 0x51, 0xA4, 0x4F, 0x8C, 0xB7, 0x93, 0xF2, 0x8E, 0x1E, 0xE5, 0x88, 0xC9, 0x46, 0x56,
    0xFF, 0x5A, 0xCC, 0x37, 0x3F, 0xE8, 0x7E, 0xC7, 0x1B, 0xBC, 0xA5, 0x33, 0x5C, 0x12, 0x5B, 0xF7,
    0x90, 0x66, 0x64, 0x18, 0x2B, 0x04, 0x79, 0x69, 0xF1, 0xAA, 0x97, 0x7C, 0xE5, 0x8E, 0xF6, 0x46,
    0xA7, 0x9E, 0x6F, 0x95, 0x8E, 0xBC, 0xFB, 0xA7, 0x75, 0x2F, 0x7F, 0xFF, 0x03, 0x72, 0x21, 0xA6,
    0x09, 0x8E, 0x41, 0xC8, 0x00, 0xC0, 0x02, 0x19, 0xBD, 0xF3, 0x02, 0x47, 0xDD, 0x7B, 0x9C, 0xA0,
    0x77, 0x47, 0x42, 0xC5, 0x61, 0xD3, 0x02, 0x96, 0x15, 0xA1, 0x46, 0x10, 0x0D, 0x82, 0x79, 0x9A,
    0x26, 0x3D, 0x75, 0x59, 0x13, 0x53, 0xC7, 0x0A, 0xAD, 0xD2, 0x91, 0xBF, 0x7D, 0x64, 0x61, 0x4D,
    0x13, 0x00, 0xD3, 0x6A, 0xCF, 0xE4, 0x0A, 0x90, 0x11, 0x84, 0x15, 0xA3, 0x06, 0x79, 0x4D, 0x65,
    0x90, 0x9C, 0xDE, 0xB6, 0xBD, 0x1D, 0x38, 0x2C, 0x42, 0x7D, 0xAB, 0xFD, 0xC7, 0x26, 0x4B, 0xB9,
    0x16, 0x7E, 0x5A, 0xB6, 0x50, 0xF3, 0x2D, 0x55, 0xCE, 0x5B, 0x7B, 0x86, 0x86, 0x2D, 0x44, 0xFE,
    0x8C, 0x1C, 0x3A, 0x73, 0x39, 0xAF, 0x3F, 0x1D, 0xFC, 0x5D, 0x70, 0x1F, 0x1C, 0x64, 0x5A, 0xB6,
    0x0A, 0x47, 0x5C, 0xF5, 0x1C, 0xFE, 0xC6, 0x9F, 0x1D, 0xDF, 0xD7, 0xFE, 0xFD, 0xB3, 0x55, 0xED,
    0xFC, 0xFD, 0xB3, 0xD7, 0x1D, 0x70, 0xF5, 0xDD, 0xA0, 0x09, 0x42, 0xE3, 0xC9, 0x20, 0xDA, 0x53,
    0xED, 0x25, 0x58, 0x2D, 0xE4, 0x19, 0x67, 0x29, 0x26, 0xB3, 0x72, 0xCF, 0xC2, 0xE4, 0x8E, 0x97,
    0xC2, 0x82, 0x3D, 0xBF, 0x7A, 0x0D, 0x0B, 0xFA, 0x3B, 0x2B, 0x98, 0x3C, 0xB2, 0x7B, 0x4F, 0xCF,
    0x6E, 0xF7, 0x44, 0xD6, 0xD1, 0x14, 0x17, 0x09, 0x55, 0xC3, 0xA1, 0x1D, 0xA7, 0x93, 0x42, 0xC9,
    0x19, 0x6F, 0xFD, 0x36, 0x7B, 0xF2, 0x8C, 0xA3, 0xF5, 0x77, 0x5D, 0x6F, 0x37, 0x3C, 0xAD, 0xDA,
    0x16, 0xFD, 0x9F, 0x82, 0x50, 0xE7, 0x04, 0xD9, 0x4D, 0xD7, 0x31, 0x2F, 0x6E, 0x39, 0xB9, 0xC4,
    0x7C, 0x4B, 0x5F, 0x38, 0x6B, 0x5A, 0x3B, 0xBF, 0x99, 0x85, 0x23, 0x80, 0x58, 0xF4, 0xFE, 0x3E,
    0x2D, 0x0B, 0x56, 0x0B, 0x49, 0xC6, 0xCF, 0x3C, 0xC2, 0x7F, 0x7C, 0x0B, 0xDC, 0x0F, 0xD8, 0x19,
    0x96, 0x12, 0xA8, 0xDA, 0x79, 0xDD, 0x7C, 0x8D, 0x66, 0x14, 0xBB, 0x18, 0x67, 0xA4, 0xAD, 0xE8,
    0x9E, 0xDE, 0xFC, 0xAA, 0x0C, 0xB1, 0xCA, 0x7B, 0xFA, 0x25, 0xEC, 0x7E, 0xC8, 0xD6, 0xAD, 0x46,
    0xD8, 0xF3, 0x0E, 0xDF, 0xB5, 0x87, 0xBC, 0xAA, 0x59, 0x45, 0xDE, 0xC5, 0x2A, 0xE2, 0x5C, 0x25,
    0x1C, 0x53, 0xE8, 0x46, 0xEF, 0x4E, 0xA9, 0xB3, 0x85, 0xE2, 0x9B, 0x5B, 0x52, 0xA2, 0x9E, 0x74,
    0x91, 0xAA, 0xC8, 0x06, 0xC6, 0x0F, 0x0F, 0x8D, 0x02, 0xCB, 0x36, 0x18, 0x0F, 0xDD, 0xBF, 0x1D,
    0x1F, 0xBC, 0x7F, 0x13, 0x6E, 0x97, 0xBC, 0x62, 0xF9, 0x09, 0x96, 0xF7, 0x59, 0xDE, 0x93, 0x75,
    0x24, 0x0E, 0xEF, 0x4C, 0x90, 0xB2, 0x05, 0x46, 0x28, 0xFF, 0xF8, 0x0D, 0xD6, 0xA0, 0xA5, 0x73,
    0x68, 0xDB, 0xFC, 0x37, 0xEC, 0x25, 0x71, 0x34, 0x98, 0x90, 0x8C, 0x67, 0xDB, 0x60, 0xF5, 0x6D,
    0x0B, 0x9A, 0x78, 0xEE, 0x75, 0xF1, 0x46, 0x38, 0xDF, 0x09, 0xCF, 0xB4, 0x0D, 0x32, 0x1A, 0xD1,
    0xDD, 0x84, 0xE5, 0x62, 0x6E, 0x60, 0xE0, 0x3C, 0xDA, 0x9E, 0x64, 0x1B, 0xF4, 0x3F, 0xAD, 0x98,
    0x67, 0x70, 0xDB, 0x46, 0x16, 0xC7, 0xFF, 0xC0, 0xD2, 0xA2, 0x15, 0x8C, 0x16, 0x9C, 0x1B, 0x6B,
    0xC6, 0x45, 0x14, 0x75, 0xFD, 0xCE, 0x23, 0x85, 0xF9, 0x90, 0xA2, 0x19, 0x4B, 0xD6, 0x5E, 0x2F,
    0x69, 0xBA, 0x92, 0x5E, 0xBF, 0xA7, 0x39, 0x4E, 0x2F, 0xB2, 0x60, 0xA7, 0x87, 0x33, 0x8E, 0xAE,
    0xF7, 0xDE, 0xAB, 0xED, 0xF4, 0xE2, 0x02, 0x9B, 0xD7, 0x99, 0x82, 0xF4, 0x9E, 0xC0, 0xE5, 0x6A,
    0x1A, 0x93, 0x30, 0x37, 0xCA, 0x9C, 0x24, 0xDC, 0x7B, 0x58, 0x2E, 0x0D, 0x82, 0x70, 0xBD, 0x7B,
    0xF6, 0xFB, 0x8B, 0x4B, 0x72, 0x7F, 0x78, 0x78, 0xDB, 0x1E, 0x01, 0x6D, 0x75, 0x23, 0x76, 0x83,
    0xC4, 0x39, 0x8F, 0x64, 0xC2, 0x09, 0xE0, 0x86, 0xD8, 0x82, 0x79, 0x0B, 0xEC, 0x8F, 0x01, 0x83,
    0xC2, 0xD3, 0x32, 0x19, 0x45, 0x91, 0x0F, 0x6D, 0xDF, 0x37, 0xDD, 0x2C, 0xEE, 0x96, 0xD7, 0xDD,
    0xA6, 0xE0, 0x84, 0xD6, 0x66, 0xCC, 0x03, 0x72, 0xD8, 0x0B, 0x3E, 0x6F, 0xF0, 0x0B, 0x0D, 0xBE,
    0x77, 0xE2, 0xA4, 0xC7, 0x95, 0xC1, 0x1B, 0x9B, 0x8C, 0x02, 0x88, 0x00, 0x57, 0x43, 0x28, 0xF4,
    0xE9, 0x57, 0xF1, 0x7B, 0xE9, 0x08, 0x34, 0x7E, 0x9A, 0xF1, 0x67, 0x36, 0xF1, 0x4E, 0x88, 0xCD,
    0xE8, 0x06, 0xBA, 0x10, 0x5B, 0xEF, 0x09, 0x27, 0x9C, 0x60, 0xF0, 0x21, 0xB0, 0x17, 0x99, 0x32,
    0xF4, 0x6C, 0xB2, 0x09, 0x1C, 0xFC, 0x9F, 0x4D, 0x43, 0xCD, 0x97, 0xB5, 0xE4, 0xA3, 0x68, 0x06,
    0x64, 0x7D, 0x19, 0x32, 0x9F, 0x3C, 0x6C, 0xA5, 0x8E, 0x45, 0x6C, 0x24, 0x29, 0xB9, 0x0A, 0xD6,
    0xB4, 0x68, 0xA0, 0xE4, 0xE1, 0x02, 0xEC, 0xB6, 0x2D, 0xED, 0xF8, 0xBC, 0x96, 0xEF, 0xB3, 0x80,
    0x44, 0xB1, 0x44, 0xD1, 0x2C, 0xAC, 0x13, 0x4E, 0xF8, 0x3C, 0x93, 0xDB, 0x07, 0xE5, 0x37, 0x24,
    0xAB, 0x1C, 0x93, 0x8D, 0x7D, 0xC7, 0xCC, 0x3C, 0x23, 0x86, 0xDC, 0xB4, 0xF1, 0x76, 0x32, 0xC7,
    0x7C, 0xA8, 0xEB, 0xC1, 0x69, 0x58, 0x73, 0x38, 0x44, 0x61, 0x71, 0x26, 0xD9, 0x24, 0x62, 0x50,
    0xDF, 0xBE, 0xE0, 0xA6, 0x60, 0x32, 0x0B, 0x37, 0xE7, 0x12, 0x63, 0x99, 0x0A, 0xDC, 0x4C, 0x42,
    0x9E, 0x4D, 0xFB, 0x13, 0x78, 0x5F, 0x42, 0xCC, 0x75, 0x0F, 0x6E, 0x2C, 0x43, 0xC0, 0x56, 0xE1,
    0x42, 0x0A, 0x72, 0x7C, 0x10, 0xC2, 0x03, 0x49, 0x33, 0xF0, 0xC1, 0xA6, 0xA4, 0xF0, 0xB6, 0x4F,
    0x22, 0x58, 0xF2, 0x7C, 0x8D, 0xFE, 0x11, 0xD0, 0x58, 0xBA, 0x1E, 0xCA, 0x53, 0xF6, 0x2C, 0x16,
    0xB4, 0xD6, 0x42, 0x44, 0xE6, 0xE9, 0x2F, 0xB3, 0x24, 0xFB, 0x06, 0x1C, 0xD5, 0xED, 0x24, 0x1B,
    0x0F, 0x55, 0x28, 0x07, 0x5D, 0x33, 0xDC, 0x67, 0x81, 0x49, 0x7B, 0x46, 0xF4, 0x9B, 0xF2, 0xE1,
    0xBE, 0x66, 0xE2, 0x05, 0x7C, 0xB1, 0x5D, 0xF3, 0xA6, 0x21, 0x3C, 0x13, 0xB8, 0x1D, 0x5A, 0x77,
    0xF3, 0x07, 0x53, 0x48, 0x5A, 0xD8, 0x9A, 0x89, 0x8C, 0x2F, 0x97, 0x14, 0x0E, 0x69, 0xD8, 0x6F,
    0xA3, 0xBF, 0x35, 0xAA, 0x5B, 0x12, 0x0B, 0x27, 0x68, 0x2D, 0x92, 0x50, 0xE7, 0x3E, 0xD9, 0xF7,
    0x7C, 0xEA, 0xEB, 0xEE, 0xB2, 0x67, 0xF5, 0x06, 0x90, 0x0E, 0xBC, 0x44, 0x9F, 0x76, 0x4D, 0x13,
    0x59, 0x2A, 0x2C, 0xD9, 0xF3, 0x80, 0x0A, 0x9E, 0x75, 0x3C, 0x41, 0x32, 0xE6, 0x4B, 0xE7, 0x74,
    0x44, 0xEB, 0xE2, 0x6E, 0x89, 0xF3, 0xC7, 0x79, 0x09, 0x28, 0x2F, 0xB9, 0xCC, 0xBC, 0x84, 0x66,
    0x52, 0xF3, 0x9E, 0x93, 0x12, 0x47, 0x4F, 0x47, 0x63, 0xDD, 0x70, 0x20, 0xC9, 0x5D, 0xF2, 0xB2,
    0x72, 0x70, 0x69, 0xE0, 0xD8, 0xE1, 0x3D, 0x8E, 0xAB, 0x4A, 0x0E, 0xB1, 0x1D, 0xC0, 0x3A, 0x7A,
    0x2C, 0x8A, 0x6A, 0xBD, 0x67, 0x2A, 0xFD, 0x3D, 0xE9, 0x46, 0xFC, 0xB7, 0xCD, 0xC1, 0xCE, 0xA1,
    0xF4, 0x50, 0x13, 0xFD, 0x2C, 0x63, 0x8A, 0xE4, 0x8D, 0x50, 0xC2, 0xF5, 0x27, 0x24, 0xBA, 0x91,
    0x93, 0xB0, 0x4E, 0x38, 0x55, 0x62, 0x2C, 0xFA, 0xA7, 0x04, 0xFA, 0xAC, 0x33, 0x49, 0x9C, 0x39,
    0x12, 0x48, 0xEE, 0xA9, 0x28, 0x36, 0x8E, 0x7A, 0x94, 0x93, 0x7C, 0x9F, 0xB8, 0x1B, 0xF6, 0xA3,
    0xB5, 0x7E, 0xB8, 0x6A, 0x26, 0xEF, 0x03, 0x05, 0x13, 0xAB, 0x38, 0x1A, 0xEB, 0x45, 0x25, 0xF6,
    0x86, 0xA8, 0x58, 0x2F, 0x8B, 0x8A, 0x73, 0xFC, 0x47, 0x2A, 0xA3, 0x76, 0xB5, 0x52, 0x80, 0xA8,
    0xF4, 0x9E, 0xF8, 0xA3, 0xCA, 0x64, 0xF4, 0x25, 0xFD, 0xF9, 0x86, 0x88, 0xFE, 0x9E, 0xA4, 0x5F,
    0x1B, 0xE7, 0xFE, 0x3A, 0x54, 0x0B, 0x67, 0xEF, 0xE6, 0xD8, 0xAF, 0x10, 0xE7, 0xE8, 0x6B, 0x2A,
    0xA3, 0xD6, 0x35, 0x15, 0xE0, 0x73, 0xC4, 0x78, 0xB3, 0xD2, 0x1B, 0xF7, 0x89, 0x9A, 0xFD, 0x60,
    0xD9, 0x94, 0x5C, 0xEE, 0x9B, 0x72, 0xB6, 0x4F, 0x50, 0x80, 0x76, 0x0D, 0x38, 0x9C, 0xE5, 0x72,
    0x96, 0x19, 0x12, 0x51, 0x5B, 0x53, 0x43, 0xD9, 0x7E, 0xA3, 0x86, 0x05, 0xA0, 0x66, 0xEF, 0x2F,
    0xEF, 0xAC, 0x61, 0x6C, 0xEE, 0x8B, 0xFA, 0x7B, 0x24, 0x5B, 0x48, 0xDE, 0xC3, 0xAF, 0xA6, 0x2C,
    0x92, 0xD4, 0xE6, 0x1C, 0x2F, 0x20, 0xDA, 0xCA, 0x41, 0x66, 0x25, 0xC9, 0x1B, 0x49, 0xEC, 0x98,
    0x6C, 0xED, 0xA8, 0x21, 0xC7, 0xE4, 0xA5, 0xD1, 0xBF, 0x6B, 0xF8, 0xE0, 0x3D, 0x31, 0x34, 0x32,
    0xF8, 0x02, 0x77, 0xD3, 0x21, 0xC3, 0xD1, 0xC2, 0x4D, 0x83, 0x4F, 0x1C, 0x3F, 0x56, 0x1C, 0xC5,
    0x30, 0x39, 0xB1, 0xAD, 0x17, 0xED, 0xDA, 0x92, 0x6B, 0x76, 0xD4, 0x16, 0x31, 0xD8, 0x3A, 0xB1,
    0x36, 0x16, 0xFD, 0xAD, 0xC6, 0x40, 0x26, 0x6B, 0x30, 0x34, 0x27, 0x84, 0xD3, 0x72, 0x6E, 0x1B,
    0x56, 0x9C, 0x56, 0xAC, 0x60, 0x99, 0x26, 0xB1, 0x5F, 0x20, 0x29, 0xE5, 0xAB, 0x15, 0x0C, 0x83,
    0x73, 0x6B, 0x7D, 0xAE, 0x42, 0xD3, 0x74, 0x67, 0x05, 0x3A, 0xAD, 0x17, 0x46, 0xE6, 0xCB, 0x05,
    0xE4, 0x81, 0x72, 0xB4, 0x0B, 0x68, 0xE0, 0x7C, 0xDE, 0x2B, 0x1C, 0x2D, 0x78, 0xDB, 0x9A, 0x00,
    0x96, 0x44, 0xA1, 0x99, 0xAB, 0x32, 0xFE, 0xE7, 0x92, 0x97, 0x95, 0xC4, 0xA5, 0xBE, 0xB4, 0xC3,
    0x69, 0x59, 0xF2, 0xFA, 0xE5, 0x7C, 0x40, 0x82, 0x7C, 0xE9, 0x96, 0x68, 0xED, 0xD2, 0x75, 0xE3,
    0x12, 0x7B, 0xFA, 0x87, 0xD8, 0x73, 0xAD, 0x76, 0x89, 0x7C, 0x99, 0x27, 0x51, 0x6F, 0x48, 0xC7,
    0x2F, 0xCB, 0xEE, 0xF8, 0xF3, 0xDE, 0xE3, 0xC6, 0xA2, 0xB9, 0xE3, 0x92, 0xBD, 0x6C, 0xBD, 0x6A,
    0x64, 0xCA, 0xBB, 0xC9, 0x7B, 0x74, 0x60, 0x90, 0x2C, 0x25, 0x96, 0x31, 0x8F, 0x64, 0x43, 0x28,
    0xE1, 0x04, 0xAB, 0xF8, 0xDD, 0x79, 0x12, 0xF1, 0xF7, 0x97, 0xFE, 0x32, 0x5A, 0x8B, 0xA5, 0xEB,
    0x3E, 0x4F, 0x4D, 0x17, 0x4D, 0xB1, 0xFF, 0xC2, 0xE2, 0x03, 0x49, 0xE1, 0x9C, 0xEA, 0x09, 0x90,
    0x23, 0x76, 0x9A, 0xFC, 0x3A, 0x93, 0xFD, 0x49, 0x89, 0x6E, 0x26, 0x73, 0xB4, 0x94, 0x55, 0x22,
    0x17, 0xA4, 0x0E, 0x23, 0x67, 0xA2, 0x85, 0xD4, 0xC2, 0xCD, 0x0E, 0xBC, 0xC9, 0x68, 0x32, 0x0B,
    0xD6, 0xEB, 0x0D, 0xCA, 0x66, 0x59, 0xE6, 0x00, 0xD9, 0x7B, 0xC2, 0xA9, 0x6B, 0x27, 0xA3, 0x7F,
    0x75, 0x64, 0x81, 0x10, 0xD2, 0xB8, 0xB9, 0x4E, 0x47, 0x46, 0xAF, 0xE2, 0x91, 0x79, 0x5B, 0x96,
    0x54, 0x49, 0x8F, 0xCA, 0x2F, 0xB7, 0x3C, 0x38, 0x16, 0xFD, 0x44, 0x8F, 0xDC, 0xF1, 0xC8, 0xD9,
    0xBF, 0xDF, 0xDD, 0x3F, 0x83, 0x85, 0xE6, 0x4E, 0x52, 0x64, 0x29, 0xB3, 0x5C, 0xE5, 0x49, 0xD8,
    0xDB, 0x1B, 0x04, 0xF7, 0x0E, 0xE5, 0x1B, 0x84, 0xB9, 0x6F, 0x1E, 0xA6, 0xDE, 0x73, 0xB9, 0x39,
    0x18, 0xCB, 0xE1, 0x24, 0xB9, 0x61, 0x12, 0x5C, 0x4D, 0x6E, 0xBD, 0x46, 0xE2, 0xFC, 0x31, 0x00,
    0x15, 0x6B, 0x9B, 0x95, 0x3D, 0x85, 0x2E, 0xCF, 0x04, 0xCA, 0xA1, 0x70, 0x3A, 0x39, 0x9B, 0x9C,
    0xCC, 0x6E, 0x58, 0x92, 0x91, 0x4C, 0x6C, 0x9B, 0x30, 0xE5, 0x28, 0xC4, 0x2E, 0x9C, 0xC7, 0x21,
    0xF2, 0xDF, 0xB8, 0x1D, 0xDB, 0x54, 0xFB, 0xA1, 0xD2, 0x20, 0x71, 0x87, 0xE2, 0x03, 0xDD, 0xC3,
    0x92, 0xD0, 0x9A, 0xE3, 0x78, 0x16, 0x77, 0xD4, 0x38, 0x17, 0x0B, 0x1F, 0x7B, 0x96, 0x01, 0xDB,
    0x3B, 0x98, 0xB3, 0x7C, 0x98, 0xFB, 0x1A, 0xD9, 0x6B, 0x5D, 0xB6, 0xB0, 0xF3, 0x50, 0xE1, 0xEF,
    0x96, 0xE3, 0x1A, 0xC7, 0xEE, 0xA8, 0x71, 0x52, 0xD0, 0x7D, 0xD7, 0x38, 0x07, 0x15, 0x3D, 0xCF,
    0x4A, 0x23, 0xFB, 0x2C, 0x74, 0xD4, 0x81, 0xE2, 0xD7, 0x23, 0x44, 0x53, 0xEA, 0x24, 0xE3, 0x75,
    0x95, 0xE8, 0x66, 0x6D, 0xCA, 0xEF, 0xE2, 0x93, 0x74, 0xD5, 0x41, 0x47, 0x7F, 0xB9, 0x09, 0x9C,
    0xDA, 0x3E, 0xAC, 0xB7, 0xE6, 0x35, 0x20, 0x3C, 0x8C, 0xE8, 0x62, 0x9E, 0x5F, 0xE9, 0xF7, 0x50,
    0x8E, 0xBC, 0x44, 0x2D, 0x94, 0x2C, 0xA6, 0x42, 0x12, 0xF7, 0x62, 0x92, 0x91, 0x51, 0x2E, 0x0C,
    0x5D, 0x0F, 0x25, 0x9F, 0x2E, 0x4C, 0x8D, 0x21, 0x74, 0x9A, 0x29, 0xB0, 0x34, 0xCA, 0x33, 0x14,
    0x11, 0x30, 0x65, 0x3D, 0x4F, 0xFC, 0x51, 0x66, 0x3A, 0x01, 0x96, 0x2B, 0x6C, 0xCC, 0xEE, 0xC6,
    0x56, 0x8A, 0xA2, 0x06, 0xC8, 0x2E, 0x66, 0x39, 0xBC, 0x5D, 0x06, 0x3A, 0xAB, 0xF7, 0x19, 0x53,
    0xBD, 0x6F, 0x14, 0x71, 0xC2, 0x26, 0x13, 0xE4, 0xD4, 0x0F, 0x1A, 0xA1, 0xDA, 0xC5, 0x63, 0x49,
    0x54, 0xEF, 0xE3, 0x9D, 0xBF, 0x0B, 0x78, 0xFE, 0x75, 0x35, 0x3A, 0x6B, 0x26, 0xFE, 0x41, 0xC3,
    0x8C, 0xFF, 0xB1, 0xC6, 0x5E, 0xE5, 0x64, 0x0F, 0x5E, 0x93, 0xFC, 0xBD, 0x59, 0x8E, 0xB2, 0x18,
    0x0B, 0x35, 0x59, 0x00, 0x96, 0x02, 0x37, 0xEB, 0x45, 0x90, 0xE5, 0x0E, 0xAA, 0x4A, 0x4D, 0xDA,
    0xFF, 0xBF, 0x84, 0x67, 0xB3, 0x15, 0xB8, 0x84, 0xC7, 0xBE, 0x4B, 0xF8, 0xA9, 0x24, 0xDE, 0x0C,
    0x28, 0xF6, 0x39, 0xA0, 0x53, 0xD9, 0xBF, 0xE2, 0xB8, 0xC2, 0xE5, 0xDD, 0x62, 0xD1, 0x5E, 0xF3,
    0x12, 0xEC, 0x2B, 0x2F, 0xBC, 0x2A, 0xAC, 0xB7, 0xBA, 0x32, 0xD6, 0x4C, 0x57, 0xDB, 0x9A, 0x81,
    0xC4, 0x42, 0xF2, 0xC1, 0x94, 0x8F, 0x90, 0x2F, 0xE7, 0xF3, 0x86, 0x7C, 0xA7, 0x27, 0xED, 0x6D,
    0x81, 0x74, 0xBC, 0x86, 0x5C, 0x8E, 0xE5, 0x72, 0x18, 0xDD, 0x12, 0x40, 0xCA, 0x53, 0xFD, 0x47,
    0xC9, 0x27, 0xC9, 0xFF, 0xEE, 0x49, 0xB1, 0x2D, 0x94, 0x25, 0x35, 0x21, 0x3F, 0x80, 0xF9, 0xE6,
    0xBB, 0x59, 0xA7, 0xBE, 0xF1, 0x1C, 0xFF, 0xE7, 0x52, 0xB6, 0x25, 0x43, 0x2C, 0x1C, 0x4C, 0x4C,
    0xC4, 0x9B, 0x7C, 0x64, 0x6D, 0x0D, 0x25, 0x18, 0x8A, 0x21, 0x4D, 0x05, 0x89, 0x62, 0x09, 0x59,
    0x3A, 0xCB, 0x3E, 0x65, 0xCA, 0x3E, 0x4A, 0xD7, 0xC2, 0x0C, 0xFC, 0x18, 0xCB, 0x5D, 0x4A, 0xC2,
    0x7A, 0x24, 0x90, 0x70, 0xBC, 0xBB, 0xF9, 0xF6, 0x8B, 0x86, 0xCC, 0xD6, 0xAA, 0xF3, 0xB2, 0xF1,
    0x4D, 0xCB, 0x65, 0x07, 0x7E, 0x55, 0x1C, 0xB8, 0x2F, 0x91, 0xF7, 0x1B, 0x12, 0x65, 0x8C, 0x4A,
    0x2C, 0x40, 0xCE, 0x90, 0xDB, 0x8B, 0x0A, 0x6E, 0x66, 0xE3, 0xD9, 0x38, 0xBB, 0x49, 0x19, 0x6D,
    0xE1, 0x77, 0xB6, 0xF0, 0x34, 0x48, 0x78, 0x4F, 0x13, 0x7F, 0x36, 0x44, 0xE4, 0xAD, 0x87, 0x75,
    0xD2, 0xBA, 0xC8, 0x87, 0xF0, 0x0A, 0xD4, 0xBC, 0x66, 0x96, 0x5E, 0xC8, 0x3C, 0x49, 0x8F, 0x80,
    0xF8, 0xD7, 0xB3, 0x47, 0x43, 0xCC, 0xAD, 0x99, 0xD6, 0xD1, 0xCF, 0x27, 0x52, 0x5F, 0xD3, 0x39,
    0x7C, 0xCE, 0xCB, 0x65, 0x4A, 0x5A, 0x3B, 0x68, 0xFC, 0xFD, 0xBB, 0x65, 0x33, 0x27, 0xD2, 0x84,
    0xCD, 0xE9, 0x6E, 0x73, 0x7E, 0xCF, 0x54, 0x40, 0xB9, 0x0C, 0xD6, 0x6D, 0x9E, 0x14, 0x34, 0x76,
    0x65, 0x1A, 0xBA, 0x85, 0x26, 0x01, 0xA9, 0xFE, 0x19, 0x2C, 0x80, 0x61, 0xD9, 0xF7, 0x3E, 0x69,
    0xEE, 0x5D, 0x6C, 0x35, 0xF7, 0x3E, 0xDC, 0x24, 0xB3, 0x8C, 0xC4, 0x02, 0x5E, 0x34, 0xE4, 0xF6,
    0xB3, 0x0A, 0x28, 0xAD, 0x09, 0x61, 0xCF, 0x72, 0xDD, 0xE2, 0xA1, 0x4B, 0xB3, 0x17, 0x66, 0x4C,
    0xFD, 0xFB, 0x20, 0xAD, 0x47, 0x7D, 0x99, 0x8F, 0xA7, 0xFD, 0x90, 0x5C, 0x60, 0xA6, 0x67, 0x29,
    0x0A, 0xD1, 0xC0, 0xD5, 0x96, 0x0F, 0xC9, 0xCE, 0xAF, 0xE3, 0xF7, 0x8C, 0x2D, 0x4C, 0xDD, 0x36,
    0xB3, 0xEE, 0x32, 0x29, 0x9C, 0x8E, 0x59, 0x05, 0xCD, 0x82, 0xC5, 0x73, 0xCA, 0xB5, 0x82, 0xA4,
    0xEB, 0x22, 0x32, 0x39, 0xDE, 0x50, 0x85, 0x41, 0xD8, 0xFE, 0xFA, 0x3D, 0x4A, 0x39, 0x14, 0x41,
    0x63, 0x48, 0x89, 0x70, 0x7A, 0x10, 0xCE, 0x86, 0xE7, 0xE8, 0x26, 0x96, 0xAD, 0x1D, 0xC4, 0x48,
    0xD9, 0x39, 0x17, 0x03, 0xDD, 0x36, 0x01, 0x80, 0x2C, 0xE9, 0x66, 0xB2, 0x64, 0x40, 0x52, 0x08,
    0xE5, 0xD6, 0x45, 0x38, 0x23, 0x21, 0x57, 0x3E, 0x48, 0x19, 0x19, 0x3B, 0x7A, 0x2D, 0xDE, 0x23,
    0xED, 0xB5, 0x89, 0xA5, 0x90, 0xAC, 0x82, 0x33, 0x25, 0xC7, 0x02, 0xC6, 0x17, 0x09, 0xBA, 0x22,
    0x21, 0x84, 0xBF, 0xBD, 0x14, 0x50, 0xA4, 0xFD, 0x53, 0xCE, 0x8A, 0xE7, 0x8A, 0x28, 0x8E, 0xDD,
    0x52, 0xC4, 0x70, 0x49, 0x7C, 0x07, 0x64, 0x45, 0x16, 0xC5, 0x07, 0x45, 0x08, 0x88, 0x58, 0x56,
    0xD7, 0x49, 0xAE, 0x69, 0x90, 0x54, 0x86, 0x48, 0x36, 0x39, 0x1E, 0xEC, 0x71, 0xB4, 0xAE, 0x61,
    0x02, 0xCF, 0xB8, 0x85, 0x7C, 0x38, 0xE3, 0x8E, 0xCB, 0x95, 0x0F, 0xD0, 0x80, 0xA6, 0x6E, 0x41,
    0x91, 0x58, 0xBE, 0x16, 0x24, 0xC5, 0xFC, 0x3A, 0xD0, 0x78, 0xCB, 0x3B, 0xBB, 0x0D, 0x4A, 0x32,
    0x2E, 0x82, 0x69, 0xB7, 0xEE, 0x5C, 0xF8, 0x1C, 0x8D, 0xEC, 0xB2, 0x5B, 0x8E, 0xC3, 0xE1, 0x25,
    0xF1, 0xA0, 0xB9, 0xE9, 0x03, 0xF9, 0x75, 0x00, 0xCC, 0xDB, 0x73, 0xEE, 0xF3, 0x26, 0xF7, 0x1D,
    0x81, 0xB3, 0x59, 0x0C, 0xB5, 0x02, 0x1D, 0x7D, 0x9B, 0x98, 0xE5, 0xB2, 0xB7, 0x51, 0x9D, 0x76,
    0xA7, 0x9C, 0x95, 0xCF, 0x53, 0xF4, 0x63, 0xC7, 0x27, 0xA2, 0x67, 0x40, 0x4F, 0x1A, 0x95, 0x49,
    0x06, 0x72, 0x8C, 0xEF, 0x63, 0x68, 0x42, 0x18, 0x5F, 0x0A, 0x09, 0x5F, 0x54, 0xEE, 0xCA, 0xE7,
    0xFB, 0x68, 0xD2, 0x1C, 0x7F, 0x3A, 0x0E, 0x97, 0xE2, 0x74, 0x53, 0x1E, 0xEB, 0x39, 0x17, 0xA6,
    0x1F, 0x46, 0x88, 0xEA, 0x43, 0xA9, 0x87, 0x11, 0x39, 0x13, 0xD0, 0x7A, 0x96, 0x74, 0xF4, 0x72,
    0xDC, 0xA5, 0x01, 0xD5, 0x73, 0xF2, 0xF0, 0x64, 0x5E, 0xBA, 0xB9, 0xEC, 0x0A, 0x80, 0x69, 0x5C,
    0xAD, 0x63, 0xB6, 0x59, 0xE2, 0xA5, 0xD9, 0xB6, 0x36, 0xE7, 0xF3, 0xA8, 0x16, 0x19, 0xDA, 0x14,
    0xE1, 0xD7, 0xFB, 0xC7, 0xF3, 0xE1, 0x74, 0x29, 0x94, 0x2B, 0x9F, 0x2B, 0x72, 0xE0, 0x67, 0xE0,
    0xF0, 0x7E, 0xFB, 0x0C, 0xAE, 0xD5, 0x8A, 0xBA, 0x6A, 0x13, 0xBB, 0xC7, 0xCD, 0x89, 0x3C, 0x8E,
    0xBE, 0xC1, 0x65, 0xEF, 0x88, 0x16, 0x6E, 0xEA, 0x0F, 0x9A, 0x66, 0x5D, 0xE3, 0x59, 0x96, 0x5D,
    0xF5, 0xC4, 0x47, 0x3E, 0xDC, 0x21, 0xF9, 0x8F, 0xAC, 0x89, 0xE5, 0x25, 0xCF, 0xB9, 0x61, 0xDB,
    0x4B, 0x9E, 0x5B, 0xDB, 0x56, 0xF5, 0x8A, 0xCF, 0xEF, 0xA8, 0x7A, 0xC3, 0x33, 0x57, 0x56, 0xBD,
    0xC3, 0x0E, 0x5F, 0x5A, 0x25, 0x8C, 0x9D, 0x21, 0x10, 0x2C, 0x1F, 0x56, 0xB6, 0x6D, 0x11, 0x4A,
    0x7C, 0x48, 0x0B, 0xA1, 0x56, 0xC7, 0x12, 0x11, 0x6F, 0xEB, 0x93, 0x9E, 0xFC, 0xCB, 0xC3, 0x55,
    0x6F, 0x64, 0xE6, 0x8E, 0xAA, 0xB7, 0xE2, 0xF2, 0x51, 0xEA, 0x56, 0xB0, 0x48, 0xCC, 0x3E, 0x63,
    0x28, 0x19, 0x62, 0x22, 0x67, 0x37, 0xF8, 0x8C, 0x6B, 0xB8, 0x37, 0x6C, 0x7D, 0xC9, 0x2B, 0x3E,
    0xB8, 0x9D, 0xC3, 0xBD, 0x82, 0xC3, 0xFD, 0x20, 0xE3, 0x2D, 0x12, 0xC5, 0x12, 0xD2, 0x9D, 0x67,
    0x1C, 0x8D, 0x7E, 0x4C, 0xB6, 0xAC, 0x16, 0xF9, 0x23, 0x1A, 0xFA, 0x24, 0xC7, 0x4C, 0xD0, 0xDA,
    0xD6, 0xAA, 0xD7, 0xF7, 0xFC, 0xEB, 0x55, 0xEF, 0xE2, 0x8D, 0x14, 0x73, 0x61, 0xA0, 0x97, 0xA1,
    0x1C, 0x4B, 0x2A, 0x66, 0x6E, 0x6A, 0x68, 0x90, 0x7E, 0xD6, 0x62, 0x2B, 0xC6, 0xEF, 0x25, 0x2F,
    0x14, 0x33, 0xE5, 0xE5, 0x12, 0xCE, 0x4B, 0x2B, 0x66, 0x36, 0x03, 0x25, 0x7C, 0xD0, 0x26, 0xE6,
    0xE2, 0xE0, 0xC0, 0xAF, 0xC9, 0x20, 0xBF, 0xC4, 0xE4, 0x97, 0x74, 0xC6, 0x07, 0x5F, 0xD9, 0x40,
    0xD1, 0x9B, 0x8C, 0x2B, 0x4C, 0x41, 0x28, 0x0D, 0x0D, 0x0D, 0x2A, 0xDD, 0x64, 0x6B, 0x0E, 0x68,
    0x4C, 0x5E, 0x1D, 0x8B, 0xC1, 0x7F, 0x82, 0xF3, 0x52, 0xA1, 0xC0, 0x33, 0x93, 0x9D, 0x43, 0x81,
    0xD7, 0xD1, 0x0A, 0x96, 0xF5, 0x7C, 0x08, 0x4E, 0x03, 0xF7, 0xD9, 0x2F, 0xC3, 0x7E, 0xF4, 0xC9,
    0xA3, 0x95, 0xAB, 0x66, 0xED, 0xC0, 0x2C, 0xA6, 0x8F, 0xEC, 0xD7, 0x7C, 0x79, 0x39, 0x35, 0x5F,
    0x38, 0x7A, 0x87, 0x1F, 0x19, 0x4D, 0xA8, 0x0B, 0x80, 0xB0, 0x75, 0x33, 0xF7, 0xA0, 0xC4, 0x8F,
    0x8C, 0x1A, 0x30, 0x96, 0xB5, 0x56, 0xDD, 0xBA, 0x1D, 0xDC, 0x2E, 0xC1, 0x6B, 0x15, 0xCE, 0x86,
    0x97, 0x25, 0x8A, 0xCB, 0x6E, 0x71, 0xEB, 0xC3, 0xBC, 0xD3, 0xE8, 0x23, 0x1C, 0xE8, 0xD9, 0xCB,
    0x5A, 0x35, 0xCF, 0x00, 0x8C, 0x39, 0x50, 0x05, 0x87, 0xB0, 0x29, 0xDF, 0xB0, 0xCE, 0xF6, 0x6F,
    0x8D, 0x68, 0x57, 0x70, 0xE8, 0x42, 0x0E, 0x1D, 0x79, 0x0E, 0x9D, 0x78, 0x0E, 0x1D, 0x78, 0x47,
    0xD3, 0x79, 0xE7, 0x00, 0x48, 0x7B, 0x57, 0x9A, 0x23, 0xFC, 0x3B, 0x23, 0xD3, 0x97, 0xB6, 0x72,
    0x87, 0xF6, 0xC2, 0x8A, 0xFE, 0xAE, 0x39, 0x07, 0x90, 0xC5, 0xB1, 0xB4, 0x73, 0x83, 0x29, 0x6D,
    0xB2, 0x21, 0x02, 0x47, 0x84, 0x3C, 0x61, 0x21, 0x57, 0x3E, 0xEF, 0xF0, 0xFE, 0x7D, 0x34, 0xEF,
    0xDF, 0x47, 0x43, 0x77, 0x1F, 0x67, 0x09, 0x59, 0xF6, 0x52, 0xA0, 0x5A, 0xBC, 0x45, 0x25, 0xC9,
    0x22, 0x26, 0x33, 0x94, 0x0E, 0x1E, 0x87, 0xB7, 0x6E, 0x87, 0xB6, 0x28, 0x61, 0xA0, 0x6C, 0x99,
    0x8F, 0x24, 0x03, 0x80, 0x25, 0x55, 0x41, 0x76, 0xC1, 0x2B, 0x38, 0x96, 0xBF, 0xC2, 0xB1, 0xC9,
    0x19, 0x2D, 0xC2, 0x86, 0xC3, 0xE0, 0xA1, 0x31, 0xCA, 0x82, 0xCB, 0x58, 0x8D, 0x11, 0xD1, 0x43,
    0x11, 0xEC, 0x07, 0x29, 0x88, 0x07, 0xF2, 0x22, 0x22, 0xF7, 0x7A, 0xB4, 0x47, 0x2F, 0x46, 0xE6,
    0x10, 0xEB, 0xC8, 0x6A, 0xF0, 0x56, 0x9C, 0x55, 0x77, 0x65, 0x93, 0xD7, 0x6F, 0x78, 0x89, 0xE7,
    0x9B, 0x41, 0xC2, 0x75, 0xDC, 0x6C, 0x79, 0xF2, 0x24, 0x6B, 0x1D, 0xB1, 0xD6, 0xE5, 0xBF, 0xFF,
    0xB2, 0x23, 0x8F, 0xE2, 0x91, 0xCD, 0x57, 0x0A, 0x39, 0xCD, 0x49, 0x3F, 0x23, 0x4D, 0xBE, 0x36,
    0x71, 0x71, 0x0A, 0x5D, 0xCE, 0x9E, 0x11, 0x9A, 0x31, 0x60, 0x20, 0x0F, 0x8E, 0xCB, 0x83, 0xE3,
    0xF2, 0xE0, 0x1C, 0x8F, 0x81, 0x1E, 0xDB, 0x05, 0x19, 0xC9, 0x02, 0xA8, 0x8E, 0x33, 0xEA, 0x3F,
    0xE2, 0x72, 0x88, 0xEA, 0x8B, 0x2E, 0x5C, 0xCC, 0x08, 0x73, 0x46, 0x65, 0x4E, 0x00, 0x33, 0x4C,
    0x81, 0x19, 0x26, 0x9A, 0xF7, 0x0E, 0x86, 0xE3, 0x59, 0xA5, 0x03, 0x27, 0xD1, 0x0F, 0x5C, 0xEF,
    0xC1, 0x04, 0xB8, 0xD4, 0x63, 0x71, 0x78, 0x19, 0x9C, 0xC7, 0x0B, 0x62, 0x17, 0x92, 0x66, 0x5D,
    0xA3, 0xF8, 0x10, 0x51, 0x7C, 0x6A, 0xA4, 0x25, 0xFF, 0x91, 0xEF, 0xB1, 0x7C, 0xAB, 0xAA, 0xE8,
    0x10, 0xA9, 0x2A, 0xB7, 0x46, 0xC2, 0x87, 0x88, 0x1A, 0x9E, 0xB9, 0xB4, 0xAA, 0x0E, 0x3B, 0xFC,
    0x7D, 0x55, 0x05, 0xD8, 0x19, 0x02, 0xC1, 0x62, 0xEB, 0xA6, 0x10, 0x84, 0x62, 0x31, 0xD0, 0x75,
    0x2C, 0x5F, 0x25, 0x1E, 0x43, 0x8B, 0x0F, 0x3C, 0xD2, 0xE4, 0x0D, 0x1C, 0xFE, 0x2E, 0x03, 0x50,
    0x2C, 0x21, 0x85, 0x96, 0xB9, 0xCB, 0xB7, 0xA6, 0xAF, 0x6D, 0xDB, 0x2D, 0xF2, 0x1A, 0x4D, 0x4E,
    0x44, 0x3A, 0xF8, 0x0A, 0x45, 0x7A, 0xF1, 0xC6, 0x23, 0xAB, 0xAA, 0x30, 0xF0, 0x0E, 0xE2, 0x99,
    0xAD, 0xDE, 0xC4, 0xC7, 0xC2, 0xCD, 0x34, 0x9E, 0xAD, 0x19, 0xBD, 0xC5, 0xE4, 0x0F, 0xB1, 0x7C,
    0x9A, 0xE5, 0x34, 0x92, 0x6B, 0x56, 0xD3, 0x85, 0xAE, 0xB9, 0x99, 0x2E, 0xF4, 0xC7, 0x17, 0xAB,
    0xAA, 0x87, 0xF6, 0x35, 0x35, 0x32, 0x7B, 0x49, 0x55, 0xAD, 0x18, 0x1E, 0xAA, 0xEA, 0x1E, 0x50,
    0x2C, 0x21, 0xF6, 0x1A, 0x3D, 0x5B, 0x20, 0xBC, 0x84, 0x58, 0xA1, 0xF0, 0x21, 0xEA, 0x8E, 0x0F,
    0x67, 0xA4, 0x58, 0xC7, 0x90, 0x7B, 0xF9, 0x08, 0x6E, 0xCF, 0x87, 0xAE, 0x09, 0xC7, 0xEF, 0x90,
    0x88, 0xCC, 0x3B, 0x81, 0x79, 0x56, 0x20, 0x94, 0x16, 0x3B, 0xCC, 0x7B, 0x44, 0x71, 0x7D, 0xB8,
    0xA3, 0x23, 0x75, 0x5C, 0xED, 0xD6, 0x97, 0x63, 0xC0, 0xF2, 0xE6, 0xB5, 0x9E, 0x56, 0xED, 0xFD,
    0x21, 0x52, 0x4A, 0x06, 0x4C, 0xA4, 0x79, 0xA5, 0xC5, 0x0A, 0x49, 0x62, 0xBC, 0x33, 0x44, 0xF8,
    0x09, 0x47, 0xE3, 0x73, 0x99, 0x51, 0xC5, 0x26, 0x33, 0xC4, 0xA5, 0x4B, 0xF2, 0x93, 0xA4, 0x71,
    0xFC, 0x17, 0xAD, 0x58, 0x01, 0x68, 0x1C, 0xC7, 0xD5, 0xFE, 0x66, 0x57, 0xD2, 0x44, 0x99, 0x5F,
    0xB3, 0x07, 0x44, 0xFC, 0x01, 0xFB, 0x74, 0x82, 0x06, 0x28, 0xE6, 0xE4, 0x2B, 0xD4, 0x50, 0x51,
    0x9F, 0xAC, 0x4D, 0x0D, 0x04, 0x10, 0x28, 0x02, 0xAC, 0x02, 0x18, 0x62, 0x03, 0x01, 0x20, 0x71,
    0x13, 0x35, 0x08, 0x47, 0x2D, 0x4E, 0xBC, 0xAD, 0x80, 0x00, 0x02, 0xC5, 0x40, 0x4B, 0x81, 0xD2,
    0x62, 0x68, 0x0A, 0x6D, 0x92, 0x54, 0x97, 0x46, 0x06, 0xE3, 0xBA, 0xF5, 0x51, 0x03, 0x05, 0x44,
    0x95, 0x85, 0x14, 0x0A, 0xD4, 0x0E, 0x4B, 0x6B, 0xB7, 0x4D, 0xDB, 0x36, 0x9B, 0xA2, 0x50, 0xC5,
    0x48, 0xB7, 0x7D, 0x6F, 0x76, 0x76, 0x35, 0x92, 0xEF, 0x5C, 0x47, 0xCE, 0x73, 0xE6, 0xD3, 0xCD,
    0x1E, 0xF3, 0xED, 0x7B, 0xDF, 0xCC, 0xBC, 0xF7, 0x2E, 0xB8, 0xE0, 0x01, 0x88, 0x65, 0x08, 0x91,
    0x10, 0xF8, 0x69, 0xD0, 0x86, 0x9A, 0x68, 0xA6, 0x98, 0x08, 0xD2, 0x09, 0x8C, 0x8A, 0x68, 0x10,
    0xF0, 0xDA, 0xC8, 0x21, 0x23, 0x8B, 0x50, 0x5A, 0x90, 0x65, 0x29, 0x34, 0x00, 0x07, 0xE8, 0xD9,
    0x06, 0x72, 0x9B, 0x13, 0x6D, 0x60, 0x5E, 0xC4, 0xC0, 0x65, 0x2F, 0x81, 0xF8, 0xA7, 0x5C, 0x85,
    0x5A, 0x7A, 0x6B, 0x0C, 0x55, 0xB1, 0xA1, 0x42, 0xE0, 0x22, 0xC8, 0x52, 0xE0, 0x3C, 0x91, 0xB6,
    0xC1, 0x26, 0xB3, 0x6C, 0x0B, 0x64, 0x75, 0x86, 0x83, 0xF0, 0x79, 0xEA, 0x87, 0x80, 0x01, 0x9E,
    0x76, 0xE0, 0x18, 0x31, 0x5B, 0xD8, 0xF4, 0x13, 0x78, 0xEF, 0xAB, 0x79, 0xA8, 0x27, 0xB6, 0x0F,
    0x33, 0xBD, 0xEC, 0x4A, 0xAF, 0xB2, 0xE7, 0xB7, 0x01, 0x79, 0x66, 0x88, 0xB8, 0x08, 0x64, 0xC6,
    0x80, 0x7A, 0x01, 0xD9, 0x87, 0xDB, 0x96, 0x39, 0xCA, 0x25, 0x81, 0x2B, 0x49, 0xB3, 0x99, 0xB0,
    0x24, 0x2F, 0x61, 0xD4, 0x2B, 0x25, 0xF1, 0x7B, 0x4B, 0x32, 0xE7, 0x80, 0x79, 0xE6, 0x18, 0x8B,
    0x6D, 0xC0, 0x4B, 0x55, 0x04, 0xB9, 0x50, 0x8D, 0x31, 0x52, 0x5B, 0xBD, 0x8C, 0x05, 0x3F, 0x1E,
    0x01, 0x44, 0xE4, 0x8A, 0x3D, 0x4B, 0x86, 0x7E, 0xE0, 0x74, 0xC9, 0xD7, 0x32, 0x7C, 0xDD, 0xE9,
    0xEF, 0xB1, 0x97, 0xC7, 0xEE, 0xB1, 0x97, 0xCF, 0x77, 0x00, 0xFF, 0xD6, 0xFF, 0xC7, 0x08, 0x88,
    0xDE, 0x92, 0xF2, 0x27, 0xF3, 0x0C, 0xE7, 0x1D, 0xD5, 0xEB, 0xB4, 0xB4, 0xE5, 0x82, 0xDF, 0x4E,
    0x09, 0x92, 0xCD, 0x3A, 0x82, 0x17, 0x6E, 0xD4, 0x51, 0x9F, 0x7C, 0xB2, 0x91, 0x1C, 0x19, 0xF2,
    0xBF, 0x36, 0x83, 0x41, 0xD4, 0x01, 0x5D, 0xC0, 0xF0, 0xCA, 0xCA, 0x19, 0x4C, 0x66, 0x3F, 0xA6,
    0x29, 0xD0, 0x0D, 0xFA, 0x28, 0xF0, 0xD3, 0xBB, 0x98, 0x93, 0x0D, 0x22, 0x3D, 0x7B, 0x63, 0x2C,
    0x6C, 0x36, 0x82, 0x46, 0x5C, 0x79, 0x48, 0x14, 0x54, 0xA7, 0xDE, 0x78, 0x93, 0x76, 0xF5, 0x83,
    0x72, 0xAD, 0x7B, 0x72, 0xBA, 0xC0, 0xA3, 0x16, 0x98, 0x5E, 0x30, 0xB3, 0x01, 0x2F, 0x66, 0xC7,
    0x53, 0x76, 0xFC, 0xE8, 0x0F, 0xE9, 0x1D, 0x5A, 0x36, 0xE2, 0x1D, 0x9F, 0x0F, 0xAD, 0x64, 0x6F,
    0xE2, 0xD0, 0xEB, 0x27, 0x2C, 0x8B, 0x88, 0x4C, 0xE4, 0x80, 0x0B, 0xA4, 0x1F, 0x0A, 0xFB, 0x3F,
    0x22, 0x9D, 0xAB, 0xB2, 0xE3, 0x16, 0x48, 0x92, 0x2A, 0x82, 0x17, 0x6F, 0x8E, 0x5C, 0x68, 0x36,
    0xD4, 0xA9, 0x0B, 0x95, 0x41, 0x51, 0x65, 0xE6, 0x2A, 0x31, 0x5F, 0xBB, 0x89, 0x43, 0xB3, 0x21,
    0x4D, 0x2B, 0x08, 0x81, 0x71, 0x24, 0x40, 0x13, 0x29, 0x70, 0xD5, 0x4B, 0x21, 0xFE, 0x20, 0xCF,
    0x41, 0x2D, 0xFE, 0x2B, 0x08, 0x87, 0xE8, 0xD2, 0x44, 0x70, 0xCC, 0x3F, 0x1E, 0xF9, 0xFE, 0xF1,
    0xC5, 0x1C, 0xA4, 0x81, 0x27, 0x16, 0x17, 0xA3, 0x60, 0xE9, 0xFA, 0x62, 0x54, 0x7D, 0xFF, 0xBD,
    0xC5, 0x68, 0x7C, 0xEB, 0x9D, 0x2C, 0xFA, 0xC2, 0xE8, 0x17, 0xBF, 0x17, 0xE1, 0x88, 0xBF, 0xE8,
    0xC0, 0x33, 0xD9, 0x7F, 0x16, 0xA3, 0x43, 0x3F, 0xA5, 0x15, 0xC4, 0xB2, 0x0B, 0x08, 0x19, 0x00,
    0xCF, 0xF3, 0xA7, 0x40, 0xCC, 0x4B, 0x90, 0xC7, 0x09, 0xD4, 0x2B, 0x8B, 0x4B, 0xD0, 0xEF, 0x5F,
    0xFF, 0x3E, 0x9A, 0x57, 0xDF, 0xC9, 0x30, 0x3A, 0xFA, 0xB9, 0x25, 0x10, 0xD5, 0x12, 0x86, 0xBF,
    0xF9, 0xA3, 0x25, 0xD2, 0xFE, 0x4F, 0x34, 0x05, 0xAD, 0x40, 0x1F, 0x42, 0xA0, 0x6E, 0x42, 0x10,
    0x29, 0xF0, 0xB2, 0xB7, 0x01, 0xF1, 0x97, 0xA9, 0x31, 0x04, 0xDF, 0xDA, 0x56, 0xED, 0x3E, 0x3C,
    0x2D, 0x42, 0xE4, 0xA6, 0x49, 0x95, 0x72, 0xF8, 0xED, 0x0D, 0x4D, 0x02, 0x69, 0x3A, 0x32, 0x9A,
    0x4E, 0xCC, 0x34, 0x1D, 0x98, 0x65, 0xD2, 0x5E, 0x17, 0xFF, 0x68, 0x87, 0xD7, 0x27, 0xB3, 0x0F,
    0xA6, 0x79, 0xDD, 0x9E, 0x31, 0x48, 0xDB, 0xA8, 0x45, 0xC1, 0x15, 0xA7, 0x5A, 0x7E, 0xB4, 0xA9,
    0x47, 0x8E, 0x2E, 0xEB, 0xE6, 0x88, 0x9C, 0x2E, 0x38, 0x9E, 0x59, 0xC9, 0xD6, 0x9F, 0x79, 0x7D,
    0x46, 0xE7, 0xEF, 0x35, 0x03, 0xE5, 0xE0, 0x6D, 0x9B, 0x9D, 0x3D, 0x01, 0x36, 0x41, 0x64, 0x60,
    0x36, 0xF8, 0xF1, 0x86, 0x86, 0xFC, 0x68, 0x4B, 0x63, 0x64, 0x72, 0x59, 0x63, 0x5C, 0x4B, 0x0D,
    0x43, 0x86, 0x20, 0x5B, 0xA7, 0x88, 0xFF, 0xC6, 0xCE, 0xA0, 0x9F, 0x97, 0x77, 0x9C, 0x84, 0xC7,
    0xD3, 0x5E, 0x67, 0x02, 0xC2, 0x71, 0x95, 0x4E, 0xB3, 0x56, 0x67, 0x6F, 0xE8, 0xB1, 0xC6, 0x93,
    0xD3, 0x8F, 0x0C, 0x7A, 0x45, 0x98, 0xCB, 0xE7, 0xB3, 0x3B, 0x45, 0x98, 0x86, 0x8C, 0xDD, 0x2D,
    0xC7, 0x4E, 0xC2, 0xEB, 0xA3, 0xE3, 0xA5, 0x85, 0x0D, 0xD9, 0x4F, 0x49, 0xBA, 0xA3, 0x3F, 0xD0,
    0xCD, 0x5A, 0x11, 0xB2, 0x98, 0xA6, 0x2C, 0xB7, 0x3C, 0x3C, 0x1B, 0x6A, 0x84, 0xE8, 0x73, 0xD7,
    0x77, 0xE1, 0x22, 0x8B, 0xFD, 0xC8, 0x01, 0x91, 0xF8, 0x6D, 0xF8, 0xA9, 0x6A, 0x43, 0x8D, 0x0F,
    0xB5, 0x30, 0x36, 0x72, 0xAE, 0x89, 0x55, 0x99, 0x06, 0x40, 0xE5, 0x71, 0x00, 0x2D, 0xB5, 0x07,
    0xDC, 0xD4, 0x84, 0x51, 0x44, 0x6E, 0x2A, 0x5E, 0xF5, 0x08, 0xB6, 0xFC, 0x14, 0xFE, 0x7A, 0xD0,
    0x44, 0x4D, 0x6E, 0x05, 0xE1, 0x43, 0x48, 0x3D, 0x94, 0x56, 0xE4, 0xE3, 0x14, 0xB8, 0x07, 0xCC,
    0x14, 0x12, 0xC6, 0x7E, 0x98, 0x83, 0x97, 0xC8, 0x28, 0xCF, 0x68, 0x41, 0xB3, 0xB9, 0x8A, 0x73,
    0xC1, 0xC6, 0x31, 0x54, 0xBC, 0xA8, 0x1F, 0x6C, 0x36, 0x99, 0xF9, 0xBB, 0x6E, 0x68, 0xCD, 0x56,
    0xA2, 0xF9, 0x2E, 0x30, 0xCA, 0x91, 0xDF, 0x95, 0x8A, 0xFD, 0x55, 0x4D, 0xA9, 0x78, 0xEC, 0xDC,
    0x2A, 0x16, 0x54, 0x7A, 0x18, 0x10, 0x21, 0x5C, 0xFA, 0x92, 0x59, 0x1B, 0x10, 0xE1, 0x5D, 0x75,
    0x4F, 0xCC, 0xCE, 0xCE, 0xD8, 0x7B, 0x9D, 0xAB, 0x21, 0x4A, 0x35, 0xD4, 0x02, 0xA9, 0xB1, 0x5D,
    0x0B, 0x1F, 0x12, 0xA9, 0xD7, 0x55, 0x88, 0x4F, 0x57, 0xFC, 0x62, 0x59, 0x66, 0x7A, 0xB5, 0xA3,
    0x4B, 0x4A, 0xBA, 0xA4, 0x46, 0x97, 0xBE, 0xEE, 0xBA, 0xF8, 0xED, 0xFB, 0x2D, 0x51, 0x06, 0x58,
    0xF6, 0x5C, 0x17, 0xA2, 0x1F, 0x6B, 0x6E, 0x58, 0x7A, 0xE1, 0xD2, 0x87, 0x86, 0x74, 0xD0, 0x6F,
    0x9F, 0x66, 0x49, 0x5A, 0xBB, 0x4B, 0x94, 0x33, 0x2D, 0x99, 0xC3, 0xDE, 0x8E, 0x8F, 0xD2, 0x86,
    0x76, 0x55, 0x1C, 0xD7, 0x3A, 0x80, 0xEC, 0x59, 0xA2, 0xB8, 0x80, 0xD9, 0x1B, 0xE7, 0x24, 0x99,
    0x55, 0x2D, 0x29, 0xC9, 0xE8, 0x17, 0xD7, 0x75, 0xB3, 0x21, 0x97, 0xD1, 0xC7, 0xCB, 0xFA, 0xF3,
    0x9B, 0xF2, 0x14, 0x34, 0x86, 0x78, 0x04, 0x1D, 0xF3, 0xD7, 0x1D, 0x30, 0xA3, 0x1F, 0x7C, 0xE5,
    0xE0, 0xED, 0x24, 0x87, 0xB7, 0xFF, 0xA1, 0x31, 0x36, 0xF9, 0xEA, 0x34, 0x1E, 0xD3, 0x9E, 0x06,
    0x30, 0x3C, 0x0D, 0xE6, 0xC2, 0x70, 0x95, 0x17, 0x54, 0x89, 0x09, 0xE6, 0xD3, 0x23, 0x08, 0x81,
    0x66, 0x99, 0x13, 0x3B, 0xFE, 0x65, 0xC8, 0xEB, 0xAF, 0x8E, 0x20, 0x10, 0x5B, 0xB2, 0x0D, 0x54,
    0x60, 0x4D, 0xAC, 0x49, 0xFF, 0x2B, 0xF9, 0x38, 0xFE, 0xED, 0xB5, 0xE0, 0x95, 0x5F, 0xAF, 0x8D,
    0xAC, 0xFF, 0x71, 0x6D, 0x61, 0xEB, 0xCB, 0x6B, 0x95, 0x51, 0x6F, 0x0D, 0xE2, 0xAB, 0x6B, 0xE7,
    0xB3, 0x3F, 0xAF, 0x55, 0xE6, 0xE9, 0xF3, 0xFC, 0xB3, 0x76, 0x78, 0x3B, 0xA3, 0x22, 0xD6, 0x00,
    0xA8, 0xBB, 0xC3, 0xA6, 0xC1, 0x61, 0x9F, 0x35, 0x61, 0x4F, 0xE7, 0x61, 0x43, 0x1F, 0x7A, 0x23,
    0x5B, 0x3F, 0xB4, 0x72, 0x42, 0xA3, 0xEB, 0x3F, 0x27, 0xBF, 0x22, 0xAC, 0x68, 0x20, 0x9E, 0xB3,
    0xE0, 0x25, 0xAB, 0x24, 0x40, 0x8B, 0x62, 0x0F, 0x38, 0xF6, 0x83, 0xDA, 0x33, 0x99, 0x50, 0x53,
    0x75, 0xBC, 0xB6, 0x8E, 0xC9, 0x0F, 0xBF, 0xAB, 0x01, 0x05, 0x0B, 0xDE, 0x6F, 0x08, 0xBA, 0xD6,
    0x49, 0xCA, 0x15, 0x36, 0xE3, 0x24, 0x04, 0x22, 0x25, 0x25, 0xFC, 0x8D, 0x20, 0x46, 0x30, 0x56,
    0x37, 0x97, 0xF9, 0x30, 0xED, 0x7D, 0x7B, 0xD7, 0xDE, 0xA7, 0x32, 0x44, 0x0E, 0x3C, 0x93, 0xBF,
    0x1B, 0x48, 0x10, 0x00, 0xF3, 0xD0, 0x0C, 0xF2, 0x02, 0x4B, 0x7B, 0x2D, 0x0B, 0x7B, 0x24, 0x34,
    0x02, 0xCF, 0xBC, 0x83, 0x6F, 0x74, 0x50, 0xA7, 0x77, 0x34, 0x83, 0xCB, 0xC7, 0x30, 0xE7, 0x27,
    0x0A, 0x5D, 0xCC, 0x6D, 0x86, 0x42, 0x51, 0xA6, 0x1D, 0x66, 0x49, 0x54, 0x1B, 0x32, 0xCF, 0x0B,
    0xCD, 0x1E, 0x79, 0xC1, 0xB5, 0x7B, 0xA7, 0x9D, 0xC7, 0xF6, 0x93, 0x76, 0x4A, 0xD3, 0x25, 0xDC,
    0x7F, 0xDA, 0x09, 0xC6, 0x8B, 0x24, 0x7C, 0x71, 0x77, 0xDA, 0xB1, 0x76, 0xFF, 0x69, 0xC7, 0x26,
    0x7A, 0x37, 0xC7, 0xCB, 0x77, 0x83, 0x26, 0x46, 0x7C, 0xA2, 0xEF, 0xC3, 0x45, 0x01, 0xB2, 0x7D,
    0xB5, 0xDB, 0xDD, 0xF3, 0xE5, 0xB8, 0xCD, 0x97, 0x48, 0xBB, 0x39, 0x1E, 0x13, 0xFD, 0xF0, 0x6D,
    0x40, 0x9E, 0xCF, 0x42, 0x48, 0x84, 0x34, 0x55, 0x5B, 0x50, 0x74, 0x3E, 0x19, 0x1E, 0x86, 0x7A,
    0x7D, 0xBD, 0x0A, 0xD9, 0x79, 0x65, 0x03, 0xB9, 0x25, 0xEE, 0xD1, 0xB3, 0xC7, 0x82, 0x37, 0xF4,
    0x1C, 0x2B, 0x4E, 0x09, 0xAD, 0x9B, 0xE2, 0x56, 0x5D, 0x0D, 0x1C, 0xD9, 0x0B, 0xE5, 0xAF, 0x9C,
    0xFD, 0xD2, 0xF7, 0x03, 0xA3, 0x96, 0x0A, 0x98, 0xCF, 0xF9, 0x7A, 0xD3, 0x43, 0x73, 0x32, 0x72,
    0x5B, 0x28, 0x4E, 0x49, 0x8A, 0x32, 0xD2, 0xC8, 0x97, 0x96, 0x4D, 0x76, 0xA3, 0xF6, 0xB8, 0x6C,
    0x93, 0x86, 0x67, 0x7B, 0xB7, 0x4F, 0x7C, 0xBB, 0x85, 0xCB, 0xC3, 0x6D, 0xD8, 0xD9, 0x9B, 0xC4,
    0x31, 0x35, 0x5D, 0xE9, 0x13, 0x3B, 0x19, 0xF2, 0x04, 0x7A, 0xB7, 0x4F, 0xB9, 0x0D, 0x81, 0x89,
    0xE0, 0x31, 0x70, 0x7B, 0x03, 0xF5, 0x73, 0xCA, 0x12, 0x13, 0x93, 0x53, 0xD3, 0xA8, 0x0C, 0x32,
    0x13, 0x44, 0x91, 0x21, 0xED, 0x61, 0xC5, 0xFE, 0xDB, 0x27, 0x0A, 0x97, 0x13, 0x30, 0xE5, 0x5F,
    0xFD, 0xF9, 0x11, 0xDF, 0x86, 0xF9, 0xEC, 0x32, 0xFD, 0x0C, 0xB8, 0x9F, 0xF6, 0x89, 0x4D, 0x51,
    0xE8, 0x8A, 0xB8, 0xBA, 0x0E, 0xE2, 0x57, 0x24, 0x85, 0x52, 0x5F, 0xBF, 0xA1, 0x86, 0x8E, 0x2E,
    0x2B, 0x92, 0x74, 0x69, 0x74, 0xD0, 0x9B, 0xE2, 0x75, 0x7B, 0xC6, 0x00, 0xF9, 0xD5, 0x75, 0x6D,
    0xF0, 0xC2, 0x4D, 0x55, 0x9F, 0x9C, 0x9A, 0x3A, 0xA2, 0xBD, 0xA5, 0x22, 0x33, 0xDB, 0x88, 0x54,
    0x97, 0x21, 0xEC, 0x80, 0x02, 0xB3, 0xEC, 0x05, 0x66, 0x85, 0x4C, 0xB6, 0x14, 0xF4, 0x0B, 0xBF,
    0x55, 0x68, 0x4E, 0x4E, 0x2D, 0x61, 0x54, 0x1B, 0x8F, 0x78, 0x79, 0x48, 0x20, 0xE2, 0x1C, 0xE0,
    0x42, 0x99, 0x6D, 0x0D, 0x3D, 0xFB, 0xEA, 0x92, 0xB6, 0x57, 0x99, 0x79, 0x53, 0x81, 0x03, 0xC5,
    0xD8, 0xD1, 0x57, 0xA7, 0x70, 0xA4, 0xE6, 0xAF, 0xA1, 0xAC, 0x24, 0x00, 0x11, 0x94, 0x53, 0x65,
    0xA7, 0xC4, 0x6C, 0xC1, 0x14, 0x7C, 0x6B, 0xFD, 0xA5, 0xA2, 0x8E, 0x12, 0x92, 0x94, 0xD0, 0xA4,
    0x44, 0x73, 0x8F, 0x12, 0x86, 0x88, 0x1D, 0x76, 0x87, 0x7D, 0x17, 0xF1, 0xF4, 0x54, 0x74, 0x6C,
    0xF2, 0xC9, 0x29, 0x72, 0x31, 0xE7, 0x89, 0x21, 0xCD, 0xBA, 0xC4, 0xAE, 0x75, 0x79, 0xAC, 0x4F,
    0x4C, 0xE6, 0x86, 0xEC, 0xC4, 0x9D, 0xD8, 0xB8, 0xB9, 0x8A, 0x2B, 0x58, 0x52, 0xA8, 0x02, 0x9A,
    0x06, 0x40, 0xF6, 0x2B, 0x1A, 0xDE, 0xEF, 0x23, 0xA0, 0xF6, 0xF8, 0x06, 0xBC, 0x4D, 0x34, 0x22,
    0x11, 0xE6, 0x59, 0xB9, 0xAF, 0xDB, 0x4F, 0x19, 0x19, 0xD3, 0x1D, 0x7A, 0xDB, 0xFC, 0x94, 0xD1,
    0xC4, 0x5A, 0x1C, 0xC8, 0x21, 0xD4, 0xB2, 0x18, 0x9B, 0x38, 0x57, 0x1C, 0x48, 0x50, 0xFF, 0x84,
    0x46, 0x96, 0xC0, 0xB1, 0x04, 0xDE, 0x45, 0x82, 0xDA, 0x16, 0x41, 0x33, 0x20, 0x98, 0xF3, 0xC3,
    0x04, 0xA9, 0xDF, 0x4E, 0x90, 0x78, 0x39, 0x64, 0x11, 0xC1, 0x9D, 0xD0, 0x4C, 0x5B, 0x7E, 0x94,
    0x60, 0x5C, 0xF1, 0x8A, 0x5F, 0x12, 0x0C, 0xDC, 0x22, 0x00, 0xBA, 0xC2, 0x0C, 0xFF, 0xD7, 0x42,
    0xAD, 0x43, 0x30, 0x21, 0xA3, 0x16, 0x5A, 0x22, 0x6E, 0x81, 0x18, 0xAF, 0x11, 0x45, 0x4C, 0x53,
    0x72, 0x1F, 0x13, 0x07, 0xE8, 0x0B, 0xB5, 0x8D, 0x16, 0x80, 0x1C, 0x50, 0x36, 0x6B, 0xAD, 0x5E,
    0x50, 0x29, 0xC1, 0xAE, 0x3D, 0x76, 0x2A, 0x6C, 0x61, 0x95, 0xF9, 0x12, 0x14, 0xEF, 0x48, 0x45,
    0x7C, 0x29, 0x5C, 0xF0, 0xE9, 0x59, 0x63, 0x05, 0x2D, 0x0C, 0xBC, 0x56, 0x10, 0x08, 0x06, 0x69,
    0x01, 0x2E, 0x64, 0xD9, 0xA6, 0x2D, 0x65, 0xD6, 0x12, 0xA2, 0x27, 0x68, 0xAA, 0x90, 0x22, 0x37,
    0x6A, 0x08, 0x56, 0x43, 0x18, 0x21, 0x08, 0x26, 0x0E, 0xD0, 0x17, 0x6A, 0x33, 0x8F, 0x37, 0x44,
    0x9F, 0x4F, 0x59, 0xF3, 0x20, 0x34, 0x0A, 0xA8, 0x31, 0x1C, 0x0D, 0x51, 0x3D, 0xF3, 0xEF, 0x18,
    0xB5, 0xBF, 0xB7, 0xAF, 0x02, 0x02, 0x3B, 0x36, 0x07, 0xD5, 0x21, 0x98, 0x90, 0xED, 0x39, 0xB4,
    0x10, 0xCF, 0xB3, 0xE3, 0xE7, 0x23, 0x82, 0x39, 0xD6, 0x8A, 0xBE, 0x50, 0xD1, 0x1C, 0xE4, 0x36,
    0x4E, 0xE7, 0x1E, 0xF6, 0x41, 0x12, 0x15, 0x55, 0x44, 0x54, 0x21, 0x40, 0xD0, 0x48, 0x08, 0x5A,
    0x0B, 0x04, 0x49, 0x1D, 0xB5, 0xED, 0xD5, 0x05, 0x3C, 0x3C, 0x43, 0xCF, 0x8C, 0x89, 0xEF, 0xB0,
    0xF6, 0x19, 0x81, 0xD1, 0x20, 0x45, 0x7C, 0xA9, 0xD4, 0xC5, 0x3C, 0xB3, 0xDF, 0x8A, 0x99, 0x42,
    0x76, 0xB5, 0x5B, 0x76, 0x33, 0x55, 0x00, 0x2C, 0xB0, 0x38, 0xA5, 0x39, 0x5B, 0xBB, 0x20, 0x99,
    0x5E, 0xEC, 0xA2, 0x1F, 0xE7, 0x67, 0x8A, 0xBF, 0x35, 0x51, 0x1A, 0xAB, 0x75, 0xAE, 0x11, 0xBD,
    0x46, 0x8B, 0xC1, 0xAE, 0xAD, 0x82, 0xE0, 0x20, 0x8C, 0xA7, 0xB4, 0xC2, 0xDD, 0x55, 0xC3, 0x1C,
    0x11, 0xB3, 0xD7, 0x26, 0x66, 0x11, 0x13, 0xB3, 0xD7, 0xB6, 0xCF, 0x82, 0xDD, 0xE7, 0x65, 0x72,
    0x8B, 0x1D, 0xAF, 0x27, 0x73, 0x04, 0xA4, 0x5A, 0x63, 0x8B, 0xA0, 0x8E, 0x02, 0x1A, 0xDB, 0xCE,
    0x2F, 0x8B, 0x94, 0xD7, 0xA6, 0x24, 0x6C, 0x98, 0xF2, 0x86, 0xA6, 0xCC, 0x6C, 0x36, 0xF4, 0x63,
    0xDE, 0xD0, 0x94, 0x0F, 0x52, 0xCA, 0x1B, 0xCA, 0x2B, 0x24, 0x88, 0x4A, 0x01, 0xC3, 0xCF, 0x65,
    0x5B, 0xC4, 0x2C, 0xF8, 0x45, 0x93, 0x31, 0x9A, 0xB4, 0x3D, 0x04, 0xF1, 0x11, 0x1C, 0x7B, 0x6B,
    0xB5, 0x85, 0xC6, 0x4F, 0x1A, 0xED, 0x07, 0x39, 0xED, 0xA5, 0xCE, 0xAD, 0xBB, 0xC0, 0xFD, 0x49,
    0x14, 0x63, 0x80, 0x8F, 0xD9, 0xE1, 0x95, 0x30, 0xE1, 0x83, 0x9E, 0x80, 0x48, 0xEF, 0x18, 0x60,
    0xED, 0x13, 0xDE, 0x85, 0x84, 0x37, 0x34, 0xE1, 0x0D, 0x4D, 0x2C, 0x33, 0x90, 0x38, 0x40, 0x7C,
    0x77, 0x4D, 0x77, 0x59, 0x8B, 0xAF, 0xB3, 0xBD, 0x2E, 0xF3, 0xE6, 0xD0, 0xE4, 0x21, 0xC4, 0xF9,
    0x65, 0xA2, 0x67, 0xE5, 0x65, 0xFA, 0x6B, 0x19, 0x02, 0x87, 0x65, 0x7F, 0xDA, 0x31, 0x5D, 0x30,
    0x4F, 0x70, 0xEE, 0x30, 0xA0, 0x12, 0xB9, 0x09, 0x0D, 0x9C, 0x71, 0x77, 0xD5, 0x88, 0xA3, 0x8C,
    0x38, 0x6D, 0xCB, 0x4C, 0x70, 0x89, 0xB5, 0xB2, 0x5F, 0x04, 0x1D, 0xCB, 0xDC, 0xAB, 0xAF, 0x49,
    0xB8, 0xAF, 0x59, 0xE0, 0xBE, 0xA6, 0xC6, 0x7D, 0x8D, 0x78, 0x00, 0xED, 0x2B, 0xF6, 0x57, 0x5D,
    0x3C, 0x60, 0x7F, 0xD5, 0x19, 0x90, 0x17, 0x06, 0x12, 0xFE, 0x22, 0x44, 0x69, 0x6E, 0x2A, 0x90,
    0x44, 0x49, 0xDE, 0xDF, 0x06, 0x31, 0x67, 0x21, 0x81, 0xCD, 0x0C, 0xE4, 0x7D, 0x02, 0xF5, 0x89,
    0x4D, 0x05, 0x5D, 0x6E, 0xCF, 0x9E, 0xE9, 0x06, 0xD8, 0xEE, 0x43, 0x9C, 0xB0, 0x97, 0x38, 0x96,
    0x65, 0x5C, 0x61, 0x2F, 0x04, 0x7B, 0xEE, 0xEA, 0xA3, 0x5A, 0x84, 0x75, 0x5D, 0xDB, 0xA8, 0xEB,
    0xF1, 0x7A, 0x5D, 0xB7, 0x74, 0x5D, 0x27, 0x01, 0x0D, 0xC5, 0xA3, 0xD1, 0x49, 0xD4, 0xD8, 0x53,
    0x89, 0xCA, 0x9F, 0xCF, 0x57, 0xEB, 0xFA, 0xF0, 0xE5, 0xBA, 0x56, 0x49, 0x5D, 0x03, 0xEE, 0x00,
    0x0D, 0x21, 0xC5, 0x6B, 0x4A, 0xA9, 0x4C, 0xA9, 0x31, 0x7F, 0x49, 0x8D, 0x8B, 0x35, 0x75, 0x44,
    0xAC, 0x65, 0xFC, 0xB7, 0xEE, 0xAF, 0xA9, 0x60, 0x45, 0x29, 0x6F, 0x53, 0x29, 0x40, 0xD2, 0xB0,
    0xD6, 0xB3, 0xFD, 0x10, 0x03, 0xFC, 0x57, 0x41, 0x6E, 0x13, 0x04, 0x27, 0xA7, 0x14, 0x98, 0x03,
    0x44, 0x68, 0x20, 0x03, 0xD3, 0xA2, 0x4E, 0xEF, 0x01, 0x13, 0x83, 0xDF, 0x0C, 0x80, 0xE1, 0x34,
    0x43, 0x4B, 0x30, 0x00, 0x2E, 0x5C, 0xE3, 0xFE, 0x7C, 0xB8, 0x68, 0x3D, 0x30, 0xA3, 0x14, 0xD8,
    0x59, 0xB0, 0xB7, 0xCC, 0x77, 0xD2, 0x61, 0x1E, 0x93, 0xF4, 0x4C, 0x75, 0x98, 0x6A, 0xC6, 0xFA,
    0xDB, 0xB5, 0xF5, 0x70, 0x0A, 0x9A, 0xDB, 0x9A, 0x0B, 0x76, 0x45, 0xD2, 0xF2, 0x11, 0x39, 0xA5,
    0xC6, 0xBD, 0x5C, 0x09, 0x1A, 0x27, 0x9B, 0xF4, 0xB9, 0x46, 0xE1, 0xC8, 0x6D, 0x47, 0x09, 0x26,
    0x4A, 0xA0, 0x9C, 0xE1, 0xB4, 0x0C, 0x03, 0xCA, 0xFB, 0x44, 0x29, 0x96, 0xA0, 0xB9, 0xC3, 0xB3,
    0xC2, 0x9C, 0x23, 0xAA, 0xE0, 0x19, 0x90, 0x88, 0x21, 0xDD, 0xB5, 0x77, 0xF3, 0x08, 0x09, 0xF1,
    0x74, 0x11, 0x72, 0x95, 0xC3, 0x23, 0x0E, 0x1B, 0x32, 0x81, 0x15, 0x38, 0x38, 0x45, 0x52, 0xFB,
    0x4C, 0x4A, 0xAC, 0x0C, 0x8F, 0x30, 0x34, 0x51, 0x00, 0x93, 0xC9, 0xEB, 0x31, 0xF0, 0x32, 0xB6,
    0xE1, 0xDD, 0xC2, 0x01, 0x37, 0xE4, 0x4A, 0xB1, 0x61, 0xEC, 0x19, 0xD3, 0xAB, 0x92, 0xFE, 0x24,
    0x9A, 0x4C, 0x3F, 0xC2, 0x3B, 0x29, 0x73, 0xFA, 0x52, 0xD6, 0x3A, 0x12, 0x86, 0x14, 0x98, 0x10,
    0x04, 0xBF, 0xF0, 0xAF, 0xC2, 0x7B, 0xEF, 0xDD, 0x00, 0x41, 0xB8, 0xE5, 0xB7, 0x89, 0xB5, 0xA0,
    0x87, 0xB2, 0xAE, 0xB1, 0x18, 0x39, 0x1F, 0x4B, 0x91, 0x83, 0x79, 0x5B, 0xD5, 0xD9, 0x35, 0x06,
    0x60, 0x00, 0x50, 0x9C, 0xC8, 0x5E, 0x7A, 0xFC, 0x25, 0x20, 0x2D, 0xF3, 0xDB, 0x37, 0xF0, 0x1C,
    0x7F, 0x71, 0x0B, 0xF8, 0x5F, 0xCD, 0xCE, 0x9D, 0x90, 0x9A, 0x9D, 0x2C, 0xEF, 0x6E, 0x1C, 0xB0,
    0xCD, 0x4E, 0x16, 0xDD, 0x5F, 0xB3, 0xD3, 0xA2, 0xFC, 0x4C, 0x70, 0x6C, 0x25, 0x6F, 0x44, 0x6C,
    0xE2, 0x21, 0x1E, 0x93, 0x8C, 0xAE, 0x84, 0x94, 0x7D, 0xAE, 0x84, 0xAA, 0xF3, 0x19, 0xF5, 0x39,
    0x36, 0x6D, 0x1A, 0xFA, 0xA2, 0x9E, 0x5F, 0x09, 0x29, 0x35, 0x5F, 0x09, 0x3F, 0x7D, 0x9F, 0xE3,
    0x76, 0x0A, 0xC4, 0x9C, 0x3A, 0xCC, 0xE4, 0xB8, 0x61, 0xDE, 0x7F, 0xA7, 0x50, 0xC9, 0xE9, 0x1B,
    0x86, 0x5E, 0x32, 0xBD, 0x4D, 0x6E, 0x4C, 0x4F, 0xD3, 0x71, 0x19, 0x5D, 0x2A, 0xB3, 0xF2, 0x5C,
    0x51, 0xCF, 0x63, 0x2E, 0xE5, 0x06, 0x88, 0xB9, 0xB1, 0x75, 0xBB, 0xD5, 0xAB, 0x9E, 0x9F, 0xCE,
    0xBD, 0xAA, 0x39, 0xF4, 0x85, 0xF7, 0x36, 0xF3, 0xD3, 0x33, 0xD2, 0xFE, 0x52, 0xF8, 0x80, 0x55,
    0xF7, 0x63, 0x96, 0x3D, 0x63, 0xD2, 0xC4, 0x00, 0x8B, 0x93, 0xF1, 0x2B, 0xEF, 0x7C, 0xC6, 0x55,
    0xD7, 0x84, 0x50, 0x2A, 0x14, 0xDB, 0x67, 0x66, 0x6B, 0x3F, 0x6D, 0xD5, 0x9D, 0xA3, 0xA4, 0x59,
    0x6A, 0x5F, 0x32, 0x77, 0x13, 0x67, 0x5F, 0x65, 0x31, 0xCC, 0x83, 0xE6, 0xF0, 0x59, 0x88, 0x2C,
    0x24, 0xFA, 0xA4, 0x54, 0xE8, 0x36, 0xD3, 0x67, 0x21, 0x75, 0x5A, 0xFB, 0x2C, 0x8B, 0xA7, 0xED,
    0x8D, 0x7A, 0x9E, 0x8F, 0x3C, 0x7B, 0x9F, 0x94, 0xBA, 0x10, 0xF3, 0x15, 0x62, 0x8E, 0xAE, 0x14,
    0x8E, 0x87, 0x46, 0x0D, 0x5B, 0xF8, 0xFA, 0xCD, 0xC9, 0x6E, 0x6C, 0x03, 0x62, 0xE3, 0x40, 0x1B,
    0x7E, 0x1B, 0x31, 0xFC, 0x88, 0x40, 0xDC, 0x92, 0x6D, 0xFB, 0xBF, 0x6A, 0x7B, 0xD7, 0xC6, 0xC3,
    0x3F, 0x4B, 0x02, 0xAE, 0x89, 0x75, 0xED, 0x8E, 0x96, 0x6E, 0x74, 0xEE, 0x5D, 0x1B, 0xF7, 0xD6,
    0xB3, 0x93, 0xA8, 0xFB, 0x45, 0xE2, 0x65, 0x28, 0xEB, 0x59, 0xC6, 0xF5, 0xEC, 0xD4, 0x83, 0xD6,
    0xB3, 0xCC, 0xD6, 0x33, 0xCB, 0xBC, 0xC2, 0xF5, 0x6C, 0x65, 0xFF, 0xF5, 0xAC, 0xAC, 0x41, 0xA7,
    0xA8, 0x06, 0x65, 0xCC, 0xCA, 0x63, 0x9C, 0x3E, 0x53, 0xA6, 0x5F, 0xB9, 0xDF, 0x1A, 0xF4, 0x5F,
    0xAD, 0x57, 0x01, 0x68, 0x1C, 0xC7, 0xD5, 0xFE, 0x66, 0x37, 0xBA, 0xC5, 0xFF, 0xA0, 0x5D, 0x01,
    0xF1, 0xDF, 0xA4, 0xB6, 0x7D, 0x05, 0x0C, 0x14, 0xB3, 0xCA, 0x05, 0x38, 0x60, 0x02, 0x27, 0x6B,
    0x13, 0x03, 0x01, 0x02, 0xAE, 0xA0, 0x56, 0x0B, 0x31, 0xC4, 0x05, 0x0A, 0x85, 0xE0, 0x46, 0x05,
    0x04, 0x5C, 0x20, 0xB6, 0x36, 0x11, 0x50, 0xE0, 0xA0, 0xA8, 0x34, 0x26, 0x40, 0x01, 0x02, 0x71,
    0xA1, 0xB8, 0xB4, 0x16, 0x20, 0xA8, 0xA0, 0x72, 0x24, 0x6A, 0xA0, 0x40, 0x28, 0x3D, 0x08, 0x69,
    0x80, 0x02, 0x2C, 0x20, 0x27, 0x8D, 0x5D, 0x9A, 0x83, 0x5E, 0xDB, 0xB3, 0x63, 0xDD, 0xF4, 0x7D,
    0xDA, 0xDD, 0xF3, 0xE8, 0x56, 0x16, 0xB2, 0xDB, 0x11, 0xEF, 0xD3, 0xCC, 0xEC, 0xCE, 0x77, 0xDF,
    0xBC, 0x79, 0x33, 0x6F, 0x16, 0x79, 0x31, 0xDE, 0xFB, 0x30, 0xF5, 0x1D, 0x98, 0x96, 0x86, 0xF9,
    0x91, 0x9F, 0x9A, 0x9E, 0xB7, 0x65, 0x32, 0x9A, 0xB2, 0x83, 0xAC, 0xA8, 0xAF, 0x4A, 0xBF, 0x91,
    0xE7, 0xF5, 0x9B, 0x30, 0xB5, 0x6D, 0x18, 0xA0, 0x62, 0x53, 0x98, 0x93, 0xE7, 0x43, 0xF2, 0xA4,
    0x66, 0xB5, 0x1C, 0xAF, 0xBA, 0xBB, 0xF5, 0x19, 0x9D, 0x98, 0x68, 0x67, 0xF4, 0x2E, 0xB4, 0xB5,
    0x03, 0x60, 0x7F, 0x9E, 0xC2, 0x8C, 0x96, 0xF7, 0x67, 0x2E, 0x26, 0xF2, 0xDB, 0xE4, 0xFA, 0xA4,
    0x4D, 0x3E, 0x6A, 0x6B, 0x07, 0xA9, 0x69, 0x6C, 0x8A, 0xEE, 0x6B, 0xF9, 0x18, 0x95, 0xC0, 0xF8,
    0x29, 0x68, 0x18, 0x99, 0xB5, 0x0F, 0xD4, 0xFC, 0xFC, 0x79, 0x90, 0x67, 0x00, 0x73, 0x66, 0xA1,
    0xE4, 0xB9, 0xBD, 0x9E, 0x41, 0x78, 0x54, 0xCE, 0x43, 0xBD, 0x6A, 0x0E, 0x4D, 0x48, 0x99, 0xF4,
    0xEC, 0x83, 0x49, 0x04, 0x98, 0x84, 0x4E, 0x26, 0x51, 0xDF, 0x9A, 0xBC, 0xD4, 0xCE, 0xA2, 0x7F,
    0x65, 0x6F, 0x01, 0xC9, 0x53, 0xD4, 0xA4, 0x8A, 0xF9, 0x19, 0x9D, 0x38, 0xF3, 0xBB, 0xB3, 0x4E,
    0xDE, 0x99, 0x7A, 0x62, 0xB4, 0x33, 0x3F, 0xFE, 0x3E, 0x75, 0x8C, 0x6B, 0x42, 0x51, 0xD4, 0x0A,
    0x4C, 0x43, 0xB8, 0xA8, 0x81, 0x3E, 0x2A, 0x7D, 0xB5, 0xE8, 0xCE, 0x8D, 0x3C, 0x8E, 0x9F, 0x58,
    0x77, 0xB8, 0x76, 0x0A, 0xAA, 0x53, 0x9C, 0xDF, 0xCC, 0x31, 0x14, 0xF3, 0xCB, 0x75, 0x51, 0x1F,
    0xD7, 0xC1, 0xD5, 0x14, 0xD9, 0xD9, 0x01, 0x34, 0x0C, 0x2D, 0xB2, 0x30, 0x21, 0x68, 0xAC, 0x77,
    0x0D, 0x79, 0x1E, 0x9F, 0xAB, 0x29, 0x5C, 0xCF, 0xCB, 0xF8, 0xE7, 0x85, 0x47, 0x4C, 0xB1, 0xBE,
    0x44, 0xBD, 0x2C, 0x53, 0x48, 0x8A, 0xB8, 0x1A, 0xF7, 0x17, 0xE3, 0xE1, 0x58, 0xC5, 0x5F, 0x9C,
    0x9B, 0x71, 0x8D, 0x7D, 0xE5, 0x1C, 0x6B, 0x5C, 0xC3, 0x1B, 0x30, 0x6B, 0xD5, 0x58, 0x28, 0xD6,
    0xB0, 0xE0, 0x19, 0x1B, 0xBF, 0x1F, 0x17, 0x6A, 0xD7, 0xD0, 0x44, 0xE3, 0x86, 0x80, 0xD0, 0x35,
    0x21, 0x7C, 0x8B, 0xC8, 0x60, 0xFB, 0xE8, 0x29, 0x69, 0x0A, 0xA5, 0x3C, 0x1D, 0xCA, 0x53, 0xB5,
    0x22, 0x00, 0x96, 0xC9, 0xC0, 0xDB, 0x72, 0x20, 0xB2, 0x7E, 0x57, 0x6A, 0xBA, 0x27, 0x30, 0x3D,
    0x23, 0xCD, 0xB5, 0x08, 0x65, 0x79, 0x7A, 0x14, 0xBA, 0xF5, 0x51, 0xC8, 0x55, 0xE4, 0x72, 0xF9,
    0x81, 0x39, 0xB1, 0xCC, 0x40, 0xF5, 0x00, 0xBF, 0x0F, 0x44, 0xD3, 0xC0, 0x86, 0xEE, 0x46, 0x19,
    0x6E, 0x4E, 0x00, 0xBB, 0x21, 0x07, 0xFA, 0x10, 0xDC, 0x38, 0xE0, 0x0E, 0x02, 0x5D, 0x07, 0xC6,
    0x2F, 0xE8, 0xC8, 0xBC, 0x49, 0x57, 0xA2, 0xF0, 0x25, 0x61, 0x4A, 0x01, 0x90, 0xFD, 0x5A, 0x40,
    0x3F, 0xD8, 0x82, 0xF7, 0xB7, 0x30, 0x83, 0x3E, 0xD7, 0x6A, 0x63, 0x26, 0xE8, 0xD5, 0x85, 0x36,
    0x55, 0xB9, 0xD4, 0x7D, 0x76, 0x2C, 0xBD, 0x5B, 0x59, 0x21, 0x4A, 0x59, 0xB2, 0xA9, 0xDF, 0x55,
    0xBD, 0x40, 0xDA, 0x34, 0xD6, 0xD9, 0xE7, 0xAE, 0x36, 0x85, 0xCE, 0x94, 0x5C, 0x70, 0x56, 0xFB,
    0x62, 0x75, 0x77, 0x00, 0x3D, 0x40, 0xF5, 0x81, 0xE0, 0xD7, 0xC0, 0x15, 0xBD, 0x12, 0x64, 0xEA,
    0xA6, 0x2A, 0xA7, 0x5D, 0xE8, 0x6A, 0x0B, 0x57, 0xCF, 0xD5, 0xE5, 0x53, 0x17, 0x77, 0xF4, 0xBE,
    0x27, 0x49, 0x3B, 0x92, 0xFA, 0x04, 0x46, 0xCF, 0x4E, 0x21, 0x2F, 0x2D, 0xF9, 0xED, 0x96, 0xCC,
    0xA7, 0x25, 0x5A, 0x5A, 0x19, 0xEE, 0x6F, 0x64, 0xB8, 0xB3, 0xC1, 0xBA, 0x68, 0x6D, 0x45, 0xF2,
    0x0C, 0xA0, 0x15, 0xBA, 0xE2, 0x20, 0x71, 0x2D, 0x60, 0xDF, 0xA8, 0x1C, 0x09, 0x55, 0x12, 0x86,
    0xF5, 0x7E, 0x18, 0x9A, 0x38, 0x0C, 0x57, 0xC3, 0x30, 0xCC, 0x74, 0x61, 0xC1, 0x50, 0xFE, 0xBF,
    0x26, 0x96, 0xF7, 0x2F, 0x9E, 0x08, 0xC3, 0xE7, 0x36, 0xC2, 0x50, 0x67, 0x61, 0x08, 0xB8, 0x06,
    0x9A, 0x02, 0xFC, 0x4E, 0xB0, 0xE3, 0x77, 0x4E, 0x6A, 0xBF, 0x63, 0xBC, 0xE5, 0x4E, 0x53, 0xDD,
    0x12, 0xB3, 0x52, 0xBF, 0x25, 0x7D, 0x67, 0x77, 0x9F, 0x01, 0x62, 0x2C, 0xD6, 0x5A, 0x41, 0x5D,
    0x35, 0xF2, 0xA0, 0x06, 0xBE, 0x08, 0xFF, 0x81, 0x40, 0x74, 0x51, 0x20, 0xF6, 0x97, 0x3B, 0x68,
    0xAA, 0x4F, 0x05, 0x84, 0x11, 0xA4, 0xCC, 0xFB, 0xA2, 0x1B, 0xF2, 0x54, 0x5D, 0x23, 0x2B, 0x08,
    0xDF, 0x23, 0xAC, 0x7A, 0xAF, 0x08, 0x00, 0x2E, 0x6C, 0x5A, 0xBB, 0x85, 0xA3, 0xF3, 0xF3, 0xC8,
    0x7F, 0x62, 0x4E, 0xDE, 0xD3, 0x43, 0x81, 0xE9, 0x60, 0x99, 0x7C, 0x0E, 0x73, 0xD1, 0xC7, 0xA7,
    0x7C, 0x4F, 0xA8, 0x1C, 0xC5, 0xD0, 0x05, 0xB0, 0x89, 0x0C, 0xC8, 0x81, 0xCD, 0x14, 0x2C, 0xAE,
    0x27, 0x38, 0x6B, 0x12, 0x0A, 0xB3, 0xD8, 0xDD, 0x4E, 0xCB, 0x17, 0x4F, 0x5C, 0x28, 0x3D, 0x51,
    0x30, 0x93, 0x28, 0x83, 0x76, 0x2D, 0x27, 0x67, 0xF1, 0x5E, 0xF1, 0x06, 0x7E, 0x87, 0x2E, 0xE0,
    0x58, 0x72, 0xD0, 0xC6, 0x3C, 0xFA, 0x32, 0xBA, 0x08, 0xDC, 0xB1, 0x55, 0x1E, 0x28, 0x92, 0x75,
    0xE0, 0xED, 0x78, 0xF4, 0xE8, 0x4B, 0xF4, 0xDE, 0xEF, 0xF7, 0x78, 0x54, 0x49, 0x73, 0x9A, 0x7D,
    0xDA, 0x7A, 0xF4, 0xA8, 0x40, 0x31, 0xDB, 0x58, 0x97, 0xD1, 0x74, 0x85, 0x44, 0x9F, 0xA7, 0x80,
    0x7E, 0xBB, 0x07, 0xB5, 0x83, 0xA5, 0x54, 0xB6, 0xBD, 0x97, 0xE4, 0xF4, 0x9C, 0x0F, 0xC5, 0x22,
    0xD4, 0x8F, 0x58, 0x30, 0x4A, 0x2E, 0xDD, 0x4A, 0xE0, 0x3A, 0x23, 0xB0, 0x19, 0x70, 0xF9, 0xC5,
    0xCB, 0x40, 0x0F, 0x1A, 0xC8, 0x08, 0x6F, 0xE2, 0x0D, 0x6E, 0x83, 0x6D, 0x38, 0xC5, 0xC9, 0xEA,
    0x11, 0xB3, 0xBA, 0x1C, 0x3F, 0xBE, 0x9C, 0x9A, 0xDC, 0x4B, 0x23, 0xE3, 0x7E, 0xB2, 0x83, 0x83,
    0xB3, 0x3A, 0x4E, 0xA9, 0x6B, 0xF2, 0xDC, 0xC2, 0xB4, 0xC9, 0xC1, 0x4C, 0x85, 0x4C, 0x8C, 0x59,
    0xDD, 0x0E, 0x66, 0xF4, 0xF5, 0x75, 0x7D, 0xF8, 0xAC, 0x7E, 0x8A, 0x59, 0xAD, 0x41, 0xAE, 0x80,
    0xC7, 0x21, 0xB3, 0x1E, 0x8D, 0xB7, 0x0B, 0xE1, 0xAA, 0x93, 0xAB, 0x9A, 0xAD, 0x2A, 0x56, 0xC3,
    0x29, 0xB8, 0x37, 0x84, 0x63, 0xD7, 0xD7, 0xA9, 0x85, 0x9A, 0x68, 0x3D, 0x95, 0xED, 0x6A, 0x6D,
    0xDC, 0x48, 0x4C, 0xED, 0x70, 0x37, 0x84, 0x29, 0xBE, 0xC7, 0xF7, 0xD7, 0x1C, 0x9E, 0x55, 0x75,
    0x7F, 0xDD, 0x04, 0x77, 0xD6, 0xF5, 0x30, 0xF7, 0xC3, 0x21, 0xB3, 0xF1, 0x94, 0x57, 0x72, 0xF9,
    0x2E, 0xD7, 0xED, 0xB6, 0x91, 0x39, 0x93, 0xAB, 0x92, 0x41, 0xC5, 0x22, 0xDB, 0x34, 0x21, 0x72,
    0x63, 0x06, 0x1D, 0xE7, 0x5A, 0x74, 0xB8, 0x7A, 0xB8, 0xDD, 0xE6, 0xFC, 0xB8, 0x26, 0xEA, 0x5D,
    0x72, 0x4D, 0x4D, 0x71, 0x7C, 0xCE, 0x35, 0x3B, 0x88, 0xEC, 0x0B, 0xED, 0x0A, 0x57, 0x71, 0xA6,
    0x46, 0x43, 0xF1, 0x97, 0xE8, 0x58, 0x95, 0x73, 0x79, 0xA4, 0xCD, 0xBB, 0xBF, 0x3E, 0xA3, 0x65,
    0x9E, 0x8F, 0x9D, 0x8D, 0xE7, 0xDB, 0x6B, 0x7B, 0xFC, 0x2E, 0xBA, 0x82, 0x42, 0xD7, 0xF9, 0x43,
    0x67, 0xE3, 0x26, 0x82, 0x81, 0xC0, 0x99, 0x85, 0xAB, 0x6B, 0x90, 0x30, 0xE8, 0x23, 0x53, 0x4C,
    0xC9, 0x10, 0xE8, 0x79, 0xB7, 0xD7, 0x20, 0x94, 0x7D, 0xD4, 0x99, 0x8D, 0x31, 0xF7, 0x44, 0xD9,
    0xB8, 0x1A, 0x26, 0x55, 0xB9, 0xEF, 0x96, 0xD9, 0xB8, 0x47, 0x03, 0x3C, 0x51, 0xA7, 0x5F, 0x03,
    0x2E, 0x07, 0x7B, 0xB3, 0x31, 0x7D, 0x08, 0x3A, 0x11, 0xF4, 0x22, 0xE8, 0x46, 0x90, 0x2C, 0x07,
    0x7A, 0x12, 0xDC, 0x12, 0x87, 0xCA, 0xC6, 0xDF, 0x8A, 0x99, 0x8D, 0xFB, 0x65, 0x36, 0xE6, 0x4E,
    0x63, 0xD6, 0x2B, 0x76, 0x07, 0x77, 0x5A, 0x65, 0x85, 0x86, 0x87, 0xCE, 0xC6, 0x4F, 0xD7, 0xFE,
    0x0A, 0x33, 0x5B, 0x44, 0x74, 0x8F, 0x3B, 0x56, 0x8C, 0x9C, 0x97, 0x39, 0xE5, 0x9D, 0xF9, 0x36,
    0x12, 0x77, 0xA5, 0x01, 0x3F, 0xA9, 0xD4, 0x8B, 0xAC, 0xE7, 0x64, 0xD0, 0x0B, 0xCC, 0x9A, 0xCC,
    0x9E, 0xDD, 0x16, 0x4D, 0xA6, 0xBF, 0x31, 0xA3, 0xED, 0x83, 0x68, 0x38, 0x9E, 0x41, 0x85, 0xC1,
    0x31, 0x27, 0x83, 0x9E, 0x0A, 0xEE, 0xA1, 0x79, 0xE6, 0xE2, 0xD5, 0x35, 0x59, 0x8A, 0xBE, 0x70,
    0x34, 0x69, 0xC2, 0xB3, 0x36, 0x13, 0xDC, 0xE9, 0x47, 0x5C, 0xE5, 0x64, 0xAE, 0x09, 0x1E, 0x6B,
    0xE5, 0xEE, 0x6C, 0x0C, 0x41, 0xA7, 0xA9, 0x2D, 0x64, 0x34, 0xD6, 0xD9, 0x57, 0x9E, 0xF7, 0x98,
    0xCB, 0x73, 0x47, 0x18, 0xF9, 0x9D, 0xD8, 0x97, 0xB3, 0x9E, 0xC6, 0x1C, 0x52, 0x18, 0xEB, 0xB1,
    0x6F, 0x3B, 0x27, 0x82, 0xB3, 0x9D, 0xE8, 0x37, 0x7E, 0x87, 0x47, 0x2E, 0xE0, 0x1A, 0xB4, 0x93,
    0x41, 0x85, 0x09, 0xD1, 0x85, 0x5F, 0x75, 0x40, 0x2E, 0x30, 0x25, 0xE7, 0x60, 0x08, 0xE4, 0x79,
    0xD2, 0x0C, 0xAA, 0xCE, 0x33, 0x83, 0x5A, 0xBF, 0x60, 0x31, 0x0E, 0xF3, 0xA7, 0xCC, 0xA0, 0xF6,
    0x7F, 0x94, 0x41, 0x79, 0x7F, 0xB8, 0xDB, 0x21, 0x33, 0xAD, 0x25, 0xF5, 0x93, 0x17, 0xEE, 0x3E,
    0x5E, 0x06, 0xBD, 0xE7, 0x77, 0xE8, 0x82, 0x96, 0xC3, 0x43, 0x4E, 0x72, 0x1F, 0x3E, 0x83, 0x3A,
    0x29, 0x8E, 0x19, 0xF4, 0xBB, 0xC5, 0xBC, 0x1D, 0x8F, 0x7A, 0x9C, 0x37, 0xFB, 0x22, 0xFB, 0xD0,
    0xA3, 0x4A, 0x0B, 0x7C, 0x73, 0x94, 0x41, 0x2F, 0xB3, 0xEB, 0x6E, 0x02, 0xE8, 0x77, 0x32, 0x78,
    0x92, 0x41, 0x13, 0xC9, 0xA0, 0xB5, 0xA4, 0xA4, 0xEF, 0x80, 0x82, 0x40, 0x65, 0xE4, 0x73, 0xE9,
    0x5B, 0x5C, 0xBF, 0x93, 0x5C, 0xC9, 0x5C, 0x33, 0x46, 0x6E, 0x8D, 0x91, 0x11, 0x7A, 0xC0, 0x8C,
    0x12, 0xF8, 0x9D, 0xBF, 0x01, 0xEF, 0xE3, 0x3F, 0x45, 0x88, 0x92, 0x07, 0xFE, 0x56, 0x7E, 0x8F,
    0x65, 0xC1, 0xD2, 0x10, 0xF0, 0xB3, 0xA0, 0x8B, 0x88, 0x0B, 0x3A, 0x09, 0x18, 0x1C, 0xE7, 0x40,
    0xD6, 0xD8, 0xB7, 0x06, 0x3E, 0xCD, 0xDF, 0x83, 0xB7, 0x55, 0x01, 0x2B, 0x25, 0x9D, 0x97, 0x82,
    0xBC, 0x34, 0x6C, 0x0A, 0xF5, 0xCF, 0x89, 0x3E, 0x0F, 0xC5, 0x18, 0x41, 0x82, 0x13, 0x79, 0xCD,
    0x63, 0x1F, 0x9F, 0x02, 0xE8, 0x21, 0x87, 0x25, 0xCB, 0xE0, 0x19, 0x95, 0x72, 0x03, 0x1D, 0xDF,
    0x07, 0x9E, 0x91, 0xB1, 0xC3, 0x64, 0x7F, 0xE6, 0x6D, 0xB5, 0x0E, 0x2C, 0xD8, 0x95, 0x47, 0x33,
    0xFB, 0x89, 0x0B, 0x1C, 0x56, 0x24, 0xB3, 0x22, 0x33, 0xB2, 0x2C, 0x09, 0x81, 0x9F, 0x09, 0x15,
    0x99, 0x73, 0x70, 0x99, 0xB3, 0x0A, 0x73, 0x29, 0x37, 0xCE, 0x45, 0xFA, 0x6C, 0x3A, 0xBF, 0x61,
    0xED, 0x10, 0x4E, 0x21, 0x8B, 0x57, 0xD0, 0x1F, 0x2F, 0xD4, 0x67, 0x6A, 0x83, 0x84, 0xDD, 0x83,
    0x5C, 0xB2, 0xB0, 0x43, 0x42, 0x11, 0x64, 0x09, 0x00, 0x61, 0x8E, 0xCD, 0xEC, 0x04, 0xA4, 0x4C,
    0x96, 0xF4, 0x55, 0xF5, 0x6C, 0x3E, 0x9A, 0x5E, 0x93, 0x19, 0xC1, 0x25, 0x21, 0xF0, 0x05, 0x02,
    0x4B, 0x40, 0x5C, 0x82, 0xFD, 0xB2, 0xC8, 0xF4, 0x07, 0xD1, 0x6F, 0x1C, 0x44, 0x9F, 0xC8, 0x83,
    0x80, 0xE0, 0xBF, 0x98, 0x09, 0xDF, 0x4B, 0x3D, 0x61, 0x0E, 0xDA, 0x02, 0x27, 0xA9, 0x7E, 0x10,
    0x80, 0xC5, 0xF5, 0xFD, 0xF6, 0x98, 0xEF, 0x27, 0x1E, 0xE9, 0xFB, 0x44, 0xE8, 0x15, 0xE9, 0x97,
    0x6C, 0x02, 0x12, 0x69, 0x1B, 0xF0, 0x12, 0x35, 0x39, 0x29, 0x70, 0xFC, 0xFF, 0xA0, 0x5F, 0xFF,
    0xA3, 0xB0, 0x0C, 0x7F, 0xDC, 0x77, 0x63, 0xB2, 0xAF, 0xAA, 0x91, 0xD3, 0x7F, 0x18, 0x93, 0xD9,
    0x01, 0x31, 0xC9, 0x25, 0x73, 0x80, 0x7D, 0x95, 0xA5, 0xDD, 0x76, 0x97, 0xB6, 0xEA, 0xFB, 0xCC,
    0x65, 0xF6, 0x18, 0xCF, 0x4C, 0x1A, 0xB9, 0x8C, 0x32, 0x72, 0x62, 0x42, 0xD1, 0xAC, 0x6E, 0xA6,
    0xC7, 0x11, 0xFE, 0x7E, 0xD1, 0x27, 0xB3, 0x46, 0xFE, 0xE5, 0x89, 0xE7, 0x74, 0x0A, 0xDD, 0x57,
    0x43, 0xE6, 0x80, 0x67, 0x0F, 0xDA, 0xA6, 0x07, 0x31, 0xF3, 0x01, 0x57, 0x86, 0xC3, 0x4A, 0xB9,
    0x5E, 0x36, 0xDA, 0x24, 0x55, 0x97, 0xB8, 0xF1, 0x72, 0xD0, 0x66, 0x72, 0x62, 0x88, 0xD3, 0x2F,
    0x9A, 0xDE, 0x40, 0xA0, 0x1E, 0x25, 0xA8, 0x0D, 0xBC, 0x7B, 0xA8, 0x25, 0x14, 0x5E, 0x14, 0x03,
    0xB5, 0x99, 0x18, 0x04, 0x7F, 0xEE, 0x19, 0x84, 0x30, 0x3C, 0xB4, 0x62, 0x83, 0x98, 0x70, 0x82,
    0xCD, 0xE8, 0xED, 0xDE, 0x6C, 0xD7, 0xB3, 0x5B, 0x2F, 0x50, 0xA2, 0xC1, 0x43, 0x38, 0xBD, 0x69,
    0x0D, 0x66, 0xAF, 0xBF, 0x6B, 0xC8, 0xB2, 0x1F, 0x3C, 0x0D, 0x6C, 0xA6, 0xE2, 0x92, 0x9F, 0xAE,
    0xC6, 0x88, 0xD0, 0x8A, 0x85, 0x3E, 0xDE, 0xAD, 0x4D, 0x27, 0xD2, 0xD7, 0xC8, 0x94, 0x95, 0xA7,
    0x42, 0x25, 0x30, 0xFD, 0x6A, 0x8C, 0x59, 0x7B, 0x3F, 0x1E, 0x9D, 0x02, 0xA5, 0x7A, 0x36, 0xAB,
    0xF0, 0x4C, 0x51, 0x23, 0xBD, 0xFF, 0x59, 0x2F, 0x86, 0x86, 0x29, 0xE8, 0x09, 0xD0, 0x49, 0x7B,
    0x3A, 0xF1, 0xBE, 0xCA, 0x1A, 0x19, 0xEA, 0x49, 0x0C, 0x76, 0xE2, 0xF4, 0x0D, 0x7B, 0x09, 0xA7,
    0xAF, 0x9F, 0x2F, 0x58, 0x54, 0x37, 0x07, 0xB8, 0x30, 0x76, 0xD2, 0xBC, 0x9E, 0x14, 0xF4, 0x23,
    0xF5, 0x64, 0x6E, 0x64, 0xBE, 0xED, 0x4D, 0x27, 0x0E, 0xB3, 0x15, 0xE6, 0xAF, 0xCF, 0xB3, 0xC9,
    0xE2, 0x95, 0xC2, 0xF3, 0x9A, 0xD7, 0x1D, 0x1D, 0xF2, 0xFB, 0xD1, 0xDF, 0x71, 0xD4, 0xE7, 0xCE,
    0x99, 0xF3, 0x3F, 0xEB, 0x8B, 0xF0, 0x85, 0xB4, 0xA0, 0x3F, 0x7A, 0x63, 0xF3, 0x12, 0x66, 0x87,
    0xBF, 0x70, 0x9D, 0x53, 0x32, 0xC7, 0x2E, 0x94, 0xD1, 0xEE, 0xFA, 0xFE, 0x6A, 0x9F, 0xCC, 0x23,
    0xF5, 0x30, 0x8D, 0x4C, 0x7E, 0xF2, 0xB9, 0x15, 0x2C, 0xB8, 0xEA, 0x71, 0xFA, 0x2A, 0x9B, 0x09,
    0x9E, 0x2A, 0xFD, 0x42, 0x20, 0xDF, 0x58, 0x33, 0x2F, 0x47, 0xC1, 0x5F, 0xCB, 0x76, 0xBD, 0xE1,
    0xB8, 0x5D, 0x56, 0x7A, 0x8D, 0xAB, 0xDA, 0x9D, 0x9E, 0x93, 0x36, 0xE9, 0x77, 0x57, 0x75, 0x18,
    0x63, 0x22, 0x17, 0xFE, 0x0D, 0xC2, 0x22, 0x61, 0x5D, 0x4C, 0xED, 0x08, 0xE8, 0x4E, 0x0A, 0x75,
    0x53, 0xDD, 0x83, 0xBF, 0x82, 0x63, 0x0E, 0xBD, 0x2C, 0x5E, 0xC5, 0x2F, 0xC1, 0x98, 0x5F, 0x16,
    0x6E, 0x88, 0x5F, 0xEC, 0x17, 0x8E, 0x5F, 0xF8, 0xBF, 0x0B, 0xB4, 0x90, 0x01, 0x57, 0xBC, 0x1E,
    0xD4, 0xE7, 0x2F, 0xCB, 0xD8, 0x77, 0x76, 0xA2, 0xF4, 0x08, 0x16, 0x55, 0xC2, 0xC8, 0x29, 0x63,
    0x72, 0xCD, 0x5D, 0xD5, 0x90, 0x31, 0xE9, 0xA7, 0xA2, 0x9E, 0x4F, 0xE1, 0xAA, 0x1F, 0xC5, 0xE4,
    0x31, 0xEE, 0xE4, 0x7B, 0xAA, 0xCF, 0xB5, 0x8C, 0x73, 0x40, 0x9F, 0x13, 0x69, 0xEC, 0xDD, 0xB0,
    0x35, 0x8D, 0x39, 0xAD, 0xB5, 0xD5, 0x7A, 0xDA, 0xFF, 0x48, 0x1B, 0xF5, 0x91, 0x6E, 0xE2, 0x2F,
    0xBA, 0xE5, 0x7D, 0xA4, 0xEB, 0x17, 0x3A, 0xD6, 0xDB, 0xD1, 0x17, 0xB0, 0xAA, 0x75, 0x6E, 0x17,
    0xF4, 0x92, 0xFD, 0x4A, 0x1F, 0x3D, 0x2F, 0x75, 0x94, 0x16, 0x88, 0x81, 0x26, 0x65, 0xCA, 0x3F,
    0x9B, 0x06, 0xF6, 0xEC, 0x72, 0x1A, 0x7A, 0xB7, 0x96, 0xD3, 0xE3, 0xF8, 0x78, 0x17, 0xDE, 0x4B,
    0xA3, 0x97, 0x6F, 0xD9, 0xD4, 0x1B, 0xFA, 0xCB, 0x29, 0x8C, 0xC0, 0xD1, 0x2B, 0xBF, 0x5D, 0x4E,
    0x67, 0xED, 0x07, 0xD2, 0x84, 0x8C, 0x00, 0x9C, 0xFB, 0x9E, 0xBF, 0x0F, 0x78, 0x09, 0xA0, 0x04,
    0xBE, 0x2F, 0x63, 0x83, 0x2F, 0xC7, 0xE9, 0x77, 0x9B, 0x77, 0x53, 0xDF, 0x9E, 0xB5, 0x39, 0x3D,
    0xCC, 0xB7, 0x49, 0xFF, 0xEF, 0xE5, 0xF4, 0x29, 0xB0, 0x49, 0xC0, 0xAA, 0x27, 0x3F, 0x54, 0xBD,
    0xC1, 0xA6, 0xC5, 0x0D, 0xF6, 0x20, 0xF5, 0xFA, 0xE7, 0xA2, 0x5E, 0x7D, 0x58, 0xAA, 0xFF, 0xFF,
    0x0F, 0xFF, 0x21, 0xF4, 0xC3, 0x9F, 0x55, 0xD5, 0xF7, 0xE0, 0xBB, 0xE0, 0xDC, 0x60, 0xA9, 0xFE,
    0x97, 0xBB, 0xEA, 0x97, 0x97, 0xD3, 0x49, 0xE5, 0xAA, 0xAF, 0x38, 0xE7, 0xCD, 0x0F, 0x46, 0xF4,
    0xD4, 0x8C, 0x96, 0x4F, 0x20, 0xCB, 0x87, 0x62, 0xDE, 0xA7, 0xD2, 0xAA, 0xBF, 0x38, 0xE0, 0x11,
    0xD9, 0x70, 0xD2, 0x15, 0xB5, 0x90, 0x65, 0x1F, 0xE7, 0x90, 0xDE, 0x96, 0xF4, 0x78, 0xE1, 0x07,
    0x74, 0xCE, 0xE7, 0xA4, 0x57, 0x7E, 0x82, 0x9A, 0xDD, 0x06, 0xCE, 0x24, 0x0B, 0x70, 0x84, 0x5F,
    0x46, 0x9D, 0x99, 0x75, 0x00, 0xB7, 0x18, 0x6F, 0x98, 0x98, 0xE8, 0xBD, 0xCC, 0xC4, 0x58, 0x35,
    0x06, 0x4D, 0x31, 0x23, 0xF5, 0x45, 0x13, 0xBD, 0x94, 0x19, 0xDF, 0xA6, 0x06, 0xCE, 0xDF, 0x75,
    0x39, 0x6B, 0x37, 0xAF, 0xCF, 0x19, 0x00, 0xE3, 0x36, 0x21, 0x21, 0x1B, 0xCA, 0x79, 0x1A, 0x4A,
    0x38, 0x87, 0x21, 0x62, 0xFE, 0x97, 0x76, 0x3F, 0xC4, 0x66, 0x37, 0xC4, 0xEE, 0xDF, 0x77, 0xCE,
    0x49, 0x1C, 0x87, 0x00, 0x68, 0xE5, 0x31, 0x14, 0x8E, 0xD9, 0x91, 0xDC, 0xDE, 0x48, 0x42, 0x1E,
    0x4A, 0x21, 0x37, 0x1F, 0x07, 0xC7, 0x05, 0x68, 0xB4, 0x43, 0xD9, 0x95, 0xF2, 0x00, 0x75, 0x79,
    0x85, 0xB4, 0x3C, 0x52, 0xCF, 0xF1, 0x48, 0x0D, 0x91, 0x73, 0x74, 0x09, 0x19, 0x30, 0xF6, 0xD9,
    0x01, 0xE4, 0x97, 0x5A, 0x9E, 0x2E, 0x56, 0x34, 0x05, 0xE9, 0xDA, 0x1E, 0xE6, 0x84, 0xCC, 0x36,
    0x2B, 0x48, 0x29, 0x17, 0x85, 0x5E, 0x4C, 0x8C, 0xCE, 0xE4, 0x30, 0x07, 0x36, 0xF7, 0x9E, 0xD8,
    0x36, 0x71, 0x4F, 0xD4, 0x50, 0xCE, 0x6B, 0xD7, 0x13, 0xD2, 0x16, 0x4F, 0x2C, 0xA4, 0x21, 0xB9,
    0x8F, 0x2E, 0x6C, 0x8A, 0x27, 0xBE, 0x18, 0x79, 0x82, 0x64, 0x42, 0x13, 0x96, 0xE6, 0x9C, 0xFF,
    0x85, 0x57, 0xD7, 0xC2, 0xB0, 0xE0, 0xA2, 0x3B, 0xE8, 0x17, 0xCE, 0x9E, 0x5C, 0x0D, 0x6B, 0xCF,
    0xC9, 0xA9, 0x19, 0xF2, 0xD0, 0xDC, 0x1D, 0x9B, 0xE5, 0xE3, 0xAB, 0x5C, 0x2C, 0xCF, 0xCA, 0x8B,
    0xDE, 0x7D, 0x7A, 0x35, 0x9F, 0xF6, 0x64, 0x88, 0x08, 0xC7, 0xC5, 0xD3, 0x9F, 0xAC, 0x87, 0xC0,
    0xE6, 0xCA, 0x68, 0xEE, 0xAF, 0xFE, 0x84, 0x27, 0xE6, 0xB9, 0x72, 0xC6, 0xA7, 0x08, 0x86, 0xF0,
    0x16, 0xF5, 0xFE, 0x5D, 0x40, 0xFF, 0x61, 0x4B, 0x4E, 0x4C, 0x0C, 0x47, 0x27, 0xE6, 0x91, 0x42,
    0xEA, 0xDE, 0x69, 0x3B, 0x01, 0x20, 0xAC, 0x6E, 0x00, 0x1C, 0x41, 0xC3, 0x66, 0xE8, 0xE3, 0x87,
    0x94, 0xC9, 0xFF, 0x6C, 0x93, 0xC8, 0xF9, 0x8C, 0xE9, 0xD6, 0xBA, 0xF9, 0x27, 0x4B, 0xF5, 0x33,
    0x66, 0x15, 0xFE, 0xF6, 0xD7, 0xBA, 0x00, 0x1D, 0x8F, 0xCC, 0xAF, 0x80, 0xF3, 0x19, 0x73, 0xF0,
    0xD5, 0x68, 0x89, 0x17, 0x96, 0xA6, 0x12, 0x58, 0xF4, 0xB6, 0xFE, 0xFB, 0x2F, 0x98, 0xA0, 0xF8,
    0x82, 0x29, 0x6E, 0x8B, 0x64, 0x26, 0x14, 0xCC, 0x47, 0x45, 0x50, 0xF2, 0xC4, 0x5F, 0x30, 0x15,
    0x66, 0x6A, 0xEE, 0x3E, 0xF9, 0x17, 0xCC, 0x81, 0xD7, 0x5C, 0xD2, 0xBB, 0x7E, 0x79, 0xA2, 0x5B,
    0xB4, 0xFB, 0x0D, 0xB0, 0x3F, 0xFD, 0x93, 0xDC, 0xA2, 0x0B, 0xFA, 0xB4, 0xAA, 0x1E, 0x55, 0xF5,
    0x6D, 0xAF, 0x7B, 0xE8, 0xAB, 0xF4, 0x04, 0x77, 0x5C, 0x95, 0x3E, 0x3E, 0xD8, 0x39, 0x8F, 0x77,
    0x9F, 0x2E, 0x82, 0xA6, 0x96, 0xF1, 0x95, 0x36, 0x34, 0x57, 0x8B, 0xC0, 0xC8, 0x31, 0x32, 0xD6,
    0xEB, 0xF1, 0xE5, 0x04, 0x0F, 0xCB, 0x66, 0x1E, 0x39, 0xB7, 0x19, 0x39, 0x5D, 0x60, 0x7F, 0x20,
    0xBB, 0xF3, 0x6D, 0x54, 0x8D, 0x76, 0xF6, 0xE5, 0x4F, 0x47, 0xA5, 0x14, 0x5E, 0xDC, 0xDE, 0x0F,
    0x8E, 0x76, 0x47, 0xBD, 0xD7, 0xAF, 0xF5, 0x28, 0xB7, 0x55, 0x08, 0x4F, 0xD0, 0xE2, 0x4A, 0xF7,
    0x49, 0xE8, 0xD2, 0x6F, 0x3A, 0xF4, 0x02, 0x41, 0x0E, 0x2B, 0x04, 0x08, 0x24, 0x45, 0x20, 0xE5,
    0x21, 0xFF, 0x1F, 0xAD, 0x99, 0x01, 0x68, 0x1C, 0xC7, 0xF5, 0xC6, 0xBF, 0xD9, 0x95, 0xB4, 0xFF,
    0x64, 0xD0, 0x9E, 0xF8, 0x63, 0x81, 0x53, 0x4B, 0x56, 0x00, 0x03, 0xC6, 0x5D, 0xDB, 0x01, 0x04,
    0x4C, 0xCB, 0x59, 0xDA, 0xA4, 0x25, 0x01, 0x0C, 0x8A, 0x0A, 0x96, 0x5A, 0x92, 0xE2, 0x84, 0x12,
    0x00, 0x4A, 0x62, 0x1B, 0x08, 0x20, 0x40, 0x8E, 0xB7, 0x09, 0x00, 0x45, 0x90, 0x28, 0x25, 0x01,
    0x00, 0x4A, 0x4B, 0x49, 0x4B, 0x13, 0xB7, 0xB1, 0x00, 0x07, 0x9C, 0xD6, 0xB1, 0xAE, 0x71, 0x21,
    0x94, 0x83, 0xF4, 0x68, 0x28, 0x05, 0xDA, 0xC2, 0xD2, 0xDA, 0x6D, 0x71, 0x5A, 0xBC, 0xD0, 0x73,
    0x2B, 0x27, 0xD2, 0x6D, 0xDF, 0xB7, 0xBB, 0x73, 0x1A, 0xE9, 0x4E, 0x8A, 0x45, 0x3B, 0x62, 0xBE,
    0x9D, 0x59, 0xED, 0xFC, 0xEE, 0xCD, 0x9B, 0x37, 0xB3, 0x4F, 0x3A, 0x14, 0xE5, 0x42, 0xDE, 0x82,
    0x9F, 0xAA, 0xAB, 0x08, 0x62, 0x8C, 0x23, 0x48, 0x10, 0xC1, 0xBB, 0x3B, 0xDF, 0x06, 0x0E, 0x74,
    0x62, 0xFB, 0x44, 0x9E, 0x37, 0x80, 0x0C, 0x28, 0x24, 0xC8, 0xF3, 0x75, 0x36, 0x23, 0xCA, 0x18,
    0x7C, 0x76, 0x7D, 0x3E, 0x4A, 0x61, 0xB7, 0x03, 0x5B, 0x76, 0xC0, 0xDF, 0x99, 0x5F, 0x03, 0x8E,
    0x77, 0x92, 0x5E, 0x7C, 0x4A, 0x59, 0xE6, 0x67, 0x7C, 0x6F, 0x03, 0xF0, 0x13, 0x19, 0x91, 0x53,
    0x00, 0xCA, 0x2C, 0xBB, 0xD9, 0x38, 0x00, 0x0C, 0x77, 0xF1, 0xCB, 0xC4, 0x5F, 0x29, 0xF0, 0x94,
    0x31, 0x78, 0x37, 0xA4, 0x8B, 0xB3, 0x79, 0x2F, 0x9E, 0xA2, 0xF3, 0xB3, 0x42, 0x0E, 0x9E, 0x15,
    0x80, 0x2F, 0x12, 0xE4, 0x14, 0x44, 0x56, 0xF2, 0xDB, 0x1B, 0x70, 0xCA, 0x71, 0xA1, 0xA8, 0xB6,
    0x6A, 0xC3, 0xA7, 0xE1, 0xFC, 0x8C, 0xB2, 0xA5, 0xEE, 0x0C, 0xB6, 0xF9, 0xDB, 0x9D, 0xA6, 0x60,
    0xDD, 0x44, 0x83, 0x5C, 0xE1, 0x3D, 0xA7, 0x9C, 0x15, 0xEB, 0x69, 0xAE, 0x7D, 0x84, 0x78, 0x4E,
    0xA6, 0x98, 0x96, 0x2D, 0x2E, 0xDE, 0x8B, 0xD3, 0xFD, 0xE2, 0xE7, 0xD9, 0xA8, 0x34, 0xC3, 0xFA,
    0x3E, 0xAA, 0x64, 0x1B, 0x7E, 0x55, 0x56, 0x30, 0x58, 0x1E, 0xCA, 0x10, 0x02, 0xA6, 0x14, 0xBD,
    0xAC, 0x32, 0xA8, 0xD5, 0x3C, 0xC6, 0x66, 0xC9, 0xA5, 0x24, 0xF0, 0x1A, 0x40, 0x29, 0x80, 0x6D,
    0xF9, 0x2D, 0x11, 0x9D, 0x89, 0x2C, 0x1E, 0x03, 0x26, 0xD2, 0x60, 0x1D, 0x03, 0xC0, 0xBE, 0x62,
    0xE6, 0xF4, 0xC1, 0xDE, 0xFC, 0x62, 0xE7, 0x3B, 0xB8, 0x26, 0x0F, 0x5B, 0x9B, 0xBD, 0x62, 0xBE,
    0xFC, 0x85, 0x5B, 0x42, 0x95, 0xB7, 0xC2, 0x20, 0xB9, 0x1C, 0x86, 0x88, 0x8A, 0xAA, 0x61, 0x42,
    0xFF, 0x56, 0x16, 0xE2, 0x9B, 0x71, 0x08, 0xA8, 0x50, 0xC8, 0x33, 0xA3, 0xE7, 0x21, 0xBF, 0x62,
    0xAD, 0x75, 0x8A, 0xAB, 0x5B, 0x51, 0xD4, 0x41, 0xB5, 0xBA, 0x1C, 0x06, 0xAF, 0x6E, 0x72, 0xD8,
    0xE6, 0xBD, 0x2E, 0xE3, 0x59, 0x67, 0xFC, 0x00, 0x06, 0xAB, 0xF0, 0x0D, 0xB7, 0xD5, 0x01, 0x00,
    0xF7, 0x01, 0xAB, 0x49, 0x88, 0xE0, 0xB7, 0xED, 0x10, 0x35, 0xD4, 0x43, 0x90, 0x07, 0x1A, 0x06,
    0xFF, 0x53, 0xB1, 0x0C, 0xA3, 0x10, 0xC1, 0x7C, 0x28, 0xD3, 0xEE, 0xCC, 0x60, 0x1F, 0x1F, 0x40,
    0x78, 0xFF, 0xDB, 0x22, 0x83, 0xA7, 0xE1, 0xFF, 0x0A, 0xF2, 0x5C, 0x03, 0x70, 0x45, 0xDC, 0x03,
    0xCC, 0xCD, 0xCD, 0x81, 0xA6, 0x82, 0x73, 0x86, 0x8E, 0x17, 0x2C, 0x99, 0x2D, 0x2F, 0x4F, 0x09,
    0x05, 0xA1, 0xF9, 0xCB, 0x38, 0xF2, 0xDE, 0xAC, 0x74, 0x23, 0xDD, 0x11, 0x21, 0x7E, 0x40, 0x7E,
    0xBC, 0xD2, 0x64, 0x76, 0x29, 0xEC, 0x56, 0x8B, 0x49, 0xBC, 0x2D, 0xBB, 0x78, 0x62, 0x30, 0xA4,
    0xC1, 0xAE, 0x27, 0xC9, 0x55, 0xC2, 0x51, 0x0D, 0x84, 0xDD, 0xEA, 0x6E, 0xEC, 0xB7, 0x93, 0x30,
    0x78, 0xDD, 0x61, 0xDD, 0x6A, 0x97, 0x2B, 0x33, 0xF8, 0xC4, 0xCC, 0x85, 0xFC, 0x16, 0x57, 0xE0,
    0xA0, 0x65, 0xC9, 0xD8, 0x61, 0x3B, 0x5E, 0xB5, 0x7A, 0x58, 0x83, 0x28, 0x8C, 0xD0, 0xAF, 0x5E,
    0xA9, 0xA6, 0x5D, 0x48, 0x01, 0x2C, 0x88, 0x18, 0x7D, 0x62, 0x06, 0x05, 0x13, 0x91, 0x3A, 0xED,
    0xCE, 0x7D, 0x04, 0x31, 0x60, 0x90, 0x02, 0x8B, 0x2A, 0x03, 0xFE, 0xE1, 0x5F, 0x81, 0xFF, 0xC1,
    0x2B, 0x07, 0x51, 0xF3, 0xD6, 0x83, 0xC6, 0x00, 0x46, 0xF6, 0x3E, 0x6D, 0x2E, 0xB2, 0x04, 0x6F,
    0x8A, 0x36, 0x16, 0xED, 0xB4, 0x71, 0x57, 0x5D, 0xC5, 0x81, 0x6E, 0x78, 0xAA, 0x97, 0x12, 0xAF,
    0xE3, 0x5D, 0x4F, 0x6A, 0x5F, 0x7D, 0xFF, 0x7A, 0x32, 0x86, 0xDF, 0x54, 0x12, 0x7A, 0xD2, 0x0D,
    0x6E, 0x3F, 0x72, 0x3D, 0xC1, 0x29, 0x4F, 0x64, 0xF0, 0x1B, 0xD7, 0x93, 0xE9, 0xFC, 0x4F, 0xD2,
    0x5A, 0xF1, 0x28, 0x17, 0xAD, 0xB0, 0xEB, 0x08, 0x14, 0x05, 0x3E, 0x85, 0xF4, 0xA5, 0x20, 0x7F,
    0xA4, 0x29, 0xB0, 0xA6, 0x50, 0x9B, 0xB5, 0x47, 0xDF, 0x6F, 0xCA, 0x87, 0x35, 0x81, 0xFF, 0x6F,
    0x5E, 0xC8, 0xFF, 0xD5, 0x1C, 0x5D, 0x90, 0xB6, 0xC9, 0xA5, 0xCA, 0x75, 0x04, 0x0F, 0x57, 0xEB,
    0xAB, 0xB7, 0x55, 0x5B, 0x54, 0x13, 0xBE, 0xD0, 0x40, 0x1C, 0xC8, 0x93, 0x75, 0x10, 0xD1, 0xB7,
    0x5F, 0x14, 0xE2, 0x33, 0x82, 0x18, 0x9D, 0xFF, 0x51, 0x13, 0xD3, 0x9D, 0xEF, 0x48, 0x97, 0xC4,
    0x02, 0x8D, 0x43, 0x6C, 0x2D, 0x53, 0x52, 0x9C, 0xA4, 0xA0, 0x12, 0x1E, 0x12, 0x36, 0x56, 0x87,
    0x50, 0xD8, 0x15, 0x3E, 0x6A, 0xC9, 0xC5, 0x67, 0xD0, 0x76, 0x00, 0xF2, 0x0B, 0x5A, 0x0B, 0x9A,
    0x4B, 0xA8, 0xC5, 0x8F, 0x40, 0x15, 0x14, 0x58, 0x3B, 0x75, 0xD1, 0x75, 0xF1, 0x55, 0x79, 0x94,
    0xF4, 0xDA, 0x63, 0xA5, 0x17, 0x58, 0xD9, 0x76, 0x3D, 0x01, 0xE3, 0x78, 0xA2, 0x1A, 0x2D, 0x18,
    0xDD, 0xAD, 0x6E, 0xE4, 0x3F, 0xA3, 0x9A, 0xFA, 0xE2, 0x8B, 0xCD, 0x71, 0x55, 0xB2, 0x64, 0xE5,
    0x9A, 0xEA, 0x5D, 0xAF, 0x29, 0x6B, 0x24, 0xAC, 0x1F, 0x08, 0x63, 0xBE, 0x64, 0x4D, 0x8A, 0xC3,
    0x96, 0x31, 0x64, 0xC7, 0xF7, 0x61, 0x3D, 0x56, 0x4E, 0x9B, 0xD6, 0x80, 0x28, 0x4A, 0xD5, 0x2D,
    0xAD, 0x13, 0xF3, 0x38, 0x77, 0xD7, 0xA1, 0xD6, 0xC4, 0x00, 0x98, 0xC8, 0x6F, 0x00, 0x6B, 0x38,
    0x03, 0xD5, 0x82, 0x86, 0x22, 0x1B, 0xEF, 0xAA, 0xF3, 0x90, 0xF0, 0x4A, 0x9D, 0x83, 0x2F, 0x0D,
    0x83, 0x64, 0x31, 0xAC, 0x61, 0x38, 0x0C, 0xA5, 0x6A, 0x8C, 0x87, 0xFE, 0x4D, 0xD9, 0x1C, 0x45,
    0xCC, 0x22, 0x3C, 0xF2, 0x56, 0xFE, 0xE1, 0x91, 0x4B, 0xA7, 0x42, 0xEC, 0xF4, 0x83, 0x2A, 0x8E,
    0x57, 0x13, 0x89, 0xF5, 0x4C, 0x38, 0x75, 0xC6, 0x3D, 0xAF, 0x45, 0xEC, 0xCB, 0x7D, 0x7B, 0xF8,
    0xBD, 0x3C, 0x7A, 0x7A, 0x73, 0x94, 0xD7, 0xEF, 0xE0, 0x23, 0x07, 0x18, 0x46, 0x31, 0xC8, 0x77,
    0x0F, 0xBE, 0xAA, 0x15, 0xF0, 0x5E, 0x89, 0xE4, 0xF3, 0x47, 0x2E, 0xF2, 0x8C, 0xA2, 0x75, 0x84,
    0x96, 0xE2, 0x7F, 0x9B, 0x92, 0x00, 0x56, 0x76, 0x38, 0xF8, 0x68, 0x9C, 0x7B, 0x02, 0xB0, 0x5B,
    0x6E, 0x54, 0xA8, 0x19, 0x4C, 0x8B, 0xB9, 0x28, 0xEC, 0x45, 0xB8, 0xD3, 0x99, 0xD7, 0x02, 0xFA,
    0x1C, 0x7C, 0xC5, 0x31, 0xC2, 0x57, 0x47, 0x0D, 0xA6, 0xEB, 0x09, 0xFF, 0x2F, 0x59, 0x88, 0x33,
    0x71, 0x48, 0x36, 0x5F, 0x03, 0xDB, 0x3D, 0x21, 0x98, 0xD0, 0x56, 0xFB, 0x59, 0xF4, 0x46, 0xCF,
    0x6B, 0x29, 0xB9, 0xC2, 0x57, 0x95, 0x5D, 0x99, 0x97, 0xBF, 0x78, 0xE9, 0xB5, 0x92, 0x32, 0x83,
    0x01, 0xEF, 0x97, 0x9B, 0xE3, 0x7B, 0x59, 0x2C, 0x0F, 0xA0, 0x7A, 0x75, 0x68, 0x18, 0xD7, 0xAB,
    0x85, 0x75, 0x34, 0x9B, 0xDE, 0x99, 0x01, 0x0D, 0x44, 0xF1, 0xA2, 0x42, 0x54, 0x88, 0x11, 0x19,
    0xA0, 0x60, 0x11, 0x80, 0xBA, 0x2D, 0xA2, 0xAF, 0xB7, 0xA0, 0xAE, 0xE1, 0x5A, 0xEC, 0x49, 0x08,
    0xC7, 0xFD, 0x0E, 0x3E, 0x1D, 0x6F, 0x9A, 0x0A, 0xCC, 0xCF, 0xF0, 0xF0, 0xDB, 0x47, 0x5E, 0x59,
    0x87, 0xC5, 0xC5, 0xA9, 0xBA, 0x81, 0xE7, 0x68, 0x26, 0xE4, 0x5A, 0x1C, 0x84, 0x00, 0x13, 0xB5,
    0x18, 0xAA, 0x3D, 0x94, 0x72, 0xE9, 0x16, 0xA0, 0x81, 0xA8, 0x94, 0x20, 0x81, 0x81, 0x77, 0x63,
    0x28, 0x2B, 0x1F, 0xD9, 0x2C, 0xAB, 0xC5, 0x5B, 0xFF, 0x79, 0x79, 0x7C, 0x67, 0x79, 0xD0, 0x8B,
    0xB7, 0xA4, 0x58, 0xF7, 0x98, 0x4A, 0xD4, 0xF9, 0xDE, 0x34, 0x56, 0x6C, 0x3A, 0x35, 0xD6, 0x47,
    0xF6, 0x03, 0x5D, 0xEB, 0xBD, 0x3B, 0x43, 0x6D, 0x9A, 0x5B, 0x87, 0x46, 0x99, 0x25, 0x46, 0x4C,
    0xBB, 0xDA, 0x4E, 0x96, 0xE8, 0x18, 0xAE, 0x19, 0x43, 0x94, 0xA0, 0x90, 0xFB, 0xBD, 0x04, 0x01,
    0x00, 0x0E, 0x13, 0xE1, 0x02, 0xAA, 0xB9, 0xB9, 0x53, 0x7D, 0xD2, 0x5B, 0x4B, 0xBE, 0x33, 0xB7,
    0x06, 0x7C, 0xBE, 0xB3, 0xCD, 0xF0, 0x04, 0x94, 0x3D, 0x66, 0xCF, 0x7B, 0xCA, 0x3F, 0x89, 0xDF,
    0x94, 0xFF, 0x79, 0xFE, 0x39, 0x26, 0x16, 0x7A, 0x5F, 0xF7, 0xBF, 0x06, 0xFF, 0xCB, 0xEA, 0x33,
    0xF3, 0x4F, 0x4E, 0xFF, 0x1E, 0x13, 0xC4, 0xD6, 0xE8, 0x3B, 0x73, 0x37, 0x63, 0xAC, 0x20, 0x05,
    0x56, 0x32, 0x91, 0xA7, 0xB3, 0x65, 0xC0, 0x5B, 0x03, 0xA0, 0x4F, 0x8B, 0x9C, 0x0F, 0x5A, 0xD0,
    0x29, 0x56, 0xC1, 0xB2, 0xC7, 0xD4, 0xD3, 0x70, 0x2D, 0x45, 0xD8, 0x6F, 0xC8, 0x23, 0x43, 0xC5,
    0xB0, 0x3A, 0xCD, 0x1D, 0x2B, 0x5B, 0xBC, 0xE7, 0x06, 0x30, 0x5D, 0xE2, 0xD3, 0x25, 0x76, 0x41,
    0x8F, 0xC2, 0xBB, 0x39, 0xD8, 0xF3, 0x07, 0xC5, 0xE8, 0x3B, 0xF3, 0x62, 0xF3, 0xB9, 0xAF, 0xB4,
    0x80, 0x91, 0x94, 0x63, 0x33, 0xD8, 0xE9, 0x4B, 0x0B, 0x3E, 0xAD, 0x9F, 0xA8, 0xC5, 0x18, 0x5A,
    0xF3, 0xEE, 0x72, 0x43, 0x3E, 0x60, 0xF1, 0x1D, 0xC0, 0x4B, 0x39, 0x23, 0x60, 0x05, 0xC3, 0x80,
    0x61, 0xB8, 0xD6, 0x0B, 0xA9, 0x32, 0xF4, 0x18, 0x99, 0x2C, 0xCA, 0x81, 0x86, 0x58, 0x75, 0x17,
    0x4E, 0xD9, 0xCC, 0xD5, 0xE7, 0xA4, 0xEC, 0xE2, 0x88, 0xB6, 0x72, 0x1C, 0xE1, 0x7A, 0xC3, 0x96,
    0x7B, 0xDB, 0x38, 0xFD, 0xF1, 0x8C, 0x97, 0xCB, 0xF4, 0xC6, 0x2E, 0x78, 0x3F, 0xDE, 0x14, 0xE7,
    0xC8, 0xDF, 0x70, 0x37, 0x8E, 0x1B, 0x7A, 0xE3, 0x36, 0xF4, 0xB0, 0x43, 0xE8, 0x01, 0xD8, 0xE3,
    0xC6, 0x71, 0xF1, 0xD1, 0xBD, 0xE0, 0x75, 0x3E, 0x9D, 0x8B, 0x86, 0x06, 0x08, 0x44, 0x74, 0x4E,
    0x41, 0x57, 0xF2, 0xD5, 0x7C, 0x0F, 0xF1, 0xD7, 0xDF, 0x2F, 0xF7, 0xB8, 0x25, 0x93, 0x5E, 0xC3,
    0xD5, 0x2E, 0x86, 0x7B, 0xC0, 0x7E, 0xFA, 0x60, 0x97, 0x2D, 0xF9, 0xDF, 0x19, 0xFE, 0x7D, 0x54,
    0x41, 0xCD, 0xB0, 0x82, 0xFF, 0x13, 0x91, 0x63, 0xB5, 0x04, 0x41, 0x5B, 0xD9, 0xC8, 0xDE, 0x39,
    0x12, 0x77, 0x25, 0xDB, 0x61, 0xBD, 0x5B, 0xD2, 0x19, 0xB6, 0x57, 0x97, 0xB8, 0xCE, 0xDE, 0x28,
    0x0C, 0x77, 0xCE, 0x12, 0xF5, 0x5E, 0x70, 0x03, 0xB5, 0x16, 0x2E, 0x7C, 0xE6, 0x21, 0x88, 0x5D,
    0xF1, 0x19, 0x7A, 0x76, 0xBC, 0xD7, 0xBB, 0xE3, 0xF7, 0x74, 0x54, 0x8D, 0xCA, 0x9E, 0x8E, 0x01,
    0x74, 0xA1, 0x88, 0x4A, 0x09, 0xD8, 0x55, 0xB3, 0xCE, 0x0E, 0x1D, 0xD8, 0xC1, 0x25, 0xBB, 0xDB,
    0x0C, 0xB8, 0x7B, 0xA6, 0x67, 0xF7, 0x6C, 0x38, 0xEF, 0xCB, 0x5D, 0xD7, 0x72, 0x17, 0x67, 0x47,
    0x7E, 0xB2, 0x5D, 0x74, 0xCF, 0xBE, 0x4C, 0xE0, 0xDF, 0x10, 0x94, 0xCD, 0x23, 0x64, 0xE1, 0x6F,
    0xCE, 0xF3, 0x4D, 0x6C, 0x4F, 0xE0, 0x55, 0x87, 0xDC, 0x02, 0xD4, 0xDC, 0xCD, 0x53, 0xA8, 0x09,
    0xDE, 0x01, 0xA8, 0x54, 0x65, 0xCC, 0xF4, 0x56, 0xA0, 0x6E, 0xA8, 0xAD, 0xE9, 0x87, 0x51, 0x3F,
    0x83, 0xD1, 0x1F, 0xB7, 0xCC, 0x38, 0x32, 0x63, 0x30, 0x29, 0xD5, 0x98, 0xBA, 0x5C, 0x0F, 0x4A,
    0x5F, 0xDF, 0x6E, 0x18, 0xBC, 0x09, 0x03, 0x94, 0x75, 0x6E, 0x7E, 0xD5, 0xE4, 0xF9, 0x0F, 0x6D,
    0xDF, 0xAD, 0xF7, 0x95, 0xF9, 0x97, 0x7F, 0xCB, 0xCD, 0xCE, 0xDC, 0xBF, 0xCB, 0x3F, 0x4D, 0xC3,
    0x32, 0x81, 0x03, 0x06, 0x43, 0x4C, 0x17, 0x29, 0xDA, 0xA9, 0xA2, 0x4B, 0x69, 0x95, 0x02, 0x57,
    0xB6, 0xE5, 0xBC, 0xAB, 0xCB, 0xBD, 0x39, 0xEF, 0xEB, 0xD2, 0x65, 0x36, 0x6D, 0xA1, 0x1D, 0x81,
    0xC6, 0x25, 0x14, 0x50, 0x5B, 0x73, 0xDE, 0xA2, 0xAB, 0x48, 0x56, 0x0D, 0x8A, 0xE0, 0x2B, 0x2F,
    0x8C, 0x32, 0xCF, 0x4C, 0x43, 0xDA, 0x49, 0x2C, 0x2B, 0xDB, 0xBC, 0x87, 0x01, 0x84, 0xFC, 0x8B,
    0x7A, 0x3A, 0xFF, 0x24, 0xB4, 0xA8, 0xEE, 0x1F, 0xE6, 0xB6, 0x6E, 0x2E, 0x59, 0x08, 0xC5, 0x41,
    0x41, 0xB2, 0x40, 0x0B, 0xC7, 0x28, 0xC3, 0x21, 0x34, 0x6D, 0xF5, 0x3E, 0xC9, 0xE8, 0x80, 0x32,
    0x47, 0xB5, 0xF9, 0xF9, 0x5C, 0x41, 0x1C, 0xA1, 0x74, 0xD3, 0x53, 0x10, 0x16, 0x7C, 0x90, 0x30,
    0x3D, 0xBD, 0x0B, 0x7F, 0x19, 0x07, 0x36, 0xD7, 0xEA, 0x0D, 0x18, 0xDD, 0x81, 0x39, 0x1A, 0x24,
    0x46, 0x5E, 0xD2, 0xE6, 0x79, 0xD5, 0x32, 0xE7, 0xD0, 0x32, 0x2B, 0x48, 0x79, 0x65, 0x2D, 0xEE,
    0x4B, 0x20, 0x99, 0xDA, 0x25, 0x18, 0x6F, 0x0D, 0xFD, 0xD6, 0x6A, 0x1F, 0x66, 0x61, 0x6A, 0xC2,
    0x39, 0x21, 0x9C, 0x15, 0x61, 0xA4, 0x48, 0xA5, 0x0A, 0x47, 0xC6, 0x9E, 0x38, 0x90, 0x18, 0xBD,
    0xD1, 0x7D, 0x96, 0x01, 0xB9, 0x26, 0xAF, 0xA1, 0x85, 0x3E, 0x9C, 0x11, 0x6B, 0x57, 0xB0, 0x06,
    0x33, 0xF5, 0x54, 0x6C, 0x2E, 0xCB, 0x78, 0x72, 0xC8, 0xCB, 0xE4, 0xBA, 0xE0, 0x37, 0xCC, 0x71,
    0xB1, 0x63, 0xE8, 0x8D, 0x72, 0x8C, 0x17, 0xC3, 0xF8, 0x49, 0x51, 0x61, 0x2B, 0xB7, 0x52, 0xF5,
    0x9A, 0x3B, 0xA4, 0xEF, 0x8A, 0x4D, 0x5A, 0x6C, 0xB2, 0x1C, 0xA9, 0xB4, 0xAF, 0x1E, 0x74, 0x6D,
    0x9A, 0xAC, 0xF6, 0xE5, 0x9A, 0xB5, 0x83, 0x6D, 0x97, 0x65, 0x6D, 0xE2, 0xF3, 0x0B, 0x32, 0x2E,
    0x53, 0x25, 0x87, 0x57, 0xF6, 0xDD, 0xB9, 0xD5, 0xF2, 0xE9, 0x35, 0x46, 0x2B, 0x6B, 0x2D, 0x2F,
    0x96, 0xC0, 0x0C, 0x83, 0xED, 0x96, 0x9D, 0x9F, 0x99, 0x20, 0x47, 0x0B, 0x87, 0x36, 0x09, 0x83,
    0x57, 0xF6, 0x6B, 0x2E, 0xA7, 0x23, 0x9C, 0xF0, 0x21, 0xC3, 0x5A, 0xEB, 0x3C, 0x24, 0x0C, 0xA9,
    0x4A, 0xDA, 0xE4, 0x57, 0x45, 0xCD, 0x62, 0x72, 0xA2, 0x83, 0xC9, 0x85, 0xA0, 0x31, 0x99, 0xA9,
    0xC6, 0xA4, 0xD8, 0x54, 0x5C, 0xC5, 0x47, 0xC5, 0x7D, 0xFE, 0x1E, 0xF0, 0xE3, 0x89, 0x8E, 0x9F,
    0x20, 0xCC, 0x73, 0x84, 0x4A, 0xDA, 0x13, 0xED, 0x71, 0x4C, 0x46, 0xE3, 0x78, 0x68, 0xEC, 0xE0,
    0x45, 0xB3, 0x10, 0xBE, 0xA9, 0x53, 0xDA, 0xC5, 0xF5, 0x93, 0x31, 0x66, 0x31, 0x68, 0x98, 0x6C,
    0xDB, 0xFA, 0x4D, 0x3D, 0xB9, 0x75, 0x8E, 0x95, 0x7F, 0x8C, 0x5B, 0x2B, 0xFF, 0x81, 0x3E, 0x1F,
    0xFA, 0x1B, 0x64, 0x8D, 0xB6, 0xAD, 0x1D, 0x7D, 0x25, 0xEC, 0x89, 0x1C, 0x46, 0xEC, 0x2A, 0x38,
    0xDB, 0xC7, 0xF7, 0xB0, 0x6C, 0x2C, 0xC8, 0x1A, 0x4E, 0x9D, 0x4D, 0x84, 0x47, 0x56, 0x56, 0xD4,
    0x4C, 0x98, 0x0B, 0x3E, 0x79, 0xB1, 0xC4, 0xB0, 0xB5, 0x2D, 0x63, 0x05, 0xBC, 0x36, 0xA0, 0x9F,
    0x03, 0x5E, 0xD0, 0x89, 0x96, 0x57, 0xE4, 0xFD, 0xC0, 0x7E, 0x1B, 0x5B, 0x06, 0x8C, 0x52, 0x30,
    0x24, 0xC0, 0x38, 0x00, 0x8D, 0x03, 0xAD, 0x04, 0xA7, 0x0A, 0xC6, 0x2A, 0xAA, 0xC9, 0x16, 0xC2,
    0x92, 0xFA, 0x49, 0x29, 0x2A, 0x0B, 0x1A, 0xF0, 0xAF, 0x84, 0x29, 0x6A, 0x07, 0xEB, 0x0B, 0x58,
    0xD4, 0xD9, 0x84, 0x60, 0x63, 0x85, 0x0A, 0x5F, 0x6E, 0x01, 0xFD, 0x99, 0x5B, 0x60, 0x1F, 0x56,
    0xF3, 0xC4, 0x6F, 0xA9, 0x4C, 0x4B, 0x9F, 0x95, 0x6D, 0xDE, 0x43, 0x59, 0xF6, 0xD9, 0xE5, 0xA8,
    0x07, 0x0D, 0x87, 0x95, 0xB2, 0x4D, 0xFE, 0xF6, 0xE5, 0x58, 0x87, 0x0C, 0x2F, 0x6A, 0xF0, 0x53,
    0xE0, 0x4C, 0x31, 0xED, 0x0D, 0x05, 0x0C, 0xA0, 0x2C, 0x91, 0x3C, 0x1F, 0x4D, 0x3D, 0xD9, 0x88,
    0x64, 0x7C, 0x24, 0xEE, 0x2B, 0xAA, 0x6C, 0xF1, 0xE8, 0x44, 0xD0, 0x28, 0xFF, 0xF1, 0x36, 0x2B,
    0xD5, 0xB2, 0x64, 0xAF, 0xBB, 0x75, 0x7B, 0x7A, 0x64, 0x4A, 0x99, 0xCE, 0xD7, 0x0D, 0x50, 0x47,
    0x3F, 0x99, 0x6E, 0xE1, 0x3C, 0xA6, 0x96, 0xF1, 0xB1, 0x74, 0xBD, 0xEB, 0x89, 0x41, 0xF0, 0xAD,
    0xD4, 0xE0, 0x20, 0xAE, 0x1A, 0x2C, 0x60, 0xCC, 0x60, 0xA4, 0xA0, 0xF4, 0x48, 0x84, 0x23, 0x6F,
    0xFD, 0x38, 0xC2, 0xE7, 0xAE, 0x89, 0x48, 0x47, 0xA4, 0x4E, 0x39, 0x81, 0xE3, 0x29, 0x7E, 0x2E,
    0x2D, 0xF5, 0x51, 0x23, 0x82, 0x4E, 0xD6, 0x22, 0xB9, 0x15, 0x55, 0xEF, 0xE6, 0x9E, 0xF7, 0x75,
    0xAF, 0xD8, 0x22, 0xE4, 0x5D, 0xF0, 0xC7, 0x96, 0x2B, 0x7C, 0x3B, 0xC2, 0x14, 0xF1, 0x23, 0xC5,
    0xD8, 0x58, 0x44, 0x35, 0x4A, 0x41, 0x25, 0xAD, 0xEE, 0xAB, 0xC0, 0x26, 0xD3, 0xD6, 0x25, 0x6B,
    0x06, 0xA3, 0xE7, 0x4F, 0x19, 0x76, 0xAC, 0x23, 0xAE, 0xE1, 0x0B, 0xB1, 0xFA, 0x1D, 0xA3, 0xEA,
    0xE1, 0xB6, 0x41, 0x1D, 0x87, 0x0D, 0x00, 0x2F, 0x81, 0x62, 0xFC, 0x07, 0x5E, 0x9E, 0xC7, 0x81,
    0x60, 0x10, 0x60, 0x22, 0x13, 0x31, 0x91, 0xC8, 0x39, 0xE6, 0xA4, 0x66, 0x11, 0x43, 0xAF, 0x4D,
    0xA4, 0x40, 0xB5, 0x8C, 0x11, 0x8E, 0xE7, 0xEB, 0xD6, 0xF0, 0xA8, 0x6B, 0xF8, 0x0B, 0x38, 0x3A,
    0x8B, 0xBF, 0x26, 0x11, 0xFC, 0xF7, 0x53, 0x79, 0x04, 0x8B, 0x11, 0x0E, 0x63, 0x20, 0xEA, 0xBE,
    0xAF, 0xD6, 0x9D, 0x17, 0x94, 0x23, 0x3C, 0xD6, 0x9C, 0xE2, 0xE2, 0xAD, 0x5F, 0xA6, 0x0A, 0xBF,
    0xC4, 0x11, 0xBC, 0x8F, 0x5A, 0x11, 0x26, 0xE2, 0xAB, 0x11, 0x0C, 0xFE, 0xAF, 0x22, 0x7B, 0x5B,
    0x3D, 0x5E, 0x74, 0x3D, 0x92, 0x4B, 0x71, 0x53, 0x8E, 0x81, 0x3E, 0xF8, 0xA3, 0xF1, 0xEE, 0x78,
    0x9D, 0x1F, 0x17, 0x7C, 0x10, 0x8D, 0x89, 0x1C, 0x1E, 0x93, 0x2E, 0x05, 0x5D, 0xC9, 0x2F, 0xD9,
    0x88, 0xDC, 0xDD, 0x39, 0x17, 0xF8, 0x41, 0x7F, 0x16, 0xE7, 0x04, 0xBF, 0xC8, 0x76, 0x72, 0x8E,
    0xB3, 0xBE, 0x56, 0x6C, 0xC0, 0x3B, 0x64, 0x37, 0x68, 0x48, 0x9E, 0x92, 0x78, 0xC1, 0xBF, 0x63,
    0xBA, 0xDD, 0x5A, 0x7F, 0x98, 0xD6, 0x0B, 0x60, 0xAC, 0xA2, 0xB4, 0x2C, 0x6A, 0x07, 0xF2, 0x40,
    0x7F, 0xBC, 0xE3, 0x7B, 0x54, 0xCE, 0xA9, 0xC5, 0x45, 0xC8, 0xEF, 0xEF, 0xC6, 0xF3, 0xF3, 0x94,
    0xCB, 0xEC, 0x11, 0xE7, 0xFF, 0x5A, 0x64, 0xC2, 0x6F, 0x31, 0x01, 0xBE, 0x06, 0x2F, 0xC6, 0xD0,
    0x36, 0xEB, 0x19, 0x93, 0x5B, 0xAC, 0x7F, 0xC1, 0xB1, 0xBE, 0xC7, 0xF7, 0x88, 0x90, 0xF2, 0x39,
    0x8A, 0xCA, 0x80, 0x6B, 0xFE, 0x15, 0x78, 0x1F, 0x3C, 0x7E, 0x10, 0xB5, 0x47, 0x36, 0xF8, 0x5F,
    0xFD, 0xA7, 0x11, 0x6F, 0x5A, 0x3F, 0xED, 0xB8, 0xDD, 0xC1, 0x8B, 0xDB, 0xB7, 0xC6, 0xA4, 0xA9,
    0xDC, 0xBE, 0x1F, 0x38, 0x90, 0x27, 0xC0, 0x1D, 0x75, 0x19, 0x1E, 0x5D, 0xE2, 0x53, 0x54, 0x1B,
    0x57, 0x20, 0xA6, 0x2E, 0xDF, 0xDB, 0xAA, 0x72, 0x44, 0xB9, 0xAA, 0xC5, 0x5E, 0xAD, 0x47, 0xD8,
    0x07, 0x6C, 0x06, 0xE6, 0x86, 0xEB, 0x9C, 0x80, 0xCE, 0x39, 0xE3, 0xA7, 0xF0, 0xDB, 0x32, 0xD0,
    0x29, 0xDE, 0x49, 0xC0, 0x5F, 0x9A, 0xCE, 0x3F, 0x5A, 0x1A, 0x7D, 0xE7, 0x4B, 0x4B, 0x38, 0xE7,
    0x2F, 0x61, 0xA5, 0xAA, 0x6D, 0x3F, 0xC7, 0x9A, 0x7F, 0x5B, 0xFD, 0xC1, 0x5F, 0xF2, 0x5F, 0xF1,
    0x97, 0x74, 0xF0, 0xD2, 0xD2, 0x51, 0xF5, 0xCF, 0x25, 0x23, 0xCF, 0x63, 0x4B, 0x85, 0x06, 0x86,
    0xF4, 0x91, 0xB7, 0x96, 0xF4, 0x74, 0xDE, 0xD4, 0x58, 0xD1, 0x65, 0x6D, 0xEB, 0x5C, 0xAD, 0x6B,
    0xED, 0x7F, 0xA8, 0x75, 0x4D, 0x2F, 0xE9, 0x13, 0xAA, 0xA9, 0x47, 0x10, 0x04, 0x60, 0xE9, 0xFF,
    0x85, 0x41, 0x00, 0x01, 0xB1, 0xAD, 0x51, 0x90, 0x8E, 0x7C, 0xB2, 0xA4, 0x21, 0x2C, 0x2B, 0x99,
    0xCE, 0xA1, 0xD6, 0xF4, 0x93, 0xF0, 0xFF, 0x28, 0x5D, 0x42, 0x71, 0xC2, 0x93, 0xE7, 0x1E, 0xE4,
    0x08, 0xCC, 0x52, 0x52, 0x45, 0x01, 0x7A, 0xBE, 0x30, 0x18, 0x2D, 0xF3, 0x5D, 0xB5, 0x89, 0xB7,
    0x64, 0xE1, 0xD1, 0x56, 0xD0, 0x58, 0x04, 0xAF, 0x88, 0x1C, 0x0B, 0x7E, 0xAF, 0x31, 0x89, 0x93,
    0x1A, 0x2C, 0xBB, 0x7C, 0x57, 0x50, 0x88, 0xFB, 0x07, 0x88, 0x22, 0x9D, 0xF0, 0xD1, 0x3B, 0x32,
    0x9A, 0x7C, 0xB1, 0x59, 0xE8, 0x4F, 0x79, 0x7F, 0xD7, 0x3A, 0x78, 0xFC, 0xA4, 0x3E, 0xE6, 0x37,
    0xF5, 0x21, 0x3C, 0xA6, 0xDD, 0x2F, 0x0B, 0xFA, 0x7F, 0x61, 0x30, 0x54, 0x70, 0xE8, 0x02, 0x87,
    0x73, 0xA9, 0xE4, 0x68, 0xCB, 0x09, 0xD0, 0x42, 0xE0, 0x8E, 0xED, 0xC7, 0x01, 0x97, 0x66, 0xFB,
    0x94, 0xAD, 0x33, 0x35, 0xFC, 0xEF, 0x5A, 0x67, 0xD6, 0x65, 0x89, 0x30, 0x02, 0xBA, 0x10, 0x87,
    0x02, 0x91, 0x3A, 0xB6, 0xFC, 0x6B, 0xF7, 0xA5, 0x16, 0xD4, 0x7B, 0xFC, 0xD7, 0x6E, 0x0B, 0x3A,
    0xF9, 0x0F, 0x9D, 0x99, 0x01, 0x68, 0x1C, 0xC7, 0x77, 0xC6, 0xBF, 0xD9, 0xBD, 0xD3, 0x56, 0x9E,
    0x78, 0x4E, 0x80, 0x05, 0x76, 0x2C, 0xFB, 0x02, 0x04, 0x70, 0xC4, 0x49, 0x07, 0x60, 0xE0, 0x4A,
    0x25, 0xDD, 0xA6, 0x06, 0xD2, 0x62, 0xE2, 0x2A, 0xAD, 0x95, 0x40, 0x4C, 0xE5, 0x00, 0x00, 0x25,
    0x49, 0x2A, 0x03, 0xA1, 0x75, 0xB0, 0x24, 0x6D, 0x1B, 0x20, 0xC0, 0x12, 0x5B, 0xD0, 0x14, 0x80,
    0x02, 0x35, 0x50, 0x43, 0xE3, 0xA4, 0x91, 0x80, 0xA4, 0x55, 0x88, 0x6C, 0x29, 0x31, 0x05, 0xA8,
    0x21, 0x5C, 0x6A, 0x4A, 0x01, 0x37, 0xC9, 0x42, 0x54, 0x0C, 0x24, 0xD0, 0x0B, 0x39, 0xE3, 0xB3,
    0x2D, 0xDD, 0xF6, 0x7D, 0xDA, 0xD9, 0xBB, 0x5B, 0xDF, 0xC9, 0xD8, 0xFF, 0x09, 0xF3, 0x79, 0x67,
    0x57, 0xFB, 0xBB, 0x37, 0x6F, 0x66, 0xDE, 0xBC, 0xD9, 0x00, 0x6A, 0x00, 0xC3, 0x33, 0x27, 0x35,
    0xAA, 0xF1, 0x4D, 0x0D, 0xAC, 0xEA, 0x54, 0xEA, 0x3A, 0x06, 0x9A, 0xFA, 0x0C, 0xDC, 0xEF, 0xA5,
    0xA9, 0x75, 0xA8, 0x31, 0xE9, 0xC8, 0x9F, 0x0C, 0x61, 0x40, 0x03, 0x39, 0xF8, 0x40, 0x09, 0x11,
    0x30, 0x81, 0x3A, 0x30, 0xA9, 0x1A, 0xC0, 0x43, 0xF7, 0x53, 0x78, 0x37, 0x7E, 0x2C, 0xF8, 0x06,
    0xDB, 0xCE, 0x26, 0x6C, 0x19, 0x00, 0xA0, 0xFB, 0xE0, 0x29, 0x0D, 0x1D, 0xC3, 0xD9, 0x96, 0x2B,
    0xEF, 0x92, 0xC8, 0xB8, 0x2B, 0x7F, 0x72, 0x1C, 0x27, 0xB5, 0x7D, 0x4D, 0xC7, 0x82, 0x5F, 0x78,
    0x71, 0x01, 0x88, 0xA0, 0xAD, 0x7C, 0x89, 0xBF, 0x04, 0x0E, 0xC7, 0x5B, 0xC8, 0x94, 0x4A, 0x22,
    0xD5, 0x78, 0xBB, 0x42, 0x83, 0x28, 0x98, 0x5A, 0x16, 0xA9, 0xD6, 0x6C, 0x93, 0xB2, 0x40, 0xF9,
    0x59, 0xC4, 0xB9, 0x11, 0x54, 0x23, 0xEF, 0xC5, 0xE8, 0xF7, 0xFD, 0xA3, 0x58, 0xAF, 0xE0, 0x3C,
    0x46, 0x2A, 0x18, 0x4A, 0x29, 0x59, 0x29, 0x61, 0xF4, 0xEA, 0x3F, 0x97, 0xF0, 0xEC, 0x75, 0x11,
    0x69, 0x94, 0x23, 0x41, 0xC9, 0xD5, 0x24, 0xE5, 0x2B, 0x8C, 0xF9, 0xEA, 0xD6, 0x66, 0x39, 0xD2,
    0x41, 0xB3, 0xC4, 0x5B, 0x25, 0xA1, 0xF0, 0x01, 0x8B, 0x1B, 0xC7, 0xDB, 0x09, 0xA0, 0xAF, 0xD8,
    0x22, 0xE4, 0x1E, 0xFC, 0xF8, 0xB2, 0xC5, 0x8B, 0x08, 0x7E, 0x6C, 0x5A, 0x07, 0x8D, 0x72, 0x34,
    0xD5, 0xC1, 0xFB, 0x7C, 0xB0, 0x99, 0x08, 0xAC, 0xD4, 0x28, 0x71, 0xDC, 0x02, 0x66, 0x66, 0x4E,
    0x83, 0x25, 0x75, 0x49, 0xB3, 0x82, 0xE1, 0x85, 0xD3, 0xD5, 0x4D, 0x69, 0x4C, 0xFA, 0x89, 0x23,
    0xAE, 0x63, 0x2A, 0x50, 0xFF, 0x1D, 0x54, 0x37, 0xF5, 0x8B, 0x8D, 0x8A, 0xDC, 0x3A, 0xC6, 0xAE,
    0x3A, 0x01, 0x14, 0xDC, 0x00, 0x9E, 0x13, 0xC7, 0xBE, 0x27, 0x18, 0x78, 0x28, 0xD6, 0x45, 0x2A,
    0x25, 0x91, 0x73, 0x23, 0xF0, 0xE2, 0xCA, 0x3C, 0x06, 0x3E, 0x2A, 0x46, 0x00, 0xC7, 0x3F, 0x3F,
    0x73, 0x5A, 0x0C, 0x8E, 0xB7, 0x33, 0x7E, 0x99, 0xA2, 0xDC, 0x0B, 0xCA, 0x91, 0xFB, 0x4D, 0x43,
    0xEE, 0xFA, 0x0B, 0x25, 0x54, 0x90, 0xB3, 0xFD, 0x75, 0x32, 0x2E, 0x49, 0x9A, 0x9C, 0x27, 0x56,
    0x68, 0x7D, 0x5A, 0x0E, 0x62, 0x38, 0x8B, 0x17, 0x19, 0xF3, 0x13, 0xBF, 0x2C, 0x51, 0x7E, 0x92,
    0xDF, 0xF0, 0xBE, 0xAE, 0x8F, 0xF9, 0x65, 0xCC, 0x97, 0xF0, 0x7C, 0xFB, 0x37, 0x14, 0xA1, 0xAA,
    0x96, 0x7A, 0xA8, 0x23, 0x7C, 0xF0, 0xA8, 0xDB, 0x47, 0xC5, 0xED, 0x3D, 0xD6, 0xDF, 0xF1, 0x69,
    0x7D, 0x24, 0x64, 0x7F, 0xBE, 0x63, 0xFD, 0x01, 0xCE, 0xBA, 0x00, 0xB8, 0xAB, 0x3E, 0x87, 0x43,
    0x9E, 0x4B, 0x51, 0x0D, 0xAC, 0x41, 0xAC, 0x5C, 0x46, 0x57, 0x71, 0x4E, 0x02, 0x6E, 0x58, 0x8D,
    0x6F, 0x85, 0xC3, 0x5F, 0x9C, 0x08, 0x71, 0xCE, 0xFD, 0x11, 0xAB, 0x6E, 0x2C, 0x35, 0x44, 0x43,
    0x6A, 0xD3, 0x0D, 0xD5, 0xFF, 0xB8, 0xA1, 0x7B, 0xC9, 0x8D, 0xB5, 0xF7, 0x7E, 0x38, 0xA6, 0x7E,
    0x0B, 0x2B, 0x90, 0xFB, 0x99, 0x0A, 0x8D, 0xEC, 0xCA, 0x19, 0x7D, 0x10, 0xEE, 0xAE, 0x9C, 0x98,
    0x72, 0x26, 0x59, 0x3E, 0xAA, 0x29, 0x22, 0xAB, 0x73, 0x05, 0x05, 0x1D, 0xAE, 0x24, 0xAB, 0xF3,
    0x39, 0xBE, 0x81, 0x69, 0x4A, 0xA4, 0x28, 0x40, 0xB7, 0xC4, 0x71, 0x1C, 0x88, 0x6B, 0x67, 0x78,
    0xAD, 0xDA, 0xF8, 0x0C, 0xB9, 0x41, 0xF2, 0xB6, 0x40, 0x65, 0x4D, 0xC6, 0x18, 0xF7, 0x6E, 0x77,
    0xD6, 0x64, 0x02, 0x00, 0xDF, 0xB3, 0xC2, 0x66, 0x16, 0xBF, 0x89, 0xAE, 0x62, 0x64, 0x92, 0x18,
    0x59, 0x95, 0x06, 0x25, 0x24, 0x75, 0x82, 0x75, 0xDF, 0x67, 0x98, 0xD4, 0x2D, 0x2C, 0xC2, 0xE0,
    0x0E, 0x8C, 0x73, 0x63, 0xD3, 0x78, 0x7E, 0xDD, 0x8C, 0x63, 0xC1, 0x9C, 0xC7, 0x33, 0x06, 0x40,
    0x4F, 0x95, 0xE1, 0x32, 0x32, 0x5A, 0x1D, 0x06, 0xDF, 0xFF, 0x0A, 0x46, 0xD6, 0x87, 0xD1, 0x7F,
    0xD3, 0x30, 0x53, 0x98, 0x30, 0x43, 0x80, 0x01, 0x4B, 0x67, 0x32, 0xF5, 0x63, 0xE5, 0xC0, 0x0B,
    0x4E, 0x2D, 0xC3, 0x85, 0x61, 0x00, 0x32, 0x31, 0xA1, 0x66, 0x01, 0x52, 0x89, 0x85, 0x23, 0x5C,
    0xC8, 0xB2, 0x36, 0x9C, 0x72, 0x06, 0x09, 0xDA, 0xA7, 0x44, 0x94, 0x5E, 0xAF, 0x72, 0xDD, 0xCD,
    0x74, 0xFA, 0x0D, 0x76, 0x3A, 0x25, 0xC3, 0x58, 0xF2, 0x43, 0x92, 0x6F, 0xD4, 0x0C, 0x8A, 0xFE,
    0x3A, 0xBB, 0x71, 0x30, 0xB5, 0xD7, 0x4E, 0x7D, 0x63, 0x85, 0xCD, 0x2C, 0xDE, 0x47, 0x57, 0xA1,
    0x47, 0x33, 0x9E, 0x20, 0x98, 0x5C, 0x62, 0x53, 0xAA, 0x1B, 0x5F, 0x6A, 0xC1, 0xFD, 0xD0, 0xB0,
    0xBA, 0xB1, 0xD4, 0x60, 0xBF, 0xD4, 0x97, 0xE5, 0xFA, 0xC7, 0x74, 0x99, 0xE5, 0xC8, 0x2A, 0x3F,
    0xCA, 0x5A, 0x52, 0xB3, 0xB2, 0xBA, 0x8C, 0x2C, 0x2E, 0x23, 0x6B, 0xCB, 0xC8, 0xD2, 0x32, 0x6D,
    0x1B, 0x6B, 0x30, 0x99, 0xDA, 0x59, 0xB2, 0xFB, 0x25, 0x4C, 0x9A, 0x67, 0xDB, 0x23, 0x94, 0x9F,
    0xC5, 0xA2, 0xB0, 0xEE, 0xF9, 0xC6, 0xF9, 0x26, 0xB1, 0x6B, 0xD2, 0xDA, 0x45, 0x07, 0xA6, 0x95,
    0xEF, 0x67, 0xAE, 0x59, 0xB2, 0x23, 0x44, 0x1C, 0x25, 0x75, 0xE1, 0xE2, 0xC0, 0x67, 0x5C, 0xA2,
    0x06, 0xB2, 0x44, 0xAD, 0x1F, 0x2B, 0x89, 0x85, 0x43, 0x94, 0x0A, 0x65, 0x1E, 0x00, 0x76, 0xE8,
    0x83, 0x9B, 0x3E, 0x50, 0x74, 0x1A, 0x70, 0x9B, 0x58, 0xF2, 0x95, 0x0F, 0xC5, 0x27, 0xF9, 0x4C,
    0xB7, 0x59, 0x49, 0xBE, 0x00, 0xC3, 0x6E, 0xBB, 0xB6, 0xDB, 0x16, 0x9A, 0x83, 0x96, 0xC5, 0xFD,
    0xA5, 0x5A, 0x43, 0x84, 0x23, 0x6A, 0x13, 0x86, 0xFF, 0xE2, 0x3D, 0x69, 0xF3, 0x7E, 0xC6, 0xD4,
    0x9E, 0xD1, 0x5E, 0x12, 0x27, 0x10, 0x09, 0xBA, 0x12, 0x84, 0x82, 0xCE, 0xCC, 0x2C, 0xA4, 0x09,
    0x5E, 0x5E, 0x03, 0xA0, 0x6E, 0xD3, 0xD4, 0x3F, 0xDC, 0x82, 0xA2, 0xA9, 0xA0, 0xA9, 0x7D, 0xA3,
    0xC9, 0xAA, 0x6B, 0xEB, 0x27, 0x21, 0x1A, 0x71, 0x27, 0x9A, 0x5C, 0x74, 0x43, 0xED, 0x9D, 0x08,
    0xC7, 0x9C, 0x5B, 0x61, 0x05, 0x7F, 0xD7, 0x1B, 0x4D, 0x2C, 0x6B, 0xF4, 0xEA, 0xFB, 0xC2, 0xBA,
    0x61, 0x19, 0xAF, 0x09, 0x63, 0x23, 0x54, 0xDB, 0xF2, 0xFE, 0xB7, 0x6E, 0x58, 0x90, 0x68, 0x34,
    0xA1, 0x6E, 0x84, 0x43, 0x70, 0x4F, 0x76, 0x99, 0xA8, 0xFB, 0xD4, 0x01, 0x80, 0x60, 0x92, 0x30,
    0x7C, 0x57, 0xCC, 0x22, 0x4F, 0xE4, 0x2D, 0x11, 0x21, 0x82, 0x48, 0xD0, 0x26, 0x14, 0x3D, 0xF9,
    0x93, 0x09, 0x88, 0x24, 0xA6, 0x4C, 0x53, 0xEA, 0xEC, 0x54, 0x1D, 0x48, 0xA5, 0x4F, 0x64, 0xA2,
    0x0D, 0xC4, 0xA7, 0x64, 0x37, 0x25, 0xFF, 0x22, 0x57, 0xDE, 0x25, 0x91, 0x71, 0xF7, 0x56, 0x88,
    0x0A, 0xF8, 0xE3, 0x4F, 0x19, 0x99, 0x94, 0xD0, 0x3B, 0x5E, 0x60, 0xAD, 0x0B, 0xB9, 0xF9, 0x5A,
    0xE8, 0x7C, 0x2F, 0x5E, 0x3C, 0x79, 0x22, 0x9C, 0x14, 0x2F, 0x3E, 0x4F, 0x73, 0x53, 0x6E, 0x04,
    0x9D, 0xA9, 0xBC, 0x67, 0x3D, 0x4A, 0xCE, 0xE8, 0x83, 0xF7, 0x3B, 0xA3, 0xD2, 0x7C, 0x2B, 0x74,
    0xC4, 0x48, 0xEF, 0x4F, 0x4E, 0x84, 0xE3, 0x2E, 0x39, 0x27, 0x5E, 0xC2, 0x65, 0x78, 0x99, 0x77,
    0x7B, 0x38, 0x2C, 0xEC, 0x32, 0xC7, 0x07, 0xC4, 0xA5, 0xFD, 0x7E, 0xAD, 0xC7, 0xA3, 0x05, 0x7A,
    0x94, 0xE3, 0x84, 0x21, 0x28, 0x0D, 0xA0, 0xA2, 0x7B, 0x26, 0x52, 0xE1, 0x6F, 0x23, 0x38, 0x3B,
    0x9C, 0xF3, 0x01, 0x06, 0xFC, 0xD4, 0xA3, 0x61, 0x8F, 0x47, 0xD9, 0x6F, 0x76, 0x1C, 0xEC, 0x39,
    0x68, 0x72, 0xC6, 0xAD, 0xD9, 0x24, 0xAC, 0xDE, 0x4E, 0xC2, 0xDE, 0xEB, 0x97, 0x84, 0x99, 0xAE,
    0xC8, 0x64, 0xAB, 0x6E, 0x31, 0x12, 0x60, 0x12, 0x26, 0x89, 0xF5, 0xBA, 0xB5, 0x1B, 0xEB, 0x83,
    0xBA, 0x29, 0x62, 0xDE, 0x4C, 0x60, 0xC4, 0x0C, 0xED, 0x19, 0x9F, 0x19, 0x4F, 0xC0, 0x80, 0x02,
    0x94, 0x18, 0x9A, 0x27, 0xBC, 0x16, 0x48, 0x02, 0x96, 0x28, 0x77, 0xC2, 0x16, 0x3C, 0x86, 0x80,
    0x74, 0x5D, 0x3D, 0x55, 0x7C, 0xCE, 0xAE, 0x58, 0x92, 0x17, 0x41, 0xE8, 0x4B, 0x2D, 0xB8, 0x09,
    0x74, 0xDD, 0xE0, 0x18, 0x72, 0x4F, 0x1F, 0x9F, 0x73, 0x89, 0x17, 0x9A, 0x76, 0xA7, 0x2B, 0xB4,
    0xF8, 0x2F, 0xAE, 0xC1, 0xA8, 0x9F, 0x0B, 0x2D, 0xEF, 0x46, 0xED, 0x68, 0x19, 0x6B, 0xE6, 0x38,
    0x0E, 0x18, 0xD8, 0x84, 0x4D, 0xD5, 0x60, 0x32, 0xD5, 0xFE, 0x56, 0x1A, 0xA4, 0xB8, 0x45, 0xA1,
    0xE4, 0x09, 0x47, 0x22, 0xDF, 0x14, 0x0C, 0xEE, 0xBD, 0x24, 0x5E, 0xFC, 0x6E, 0xB6, 0xE8, 0x6F,
    0x9B, 0x0A, 0x63, 0x6A, 0x0D, 0xFB, 0x1F, 0x1F, 0x4F, 0x31, 0xC8, 0x64, 0x2A, 0x1B, 0x4F, 0xB3,
    0xCE, 0xBC, 0xF7, 0x41, 0xBB, 0xDF, 0xF3, 0x69, 0xBF, 0x0F, 0x60, 0x3A, 0x4D, 0xF0, 0x29, 0x93,
    0x4E, 0x9D, 0x09, 0xFE, 0x7C, 0x92, 0xE0, 0x17, 0xB0, 0xED, 0x6E, 0x02, 0x43, 0x16, 0x9F, 0x89,
    0xA7, 0x34, 0x15, 0x86, 0xA6, 0x92, 0xEB, 0x08, 0x36, 0x09, 0xFF, 0x84, 0x62, 0x50, 0xA6, 0x0D,
    0xE3, 0xE9, 0x7A, 0xDA, 0x5D, 0x34, 0x30, 0x8F, 0x22, 0xE7, 0x18, 0x1E, 0x13, 0xF0, 0x36, 0x6C,
    0xB0, 0x72, 0x77, 0x97, 0xA9, 0xFA, 0x65, 0x23, 0x74, 0x3F, 0x94, 0xA5, 0xAA, 0x4F, 0x84, 0x47,
    0x5D, 0x06, 0xBC, 0x5B, 0x0C, 0x5A, 0x99, 0x80, 0x57, 0x66, 0xBA, 0x97, 0x7F, 0xF5, 0xBF, 0x4E,
    0xDB, 0xEC, 0xD2, 0xAD, 0xF1, 0xEE, 0xAA, 0xC8, 0x18, 0x97, 0xCA, 0x5A, 0xC1, 0xC7, 0xE1, 0x9A,
    0xD3, 0xC0, 0x14, 0xFC, 0x31, 0xFB, 0x27, 0x59, 0x89, 0xA5, 0x04, 0x33, 0x52, 0x40, 0x94, 0x05,
    0x78, 0xB4, 0xB3, 0xF0, 0xB9, 0xC8, 0xFC, 0x14, 0x70, 0x38, 0xD2, 0x5B, 0x98, 0x72, 0x36, 0xD7,
    0xD3, 0xDF, 0x48, 0x5F, 0x43, 0x5A, 0xA4, 0x67, 0x71, 0x03, 0x00, 0x8E, 0xF7, 0x91, 0xE7, 0x90,
    0x67, 0xAE, 0x6E, 0xF1, 0x9B, 0x29, 0xDE, 0xEC, 0xE2, 0xC7, 0x2D, 0x7E, 0xBC, 0x83, 0x77, 0x32,
    0x78, 0xD3, 0x47, 0x0A, 0xFC, 0x35, 0x35, 0x33, 0x33, 0xCD, 0xAB, 0x16, 0xA0, 0x1A, 0x7C, 0xAD,
    0x29, 0xA2, 0x65, 0xC1, 0x62, 0x41, 0xD7, 0x50, 0x88, 0xA6, 0x37, 0x90, 0x47, 0x3D, 0x9F, 0xC4,
    0xDD, 0xA5, 0x76, 0x5C, 0xF4, 0xBA, 0x93, 0xF3, 0x11, 0xB8, 0x6C, 0xBA, 0x3E, 0x60, 0x25, 0x9D,
    0x4D, 0xBD, 0xE4, 0xD9, 0x2C, 0x39, 0xCA, 0x92, 0xD3, 0xA2, 0xE3, 0xB9, 0x1D, 0xC1, 0xBC, 0xBD,
    0x1F, 0x5E, 0x4C, 0x41, 0x29, 0x95, 0xF8, 0xFF, 0x76, 0x32, 0xE4, 0x3A, 0xC9, 0xC4, 0x7B, 0x9F,
    0xD2, 0x81, 0x32, 0x50, 0x03, 0x4D, 0xE7, 0x3E, 0x0A, 0xC1, 0xE5, 0x39, 0x00, 0x11, 0x7A, 0xF1,
    0xA9, 0xF5, 0x9E, 0x8F, 0x91, 0x2E, 0xE1, 0xBD, 0xC7, 0xD8, 0x7C, 0xCD, 0x8B, 0x12, 0x9B, 0x73,
    0xA8, 0xAB, 0x47, 0xA1, 0x0E, 0x70, 0x90, 0x3D, 0x2F, 0xC1, 0x0D, 0x28, 0x44, 0xB1, 0x69, 0x25,
    0x25, 0x77, 0xE3, 0x51, 0x4F, 0xF1, 0x85, 0xB3, 0x80, 0xDA, 0xF6, 0xB6, 0x50, 0x58, 0xDE, 0xD3,
    0xE6, 0xCB, 0xF6, 0x1E, 0x54, 0xBB, 0xAB, 0xE3, 0x3A, 0x80, 0x6E, 0xA8, 0x1D, 0xE4, 0x81, 0x43,
    0x3D, 0x64, 0xF7, 0x49, 0xC9, 0x00, 0xDB, 0x35, 0x4E, 0xD8, 0x79, 0x6B, 0x2E, 0xAF, 0x78, 0x6F,
    0x0F, 0x6F, 0xBC, 0x23, 0xB2, 0xB8, 0x3B, 0x82, 0xAF, 0xC4, 0x18, 0x4C, 0x46, 0x30, 0xEA, 0xE7,
    0x62, 0x0E, 0x54, 0xBD, 0xDB, 0x89, 0x6A, 0xD7, 0x89, 0x35, 0x2C, 0xB5, 0xC9, 0xF1, 0x1E, 0x7E,
    0xBE, 0xDC, 0xD7, 0xCF, 0x6C, 0x5A, 0xA1, 0x4F, 0xD3, 0xAE, 0x6E, 0x77, 0x0F, 0xFC, 0x80, 0x8F,
    0x43, 0x24, 0xEF, 0x08, 0x74, 0xF7, 0x69, 0x83, 0x4F, 0xC7, 0x21, 0x4F, 0xBD, 0xBB, 0x38, 0xEA,
    0xD7, 0x38, 0xB5, 0x6B, 0xC0, 0x46, 0x07, 0xCA, 0x26, 0x54, 0x04, 0xFB, 0x1A, 0x0B, 0xE6, 0x62,
    0x1F, 0x6A, 0x4B, 0xD5, 0xB9, 0x8C, 0x56, 0xE5, 0x8A, 0xAC, 0xB9, 0x96, 0x8F, 0xB4, 0x54, 0x18,
    0x24, 0x2B, 0x0C, 0x92, 0x15, 0xA0, 0xD4, 0xFE, 0x66, 0xB0, 0x24, 0xA2, 0xEE, 0x04, 0x15, 0xC8,
    0x29, 0xA3, 0x5A, 0x9B, 0x42, 0x69, 0xD2, 0x1F, 0xE2, 0x53, 0xB4, 0x65, 0x66, 0x71, 0xA3, 0x22,
    0x3D, 0xBA, 0x22, 0x4D, 0xA0, 0x9F, 0xE4, 0x28, 0x25, 0x14, 0x79, 0x96, 0xC5, 0x08, 0x44, 0xC6,
    0x29, 0x17, 0xFC, 0x31, 0xDF, 0xF9, 0x4F, 0x39, 0xD9, 0x97, 0xFF, 0x68, 0x3E, 0x7D, 0x70, 0xE4,
    0xD5, 0x12, 0xAA, 0x71, 0x4B, 0xAE, 0x9E, 0xE8, 0x3B, 0xC2, 0x01, 0x0A, 0x78, 0x12, 0x4F, 0xF1,
    0x63, 0xE9, 0x01, 0xD9, 0xF9, 0x29, 0xB2, 0xE4, 0x1C, 0xC9, 0x18, 0x7B, 0xDD, 0x92, 0x87, 0x7B,
    0xC9, 0x76, 0x7A, 0x07, 0x80, 0x95, 0xEC, 0x49, 0x3C, 0xFD, 0x42, 0x91, 0xE2, 0xAB, 0x22, 0xEA,
    0xB7, 0x5A, 0x39, 0x2A, 0x06, 0xEB, 0xE3, 0xCB, 0x87, 0x46, 0x72, 0xD6, 0xFA, 0xD1, 0x8D, 0x58,
    0xE4, 0xEF, 0xFD, 0x52, 0xD2, 0x69, 0x9E, 0x92, 0xAD, 0x10, 0x9F, 0x6D, 0x76, 0xF0, 0xDD, 0xD6,
    0x97, 0xDA, 0x87, 0xF0, 0x7F, 0x0B, 0x4A, 0xF0, 0xBE, 0x6E, 0x96, 0xA3, 0xF1, 0x91, 0xD2, 0xD8,
    0x34, 0x92, 0x2E, 0xA4, 0xCE, 0x39, 0x00, 0x36, 0x71, 0x8E, 0xC2, 0x88, 0x8E, 0x26, 0x8D, 0xFE,
    0x81, 0x83, 0xEC, 0x45, 0xF0, 0x1A, 0xD8, 0x80, 0x02, 0x14, 0xD2, 0xD2, 0x0F, 0x3F, 0xE6, 0x7B,
    0xDF, 0x11, 0x7F, 0xB0, 0x24, 0xCD, 0x2E, 0x0F, 0x3D, 0xE8, 0x78, 0xF7, 0x60, 0xB2, 0x66, 0x9C,
    0x1A, 0xCE, 0x27, 0x51, 0x80, 0x57, 0xC9, 0xBD, 0xAE, 0x32, 0xA0, 0xF9, 0xF5, 0xAC, 0x1A, 0xDF,
    0xD6, 0x58, 0xD5, 0x49, 0x6D, 0x6A, 0xCD, 0x6F, 0x66, 0x45, 0xEF, 0x76, 0x5C, 0x19, 0x0A, 0xCF,
    0xA4, 0xF7, 0x59, 0xDF, 0x8C, 0x1F, 0xEA, 0xC5, 0x8F, 0x79, 0x9A, 0xD6, 0xB6, 0x7A, 0x52, 0xC1,
    0x9A, 0x83, 0x34, 0x0C, 0x8F, 0xE3, 0x06, 0xA8, 0x6B, 0x2B, 0xCE, 0xB6, 0x9E, 0x95, 0xB5, 0x10,
    0xB6, 0x30, 0xF1, 0xA7, 0x7C, 0xB0, 0xCA, 0x07, 0x77, 0xFF, 0xC1, 0x60, 0x23, 0x16, 0xE1, 0x1B,
    0xC0, 0x10, 0x7C, 0xA0, 0x82, 0x1A, 0x30, 0xCF, 0x49, 0xBF, 0xE3, 0xD6, 0xE1, 0xDE, 0x3C, 0x29,
    0xBD, 0x96, 0x97, 0x83, 0x1C, 0xDE, 0x50, 0x48, 0xF0, 0xDA, 0x10, 0x4E, 0x2C, 0xAB, 0xFB, 0x8B,
    0x36, 0x04, 0x57, 0x5E, 0x09, 0x8D, 0x60, 0xA5, 0x9E, 0x31, 0x1B, 0xF1, 0x6D, 0x33, 0xEC, 0x93,
    0x89, 0xFD, 0x28, 0xC7, 0x91, 0xDA, 0xC2, 0xDB, 0x32, 0x66, 0x46, 0xFE, 0x7D, 0x87, 0x6D, 0x74,
    0x4A, 0x89, 0x1F, 0x68, 0xAA, 0xF4, 0xEB, 0x04, 0x92, 0x7A, 0x1D, 0x25, 0xF9, 0xA8, 0x54, 0x92,
    0x85, 0x52, 0x5A, 0x40, 0xA9, 0x34, 0x64, 0xEF, 0xB3, 0xBE, 0x79, 0x3D, 0x2E, 0x6D, 0xB4, 0xFE,
    0x89, 0x6E, 0x7D, 0xB4, 0x0E, 0x72, 0x02, 0x18, 0x14, 0xE2, 0x1D, 0x03, 0x18, 0x88, 0x14, 0x29,
    0xD5, 0x40, 0xE4, 0xD7, 0x86, 0x81, 0xDE, 0xAC, 0x1A, 0x0C, 0x1A, 0xD8, 0xA7, 0xC3, 0x67, 0x57,
    0x2E, 0xA2, 0xDA, 0xBA, 0x92, 0x6E, 0x7A, 0xCB, 0x94, 0x1A, 0xD0, 0x91, 0x6C, 0xBA, 0x47, 0x72,
    0xCB, 0x00, 0x85, 0x14, 0xAA, 0x08, 0x2D, 0xFE, 0xF1, 0x51, 0xCB, 0x93, 0xC7, 0x17, 0x39, 0xEC,
    0xA7, 0x12, 0x1F, 0xA9, 0xDE, 0x4C, 0x2F, 0x25, 0xF7, 0xCD, 0xF4, 0x08, 0x27, 0x07, 0x34, 0xFA,
    0x42, 0xCD, 0x0C, 0x44, 0xD7, 0x8C, 0x39, 0xB5, 0xCF, 0xDE, 0x7B, 0xFD, 0x94, 0x25, 0xF7, 0x3B,
    0x41, 0x67, 0x32, 0xB4, 0x7D, 0x57, 0x3F, 0x36, 0xFB, 0x56, 0x3E, 0x36, 0xA0, 0x9D, 0x65, 0xDF,
    0xE0, 0x5F, 0x23, 0xA3, 0x6B, 0x4B, 0x66, 0xD0, 0x28, 0x43, 0xD6, 0xE8, 0x4A, 0x7C, 0x71, 0xF4,
    0xCA, 0x34, 0x39, 0xC8, 0xBC, 0xDF, 0xCB, 0xB2, 0xBE, 0xCC, 0x9F, 0x3D, 0x9D, 0xFA, 0xF2, 0x0F,
    0x02, 0x03, 0xA7, 0x7E, 0x5F, 0x0C, 0x7A, 0x59, 0xBA, 0x9D, 0x4B, 0x7C, 0xA9, 0x4E, 0x49, 0xB7,
    0xA5, 0xEF, 0xA3, 0x57, 0xFC, 0xEC, 0xE9, 0x79, 0x1D, 0x80, 0x22, 0x4C, 0x7F, 0x10, 0x40, 0x5D,
    0x57, 0xF7, 0xE1, 0x2E, 0xE3, 0x30, 0xD2, 0x92, 0xE3, 0x70, 0x65, 0xBB, 0xBD, 0x69, 0x9C, 0xE8,
    0xBE, 0xA1, 0x4F, 0x79, 0x0F, 0xE6, 0xD5, 0xEE, 0x6E, 0x0F, 0x82, 0xF3, 0xA6, 0x81, 0x77, 0x90,
    0x64, 0x7B, 0xE9, 0x3C, 0xB2, 0x79, 0x8F, 0x4D, 0x9C, 0x28, 0xBC, 0x5B, 0x78, 0x57, 0x64, 0x6C,
    0x8C, 0x9B, 0x88, 0x0E, 0x50, 0xDE, 0x94, 0x5F, 0x7F, 0x01, 0x38, 0x02, 0x9C, 0xD3, 0xC8, 0xCA,
    0x1E, 0x19, 0x9A, 0x26, 0xE5, 0xE8, 0x79, 0x40, 0x35, 0xCB, 0x3E, 0xCA, 0x35, 0x6F, 0x07, 0xC7,
    0xDE, 0xD8, 0x77, 0x10, 0x58, 0x2D, 0x00, 0x33, 0x5F, 0x9C, 0x9D, 0xD9, 0x2B, 0x43, 0x7B, 0xB7,
    0x6F, 0x86, 0xC6, 0xD2, 0x93, 0xA1, 0x11, 0x8F, 0xB5, 0x04, 0xDF, 0xC4, 0x0B, 0x6F, 0xE4, 0xFF,
    0x42, 0xF0, 0x06, 0x94, 0x27, 0xCF, 0xD0, 0xFA, 0xEE, 0xEF, 0xC5, 0x22, 0x37, 0x3D, 0x57, 0xB2,
    0x9D, 0x8F, 0xD4, 0x1C, 0x50, 0x72, 0x03, 0x50, 0x7A, 0xF6, 0xF7, 0xB9, 0x78, 0x19, 0xCE, 0x96,
    0x5A, 0xEB, 0xA4, 0x28, 0xD2, 0xCC, 0x7F, 0x4E, 0x53, 0x03, 0xE2, 0x4F, 0x43, 0x77, 0xC8, 0xAA,
    0x6B, 0x4F, 0x05, 0xD4, 0xBA, 0xBB, 0x95, 0x6C, 0xD9, 0xB9, 0x34, 0x46, 0xA6, 0x78, 0xFE, 0x1D,
    0xA2, 0xBD, 0x64, 0x1A, 0xD9, 0x4C, 0x38, 0xF5, 0xF3, 0x5A, 0xEA, 0xE7, 0x17, 0x18, 0x32, 0x59,
    0xAC, 0x0F, 0xE8, 0xB0, 0xCE, 0xF8, 0x3E, 0xD6, 0xCF, 0x3D, 0xDE, 0x48, 0x13, 0x93, 0x34, 0xB5,
    0x54, 0x2D, 0x0C, 0x02, 0x79, 0xB0, 0xA4, 0x3B, 0x3D, 0x43, 0x3F, 0xC5, 0xF3, 0x3B, 0x82, 0x54,
    0xB8, 0xF1, 0xD3, 0x11, 0xBD, 0xC9, 0xD9, 0x2C, 0x30, 0xB0, 0x2D, 0x99, 0x43, 0x21, 0xC0, 0x5C,
    0x6F, 0xF7, 0xEB, 0x4F, 0x9B, 0x09, 0xA3, 0x9D, 0xAF, 0xEA, 0x7F, 0x49, 0xF3, 0xA8, 0x2D, 0x15,
    0xD3, 0xDC, 0x81, 0x0C, 0x3E, 0x82, 0x18, 0x74, 0xF7, 0xB4, 0xE0, 0xFF, 0x91, 0x99, 0x70, 0x70,
    0x04, 0x14, 0x69, 0x52, 0x00, 0x5E, 0xD5, 0xE5, 0x1E, 0xF0, 0xCC, 0x5E, 0x36, 0xDF, 0xEF, 0x6F,
    0xB3, 0x1D, 0x9E, 0xA7, 0xCE, 0xB1, 0x49, 0xF6, 0xDA, 0x36, 0x37, 0x12, 0x9B, 0xF7, 0xED, 0x81,
    0xAF, 0xFF, 0x2E, 0x39, 0xB6, 0x1D, 0x3C, 0xF0, 0x5C, 0x80, 0xFC, 0xA3, 0xDE, 0x70, 0xFC, 0x88,
    0x39, 0xF6, 0xF4, 0xE3, 0x73, 0xEC, 0xEC, 0xAC, 0xA3, 0x41, 0x45, 0x2E, 0xBF, 0xF5, 0x22, 0x67,
    0x9D, 0xB3, 0x83, 0x43, 0xD9, 0x59, 0xD7, 0x75, 0x8A, 0x83, 0x8F, 0xCC, 0xE1, 0xAF, 0x4E, 0x83,
    0xA6, 0x80, 0x62, 0xE4, 0x6D, 0x23, 0x07, 0x1C, 0xE8, 0xBB, 0x06, 0x3B, 0x89, 0xA7, 0x91, 0x5F,
    0xE8, 0xEF, 0x8D, 0xB9, 0x38, 0xE0, 0xF2, 0x6B, 0xD2, 0x70, 0x6B, 0xAE, 0x13, 0xA9, 0xB5, 0x64,
    0x5D, 0x76, 0x17, 0x2D, 0xA1, 0x58, 0xE7, 0xCF, 0xCE, 0x68, 0x14, 0xA0, 0x51, 0xF6, 0xB5, 0xC4,
    0x75, 0xAD, 0x6B, 0x8B, 0x5A, 0x76, 0x3D, 0xCD, 0xE7, 0x92, 0x33, 0xDD, 0x1C, 0x5D, 0x99, 0xD6,
    0x30, 0x90, 0x5A, 0x88, 0x61, 0xD4, 0x19, 0x5E, 0xB7, 0x2B, 0xC0, 0x3A, 0x08, 0x6E, 0x10, 0xE0,
    0x0E, 0x01, 0x1C, 0x85, 0xC8, 0x85, 0xC0, 0x60, 0x20, 0x6A, 0x19, 0x69, 0x0D, 0x1A, 0x00, 0x79,
    0xC3, 0x70, 0x7E, 0x0A, 0xC3, 0x7F, 0xCE, 0xA7, 0x47, 0x74, 0x4B, 0x04, 0xD9, 0x63, 0x3C, 0x47,
    0xFD, 0x81, 0xBB, 0x06, 0x9E, 0xE0, 0x91, 0x39, 0xC1, 0xA7, 0x9F, 0x06, 0x93, 0x0F, 0x59, 0xF5,
    0xE4, 0x7F, 0x54, 0xB8, 0x3F, 0xB8, 0x61, 0x59, 0xBE, 0x35, 0x1D, 0x07, 0xBF, 0x05, 0xFD, 0x59,
    0x18, 0xC7, 0x3F, 0x85, 0xC3, 0x7C, 0xF6, 0xEB, 0x27, 0x49, 0xE5, 0x75, 0x5A, 0xE1, 0x9E, 0xB4,
    0xA6, 0x22, 0xDD, 0x16, 0xB9, 0x01, 0x75, 0xB6, 0xB3, 0x9A, 0xF1, 0x6A, 0xD7, 0x8D, 0x49, 0x8C,
    0x35, 0xA3, 0x57, 0xE3, 0x6F, 0xA7, 0x56, 0x3E, 0x32, 0xD8, 0xEB, 0x3F, 0x80, 0x15, 0xFD, 0xB6,
    0x58, 0x2F, 0x12, 0x0E, 0xFB, 0x0B, 0x75, 0x8A, 0x3B, 0xD8, 0xF0, 0x6C, 0xFA, 0xD6, 0x9E, 0x9F,
    0xFD, 0xF3, 0x00, 0xF6, 0xD3, 0x85, 0x3D, 0x79, 0x06, 0x37, 0x2F, 0x38, 0x91, 0xDC, 0x2B, 0xFA,
    0xCF, 0xDA, 0x30, 0x3D, 0x7C, 0x95, 0x29, 0x46, 0xCC, 0x14, 0x43, 0xC3, 0x8A, 0xF3, 0x1F, 0x30,
    0x3D, 0x5F, 0x09, 0x3A, 0x79, 0x06, 0xF1, 0xB4, 0xD3, 0x92, 0xCB, 0x94, 0xBF, 0xAE, 0x19, 0xD0,
    0x56, 0x18, 0x3B, 0x42, 0x76, 0xC3, 0xA5, 0xBD, 0x80, 0xE9, 0x4D, 0x36, 0xD8, 0xEC, 0xFE, 0x5F,
    0x7A, 0xC4, 0xDB, 0x92, 0xF5, 0x04, 0xF9, 0xF4, 0xA8, 0x4C, 0x24, 0x33, 0x08, 0x7A, 0x82, 0x3B,
    0x6E, 0xEB, 0x54, 0xB7, 0xFF, 0x08, 0x13, 0x8C, 0x69, 0xD7, 0xAE, 0xCF, 0xEB, 0x99, 0x64, 0x43,
    0x72, 0x22, 0xA6, 0x44, 0xC5, 0xA0, 0x6C, 0x72, 0x80, 0x19, 0x7E, 0x73, 0xE5, 0x62, 0x35, 0xE6,
    0x33, 0xB0, 0xE6, 0xD4, 0xBF, 0x77, 0x3E, 0x4B, 0xF5, 0x63, 0x51, 0x4C, 0x4F, 0xDF, 0xFF, 0xAA,
    0x66, 0xC0, 0xF1, 0x46, 0x32, 0x50, 0xB0, 0xC9, 0x86, 0x9D, 0x9D, 0xFB, 0x41, 0x39, 0x26, 0xF2,
    0x7B, 0x13, 0x7C, 0x3A, 0x49, 0xC8, 0x43, 0x1F, 0xD0, 0xDF, 0x44, 0x50, 0x3B, 0x58, 0x0A, 0xB0,
    0x0C, 0xE5, 0xF7, 0xEC, 0x63, 0x0D, 0x11, 0x77, 0xDD, 0x2E, 0x51, 0xD5, 0x74, 0x79, 0x0C, 0xB6,
    0x47, 0xCF, 0xEE, 0x75, 0x5A, 0xE1, 0xE8, 0xEC, 0x29, 0xCF, 0xAB, 0xA0, 0xFF, 0xE7, 0x86, 0xC7,
    0xEF, 0x36, 0x9A, 0xEF, 0x52, 0xBC, 0x5D, 0x19, 0x10, 0x8A, 0x07, 0xC0, 0x0A, 0x77, 0x9B, 0xFE,
    0x5B, 0xD8, 0xAC, 0x70, 0xAE, 0x79, 0xFF, 0x4B, 0x4B, 0x33, 0x91, 0x3B, 0xDD, 0xDA, 0x9F, 0x78,
    0xB7, 0xF9, 0x7F, 0x9D, 0x99, 0x01, 0x68, 0x1C, 0x57, 0x7A, 0xC7, 0xFF, 0x6F, 0x46, 0xD2, 0xD8,
    0x7E, 0xF5, 0x1B, 0x15, 0xAC, 0x8B, 0x88, 0x57, 0xBB, 0x86, 0x06, 0x38, 0x7C, 0xB3, 0x5A, 0x03,
    0x82, 0xDB, 0xDC, 0xAD, 0xBC, 0xD3, 0x84, 0x52, 0x40, 0x60, 0x3B, 0xD4, 0x3A, 0xA0, 0x6D, 0x9C,
    0x02, 0x00, 0xC5, 0x55, 0x62, 0x5F, 0xEA, 0x72, 0x2E, 0x91, 0xAD, 0xF1, 0x09, 0x6A, 0xE8, 0x72,
    0xB1, 0x5A, 0x52, 0x0A, 0xF4, 0x0E, 0x7A, 0x57, 0x80, 0xD4, 0x77, 0xA9, 0x95, 0x44, 0xA5, 0x3A,
    0xCE, 0x89, 0x56, 0x5E, 0xC0, 0x50, 0x81, 0x3B, 0xBE, 0xB6, 0x04, 0x48, 0xD3, 0x4C, 0x14, 0x1F,
    0x29, 0xB5, 0x93, 0x4C, 0x2F, 0x93, 0x66, 0x93, 0x93, 0x76, 0xFA, 0x7D, 0xB3, 0x6F, 0x47, 0xB3,
    0xE3, 0xAD, 0xEC, 0xBB, 0x81, 0xEF, 0xCF, 0xCE, 0x5A, 0xF3, 0xDB, 0xFF, 0xFC, 0xDF, 0xBC, 0xF7,
    0xBD, 0x5D, 0xDB, 0x71, 0xDC, 0x01, 0x44, 0x08, 0xC0, 0x88, 0x48, 0xAC, 0x57, 0x48, 0x2E, 0xCA,
    0x25, 0xC8, 0x48, 0x74, 0xB0, 0xCF, 0xC5, 0xA3, 0x48, 0x8E, 0x85, 0x38, 0x8E, 0x9B, 0xA8, 0x99,
    0x1E, 0xE0, 0xB0, 0xF0, 0x2B, 0x2B, 0x8E, 0xB7, 0x60, 0xB9, 0x28, 0x64, 0x85, 0xDF, 0xDB, 0x39,
    0x2A, 0xC9, 0xA9, 0xD1, 0x84, 0x16, 0x33, 0x20, 0x91, 0xCB, 0x24, 0xE5, 0x32, 0x20, 0x22, 0xE9,
    0xA1, 0xE2, 0x89, 0x6D, 0x7C, 0x19, 0x18, 0x47, 0xEE, 0x88, 0xE9, 0xF0, 0x66, 0xE9, 0xC8, 0xA2,
    0x4C, 0x9F, 0x01, 0x6C, 0xF7, 0xC2, 0x34, 0x70, 0x30, 0x90, 0x77, 0xF0, 0x38, 0x30, 0x97, 0xB9,
    0x22, 0x47, 0x29, 0xC5, 0x31, 0xDF, 0x17, 0xA6, 0x06, 0xCA, 0xF0, 0xEC, 0xEC, 0x49, 0x94, 0xBA,
    0x64, 0xF6, 0x67, 0xB1, 0xBF, 0xE2, 0x79, 0x40, 0xAC, 0x96, 0x5C, 0x54, 0x7C, 0x63, 0x0B, 0x07,
    0xD8, 0xDA, 0x20, 0xBC, 0x1A, 0x20, 0x36, 0x7F, 0x9A, 0x98, 0x9D, 0x3D, 0x81, 0x6E, 0xB0, 0x48,
    0x82, 0x6D, 0x93, 0xD8, 0xA7, 0x80, 0x91, 0x6D, 0xEB, 0x73, 0xD8, 0x4B, 0x38, 0x93, 0xCD, 0xB4,
    0x77, 0xA4, 0xD1, 0x39, 0x2C, 0x05, 0x98, 0x7C, 0x6A, 0xBA, 0x80, 0x16, 0xE6, 0xA5, 0x47, 0x16,
    0x6F, 0x32, 0xBE, 0x44, 0x76, 0x47, 0xDA, 0xC6, 0xE7, 0x50, 0x64, 0x7B, 0x30, 0x3E, 0x3F, 0x5A,
    0xB9, 0x21, 0x4B, 0xA1, 0x22, 0xEA, 0x79, 0x96, 0xDD, 0x87, 0xC1, 0x87, 0x1D, 0x89, 0x18, 0x7B,
    0x81, 0x91, 0x3C, 0xD9, 0x70, 0x31, 0xCE, 0xFE, 0x1C, 0x98, 0x1E, 0x8B, 0xF6, 0xEC, 0x68, 0xE1,
    0xD3, 0x5D, 0x3C, 0xDB, 0x3B, 0x9E, 0x1F, 0xBD, 0xDF, 0xF3, 0x09, 0x96, 0x10, 0xFD, 0x57, 0x00,
    0xA2, 0x6D, 0x46, 0x90, 0x1E, 0x9E, 0x7B, 0x98, 0x34, 0x6C, 0x6F, 0x70, 0x1A, 0xFC, 0x38, 0x79,
    0x30, 0x7E, 0x36, 0x1C, 0x69, 0xE3, 0x6C, 0xD7, 0xB8, 0x23, 0x56, 0xF9, 0x0F, 0x97, 0x90, 0x3D,
    0x14, 0x57, 0x3D, 0xDE, 0x52, 0x70, 0xB0, 0x53, 0x35, 0x5D, 0x17, 0xA9, 0x3E, 0x80, 0x32, 0x5A,
    0x4D, 0x65, 0x5D, 0x0A, 0x55, 0x09, 0x17, 0xD4, 0x79, 0xEC, 0x57, 0xA3, 0x7C, 0x5D, 0x7F, 0x39,
    0x87, 0xAF, 0xBE, 0xEC, 0x1C, 0x7E, 0xF3, 0x65, 0x07, 0x55, 0x22, 0xD4, 0xA8, 0xE6, 0xA9, 0x3E,
    0x86, 0x43, 0xD7, 0x3A, 0xF6, 0x6F, 0x46, 0x0E, 0xBD, 0xE5, 0x8C, 0xEA, 0xE1, 0xD7, 0xC9, 0x39,
    0xB9, 0x2A, 0x50, 0x0D, 0x21, 0x39, 0x21, 0x47, 0x0E, 0x12, 0x1C, 0xB3, 0xB4, 0x4C, 0xB3, 0xAC,
    0x91, 0x18, 0xFF, 0xEA, 0x39, 0x90, 0x97, 0x22, 0x87, 0xDF, 0x72, 0xD0, 0xC5, 0xBA, 0x24, 0xA2,
    0xD9, 0x15, 0x64, 0x85, 0xA2, 0x01, 0x78, 0xA2, 0xE5, 0xF0, 0x83, 0xC8, 0x22, 0x25, 0x1F, 0x45,
    0xAD, 0x47, 0x46, 0x8F, 0x22, 0x7C, 0x60, 0x20, 0x3E, 0x3D, 0x06, 0xE3, 0x2F, 0xB2, 0x7C, 0xE0,
    0x3A, 0x30, 0x6F, 0x04, 0x0E, 0x2A, 0xB8, 0xCE, 0x29, 0x0D, 0x69, 0xB2, 0x91, 0x99, 0x18, 0xEC,
    0x80, 0x4E, 0x73, 0x78, 0x17, 0xFA, 0x18, 0x1A, 0x9B, 0x3D, 0xE9, 0x30, 0x9C, 0xB1, 0x5C, 0x4C,
    0x66, 0xB0, 0x79, 0xC3, 0x77, 0x18, 0x5B, 0xC5, 0x9E, 0x04, 0x63, 0xC5, 0xCF, 0x6C, 0xC1, 0xFC,
    0xFD, 0x02, 0x97, 0x15, 0x53, 0xB9, 0x85, 0x6E, 0xC5, 0xEF, 0x6E, 0xF5, 0x58, 0x54, 0x7D, 0x2C,
    0x2E, 0xCE, 0x40, 0xBC, 0xE5, 0x39, 0x34, 0xD8, 0xCE, 0x51, 0xCC, 0x3B, 0x8F, 0x69, 0x97, 0xEC,
    0xD1, 0xA0, 0x6C, 0xFB, 0x6A, 0xE7, 0xF1, 0x2F, 0xA4, 0x83, 0x9F, 0xF5, 0x75, 0x37, 0xEF, 0x2B,
    0xB9, 0xA5, 0x02, 0x95, 0x23, 0x7C, 0x2A, 0xBA, 0x9E, 0x5F, 0x27, 0xA5, 0x59, 0xB9, 0x11, 0x1A,
    0xBB, 0x70, 0x72, 0x97, 0x1C, 0x4B, 0x9C, 0x63, 0x8F, 0xCC, 0x72, 0x96, 0x65, 0x85, 0xCF, 0x18,
    0x66, 0xDE, 0x22, 0xA9, 0x58, 0x3E, 0xAC, 0x08, 0x6F, 0xF2, 0x54, 0x1E, 0xCE, 0xDF, 0xF6, 0x80,
    0x18, 0x03, 0xB2, 0x3B, 0xEF, 0xE8, 0xC1, 0x19, 0xC7, 0x41, 0xCA, 0xFE, 0xF3, 0xE1, 0xD0, 0xE0,
    0xDE, 0xD0, 0xBD, 0xED, 0x1A, 0x9F, 0xE3, 0x60, 0xC7, 0x7D, 0x50, 0x84, 0x52, 0x47, 0x78, 0x48,
    0x8F, 0x6C, 0xF7, 0x16, 0x57, 0xBB, 0xE6, 0xCC, 0x7F, 0x01, 0x2A, 0x66, 0x60, 0x46, 0xB8, 0x08,
    0x60, 0x97, 0x07, 0xF3, 0x02, 0xCB, 0x5D, 0x12, 0xB3, 0xE5, 0xEB, 0x27, 0x67, 0x0A, 0x7B, 0x06,
    0x3E, 0x93, 0x7C, 0xDA, 0xE1, 0xD3, 0xC1, 0x0F, 0xA6, 0xB6, 0xCA, 0x91, 0xE6, 0x6F, 0xDB, 0xBA,
    0x11, 0xA4, 0xA3, 0x9D, 0x4E, 0xCF, 0x09, 0xC3, 0xCB, 0x16, 0xBD, 0xB7, 0xDD, 0x07, 0xD3, 0x7E,
    0x3F, 0x89, 0xC9, 0x5B, 0x73, 0xD9, 0x81, 0x91, 0x8A, 0xA9, 0xA5, 0xE2, 0x9B, 0xCD, 0xA8, 0x7C,
    0xC2, 0xF2, 0xDB, 0x0E, 0xF6, 0x7D, 0xFF, 0x9E, 0x83, 0x89, 0x3F, 0xFE, 0x0E, 0x7D, 0x6E, 0x5D,
    0xCE, 0xE1, 0xC8, 0x84, 0x39, 0x97, 0x52, 0x72, 0x32, 0xD4, 0x47, 0x0E, 0x52, 0x09, 0x2B, 0xBE,
    0xD5, 0x0C, 0xCB, 0xAE, 0xFA, 0xC1, 0x8F, 0x1C, 0x38, 0x2F, 0x1C, 0x73, 0x70, 0x6E, 0xD2, 0x22,
    0xCA, 0x10, 0x5F, 0x96, 0xDA, 0x1E, 0x0C, 0x65, 0xE9, 0x77, 0x7F, 0xF8, 0x07, 0x57, 0x1D, 0x7C,
    0x65, 0xF3, 0x0B, 0xED, 0x59, 0x4B, 0x38, 0xE9, 0x99, 0x7E, 0x34, 0xE9, 0xC9, 0xD7, 0xD8, 0xEE,
    0xD7, 0xE9, 0x33, 0xAA, 0xC5, 0xCC, 0x67, 0xEC, 0xB6, 0xC0, 0xA4, 0xE3, 0x38, 0xFC, 0xD4, 0xAC,
    0x42, 0xE5, 0x17, 0xB1, 0x82, 0xF0, 0x97, 0x53, 0x09, 0xED, 0xD0, 0x0C, 0xDA, 0x0A, 0xF2, 0xF9,
    0x77, 0x14, 0xCA, 0x95, 0x99, 0x17, 0xF1, 0x98, 0x32, 0x8E, 0xF1, 0xD5, 0x1E, 0x04, 0x0C, 0x1F,
    0xE6, 0x25, 0x5A, 0xC1, 0x4D, 0x4F, 0xB8, 0x30, 0x3D, 0xBB, 0x4D, 0x52, 0x55, 0xF4, 0xDE, 0x59,
    0x09, 0x33, 0x9E, 0x2E, 0xC2, 0x78, 0x49, 0xB6, 0xC1, 0x47, 0x26, 0x1C, 0x43, 0xE7, 0xD2, 0x0B,
    0xE7, 0x76, 0x44, 0x9E, 0x5F, 0xFF, 0x9E, 0x83, 0xF3, 0x1C, 0xF1, 0xE8, 0x1E, 0x31, 0x30, 0x17,
    0xDD, 0xC5, 0xD8, 0xB8, 0xE9, 0xE5, 0x3B, 0xEF, 0x01, 0x8C, 0x3D, 0x35, 0x9B, 0xC1, 0xEB, 0x48,
    0x52, 0xBC, 0x7A, 0xFD, 0xBB, 0x0E, 0xE6, 0xFB, 0xF1, 0x56, 0xFC, 0xE5, 0x02, 0x69, 0x22, 0x95,
    0x2D, 0x3A, 0x2D, 0xCF, 0xC1, 0x72, 0xE9, 0xD4, 0x02, 0x4B, 0x7C, 0x6D, 0x2B, 0x13, 0x4E, 0xDE,
    0x7D, 0x7E, 0x68, 0xAF, 0x0F, 0x1A, 0x5A, 0xBD, 0x46, 0xF2, 0xA2, 0x93, 0x97, 0x74, 0x11, 0xCA,
    0x87, 0xF3, 0xC8, 0xED, 0x4F, 0x77, 0x12, 0xAA, 0x34, 0x49, 0x68, 0x54, 0x37, 0xDB, 0x0E, 0xCA,
    0x2F, 0x9C, 0x62, 0x3C, 0xDF, 0xC2, 0x90, 0x70, 0x60, 0x78, 0xDC, 0xE2, 0x09, 0xA5, 0x85, 0x79,
    0xB9, 0xD3, 0x34, 0x9C, 0xC1, 0x78, 0x36, 0x9E, 0xDC, 0x82, 0xFC, 0x29, 0xE1, 0x27, 0xBE, 0xF5,
    0x74, 0x6E, 0x00, 0x58, 0x96, 0x59, 0x22, 0x2A, 0xC1, 0x38, 0xEB, 0x0A, 0xC9, 0x45, 0x33, 0xE0,
    0x95, 0x69, 0x0D, 0x02, 0x3B, 0x2B, 0x13, 0x0A, 0x8C, 0x2F, 0x30, 0xB4, 0xC0, 0xD9, 0x27, 0xAF,
    0x4A, 0x81, 0xD5, 0x8C, 0x8A, 0xAE, 0xDA, 0xBC, 0x57, 0xA0, 0x70, 0x8E, 0x17, 0x38, 0x9C, 0xEF,
    0xF2, 0xDF, 0x17, 0xB4, 0xB1, 0x2A, 0x02, 0xA0, 0xC6, 0x32, 0x2F, 0x42, 0xE0, 0x23, 0x73, 0x15,
    0x56, 0xEB, 0x4A, 0x11, 0x25, 0xB1, 0x65, 0x35, 0x87, 0x30, 0x3A, 0x38, 0x7B, 0x23, 0x9F, 0xFD,
    0xCB, 0x83, 0xB2, 0x2F, 0xF0, 0x1E, 0xD3, 0x83, 0xF8, 0x54, 0x44, 0x99, 0x5C, 0xC4, 0x1D, 0xAC,
    0x02, 0x95, 0xDC, 0x5E, 0x42, 0x2C, 0x7A, 0x80, 0xD1, 0xF2, 0xEA, 0xEF, 0xFE, 0x6F, 0xCB, 0x7B,
    0xE4, 0xF2, 0x5F, 0xB6, 0x3C, 0xF3, 0xC9, 0x6F, 0x67, 0xC5, 0x7A, 0xF2, 0xDB, 0x77, 0x3D, 0x6B,
    0xF1, 0xC6, 0x5D, 0x4F, 0xDE, 0xBC, 0xD1, 0xF2, 0xF6, 0xFF, 0xF3, 0x66, 0xCB, 0x73, 0x3E, 0x7C,
    0xBE, 0xE5, 0x9D, 0x9B, 0x3F, 0xDA, 0xF2, 0x46, 0x0F, 0x8D, 0xB4, 0x18, 0xD0, 0x2F, 0x30, 0xBD,
    0x84, 0x7C, 0xF8, 0xCF, 0xBF, 0xCF, 0xE4, 0x4F, 0x19, 0x75, 0x29, 0x91, 0xB7, 0x08, 0xB5, 0x1E,
    0x7B, 0x72, 0x71, 0x9D, 0x51, 0xF4, 0xAF, 0xB5, 0xED, 0xC7, 0x5B, 0xDE, 0xD9, 0x6A, 0x91, 0x2F,
    0x13, 0x2C, 0x7A, 0x72, 0x26, 0x94, 0x41, 0xE2, 0x92, 0x18, 0x24, 0x42, 0x93, 0x0F, 0x5E, 0xBE,
    0x9D, 0x90, 0xD9, 0xE9, 0x3A, 0x0B, 0xE3, 0x2F, 0xAF, 0xBF, 0x45, 0xF8, 0x57, 0x5B, 0x5E, 0x75,
    0xFB, 0x6B, 0x2D, 0xEF, 0x48, 0xF5, 0xD1, 0x1E, 0xDE, 0x65, 0x09, 0xC5, 0x22, 0x09, 0x80, 0x8C,
    0x24, 0x7B, 0xB1, 0xB1, 0xEE, 0x86, 0x43, 0x70, 0xDD, 0x6F, 0x9C, 0xC9, 0xF6, 0x4D, 0xFA, 0x34,
    0xE7, 0x3F, 0xBF, 0x49, 0xB7, 0x7F, 0x9D, 0x6F, 0x7F, 0x74, 0x58, 0x7B, 0x46, 0xCE, 0x73, 0x72,
    0x1A, 0x00, 0x60, 0xD1, 0x78, 0x00, 0x79, 0xBC, 0xA5, 0xF1, 0x3D, 0xE3, 0x8B, 0x64, 0x5C, 0x6D,
    0xBC, 0x47, 0xB9, 0x7C, 0xF8, 0x27, 0x94, 0xCB, 0xFC, 0x24, 0xE1, 0x47, 0x7B, 0xB9, 0xF4, 0xA0,
    0x66, 0x5E, 0x92, 0x7F, 0xC8, 0x8D, 0x6A, 0x82, 0xFF, 0x4A, 0xE3, 0xBD, 0x1D, 0xFC, 0x5D, 0xC2,
    0x93, 0xA8, 0xE4, 0x16, 0x3E, 0xFA, 0x66, 0x3A, 0x82, 0x8C, 0xFF, 0x5B, 0xCE, 0x34, 0x41, 0x85,
    0x29, 0x6F, 0x30, 0x5E, 0x20, 0xFF, 0xBC, 0xA4, 0x4F, 0x89, 0xA4, 0xA7, 0x84, 0x12, 0xFA, 0x29,
    0x27, 0xF4, 0x1A, 0x27, 0x94, 0x3E, 0x20, 0x64, 0x28, 0xFD, 0x9A, 0xC6, 0x90, 0x8B, 0x0C, 0xFA,
    0x80, 0xCE, 0x4A, 0x97, 0x22, 0x18, 0xDB, 0xA8, 0x34, 0xE1, 0x42, 0xB8, 0x00, 0x9E, 0x70, 0xC7,
    0x7E, 0xEB, 0xA9, 0x4C, 0xF6, 0xF9, 0x70, 0xF6, 0x73, 0x38, 0xD5, 0x6D, 0x0E, 0xE7, 0x7C, 0xFA,
    0xD0, 0x24, 0xF3, 0xA5, 0x80, 0x65, 0xA0, 0xCC, 0x52, 0x47, 0x1B, 0xF8, 0x64, 0xF1, 0x16, 0xAC,
    0xF5, 0x8F, 0xAD, 0xE6, 0x3E, 0xCC, 0xC3, 0x87, 0x3E, 0x0C, 0xF7, 0x01, 0xD9, 0xDF, 0x7C, 0x8F,
    0x1F, 0x6F, 0x0E, 0x27, 0xC9, 0x9E, 0xC2, 0xD1, 0x4F, 0x9D, 0x8C, 0xEF, 0x00, 0x17, 0xDC, 0x33,
    0x40, 0x00, 0x4B, 0x67, 0xF5, 0x63, 0x94, 0x80, 0x83, 0x71, 0x1B, 0x78, 0x50, 0x9B, 0x2D, 0xBB,
    0x24, 0x15, 0x3F, 0x39, 0xD5, 0x12, 0x39, 0xE8, 0xB5, 0xD9, 0x8A, 0x4F, 0x6D, 0xB6, 0xEC, 0x3E,
    0x6C, 0x9B, 0xAD, 0x30, 0xF9, 0x20, 0xF7, 0xC1, 0x04, 0x6A, 0xE8, 0xD5, 0x8C, 0xA0, 0x3E, 0x41,
    0xA9, 0x0F, 0x4E, 0x7A, 0xE5, 0xAF, 0x1F, 0x9F, 0xF4, 0xA6, 0x8A, 0x8C, 0x7A, 0xE8, 0x8D, 0x76,
    0x7E, 0x2D, 0x66, 0xCF, 0x01, 0x7B, 0x66, 0x32, 0x8B, 0xBC, 0xCD, 0x8B, 0xE5, 0x3F, 0x7D, 0xAF,
    0xE2, 0xA7, 0x8B, 0xE5, 0x2F, 0xBB, 0xDC, 0x48, 0xEA, 0xB4, 0xB2, 0xFE, 0x59, 0x2C, 0xC9, 0x79,
    0xA6, 0x5E, 0xBD, 0x46, 0x15, 0x93, 0x7D, 0x69, 0xFA, 0x6D, 0x69, 0xBD, 0x7A, 0x4F, 0xAA, 0xAF,
    0x7E, 0x47, 0x3A, 0xF5, 0x99, 0x99, 0x29, 0x65, 0x36, 0xF8, 0xBA, 0x5C, 0x71, 0x12, 0x8A, 0x8C,
    0x2A, 0xD3, 0x0B, 0x94, 0xD9, 0xE4, 0xFA, 0x79, 0xC7, 0x5A, 0x0F, 0x95, 0x7A, 0x7F, 0x55, 0xD5,
    0x16, 0x94, 0x3A, 0x5B, 0xB6, 0xF4, 0xD7, 0x9C, 0xB4, 0x5D, 0xAA, 0x01, 0xC5, 0xC7, 0x30, 0x8B,
    0x44, 0x85, 0x5C, 0xE1, 0x4B, 0xB7, 0x3F, 0x95, 0x60, 0x4F, 0x2C, 0xD7, 0xF8, 0xB6, 0x49, 0xC8,
    0x16, 0xE4, 0xF3, 0xF7, 0x24, 0xCA, 0xF5, 0xE3, 0x12, 0x94, 0xEA, 0x0C, 0xBA, 0x36, 0x5C, 0x96,
    0xA0, 0x2B, 0x40, 0xFF, 0x74, 0x77, 0xFB, 0x52, 0x55, 0x60, 0xB3, 0xBC, 0x7E, 0x6B, 0x61, 0xBF,
    0xB0, 0x6E, 0x87, 0x8A, 0xFA, 0xF3, 0x8F, 0x14, 0xF5, 0x67, 0x5B, 0xE1, 0xD0, 0xAF, 0x19, 0xDA,
    0x93, 0xD0, 0x0D, 0x5E, 0x25, 0xB2, 0xEB, 0x2E, 0x31, 0x4D, 0x82, 0xB1, 0x5C, 0x4C, 0x36, 0x29,
    0x09, 0x7B, 0x73, 0x55, 0x39, 0x2F, 0x3C, 0xAD, 0xA8, 0x6F, 0x2A, 0x0C, 0x41, 0xF5, 0xB8, 0xC4,
    0x51, 0x84, 0xD9, 0x29, 0xFD, 0x59, 0x5D, 0x4E, 0x47, 0xD1, 0xC8, 0x6B, 0xCE, 0x66, 0xC7, 0x6C,
    0xFE, 0xCF, 0x29, 0xEA, 0xC0, 0x8A, 0x3A, 0xA4, 0xA2, 0x31, 0x57, 0x34, 0xE4, 0x0A, 0x3E, 0xF6,
    0x33, 0x83, 0x2B, 0xE5, 0xF9, 0x7D, 0x9C, 0xBD, 0x03, 0x6F, 0x99, 0x81, 0x9C, 0xE8, 0x29, 0xC8,
    0xCD, 0x48, 0x81, 0x99, 0x60, 0x28, 0x12, 0x2A, 0x00, 0x96, 0x73, 0x2C, 0xAB, 0x6C, 0x75, 0x9B,
    0xC4, 0x6A, 0xB8, 0xC0, 0x45, 0x23, 0x82, 0x19, 0xA0, 0xE2, 0x0A, 0x40, 0x00, 0xC0, 0x3E, 0xDE,
    0x09, 0xDA, 0xBC, 0x13, 0xB4, 0x79, 0x98, 0x6C, 0x86, 0x3E, 0x03, 0xF2, 0x1A, 0x53, 0xA2, 0x91,
    0xCD, 0x3B, 0x1E, 0x1B, 0xB5, 0xBA, 0x6D, 0xF3, 0x64, 0x3A, 0x0E, 0x00, 0x36, 0x70, 0x00, 0x6E,
    0xD2, 0x70, 0x59, 0x42, 0xE0, 0x0D, 0x82, 0x8A, 0xB7, 0xAD, 0x39, 0xC8, 0xC5, 0x8F, 0x6C, 0x6F,
    0x3F, 0x56, 0x0D, 0x6F, 0xF7, 0x44, 0x9B, 0xA1, 0x92, 0x94, 0x68, 0x99, 0x93, 0x98, 0xA4, 0x24,
    0x86, 0x12, 0xCF, 0x8A, 0xA6, 0xFF, 0x12, 0x3E, 0x17, 0xD7, 0x0D, 0x4A, 0x92, 0x0B, 0x11, 0xE6,
    0x51, 0x89, 0x83, 0x5C, 0x8B, 0xD5, 0x8B, 0x0E, 0x2F, 0x99, 0x7F, 0xA1, 0x17, 0x1D, 0x2D, 0x0D,
    0x5E, 0x7E, 0x58, 0xB8, 0x25, 0xCA, 0x9B, 0x49, 0x5F, 0xDC, 0x59, 0x83, 0xA6, 0x79, 0x05, 0x4D,
    0x7A, 0x8C, 0xE8, 0x17, 0x98, 0x5E, 0xB6, 0x95, 0xFC, 0x9C, 0x51, 0x4F, 0xA4, 0x72, 0x86, 0x78,
    0x97, 0xFF, 0xAC, 0xE5, 0xD9, 0x1B, 0x37, 0x18, 0xB5, 0xC9, 0xA8, 0xAF, 0xF1, 0x72, 0x66, 0xF4,
    0x2D, 0x67, 0x3F, 0x4E, 0x96, 0x33, 0x42, 0x09, 0x9F, 0x04, 0x6D, 0x94, 0x78, 0x2A, 0xB7, 0x1F,
    0x38, 0x63, 0xE3, 0xDE, 0x6B, 0x9A, 0x1A, 0xCF, 0xD0, 0x8C, 0x8D, 0x93, 0x19, 0xFB, 0xAD, 0x5D,
    0x66, 0x6C, 0x7E, 0xD0, 0xF4, 0xDC, 0x62, 0xB1, 0x79, 0xD0, 0x62, 0xA8, 0xD7, 0xEE, 0x3D, 0x43,
    0x83, 0x76, 0xFC, 0x57, 0x19, 0xB4, 0x85, 0x78, 0xA1, 0x03, 0x11, 0x70, 0x24, 0x3E, 0x09, 0xBD,
    0x6A, 0xC2, 0x08, 0x65, 0x13, 0xD6, 0xF9, 0xFD, 0x01, 0x8A, 0xC5, 0xDA, 0x79, 0xAC, 0xCA, 0xB0,
    0x84, 0x13, 0xC2, 0x1B, 0x01, 0x84, 0x07, 0x90, 0x85, 0x8C, 0x64, 0x7E, 0xD8, 0xAB, 0x77, 0xD6,
    0xB6, 0x21, 0x7C, 0x8B, 0x29, 0x24, 0x66, 0x68, 0x37, 0x21, 0x6B, 0xB5, 0x10, 0xD3, 0x76, 0x38,
    0x8D, 0x23, 0xC2, 0xDB, 0xAB, 0x2F, 0x33, 0x7B, 0x97, 0xDD, 0xFF, 0xC3, 0xDE, 0xB9, 0x01, 0x72,
    0x88, 0x05, 0x8C, 0xDF, 0x02, 0x7C, 0xCB, 0x85, 0x08, 0x25, 0xE1, 0x57, 0x8B, 0x3E, 0x8A, 0xA5,
    0x68, 0x15, 0x55, 0xC3, 0x9B, 0xC8, 0x1B, 0x7A, 0xF8, 0x1F, 0xF6, 0xAE, 0xC5, 0xC0, 0x39, 0xE1,
    0x83, 0x12, 0x09, 0x80, 0x0F, 0xAD, 0x65, 0x58, 0x8D, 0x57, 0xA6, 0x31, 0x29, 0x22, 0xE9, 0x82,
    0x9A, 0x3B, 0x80, 0x30, 0xF3, 0x83, 0xD3, 0x43, 0xFF, 0xB0, 0x57, 0x8F, 0x17, 0xB6, 0x81, 0xC0,
    0xD4, 0x69, 0x18, 0x11, 0xA7, 0xF1, 0xAC, 0x13, 0xE2, 0xA8, 0x1D, 0x4D, 0x63, 0x4A, 0x78, 0xFB,
    0x06, 0x7B, 0x4E, 0xFD, 0x29, 0x60, 0x2A, 0x23, 0xC9, 0x7B, 0x79, 0x72, 0x68, 0x35, 0x29, 0x08,
    0xE5, 0xA3, 0x54, 0x5A, 0x5D, 0x45, 0xCD, 0x0C, 0x8A, 0xC9, 0x18, 0xE5, 0xA1, 0xC3, 0xC0, 0x28,
    0x53, 0xCE, 0x75, 0x85, 0x51, 0xB9, 0xD3, 0x3C, 0x19, 0x83, 0x3D, 0xEF, 0x1D, 0xEC, 0x59, 0xF4,
    0xFF, 0x24, 0x6C, 0xF3, 0xB0, 0x5D, 0x2F, 0xB9, 0x28, 0xF9, 0x46, 0x1B, 0x74, 0xCD, 0x81, 0x7E,
    0xCF, 0x7D, 0x64, 0xB9, 0x2B, 0xF9, 0x4C, 0x87, 0x98, 0x77, 0xAC, 0x00, 0x36, 0xB0, 0xAC, 0x83,
    0xA0, 0x57, 0xF4, 0xDE, 0x48, 0xC0, 0xFF, 0xAA, 0x3D, 0x8F, 0xFD, 0xEC, 0x91, 0x97, 0x12, 0x72,
    0x37, 0x0D, 0x5B, 0xA7, 0x31, 0x39, 0x28, 0x8D, 0xF4, 0x83, 0x74, 0xCE, 0x99, 0x5F, 0xA1, 0xA7,
    0x8F, 0x02, 0x32, 0xB0, 0xFE, 0x8B, 0x3D, 0xFF, 0xE1, 0x4E, 0x5B, 0xCF, 0x7C, 0x4B, 0x34, 0xBD,
    0x90, 0x25, 0xD7, 0xD6, 0x9F, 0xAE, 0x04, 0xD4, 0x2A, 0x9E, 0x3D, 0x81, 0xA4, 0xAD, 0x4F, 0xA0,
    0x27, 0xCF, 0x9D, 0x9E, 0xC3, 0x42, 0xFC, 0xC5, 0xEE, 0xDF, 0xD0, 0xAB, 0xA8, 0xFF, 0x62, 0xBB,
    0x4A, 0x50, 0x9F, 0x64, 0x3D, 0xA8, 0x42, 0xBE, 0xBF, 0xFC, 0xB8, 0x5B, 0x5B, 0x28, 0xD7, 0x9B,
    0x47, 0xC6, 0xF7, 0x55, 0x01, 0x07, 0x24, 0xE5, 0xDF, 0xAD, 0x62, 0x2D, 0xFE, 0xA2, 0x9A, 0x5C,
    0x91, 0x3E, 0x25, 0xED, 0xF4, 0x34, 0x27, 0x07, 0x58, 0x40, 0xC6, 0x4F, 0x12, 0xFE, 0x33, 0xC6,
    0x37, 0x09, 0x6F, 0xDD, 0x08, 0xAB, 0x28, 0xFE, 0xA4, 0x56, 0x6F, 0x9E, 0x2B, 0xAB, 0xC7, 0x5D,
    0x14, 0x12, 0xF2, 0x1F, 0x31, 0xB9, 0x53, 0xC5, 0x58, 0x4A, 0xB6, 0x52, 0x72, 0xF2, 0xCA, 0x72,
    0x01, 0x2D, 0xD9, 0x9F, 0x45, 0x86, 0x74, 0x2E, 0x9F, 0x75, 0x7A, 0xDF, 0x6C, 0xD7, 0x39, 0x92,
    0xF7, 0x57, 0xCA, 0xAE, 0xB3, 0x50, 0xAC, 0x04, 0x47, 0xC6, 0x2D, 0x87, 0xDD, 0x3B, 0xEC, 0x7E,
    0x0E, 0x6B, 0x3B, 0x41, 0x8C, 0x82, 0x60, 0x67, 0x79, 0x04, 0x22, 0x0A, 0x5F, 0xDC, 0xE3, 0x49,
    0x77, 0xA5, 0x38, 0x8D, 0xA3, 0x66, 0xDB, 0xF6, 0x80, 0x25, 0x01, 0x7D, 0x18, 0x4F, 0x7A, 0x63,
    0xB3, 0xBF, 0x43, 0x3B, 0xF2, 0x8F, 0x3F, 0x59, 0xA4, 0xB5, 0xF9, 0xC9, 0x45, 0xCF, 0x62, 0x91,
    0x97, 0x17, 0x17, 0x3D, 0x75, 0xAB, 0xB5, 0xE8, 0xD5, 0xB6, 0x5E, 0x8F, 0xBD, 0xB3, 0x53, 0x5F,
    0xFD, 0x6B, 0x0F, 0x53, 0xE6, 0x62, 0x46, 0x4E, 0xAF, 0x7D, 0xB6, 0xE8, 0x2D, 0x5C, 0xA5, 0x6B,
    0x01, 0xB3, 0x4F, 0x48, 0x59, 0xF8, 0x30, 0x67, 0x40, 0xE4, 0x06, 0x2C, 0xEA, 0x25, 0x90, 0xBF,
    0x4D, 0x62, 0x6F, 0xB4, 0xFE, 0x06, 0xB5, 0xAD, 0x4F, 0x62, 0x1C, 0x3A, 0xF4, 0x1B, 0x0D, 0x32,
    0x69, 0x36, 0x30, 0xF6, 0xA7, 0x7F, 0xD7, 0xA0, 0x61, 0x7C, 0xBF, 0x91, 0x5C, 0x91, 0xAE, 0xAC,
    0x3E, 0x89, 0x08, 0x80, 0x37, 0xCC, 0x10, 0xC6, 0x5B, 0x33, 0xD3, 0xB0, 0x9F, 0xD8, 0x96, 0xDE,
    0x1E, 0xFC, 0x81, 0x70, 0x35, 0x5E, 0x51, 0x3E, 0x7A, 0xA7, 0xB5, 0x9C, 0x14, 0x77, 0x42, 0x7A,
    0x64, 0x54, 0xF9, 0x85, 0x17, 0x69, 0x6F, 0x61, 0x1D, 0xC3, 0x1E, 0x28, 0x4C, 0x74, 0x6B, 0xEC,
    0xB9, 0x1F, 0xDE, 0xA2, 0x88, 0x8E, 0x0D, 0xD8, 0x69, 0x8D, 0x60, 0xF8, 0xE4, 0xEC, 0x0C, 0xEC,
    0xED, 0x78, 0x03, 0x08, 0xAA, 0x92, 0xA4, 0x26, 0x61, 0x84, 0x6F, 0x48, 0xC8, 0xE7, 0xDE, 0x9E,
    0x41, 0x59, 0x3E, 0xB1, 0xC1, 0x7F, 0x25, 0x01, 0x7A, 0x07, 0x87, 0xAF, 0xC5, 0x6F, 0x63, 0xF2,
    0xEA, 0x5F, 0x49, 0x00, 0x20, 0x59, 0x62, 0xF1, 0x01, 0x2D, 0x01, 0x4B, 0x76, 0xBD, 0x19, 0xC9,
    0x92, 0x43, 0x26, 0x47, 0xDB, 0xC4, 0x29, 0x6D, 0x34, 0x50, 0xB6, 0xC4, 0x06, 0x60, 0x25, 0xE4,
    0x6F, 0x34, 0x50, 0x8F, 0x3B, 0x0D, 0xBD, 0x9E, 0x10, 0x40, 0xE3, 0x59, 0xF8, 0x54, 0x93, 0xFD,
    0x3C, 0x9E, 0x0F, 0xC9, 0x9F, 0xC0, 0x1F, 0x20, 0xC2, 0x79, 0x69, 0xAE, 0x7C, 0x24, 0x4B, 0xA5,
    0x9B, 0x8D, 0xF1, 0x11, 0xD1, 0x60, 0xC3, 0x63, 0xBF, 0x77, 0x75, 0xA3, 0x1E, 0x7F, 0x31, 0xA3,
    0x71, 0x5D, 0x98, 0x0F, 0x99, 0xD6, 0xCE, 0x9E, 0x4D, 0xEC, 0x7B, 0xF9, 0xEA, 0x0C, 0xB1, 0x1A,
    0xCC, 0x32, 0x88, 0x65, 0x5D, 0x78, 0x57, 0x4E, 0xDA, 0x8B, 0x1B, 0x43, 0x23, 0x98, 0x61, 0x16,
    0xDD, 0xFB, 0xC6, 0xE1, 0xBF, 0x3F, 0x29, 0xE1, 0x42, 0x24, 0xD7, 0x06, 0xFA, 0xFA, 0x1C, 0x2B,
    0xB7, 0x3A, 0x9B, 0xC9, 0x7A, 0x54, 0x76, 0xB8, 0x57, 0x45, 0x47, 0xF1, 0xD8, 0xAF, 0x5F, 0xDA,
    0x0B, 0x2C, 0x4B, 0xB0, 0xE4, 0xD6, 0x23, 0x17, 0xD6, 0xBF, 0x8D, 0x04, 0xB0, 0xD3, 0xE5, 0xD3,
    0x5A, 0x12, 0x21, 0xB0, 0x16, 0xBB, 0xC8, 0xB6, 0x33, 0xDD, 0x56, 0xB4, 0xB4, 0xCD, 0x00, 0xC6,
    0x3B, 0xD6, 0x39, 0xC8, 0x99, 0x7F, 0x98, 0xC4, 0x84, 0x11, 0x59, 0xE9, 0x5F, 0xA7, 0xBD, 0x85,
    0x20, 0xBB, 0xC8, 0x52, 0x4A, 0x5E, 0x88, 0x33, 0x73, 0xC7, 0xF8, 0x0F, 0xB9, 0x8C, 0xD2, 0xCC,
    0x2B, 0x93, 0x18, 0x17, 0xE1, 0x08, 0x92, 0x63, 0x8D, 0x79, 0xB9, 0x7D, 0x75, 0xB6, 0x6B, 0xE5,
    0x65, 0xFC, 0xBE, 0xFE, 0x1A, 0x90, 0x24, 0xED, 0xDB, 0x76, 0x6A, 0x11, 0x6A, 0x76, 0x78, 0x14,
    0xA3, 0xC2, 0x1B, 0xCA, 0xFE, 0x4F, 0xDE, 0x37, 0xFE, 0x7D, 0x16, 0x60, 0x17, 0x2A, 0x11, 0xE1,
    0x3D, 0x4C, 0x7F, 0xE5, 0xA9, 0xBE, 0xA2, 0x33, 0x10, 0x91, 0x35, 0xE0, 0xF6, 0x7F, 0xA5, 0xFE,
    0xCA, 0x62, 0xF2, 0x9E, 0x45, 0x3A, 0xBD, 0x11, 0x3C, 0x64, 0xF8, 0xC3, 0x19, 0xBB, 0xB9, 0x3D,
    0xCB, 0xC3, 0xF6, 0xD7, 0x74, 0x1F, 0xC3, 0xE4, 0x95, 0x2E, 0x79, 0xD4, 0xF0, 0xEE, 0x23, 0x0F,
    0x1B, 0xCD, 0x51, 0xCE, 0x80, 0x28, 0x69, 0x43, 0xDD, 0x9D, 0x9C, 0x88, 0x91, 0x78, 0xAE, 0x4D,
    0xB0, 0xE7, 0xD5, 0x69, 0xF6, 0xBC, 0x77, 0xB0, 0xE7, 0xB5, 0x8E, 0x9B, 0x76, 0xC1, 0x95, 0xBE,
    0x2E, 0xF8, 0x25, 0xBF, 0xDB, 0x05, 0xF5, 0xA1, 0x68, 0xB7, 0x49, 0xAB, 0xCC, 0x0A, 0xD5, 0x32,
    0x55, 0xA4, 0xE4, 0x7B, 0xF7, 0xE8, 0x9B, 0xCC, 0x95, 0x63, 0x53, 0x45, 0x23, 0x59, 0x59, 0x4E,
    0x5F, 0x5D, 0xBB, 0x75, 0xF1, 0xCD, 0x97, 0xF4, 0xAA, 0x63, 0x77, 0x30, 0x31, 0x7C, 0x8A, 0x5F,
    0xA7, 0x85, 0xA4, 0xC6, 0xA9, 0x27, 0x75, 0xF8, 0x9B, 0xEC, 0x1D, 0xBD, 0xB4, 0xD3, 0xD7, 0x2D,
    0x07, 0xE5, 0x9F, 0x3C, 0x9B, 0xFC, 0x96, 0xE8, 0x00, 0x10, 0x0E, 0x3F, 0x67, 0x73, 0x38, 0x7D,
    0xC1, 0xA5, 0x53, 0xA7, 0xB4, 0x45, 0x32, 0x3C, 0x07, 0x3C, 0x26, 0x5C, 0xB2, 0xC7, 0xAE, 0xAF,
    0xF3, 0xD2, 0xFE, 0x8E, 0x5C, 0x86, 0x6C, 0x3C, 0x3B, 0x89, 0xB2, 0xC1, 0xFB, 0x29, 0x7D, 0x38,
    0x4C, 0x37, 0xBD, 0xC0, 0xE1, 0x26, 0x4A, 0x5F, 0x3B, 0x9D, 0xF3, 0x75, 0xDB, 0xE1, 0xDF, 0x27,
    0x4F, 0xFF, 0x30, 0x9E, 0x3B, 0xFD, 0xC6, 0x09, 0x27, 0x01, 0x92, 0x62, 0x88, 0xAC, 0x9C, 0x89,
    0x7D, 0xE3, 0x0E, 0xE6, 0x93, 0xFF, 0x91, 0x08, 0x30, 0xCF, 0xE7, 0x40, 0xFF, 0x2D, 0x3F, 0x72,
    0xFB, 0x1F, 0x77, 0x6E, 0xD9, 0xDF, 0xA2, 0xAF, 0x1A, 0x57, 0xD4, 0x54, 0xC5, 0x7C, 0x91, 0xAE,
    0x57, 0x63, 0xB3, 0xA7, 0x6F, 0x2D, 0xC4, 0xFF, 0x7D, 0x0C, 0xFB, 0xA1, 0x06, 0x16, 0xB8, 0x06,
    0x4D, 0x5A, 0x83, 0x27, 0x6D, 0xF2, 0xC0, 0x9E, 0x2A, 0xD3, 0x0D, 0xB4, 0xE5, 0x7D, 0x93, 0xB6,
    0xCA, 0x37, 0xFA, 0xFF, 0x08, 0x67, 0xE1, 0xE5, 0xF6, 0xD7, 0x7A, 0xDC, 0x03, 0xDE, 0xB6, 0x2D,
    0x4B, 0x9F, 0x07, 0x7F, 0x19, 0x65, 0x75, 0xBE, 0x86, 0x15, 0x2B, 0xB4, 0x01, 0xB8, 0x02, 0xB9,
    0x63, 0x67, 0xF1, 0xF9, 0x3F, 0xAD, 0x99, 0x0D, 0x68, 0x1C, 0xC7, 0xF9, 0xC6, 0x9F, 0xD9, 0xBD,
    0xBB, 0xB5, 0x3C, 0x64, 0x56, 0x80, 0x95, 0x88, 0xF8, 0xE3, 0x02, 0x08, 0x08, 0xFA, 0x9F, 0x74,
    0x7F, 0x40, 0x94, 0x0B, 0x59, 0xEB, 0xB6, 0x4D, 0x21, 0x14, 0x81, 0xAD, 0x42, 0xDC, 0x40, 0x43,
    0xED, 0xF2, 0xFD, 0x91, 0x26, 0x0E, 0x34, 0x50, 0x97, 0x58, 0xD2, 0x26, 0x29, 0x14, 0x7A, 0x54,
    0x39, 0x68, 0xF8, 0x6C, 0xD3, 0x3A, 0x85, 0x40, 0xD2, 0xB4, 0x96, 0xDA, 0xBA, 0xAD, 0x42, 0x24,
    0xEB, 0x12, 0x17, 0x02, 0x18, 0xD2, 0x6D, 0x5D, 0x28, 0x10, 0x97, 0x6E, 0xB1, 0x8A, 0x08, 0x0E,
    0xE6, 0x4A, 0xD7, 0xE4, 0xE2, 0xC8, 0xDA, 0xBE, 0xEF, 0xEC, 0xDE, 0xED, 0x9E, 0xB5, 0xD2, 0xD5,
    0x24, 0x23, 0xE6, 0xF1, 0xCE, 0xED, 0xEE, 0x6F, 0xDF, 0x79, 0x66, 0x66, 0xDF, 0x39, 0x5F, 0x3D,
    0x5A, 0xB8, 0x0D, 0x04, 0xA6, 0x07, 0xC1, 0x62, 0xB6, 0x65, 0x0B, 0xB2, 0x52, 0xB9, 0x00, 0xC7,
    0x0E, 0x27, 0x31, 0x2C, 0xBC, 0x02, 0x74, 0x89, 0xA8, 0x78, 0xE8, 0x2F, 0x76, 0x14, 0x85, 0x50,
    0xC0, 0x54, 0x2A, 0xF1, 0x67, 0x69, 0xC9, 0xE0, 0xDB, 0x56, 0x0B, 0xD6, 0x8A, 0x0A, 0x30, 0x69,
    0xAF, 0xCC, 0x61, 0xCC, 0xF0, 0x87, 0x76, 0x92, 0x5D, 0xAA, 0x46, 0x8B, 0xC4, 0xF4, 0x49, 0x64,
    0x9B, 0x64, 0xE2, 0x28, 0x50, 0x6A, 0xCB, 0xBF, 0xE2, 0x88, 0x8B, 0xD5, 0x7C, 0x72, 0x60, 0x51,
    0xE0, 0xA1, 0xED, 0xC3, 0x9E, 0xE0, 0xC0, 0x65, 0x5B, 0x07, 0x8E, 0x1D, 0xF8, 0xD3, 0xDB, 0x04,
    0xDE, 0xB0, 0x02, 0xD8, 0xC0, 0x72, 0x1C, 0x2E, 0x1F, 0xD1, 0x67, 0xA5, 0x20, 0x3E, 0x9B, 0x14,
    0xC5, 0xB5, 0xFE, 0x71, 0xA4, 0x8C, 0xD6, 0x72, 0xAF, 0x9A, 0xBD, 0x1A, 0x2A, 0xCB, 0xEF, 0xA8,
    0xFD, 0xAF, 0x5E, 0x55, 0x87, 0xBF, 0xBD, 0xA8, 0x9C, 0xBA, 0x3C, 0xF6, 0xFF, 0x87, 0xCD, 0x63,
    0xC9, 0x7D, 0xD9, 0x5A, 0xD0, 0x9C, 0xFF, 0x44, 0x19, 0x46, 0x5B, 0x59, 0x74, 0xBF, 0x7A, 0xF5,
    0x23, 0x55, 0x79, 0xEE, 0xB8, 0x7A, 0x76, 0xD2, 0x5C, 0x44, 0x41, 0x5F, 0x0B, 0x33, 0x8A, 0x38,
    0x02, 0x95, 0x53, 0xB9, 0x14, 0x59, 0x24, 0xAA, 0x9D, 0xE8, 0x32, 0xEE, 0xDD, 0x98, 0x9B, 0x81,
    0x68, 0x39, 0x12, 0xC2, 0x27, 0x31, 0x58, 0xCC, 0xF6, 0x9C, 0x84, 0x9C, 0xBA, 0x2E, 0x31, 0x51,
    0xBD, 0x74, 0x19, 0x63, 0xD2, 0xBD, 0xAC, 0xEF, 0x48, 0x24, 0x88, 0x05, 0x59, 0xD1, 0xCE, 0x9C,
    0x38, 0x71, 0x22, 0xD3, 0x6F, 0x0E, 0x16, 0x1C, 0x29, 0x4C, 0x16, 0x8E, 0x17, 0x92, 0x3A, 0x8B,
    0xC3, 0xBF, 0x7D, 0x45, 0xE1, 0x4C, 0x5D, 0x2E, 0x62, 0x78, 0x9F, 0x48, 0x62, 0x12, 0x71, 0xC4,
    0x50, 0xB1, 0xE8, 0xA6, 0xF0, 0x01, 0x0A, 0x8D, 0x85, 0xF0, 0x5D, 0x70, 0xBF, 0x13, 0x66, 0xD7,
    0x09, 0x02, 0xAB, 0x9F, 0x5F, 0x55, 0xCE, 0xC3, 0xC7, 0xD5, 0x33, 0x47, 0xC8, 0x09, 0xA6, 0x24,
    0x5C, 0x42, 0xA8, 0xBE, 0xCA, 0xF0, 0xB4, 0x68, 0xD6, 0x7D, 0x7F, 0xBE, 0xD9, 0x73, 0x95, 0x47,
    0xC5, 0xFE, 0x67, 0xE2, 0x6A, 0x35, 0x71, 0xD5, 0xC3, 0x90, 0xBE, 0xD7, 0x8F, 0xEF, 0xCF, 0x61,
    0x15, 0xF7, 0x1C, 0xA1, 0xEF, 0xBC, 0x94, 0xB2, 0x80, 0x21, 0x1C, 0x8C, 0x9A, 0xF8, 0x44, 0xAC,
    0x1A, 0xC4, 0x30, 0x99, 0x13, 0xE2, 0x2C, 0xAA, 0x51, 0x90, 0xF6, 0x71, 0x37, 0x0B, 0xB9, 0xA7,
    0x50, 0xBF, 0xB9, 0xAA, 0x40, 0x7D, 0x3D, 0x06, 0xEA, 0x2C, 0x4F, 0x17, 0xF4, 0xFB, 0xB8, 0xC2,
    0xC7, 0x5B, 0x54, 0xCD, 0x3F, 0xB9, 0x40, 0xD5, 0xD8, 0x80, 0x19, 0xE2, 0x34, 0xD2, 0xB2, 0x17,
    0x9E, 0x47, 0x68, 0x91, 0x47, 0xC8, 0xE2, 0x11, 0xD2, 0xE4, 0x67, 0xB5, 0x10, 0x2E, 0x1D, 0x88,
    0x72, 0xE4, 0x03, 0x67, 0xE8, 0x0F, 0xCB, 0xA8, 0x00, 0xDF, 0x15, 0xF4, 0x4C, 0x49, 0x9D, 0x8A,
    0xCB, 0x83, 0xA8, 0x01, 0xB5, 0xAE, 0xD4, 0xA3, 0x4E, 0x0D, 0x23, 0x73, 0x8F, 0x25, 0x4D, 0x38,
    0xB1, 0x4C, 0x37, 0x71, 0x96, 0xE5, 0x06, 0x35, 0xC5, 0xDF, 0xDC, 0x1A, 0xCC, 0x17, 0xFC, 0x1A,
    0xCA, 0x08, 0x6B, 0x70, 0x50, 0xA9, 0x61, 0x18, 0x7C, 0xDD, 0x0E, 0x01, 0x50, 0x41, 0x25, 0x96,
    0x6A, 0xB4, 0x55, 0x61, 0x72, 0xD2, 0xC4, 0x51, 0x54, 0x03, 0x2C, 0xF0, 0xD1, 0x35, 0xAF, 0x02,
    0xEB, 0x9D, 0xB0, 0x82, 0x69, 0x38, 0x15, 0x46, 0x55, 0x80, 0x64, 0x6D, 0x6C, 0x69, 0x44, 0x8E,
    0x1C, 0x62, 0xE7, 0x0B, 0x7B, 0xE0, 0x9D, 0x18, 0x3F, 0xD9, 0xC4, 0x66, 0x8A, 0x3F, 0x5B, 0xC1,
    0x81, 0x1E, 0x45, 0xB4, 0x62, 0x41, 0x56, 0x78, 0x50, 0x68, 0x75, 0x3C, 0x06, 0x1C, 0x48, 0xF0,
    0x0C, 0x8D, 0xF1, 0xDC, 0x9C, 0x70, 0xD3, 0xC0, 0xC5, 0x15, 0xBF, 0x82, 0xB2, 0xB7, 0x5A, 0x41,
    0x0D, 0x05, 0x86, 0x0A, 0x0F, 0x82, 0xDF, 0x64, 0x16, 0x61, 0x5A, 0x16, 0xE0, 0xC2, 0x82, 0x1D,
    0x92, 0xD4, 0x0E, 0xD3, 0x67, 0x53, 0x0A, 0x56, 0xE4, 0x4C, 0xC0, 0x78, 0x59, 0x86, 0x19, 0xFC,
    0xFD, 0x17, 0x5F, 0xCF, 0xE0, 0x67, 0x63, 0xFC, 0x3A, 0x1D, 0x1B, 0x8C, 0xAF, 0xBA, 0x29, 0x1E,
    0x80, 0xD1, 0x6F, 0x09, 0x37, 0xF9, 0x81, 0x48, 0x24, 0x9D, 0xE2, 0x3D, 0xBC, 0x96, 0x3A, 0xE3,
    0x33, 0xBE, 0xCC, 0x73, 0x3F, 0x36, 0x5D, 0xF2, 0xE5, 0xDD, 0x80, 0xCE, 0xB2, 0x2F, 0x63, 0xE9,
    0x33, 0x12, 0x68, 0x65, 0x87, 0xF0, 0x89, 0x4C, 0xE9, 0xC7, 0x17, 0xD9, 0x26, 0xC2, 0x4F, 0x9E,
    0xC3, 0x34, 0xDB, 0xFE, 0x29, 0xE1, 0x4D, 0xC6, 0xEB, 0x2E, 0x3C, 0x48, 0x78, 0xF6, 0x67, 0xF4,
    0x0E, 0x5E, 0x3E, 0x9E, 0x87, 0x36, 0x1F, 0xDF, 0x9B, 0x39, 0x6F, 0x77, 0x07, 0x40, 0x7A, 0x9D,
    0x0A, 0x7D, 0x34, 0xDA, 0x9B, 0x1B, 0xCF, 0xB0, 0x5C, 0x48, 0x97, 0x15, 0x49, 0xD5, 0xF4, 0x61,
    0x74, 0x70, 0x11, 0x86, 0x8B, 0x12, 0x28, 0x88, 0xD1, 0x9C, 0xA1, 0xCD, 0x98, 0x33, 0x8B, 0xCD,
    0x5E, 0xF4, 0xFD, 0xE6, 0xA0, 0x86, 0x00, 0x70, 0x58, 0xCE, 0x1A, 0x6D, 0xE0, 0x86, 0x79, 0x06,
    0xD6, 0x7B, 0x3F, 0x2B, 0x43, 0x89, 0x2D, 0xAB, 0x05, 0x0C, 0x83, 0x51, 0xA3, 0xE9, 0xD0, 0xE6,
    0xE0, 0x2B, 0xE8, 0xC7, 0xC7, 0xE6, 0x80, 0xE3, 0xA2, 0xAB, 0x3D, 0x88, 0x9B, 0xC5, 0x0B, 0x30,
    0xD9, 0x12, 0x2D, 0x62, 0x03, 0x2B, 0x7C, 0xA2, 0x99, 0x6F, 0x4E, 0x3E, 0x9E, 0xA7, 0x7C, 0x3A,
    0xB4, 0x48, 0x87, 0xF6, 0x36, 0x80, 0x90, 0xAA, 0xE8, 0x90, 0x58, 0x3F, 0x25, 0x99, 0xB7, 0x02,
    0x98, 0x3C, 0xA3, 0xD3, 0x32, 0x5C, 0x92, 0x58, 0x96, 0xBA, 0x8E, 0xDF, 0xFA, 0x31, 0xD7, 0x5E,
    0x1B, 0xA1, 0x8C, 0xD0, 0x91, 0x4B, 0xE2, 0x23, 0x29, 0xCD, 0x45, 0x29, 0xA5, 0x35, 0x23, 0x27,
    0x8C, 0xEB, 0x72, 0x0A, 0x4F, 0x48, 0x40, 0x66, 0x2A, 0xB8, 0x02, 0xCB, 0x96, 0xBE, 0xAF, 0x1E,
    0x5D, 0x26, 0x4E, 0x83, 0x8F, 0x9F, 0x60, 0x86, 0xE8, 0xC4, 0xF7, 0xDB, 0x56, 0x43, 0x3A, 0xE2,
    0x72, 0x7C, 0x4F, 0x92, 0x9F, 0x92, 0x7B, 0xB3, 0xB5, 0x04, 0x08, 0xAA, 0x04, 0x8A, 0x85, 0x71,
    0x18, 0xB9, 0x39, 0x43, 0xCD, 0x36, 0x35, 0x99, 0x48, 0x5D, 0x22, 0xB4, 0xF9, 0x0A, 0x35, 0x6D,
    0x49, 0x0F, 0x72, 0x8C, 0x0F, 0x24, 0x86, 0x35, 0xD6, 0x65, 0x09, 0xC4, 0x2E, 0xC9, 0x30, 0x29,
    0x82, 0x63, 0xCD, 0xE2, 0xF9, 0x88, 0xF1, 0x9A, 0x2C, 0x61, 0x1D, 0x23, 0x99, 0x34, 0x09, 0x3A,
    0x05, 0x7E, 0x6E, 0x1A, 0x6D, 0x9A, 0x70, 0xB9, 0x19, 0x93, 0xFD, 0xE4, 0x6C, 0x0B, 0xBA, 0xCC,
    0xA2, 0xC4, 0x38, 0x8E, 0x98, 0xD9, 0x7C, 0xCC, 0x64, 0x0E, 0x99, 0x23, 0xB6, 0xE5, 0x8C, 0x3C,
    0x4A, 0xF1, 0x0E, 0xC3, 0x4A, 0x5D, 0xE0, 0xEC, 0xED, 0x67, 0x6A, 0xF2, 0xAC, 0x3B, 0x5D, 0x65,
    0x26, 0xB3, 0xC8, 0x83, 0x25, 0x83, 0x46, 0x45, 0x1E, 0x27, 0x16, 0x85, 0x39, 0x86, 0x47, 0x25,
    0x9A, 0x28, 0x31, 0x87, 0x6B, 0x97, 0xC9, 0x35, 0xCB, 0xBA, 0xD3, 0x55, 0x3D, 0x4A, 0x04, 0x5C,
    0x02, 0x13, 0xC1, 0xC8, 0xB8, 0xEF, 0x47, 0x2C, 0xEA, 0x7B, 0x0D, 0x7C, 0x16, 0x82, 0x65, 0x8C,
    0xC5, 0x61, 0xC2, 0x1A, 0x55, 0xE3, 0x03, 0x17, 0x28, 0x7F, 0x29, 0x80, 0xB1, 0x85, 0x05, 0xD7,
    0xF0, 0x50, 0x72, 0x31, 0xDB, 0x1D, 0xB4, 0x91, 0xDF, 0xCD, 0xE4, 0xB8, 0xCA, 0xE3, 0xF5, 0x13,
    0x6A, 0x4A, 0x9B, 0xCE, 0x72, 0xFF, 0xF1, 0x80, 0x36, 0xA0, 0x00, 0x42, 0x55, 0xE2, 0x95, 0xD6,
    0x06, 0xE6, 0x44, 0x08, 0x5C, 0x37, 0x7F, 0x09, 0xEB, 0xD2, 0x3F, 0x6C, 0x57, 0xA1, 0x63, 0xB4,
    0x90, 0x94, 0x62, 0x1A, 0x7D, 0x8A, 0x4F, 0xE7, 0x04, 0xC5, 0xC2, 0xD1, 0x1F, 0xBF, 0x73, 0xE4,
    0x4A, 0x9C, 0x01, 0x03, 0x26, 0xCF, 0x81, 0xFD, 0x48, 0x64, 0x05, 0x4F, 0x83, 0xF2, 0xFD, 0x06,
    0xB8, 0xEC, 0x99, 0x1F, 0xA7, 0x9B, 0xDC, 0xF0, 0x93, 0xFC, 0xC8, 0x72, 0x96, 0x25, 0xC9, 0x8F,
    0xF5, 0x80, 0xF2, 0xE3, 0x51, 0x77, 0x40, 0x7E, 0xCC, 0x4F, 0x60, 0xD5, 0x40, 0xE7, 0x01, 0xBE,
    0x0F, 0x71, 0x7E, 0xDC, 0xF4, 0x26, 0x66, 0x29, 0x81, 0x55, 0x83, 0xCF, 0x98, 0xC0, 0x88, 0x1C,
    0x67, 0x5E, 0x16, 0x4E, 0x8D, 0xF4, 0xFE, 0x9C, 0x6C, 0x7E, 0x3E, 0x09, 0x6C, 0xFC, 0xE2, 0xEB,
    0x7D, 0xF8, 0x4F, 0xDD, 0x6A, 0x60, 0xA6, 0xC9, 0xE5, 0xEE, 0x13, 0xD8, 0x83, 0x99, 0x97, 0x28,
    0x49, 0x8A, 0x77, 0x58, 0xE6, 0x63, 0x5F, 0xAA, 0x01, 0x25, 0xB0, 0x09, 0xB7, 0xFA, 0x19, 0x13,
    0x18, 0x9B, 0x33, 0xE1, 0xC6, 0xDE, 0x3B, 0xBD, 0x2E, 0xFC, 0x81, 0xBA, 0x60, 0x68, 0xBC, 0x7B,
    0xD7, 0xEF, 0xE8, 0xB8, 0x07, 0x0A, 0x95, 0xB8, 0xD2, 0x4B, 0x5A, 0x11, 0xBE, 0xD7, 0x86, 0x63,
    0x6F, 0xE3, 0x68, 0xF1, 0x24, 0xDE, 0xA6, 0xE3, 0x2B, 0x9E, 0x32, 0xDF, 0x09, 0x54, 0x19, 0x2B,
    0xCA, 0xC1, 0xA1, 0xFC, 0x6F, 0x02, 0x0E, 0x14, 0xD7, 0x2A, 0x71, 0xC8, 0x0A, 0x15, 0xB7, 0xF7,
    0x9F, 0xC7, 0x7C, 0xE9, 0x3C, 0xD9, 0xA0, 0xC8, 0x05, 0x45, 0x93, 0x43, 0xD1, 0x98, 0x28, 0x1E,
    0x7C, 0xF6, 0x31, 0x87, 0x73, 0x0F, 0x0A, 0x18, 0x02, 0x07, 0x10, 0x0B, 0x87, 0x85, 0x22, 0xC7,
    0x45, 0x40, 0x16, 0x49, 0x77, 0xCD, 0x53, 0x58, 0xCC, 0x04, 0x43, 0x51, 0x25, 0x2A, 0xC6, 0x18,
    0x1B, 0x33, 0x02, 0x92, 0x9C, 0x97, 0x28, 0x30, 0x92, 0x7C, 0xA3, 0x48, 0xF0, 0x4E, 0x82, 0xE7,
    0x66, 0x42, 0xE6, 0xCE, 0xF2, 0xA6, 0x86, 0xA0, 0xEE, 0x9A, 0x42, 0x0D, 0xFB, 0x14, 0xE2, 0xD2,
    0xFF, 0x8D, 0x42, 0x37, 0xFB, 0xF1, 0x6E, 0xBA, 0xA9, 0xD1, 0xEE, 0xC5, 0x8E, 0x76, 0x8F, 0x31,
    0x47, 0xF4, 0xEB, 0xAE, 0x32, 0x29, 0x60, 0x8E, 0x97, 0xC3, 0xED, 0x71, 0x39, 0x60, 0x3F, 0xAD,
    0x31, 0x3C, 0x8D, 0x94, 0x2B, 0xBB, 0xAA, 0x5D, 0x60, 0xD6, 0x51, 0x62, 0x51, 0xA0, 0x1C, 0x67,
    0xD9, 0x5D, 0x55, 0x35, 0x8C, 0x2A, 0x34, 0x31, 0xC4, 0x1C, 0xAE, 0x3D, 0x66, 0x90, 0x61, 0x8D,
    0x76, 0x5D, 0xD5, 0x63, 0x5C, 0xCD, 0x74, 0x9B, 0xBD, 0x64, 0x22, 0x3E, 0xE5, 0xBE, 0x5F, 0xA2,
    0xBE, 0x33, 0x14, 0x0E, 0x53, 0x93, 0x1E, 0xD7, 0x58, 0xCE, 0x72, 0x8B, 0x61, 0xE6, 0x7B, 0x1E,
    0x50, 0x15, 0x21, 0xCC, 0x90, 0x6C, 0x02, 0x20, 0x32, 0xB1, 0xB2, 0x30, 0x3E, 0x79, 0x10, 0x37,
    0x13, 0xFC, 0x3A, 0x3D, 0x48, 0x5C, 0x69, 0x29, 0x48, 0x2F, 0x54, 0x3C, 0x7D, 0x15, 0x86, 0x35,
    0x7E, 0x14, 0xCD, 0xEC, 0x9B, 0x74, 0xDE, 0x08, 0x21, 0x36, 0x1F, 0x7D, 0x0A, 0xF2, 0x85, 0x1B,
    0xD2, 0x1B, 0xC2, 0xB3, 0xC2, 0xDB, 0xCD, 0x55, 0x06, 0x73, 0xD8, 0x1C, 0x35, 0x07, 0xED, 0x60,
    0x5F, 0xFA, 0x7D, 0xE8, 0x2D, 0xB1, 0xCA, 0x6E, 0x0A, 0xAA, 0x08, 0x29, 0xFA, 0x72, 0x14, 0xA4,
    0x9B, 0x07, 0x63, 0x06, 0xCB, 0x66, 0x83, 0xEB, 0xF8, 0xAD, 0x17, 0x75, 0xED, 0xB6, 0xD1, 0x8E,
    0x1A, 0xE8, 0x3C, 0xDE, 0x10, 0x1F, 0x99, 0x0D, 0x73, 0xD1, 0x6C, 0x48, 0xF9, 0x48, 0x63, 0xC2,
    0xB8, 0xD6, 0x98, 0xC2, 0x8F, 0x1A, 0x80, 0x99, 0xA9, 0x90, 0xE0, 0xF2, 0x8C, 0xA9, 0x59, 0xF5,
    0xE8, 0x52, 0xCA, 0x09, 0xD7, 0x1B, 0xD8, 0x7A, 0xB2, 0x61, 0xBE, 0x6F, 0x36, 0x6C, 0xEB, 0xC5,
    0x86, 0x23, 0xAE, 0x34, 0x86, 0x41, 0xD7, 0xED, 0xBE, 0x79, 0xB0, 0x30, 0xAC, 0xF3, 0x10, 0x83,
    0x59, 0x18, 0x47, 0x19, 0xE9, 0x91, 0xA4, 0xA9, 0x89, 0xA2, 0xF3, 0x64, 0x03, 0xE6, 0xDF, 0xA9,
    0xC9, 0x41, 0x51, 0x32, 0xBA, 0xD2, 0xC0, 0x18, 0xE8, 0x28, 0x8E, 0x27, 0x30, 0x66, 0x72, 0x37,
    0x0F, 0xE9, 0xBC, 0x27, 0xD4, 0x4C, 0x8A, 0x4F, 0xC8, 0x6D, 0x22, 0x73, 0x67, 0x29, 0x81, 0x92,
    0x4C, 0x9A, 0x04, 0x9D, 0x02, 0xF5, 0x63, 0xC0, 0xE6, 0x81, 0x25, 0xB3, 0x79, 0xF8, 0xA6, 0x28,
    0x31, 0x2E, 0x71, 0x22, 0x75, 0xB3, 0xB3, 0xDE, 0x30, 0x08, 0x6E, 0x1D, 0x37, 0x1B, 0x8C, 0x4E,
    0xC2, 0x45, 0x36, 0xD1, 0xE7, 0x26, 0xFC, 0xE5, 0xD4, 0x55, 0x76, 0xA1, 0xEB, 0x6A, 0x96, 0x45,
    0x51, 0xCE, 0x0C, 0xDE, 0x3C, 0x40, 0x0C, 0x72, 0x95, 0x90, 0xE0, 0x91, 0x46, 0xD9, 0xA2, 0xB3,
    0x0E, 0x48, 0x92, 0xCD, 0x83, 0xA3, 0x85, 0x21, 0x17, 0xF5, 0xE6, 0xC1, 0xE3, 0xCD, 0x43, 0xC8,
    0xDB, 0xF4, 0xAA, 0x27, 0x5C, 0x08, 0x37, 0x07, 0xCF, 0x47, 0x59, 0xBC, 0xA1, 0xAD, 0x7D, 0xA9,
    0x6B, 0x6D, 0x2D, 0xB1, 0xD6, 0xEA, 0x66, 0xF7, 0x2F, 0xF6, 0x65, 0xF7, 0xB7, 0x92, 0xEC, 0x3E,
    0xE8, 0x1D, 0x5D, 0x3C, 0xC9, 0xEF, 0xAB, 0x78, 0x0D, 0x50, 0x7D, 0xBB, 0x74, 0x5E, 0x5C, 0xF9,
    0xC1, 0xF9, 0x01, 0xEF, 0xE8, 0x62, 0xFE, 0x12, 0x75, 0xAC, 0x6D, 0x12, 0x71, 0x12, 0x98, 0xE7,
    0xB3, 0x9B, 0x8F, 0x6C, 0xD3, 0xBE, 0xFF, 0x2F, 0xE7, 0x51, 0xC5, 0xAA, 0xE2, 0x1C, 0x37, 0xF0,
    0xBD, 0x9A, 0x96, 0x3C, 0x7C, 0xC5, 0x24, 0xFC, 0x51, 0xC6, 0x2F, 0x40, 0x41, 0x5C, 0x7B, 0x71,
    0x1B, 0xF2, 0xF9, 0x9B, 0x27, 0x31, 0xBD, 0xEB, 0x1B, 0x60, 0xDA, 0x20, 0xD9, 0xB4, 0xBE, 0x05,
    0xF9, 0xEE, 0x0D, 0xDB, 0xDB, 0x8F, 0x15, 0x4E, 0xBC, 0x39, 0x4B, 0x37, 0x5D, 0x72, 0xF7, 0x51,
    0x25, 0xAF, 0xDB, 0x3C, 0x49, 0x4C, 0x5A, 0xBA, 0xEB, 0x0D, 0xF3, 0x87, 0x4F, 0xC6, 0x4B, 0x97,
    0x4C, 0xCF, 0x5F, 0xBA, 0x39, 0xCB, 0xED, 0xA6, 0x9E, 0x18, 0x0B, 0x24, 0x6D, 0x22, 0x8A, 0x0E,
    0x4F, 0x8C, 0xAB, 0xD4, 0x94, 0xC7, 0x1F, 0xA7, 0xE5, 0x96, 0xAE, 0x8C, 0xBC, 0xE5, 0xD6, 0xEE,
    0x2E, 0xB7, 0x3D, 0xA6, 0x1C, 0x93, 0x19, 0x6A, 0x68, 0xE8, 0x4C, 0x77, 0x0D, 0x3F, 0x00, 0xF3,
    0x2E, 0xE7, 0x04, 0x8C, 0x56, 0x56, 0xCA, 0xBC, 0x69, 0xD8, 0xF1, 0xFF, 0x93, 0x0E, 0x20, 0x42,
    0xBB, 0x89, 0xBA, 0x27, 0x6E, 0xE3, 0x80, 0xD1, 0x2A, 0xDC, 0x79, 0x5B, 0xC4, 0xE1, 0x9E, 0xA0,
    0x02, 0xE0, 0x5C, 0xB6, 0x23, 0x32, 0xCE, 0x1A, 0x4C, 0x31, 0x3A, 0x20, 0xBE, 0xED, 0x42, 0x86,
    0xC6, 0x36, 0x8A, 0x08, 0x8A, 0xF1, 0x75, 0x0B, 0xE9, 0xD2, 0xD7, 0xA1, 0x67, 0xF7, 0x4C, 0x87,
    0xFA, 0xA5, 0xC0, 0xA2, 0xC9, 0x39, 0xF8, 0x90, 0x44, 0xFE, 0x8A, 0x64, 0x4D, 0xFA, 0xB0, 0x83,
    0xD9, 0xF5, 0xF4, 0xBA, 0xCC, 0x33, 0x0C, 0x97, 0xC4, 0x4C, 0xC5, 0x63, 0xE1, 0x2F, 0x8A, 0x42,
    0x6F, 0x23, 0x31, 0xAB, 0xA3, 0xCF, 0x21, 0x93, 0x73, 0xA5, 0xDB, 0xD6, 0x27, 0x50, 0x6E, 0xF0,
    0x7F, 0x7B, 0x06, 0x7E, 0x88, 0x79, 0x5B, 0xD9, 0x67, 0xA4, 0x59, 0x38, 0x0F, 0x2F, 0x18, 0x6F,
    0x71, 0xE0, 0xF3, 0xB2, 0x09, 0x7B, 0xE3, 0xAB, 0xEB, 0x5D, 0x73, 0xDA, 0xF9, 0xCF, 0xB0, 0x5C,
    0x1C, 0xCA, 0x4A, 0x76, 0x9F, 0xB7, 0x37, 0xDE, 0xCF, 0xC5, 0x0B, 0xA0, 0xC0, 0x91, 0x56, 0xC8,
    0x0D, 0x16, 0xE6, 0xC5, 0x4D, 0x16, 0x6E, 0x0E, 0x8C, 0x7E, 0x8D, 0xE4, 0x69, 0x9B, 0xA2, 0x0F,
    0x45, 0x84, 0xA1, 0xDC, 0xA1, 0x3D, 0x87, 0x3E, 0x3B, 0xBF, 0x41, 0x32, 0x67, 0xF1, 0x40, 0xE1,
    0xE2, 0x60, 0x73, 0x06, 0xE3, 0x01, 0x6E, 0xFB, 0x3C, 0x6B, 0xCF, 0xC2, 0x64, 0x5F, 0xF8, 0x28,
    0xFE, 0x2C, 0x2D, 0xE9, 0x37, 0x18, 0x7A, 0x01, 0xEA, 0xAF, 0x36, 0x49, 0x13, 0xF3, 0x2C, 0x9B,
    0x6E, 0x8D, 0x37, 0x82, 0x75, 0x9F, 0xB6, 0x97, 0xD3, 0xCD, 0x07, 0x9C, 0x42, 0x2D, 0xBD, 0x83,
    0x2E, 0xFE, 0x45, 0x0D, 0xEB, 0xD1, 0x87, 0xD4, 0xCC, 0xFF, 0x7E, 0xA3, 0x27, 0x6D, 0x02, 0x2D,
    0x33, 0x5E, 0x37, 0x31, 0xAD, 0xC9, 0xDE, 0x43, 0xEE, 0xC1, 0x77, 0x3A, 0x75, 0x7F, 0xE2, 0xD0,
    0x68, 0x72, 0x62, 0x64, 0x7E, 0xA9, 0x86, 0x85, 0x5B, 0xAF, 0x25, 0x00, 0xC3, 0x23, 0x31, 0x13,
    0x41, 0x22, 0xE9, 0xCC, 0x19, 0xC5, 0x58, 0x7C, 0x5B, 0xB5, 0x9F, 0x2C, 0x3E, 0xF6, 0xEA, 0x7E,
    0xF5, 0x79, 0xFA, 0x6C, 0xB4, 0x72, 0x80, 0x4F, 0x8C, 0x10, 0x34, 0xBA, 0x95, 0x86, 0xA6, 0x29,
    0x9D, 0xB8, 0xC9, 0x47, 0x4C, 0xCE, 0x99, 0x98, 0x49, 0xF4, 0x3B, 0x9E, 0x31, 0x8F, 0x87, 0x5C,
    0x71, 0xCD, 0xA7, 0x67, 0x7C, 0x79, 0xB5, 0x86, 0x03, 0x95, 0x42, 0xEF, 0x19, 0xDB, 0xD4, 0x4C,
    0x9E, 0x31, 0x05, 0x32, 0xC6, 0x23, 0xC7, 0xC5, 0x05, 0x26, 0xD7, 0xF4, 0x11, 0x7B, 0xEF, 0x65,
    0xE8, 0x36, 0x14, 0x57, 0x3B, 0x8A, 0x54, 0xF1, 0xD4, 0x09, 0x7D, 0x8C, 0xB2, 0xAB, 0xF0, 0x05,
    0x5F, 0x89, 0x60, 0x45, 0xD9, 0x5E, 0x55, 0xED, 0xDB, 0x2F, 0x54, 0xF7, 0xBA, 0x91, 0x53, 0x4B,
    0xEF, 0xD7, 0xA3, 0x0F, 0x77, 0xFE, 0xE6, 0xA0, 0x8D, 0x56, 0x50, 0x28, 0x9E, 0xA2, 0xA4, 0x60,
    0x47, 0xB7, 0x55, 0xDC, 0x44, 0xD5, 0x25, 0xF9, 0xBD, 0xAF, 0x60, 0xF9, 0x6B, 0xF4, 0xC1, 0x3D,
    0x43, 0xC9, 0x89, 0x91, 0x53, 0x6F, 0x2E, 0x82, 0x50, 0xDD, 0xEC, 0xD3, 0xCC, 0x49, 0x41, 0x3A,
    0xFB, 0xC4, 0xEF, 0xAF, 0x2E, 0x7E, 0xFF, 0xD2, 0x1B, 0x89, 0xA0, 0x0C, 0x92, 0xE7, 0x88, 0x2C,
    0xFD, 0x8B, 0x0A, 0x43, 0xAA, 0xC8, 0xE4, 0xAF, 0x1D, 0x23, 0x68, 0x74, 0x0C, 0x23, 0xB3, 0xD9,
    0xFF, 0xE4, 0xDE, 0xF1, 0x3B, 0x81, 0x96, 0x74, 0x57, 0x3F, 0x44, 0x7F, 0x8A, 0x5D, 0xD8, 0x26,
    0x85, 0xD2, 0xE8, 0x87, 0x5B, 0x4A, 0xB4, 0x43, 0x65, 0x7F, 0x6F, 0x52, 0x15, 0xE8, 0x33, 0x46,
    0xD7, 0xA3, 0xED, 0x6E, 0xCF, 0x01, 0x86, 0xE5, 0xED, 0xEA, 0xEF, 0xA1, 0xBF, 0x2E, 0xEB, 0x48,
    0xCC, 0xE2, 0x28, 0x4B, 0xC1, 0x6D, 0x65, 0x7F, 0xE5, 0x7E, 0x4D, 0x1A, 0x5F, 0x5A, 0x5A, 0x1C,
    0x7F, 0x6D, 0x56, 0x73, 0xB2, 0xF7, 0xEF, 0x60, 0x15, 0x72, 0xBA, 0x6D, 0x83, 0xA4, 0xEE, 0x91,
    0xFC, 0x3B, 0x24, 0xA7, 0x5B, 0xF3, 0xDC, 0x77, 0x24, 0xAE, 0x8E, 0x47, 0xD1, 0x22, 0xC6, 0xDF,
    0xD0, 0xE8, 0xE1, 0xDE, 0xD6, 0x7E, 0x95, 0xAA, 0xB8, 0x41, 0x22, 0xBF, 0xDF, 0x82, 0x58, 0xC3,
    0x36, 0x8C, 0x26, 0x0E, 0x32, 0xBE, 0xC8, 0x77, 0xF5, 0x75, 0x9D, 0xC7, 0xEB, 0xD7, 0x1B, 0xCA,
    0xFE, 0xE3, 0x3C, 0x1B, 0x4A, 0x7F, 0x23, 0xBA, 0xDB, 0x23, 0x2E, 0x98, 0x34, 0xA4, 0x7F, 0x76,
    0x08, 0xF1, 0x14, 0x87, 0xC9, 0xFF, 0x72, 0xFB, 0x7F, 0x4E, 0x5B, 0xCB, 0xE9, 0xCF, 0x6A, 0x3E,
    0xEA, 0x2E, 0xD6, 0x28, 0xC8, 0x22, 0x6F, 0xB1, 0x65, 0x2A, 0xD9, 0xB4, 0xB5, 0xFB, 0xCB, 0x87,
    0x53, 0x8A, 0xB8, 0x28, 0x37, 0xF8, 0x4D, 0xB5, 0x0E, 0x54, 0x4C, 0x4F, 0xCB, 0xDD, 0xBE, 0x99,
    0x67, 0x77, 0xC9, 0x8A, 0x82, 0xC5, 0xDC, 0x4A, 0x52, 0xA3, 0xD8, 0x32, 0x43, 0xD8, 0x3E, 0x16,
    0x52, 0x70, 0xF2, 0x20, 0xBE, 0x37, 0x5F, 0xCE, 0xE5, 0xE3, 0xB3, 0x49, 0xF7, 0x24, 0x50, 0xEA,
    0x98, 0x9F, 0x60, 0xBF, 0x8B, 0xFB, 0x73, 0xA0, 0x83, 0x93, 0x6E, 0x33, 0xFB, 0x48, 0xFB, 0x8E,
    0xD4, 0x58, 0x7E, 0x9A, 0xF1, 0xD6, 0xBF, 0xA0, 0x5C, 0x8C, 0xC7, 0xF8, 0x75, 0xC6, 0xA7, 0xE9,
    0xD7, 0x8A, 0xE5, 0x1C, 0x0B, 0x48, 0x5C, 0x96, 0x4C, 0xD2, 0x45, 0x4E, 0xD2, 0xED, 0x24, 0x49,
    0xB7, 0xB8, 0x46, 0x64, 0xBB, 0x89, 0xD3, 0x3B, 0x03, 0x6F, 0x7F, 0x6E, 0x49, 0x37, 0xCE, 0x2B,
    0x28, 0xE6, 0x3C, 0x63, 0xF0, 0xD0, 0x9E, 0xDB, 0x2D, 0xFA, 0x93, 0xBD, 0x2D, 0x03, 0x0E, 0x66,
    0xC9, 0x7C, 0x89, 0x40, 0xC0, 0x49, 0x77, 0xB6, 0x42, 0xB2, 0x67, 0xD2, 0x15, 0xD9, 0x39, 0x9E,
    0x4C, 0x6F, 0x8B, 0x43, 0x3B, 0x72, 0x86, 0x6D, 0x2F, 0xBF, 0x8C, 0x69, 0x57, 0xAC, 0x66, 0x7E,
    0x08, 0x4E, 0x57, 0x45, 0xF6, 0xC7, 0xE6, 0xCC, 0x1D, 0x4D, 0x54, 0xE3, 0x3B, 0x06, 0x6F, 0x19,
    0x4E, 0xA7, 0x49, 0x17, 0xF7, 0xE6, 0x9A, 0x83, 0xF5, 0x81, 0x49, 0x57, 0x41, 0x72, 0xA5, 0x75,
    0x2F, 0x61, 0xD3, 0x71, 0x99, 0xEA, 0xC3, 0x2D, 0x29, 0xDA, 0x1D, 0x69, 0x7B, 0x93, 0xB2, 0x00,
    0xC8, 0x91, 0xAF, 0xBF, 0x79, 0xB9, 0x1E, 0xBD, 0x31, 0x13, 0x5F, 0x2B, 0x23, 0x50, 0x8A, 0xE0,
    0xE3, 0x5E, 0x05, 0xE4, 0x7F, 0x01, 0xAD, 0x99, 0x01, 0x68, 0x1B, 0x69, 0x76, 0xC7, 0x7F, 0x33,
    0x23, 0x59, 0xEB, 0x0C, 0xFE, 0x64, 0xC0, 0xBA, 0xFA, 0x2E, 0x1B, 0xFB, 0x80, 0x14, 0x82, 0x3B,
    0xB6, 0x00, 0x02, 0xCC, 0x72, 0xDE, 0xD5, 0x40, 0x80, 0x03, 0x02, 0xA9, 0xA1, 0x56, 0x0C, 0x5B,
    0xCE, 0x09, 0xD0, 0x03, 0x6A, 0xB6, 0x49, 0x80, 0x50, 0x0C, 0x38, 0xEB, 0x61, 0x03, 0x14, 0x2A,
    0xD8, 0x1A, 0x68, 0x5B, 0x00, 0x68, 0x17, 0x00, 0x60, 0x9D, 0x6E, 0xA4, 0x83, 0xA4, 0x55, 0xB7,
    0xB9, 0x48, 0xBD, 0x50, 0x16, 0x28, 0x14, 0x41, 0x59, 0x0A, 0x40, 0xB9, 0x01, 0x52, 0x96, 0xDE,
    0x1E, 0x8D, 0xE0, 0x14, 0x50, 0xB2, 0x89, 0xBF, 0xBE, 0x6F, 0x66, 0x3C, 0x48, 0x23, 0x79, 0xE3,
    0x2E, 0xF7, 0xC2, 0xFB, 0x7B, 0x46, 0x91, 0x7E, 0xFA, 0xBF, 0x37, 0xDF, 0xBC, 0x2F, 0x9E, 0x10,
    0xC7, 0x1C, 0x8A, 0xE2, 0x8D, 0xBA, 0xE2, 0x4C, 0xF3, 0x53, 0x05, 0x55, 0x44, 0xFE, 0xB1, 0xA7,
    0x38, 0xDB, 0x7B, 0xAC, 0x98, 0xA5, 0xA8, 0x58, 0x39, 0xEC, 0x5C, 0x61, 0xE5, 0xFE, 0xA6, 0x82,
    0x73, 0x67, 0xEE, 0x8B, 0x14, 0xB7, 0xA1, 0x80, 0x82, 0x05, 0x02, 0xF0, 0x88, 0xE0, 0x5D, 0xAB,
    0x0F, 0x5F, 0x3B, 0x8F, 0x70, 0x9F, 0xFC, 0x6F, 0x39, 0x9C, 0xA5, 0x6D, 0x85, 0x64, 0x71, 0xDD,
    0xBE, 0x4C, 0xCB, 0x69, 0xD4, 0xF4, 0x93, 0x46, 0xE5, 0xF9, 0xA5, 0x06, 0x03, 0xA7, 0x61, 0xFF,
    0xDA, 0x69, 0x94, 0x7F, 0xFF, 0x6E, 0x63, 0xDD, 0x7A, 0xD2, 0x00, 0xA7, 0xD1, 0xD4, 0xBF, 0x69,
    0xEC, 0x3C, 0x77, 0x1A, 0xB4, 0xB6, 0x1A, 0xFC, 0x4C, 0xCB, 0x4F, 0x27, 0x4B, 0xE6, 0x9D, 0xCB,
    0x80, 0x8B, 0x89, 0xC8, 0x55, 0x95, 0xE7, 0x97, 0x55, 0x4D, 0xFF, 0x9B, 0xA2, 0xEF, 0x2A, 0x7B,
    0xE8, 0x2A, 0xF7, 0xDA, 0x65, 0x75, 0xC7, 0x96, 0x73, 0x5C, 0xA5, 0xF5, 0xD7, 0xAA, 0x2E, 0xAF,
    0xF3, 0xB3, 0x66, 0x92, 0x81, 0xAB, 0x9C, 0x70, 0x46, 0x12, 0xE2, 0xD4, 0xFA, 0x88, 0x7A, 0x7D,
    0x13, 0x13, 0x2A, 0xF9, 0x53, 0xD6, 0x47, 0xC9, 0xD1, 0xB2, 0xE4, 0x8F, 0x42, 0x65, 0xF5, 0x07,
    0xAA, 0x1C, 0xAE, 0xA9, 0x02, 0x28, 0xAB, 0xFE, 0xFE, 0xC7, 0x35, 0xFD, 0xF2, 0x0A, 0x6A, 0xFA,
    0x9F, 0x8C, 0x12, 0x4B, 0x4C, 0x42, 0x71, 0xDC, 0xC7, 0x7F, 0xE8, 0x29, 0x5C, 0xD3, 0x47, 0x65,
    0xFA, 0x08, 0xF5, 0x2B, 0xD4, 0xF4, 0xD1, 0x15, 0x70, 0x51, 0x89, 0x58, 0x0D, 0x11, 0xBB, 0x9B,
    0x08, 0xA9, 0x68, 0xAD, 0x11, 0x93, 0x75, 0xC8, 0x6C, 0xCA, 0xC5, 0x49, 0x25, 0x76, 0xC9, 0x9F,
    0xA6, 0xE4, 0xEC, 0x0A, 0x7D, 0xCC, 0x4A, 0xD3, 0x5C, 0xA1, 0xD4, 0x0B, 0x58, 0xA6, 0x52, 0x40,
    0x25, 0x47, 0x56, 0x0F, 0xB0, 0xBA, 0x46, 0x62, 0x3C, 0x90, 0xD1, 0x0D, 0xD7, 0x64, 0x8C, 0xAE,
    0x99, 0x06, 0x0C, 0xB3, 0x06, 0xD4, 0xB4, 0xFE, 0x78, 0xA5, 0x19, 0x64, 0xE5, 0x1A, 0x98, 0x60,
    0x54, 0x96, 0xE9, 0xD7, 0x30, 0xCB, 0x6C, 0xD6, 0x4C, 0xC3, 0xA9, 0xA2, 0x8C, 0xCB, 0x92, 0x98,
    0x14, 0x97, 0x0A, 0xAE, 0x5E, 0x89, 0x6B, 0x2F, 0xA3, 0x70, 0xC1, 0xFA, 0x57, 0xB2, 0xCF, 0x5B,
    0xBD, 0x49, 0xD6, 0x48, 0x43, 0x8B, 0x37, 0xEB, 0xC7, 0x65, 0xFF, 0xA8, 0xAB, 0xB0, 0xFB, 0x2F,
    0x14, 0xE5, 0x60, 0x49, 0x25, 0xEE, 0xC5, 0xE0, 0xBF, 0xCB, 0xEA, 0xDC, 0x50, 0x30, 0x87, 0x91,
    0x05, 0x91, 0xB7, 0xD6, 0x45, 0x78, 0x17, 0xB0, 0xBE, 0x0A, 0xE0, 0xEC, 0x47, 0x03, 0xAC, 0xD7,
    0x54, 0x43, 0x02, 0x2C, 0x80, 0x42, 0x66, 0xB5, 0x3C, 0x62, 0x35, 0x3A, 0xB6, 0x6A, 0x5D, 0x31,
    0x65, 0x57, 0xB6, 0xB3, 0xAB, 0x3C, 0x47, 0x55, 0x47, 0x0C, 0xF8, 0x13, 0x63, 0xD3, 0xFC, 0x8C,
    0xCF, 0xB3, 0xA0, 0x9F, 0x8A, 0x2B, 0x15, 0xA4, 0xA7, 0xD6, 0x00, 0x70, 0x1E, 0x01, 0xCB, 0xE5,
    0x80, 0x99, 0xA1, 0xFD, 0x82, 0x72, 0x48, 0x95, 0x38, 0x2A, 0x72, 0x75, 0x83, 0x7D, 0xAD, 0x75,
    0x17, 0xDF, 0xEE, 0x72, 0xA2, 0xA4, 0x11, 0xA5, 0x52, 0xD6, 0xFA, 0x35, 0x58, 0x06, 0xEF, 0x0C,
    0x0C, 0x79, 0x0D, 0x21, 0x97, 0x9E, 0xA2, 0x02, 0x6E, 0x10, 0x47, 0x27, 0x86, 0x96, 0x9D, 0x2E,
    0xB8, 0x22, 0xA5, 0x58, 0x66, 0xEC, 0x90, 0x12, 0x90, 0x8A, 0xA1, 0x58, 0x72, 0x13, 0x64, 0xF8,
    0x31, 0xE3, 0xF6, 0x10, 0x28, 0x6F, 0x0B, 0xF9, 0x75, 0x49, 0x3C, 0x1F, 0x70, 0x93, 0x38, 0x12,
    0xBB, 0xEB, 0x86, 0x6C, 0x44, 0x28, 0xAF, 0x00, 0xDE, 0xC6, 0x31, 0x47, 0x4E, 0x00, 0xA9, 0x18,
    0xD4, 0x68, 0x44, 0x93, 0x7D, 0x29, 0x7D, 0x06, 0x54, 0xCB, 0x21, 0xEE, 0xC0, 0x3A, 0xE2, 0x4C,
    0xC0, 0x0F, 0x4E, 0xFE, 0x8E, 0x52, 0xC0, 0xDB, 0xA3, 0x22, 0xAF, 0x9D, 0x0A, 0x7F, 0x53, 0xF0,
    0xE5, 0x81, 0x3D, 0x89, 0xBF, 0x68, 0x75, 0x49, 0xA4, 0xA3, 0x7B, 0x38, 0x3D, 0xF6, 0x70, 0x0C,
    0xD9, 0x1C, 0x99, 0xF7, 0xF4, 0x52, 0xB0, 0xDD, 0x1D, 0x95, 0x65, 0xF9, 0xDE, 0xF4, 0xD4, 0xE9,
    0x01, 0xA5, 0x3E, 0xB0, 0xE4, 0x03, 0xED, 0xE5, 0x40, 0xA6, 0xA5, 0x33, 0x64, 0x15, 0x3E, 0x20,
    0x17, 0x5A, 0x22, 0xAC, 0x4B, 0x00, 0x41, 0x76, 0x2D, 0xFB, 0x93, 0x1D, 0x5F, 0x36, 0x1D, 0x1F,
    0x3A, 0x2F, 0x50, 0x39, 0xBB, 0x59, 0x1C, 0x57, 0xEE, 0xC5, 0x6D, 0x1F, 0x97, 0xB7, 0x80, 0x83,
    0xDC, 0x52, 0x49, 0xF1, 0xE9, 0x52, 0x59, 0x32, 0xF8, 0xD2, 0x28, 0xBE, 0x93, 0xC3, 0xC7, 0x12,
    0x90, 0x49, 0x6E, 0xA9, 0x6C, 0xA4, 0xE4, 0x09, 0xE3, 0xD7, 0x02, 0xCE, 0xBC, 0x2A, 0xBD, 0x34,
    0xE4, 0xB3, 0xD3, 0x8C, 0x9F, 0x6E, 0xA9, 0x6C, 0x7C, 0xDB, 0xB5, 0xFC, 0xD0, 0xED, 0x51, 0x8E,
    0xAC, 0x0E, 0x05, 0x28, 0x4E, 0xFB, 0x8E, 0x37, 0x2E, 0x95, 0x4F, 0xA6, 0xB8, 0x37, 0x78, 0xF7,
    0x46, 0xBA, 0xD0, 0x55, 0xC8, 0xEF, 0xE5, 0xC9, 0x16, 0x14, 0x8C, 0x53, 0x0F, 0x27, 0xC4, 0xCB,
    0xDC, 0x7B, 0xA9, 0x8C, 0xE0, 0x37, 0xF2, 0x53, 0x20, 0xDF, 0x21, 0x33, 0x00, 0xF2, 0x2B, 0x31,
    0xB3, 0x36, 0xB5, 0x5E, 0x37, 0xE2, 0x31, 0x45, 0x28, 0x9C, 0xAA, 0x39, 0x4F, 0x2D, 0x4D, 0xF1,
    0xA4, 0xE6, 0xB0, 0x7F, 0xF2, 0x42, 0x4F, 0xE3, 0x02, 0x1E, 0xEB, 0x49, 0xD6, 0xF4, 0x2B, 0xAF,
    0x72, 0x67, 0x33, 0x3D, 0x4F, 0xF3, 0x8E, 0xE4, 0x3F, 0xE3, 0x59, 0xFF, 0x11, 0x7A, 0xCE, 0x47,
    0x3D, 0x6F, 0x99, 0xB6, 0xB7, 0xC7, 0xDB, 0xDE, 0x3C, 0x78, 0x8C, 0x27, 0xF8, 0x78, 0x92, 0x93,
    0x9C, 0xC7, 0x78, 0xD6, 0x7F, 0x86, 0x9E, 0xFB, 0x51, 0xDF, 0x7B, 0x8F, 0x3D, 0xEF, 0x87, 0xE9,
    0xFB, 0xD3, 0x3E, 0xE6, 0x39, 0x8B, 0x40, 0x21, 0xEF, 0x69, 0x92, 0x15, 0x65, 0x2C, 0x02, 0x3C,
    0xBB, 0x1B, 0x27, 0x59, 0x1A, 0xB6, 0x59, 0xBF, 0x17, 0x58, 0x1C, 0x61, 0x8D, 0xD7, 0xF5, 0x75,
    0xE0, 0x95, 0x7E, 0x11, 0x79, 0x6B, 0xC2, 0x39, 0x4F, 0xC1, 0x83, 0xE4, 0x73, 0x09, 0x23, 0xC7,
    0x32, 0xB1, 0xC0, 0xC2, 0x54, 0x96, 0xC6, 0x73, 0x9E, 0xF4, 0xBC, 0x2A, 0xAF, 0x3C, 0x9F, 0xC5,
    0x8C, 0x73, 0x5C, 0xD3, 0x18, 0x33, 0x9E, 0xE4, 0x90, 0xEF, 0x57, 0xCC, 0xD9, 0x93, 0x7C, 0x76,
    0xCC, 0x7A, 0xE4, 0x5D, 0xE4, 0x2D, 0x0F, 0x28, 0xB8, 0x7A, 0xDF, 0x2C, 0x71, 0xB3, 0xFA, 0x3C,
    0x57, 0x4B, 0x42, 0x92, 0x3A, 0x8A, 0xFF, 0xFE, 0x5B, 0x6B, 0xFC, 0x2A, 0xA9, 0xF1, 0xBD, 0xC9,
    0x1A, 0xBD, 0xB1, 0x1C, 0x9D, 0xAE, 0xF9, 0xDE, 0x67, 0xFD, 0x1A, 0xF1, 0x26, 0x2C, 0x2B, 0x64,
    0x71, 0xF4, 0xF3, 0x13, 0xAC, 0x05, 0x16, 0x13, 0x58, 0xE5, 0xCE, 0x86, 0x87, 0xC1, 0xC5, 0xA7,
    0xA9, 0x18, 0xA2, 0x41, 0x62, 0x98, 0x18, 0x28, 0x7E, 0xEA, 0xD0, 0x48, 0xCB, 0xC8, 0x00, 0xB0,
    0x0C, 0xAC, 0xF4, 0x17, 0xC0, 0x1D, 0x27, 0xA2, 0x14, 0xB1, 0x8F, 0x95, 0xE2, 0x0B, 0x53, 0xCB,
    0xCE, 0x59, 0x4D, 0xA1, 0x8B, 0x54, 0x75, 0x68, 0x3D, 0x2F, 0x0E, 0x1C, 0xB1, 0x68, 0x6E, 0x6B,
    0xEB, 0xA9, 0xF5, 0x80, 0x9B, 0xFA, 0x80, 0x91, 0xF0, 0x13, 0x29, 0xEB, 0xBE, 0x6F, 0x2C, 0x64,
    0x12, 0xF9, 0x14, 0x77, 0x7A, 0x3E, 0xB5, 0x6F, 0xBA, 0xEF, 0x1D, 0xE0, 0x84, 0x22, 0x2E, 0x3E,
    0xAC, 0x1A, 0x69, 0x8B, 0x38, 0x91, 0x48, 0x35, 0x10, 0xB9, 0x90, 0x52, 0x72, 0xB2, 0x41, 0xA5,
    0x1E, 0xB4, 0xA8, 0xE9, 0x6E, 0x0B, 0x6C, 0x11, 0xA1, 0xB4, 0xD0, 0x9A, 0x4E, 0xB8, 0xB9, 0xC4,
    0xC3, 0x80, 0x3D, 0x5A, 0xD8, 0x7D, 0x91, 0x6A, 0x28, 0xD2, 0x46, 0x24, 0x0E, 0x57, 0xEB, 0x3E,
    0xC6, 0xC7, 0x74, 0x49, 0xE3, 0xBA, 0x91, 0x63, 0xBC, 0x73, 0x8C, 0x2F, 0xFE, 0x61, 0x90, 0x7E,
    0x07, 0xE7, 0xF8, 0x3C, 0x10, 0x6A, 0x4B, 0x9C, 0x8A, 0xDC, 0x0C, 0x44, 0x1E, 0x64, 0x94, 0x52,
    0x2A, 0x8C, 0x8A, 0xD6, 0x43, 0xB3, 0x05, 0x6C, 0xE4, 0xC9, 0x95, 0xAD, 0xF0, 0x21, 0xFA, 0x99,
    0x81, 0xAE, 0x19, 0x80, 0x81, 0xBA, 0x3D, 0x91, 0xC7, 0x88, 0xCC, 0x4F, 0x7A, 0x4E, 0x4E, 0x5D,
    0x20, 0x15, 0x43, 0x3E, 0x8E, 0xF9, 0x1C, 0x3E, 0xD7, 0x17, 0x58, 0xA7, 0x85, 0xD5, 0x17, 0x59,
    0x0E, 0x45, 0x7E, 0x9E, 0x42, 0xC9, 0xA0, 0xAD, 0x9C, 0xA4, 0x5F, 0x9E, 0x86, 0x67, 0xAE, 0xA5,
    0x07, 0xC4, 0x12, 0x79, 0xAC, 0x34, 0x7B, 0x6B, 0x07, 0x2B, 0x7F, 0x13, 0xAE, 0x7D, 0x42, 0x19,
    0x0F, 0xF6, 0x44, 0x4A, 0x91, 0xC8, 0x1A, 0x22, 0x66, 0x49, 0x63, 0xD6, 0x70, 0x2A, 0xB2, 0x92,
    0xF3, 0xA7, 0x63, 0xD1, 0x62, 0xE5, 0x30, 0x14, 0xB9, 0x37, 0xDD, 0x7D, 0x30, 0xD5, 0xBD, 0xD5,
    0x13, 0xB1, 0x7B, 0x80, 0x63, 0x8C, 0x96, 0xD7, 0x81, 0xBD, 0x72, 0x80, 0x1B, 0xD9, 0x43, 0x14,
    0x5C, 0x00, 0x28, 0x4C, 0x75, 0x5F, 0xBC, 0xDA, 0x5B, 0x0D, 0x64, 0x11, 0x56, 0x23, 0x5C, 0x3C,
    0x58, 0x15, 0xB1, 0x06, 0x22, 0xD5, 0x50, 0x64, 0x01, 0x16, 0xA1, 0x6A, 0x96, 0xF4, 0xC0, 0x6A,
    0x8F, 0x18, 0x67, 0x40, 0x3B, 0xFD, 0x0B, 0xB2, 0x98, 0x71, 0xC1, 0x75, 0x97, 0x75, 0xC3, 0x2D,
    0x6E, 0x35, 0x5C, 0x9C, 0xCB, 0x71, 0x7E, 0xAF, 0xE9, 0xBA, 0xB5, 0xFB, 0x6E, 0x93, 0x73, 0x92,
    0xEB, 0xAE, 0x4B, 0xDF, 0x75, 0x9D, 0x9E, 0xBC, 0x2F, 0x70, 0xDD, 0x75, 0xE4, 0x7C, 0x2C, 0x31,
    0x09, 0xCC, 0xAA, 0xDA, 0x91, 0x52, 0x2B, 0x4D, 0xA5, 0x70, 0x25, 0xB7, 0xD5, 0xB6, 0x7E, 0x55,
    0x3E, 0xC2, 0x97, 0xE3, 0xBE, 0x52, 0x4E, 0x57, 0xA9, 0x2A, 0x4A, 0x3D, 0x60, 0x4E, 0xA5, 0x03,
    0xE8, 0x08, 0x50, 0xB9, 0x9C, 0x33, 0x20, 0x50, 0xAA, 0xA6, 0x95, 0xAA, 0x5C, 0x53, 0x4A, 0x0E,
    0x55, 0xF1, 0x27, 0x4A, 0x25, 0xAC, 0xF2, 0x7D, 0xC3, 0x2A, 0x65, 0x2C, 0xA5, 0xAC, 0x40, 0x29,
    0xBB, 0x5B, 0x90, 0x84, 0x2C, 0xB3, 0x5F, 0xF4, 0x28, 0x54, 0xEA, 0x09, 0x0B, 0x37, 0x61, 0x75,
    0x84, 0xB3, 0x99, 0x7A, 0x32, 0x9C, 0x0F, 0x51, 0xEA, 0x7A, 0xCE, 0x8F, 0x39, 0x1E, 0x61, 0x69,
    0x92, 0x28, 0xC0, 0x38, 0xAB, 0xF9, 0xBA, 0x7C, 0xF4, 0xD3, 0x75, 0xB5, 0xCD, 0x03, 0xF1, 0x10,
    0x29, 0xB5, 0x2C, 0x5E, 0x1E, 0xA1, 0x0C, 0x83, 0x94, 0xA1, 0x46, 0x32, 0xE6, 0x92, 0xC5, 0xEC,
    0x58, 0x8D, 0x57, 0x3F, 0x2B, 0xDF, 0x3F, 0x7A, 0x24, 0xF5, 0xDD, 0x16, 0x56, 0x4F, 0x58, 0x69,
    0xAF, 0xAC, 0x90, 0xD9, 0xD1, 0xCF, 0x4F, 0x67, 0x99, 0xA6, 0xAE, 0x1C, 0x2A, 0x91, 0xA6, 0x08,
    0x65, 0x23, 0x4B, 0x62, 0x2C, 0xEE, 0xDA, 0x86, 0x29, 0x97, 0xBE, 0x88, 0xB9, 0x08, 0x54, 0x11,
    0x69, 0x53, 0x50, 0xC0, 0x6D, 0x23, 0x0F, 0x00, 0x5E, 0x01, 0xCE, 0x2F, 0x81, 0x6A, 0xA9, 0xC7,
    0xCC, 0x90, 0xC7, 0xCC, 0x04, 0xCC, 0x00, 0x85, 0x59, 0x4C, 0x0F, 0x31, 0x66, 0xC1, 0x35, 0xA2,
    0x44, 0x3A, 0x52, 0x3B, 0x71, 0xF1, 0xB4, 0xE4, 0xD4, 0x58, 0xC6, 0xD4, 0x4F, 0xDB, 0x78, 0x61,
    0x9E, 0x40, 0xE8, 0x56, 0x2F, 0x95, 0x57, 0x4E, 0x1F, 0xFB, 0xBF, 0xDC, 0x5D, 0xDC, 0xCB, 0x9F,
    0x2D, 0xB1, 0x6A, 0x0F, 0x4A, 0x21, 0x27, 0x75, 0x95, 0xB9, 0xF4, 0x6A, 0x5F, 0x94, 0x63, 0xE9,
    0xAA, 0x1B, 0x2A, 0x75, 0x07, 0xA5, 0x36, 0x60, 0x96, 0xB3, 0xFA, 0x80, 0x17, 0xD6, 0x23, 0xD3,
    0x01, 0x47, 0xD2, 0x1A, 0xB0, 0x47, 0x55, 0x47, 0x6F, 0x9A, 0xDF, 0x32, 0xAB, 0x89, 0x6A, 0xBD,
    0xE3, 0xF9, 0xED, 0x83, 0x13, 0x8A, 0x94, 0x93, 0xF9, 0x5D, 0x8B, 0x68, 0xF3, 0x4E, 0xF0, 0xC6,
    0xF9, 0x7D, 0x2B, 0xBE, 0xD3, 0xB3, 0x39, 0xD5, 0x09, 0x71, 0xCC, 0x18, 0xD4, 0xB4, 0xA8, 0x2F,
    0x89, 0xB0, 0x47, 0x27, 0xB4, 0xFB, 0x3C, 0xFC, 0x6E, 0xF3, 0xDB, 0xE3, 0xCC, 0xE1, 0x27, 0x46,
    0x92, 0x3B, 0xBD, 0x1A, 0xD5, 0x74, 0xCF, 0xA3, 0xF2, 0xE3, 0xAE, 0x07, 0xE5, 0xA0, 0x1A, 0xC5,
    0x9B, 0x5A, 0xE9, 0x3B, 0xDE, 0xE9, 0x28, 0x93, 0xD2, 0x14, 0x05, 0xAD, 0x34, 0x23, 0x25, 0x0D,
    0x51, 0xB5, 0x6F, 0x7E, 0x79, 0x84, 0xF3, 0xE7, 0xF7, 0x29, 0xA3, 0x58, 0x95, 0x6C, 0xA3, 0x9C,
    0x08, 0x55, 0x0D, 0x50, 0x17, 0x26, 0xEF, 0xD0, 0x79, 0xC0, 0x97, 0x16, 0xF8, 0x38, 0x26, 0x43,
    0x5F, 0xEB, 0xC0, 0x3F, 0x6C, 0xD6, 0x86, 0x78, 0xF8, 0x56, 0x1F, 0x7F, 0x39, 0xC4, 0x6F, 0x27,
    0x1D, 0x9B, 0x4F, 0xC7, 0xBC, 0x3F, 0x99, 0xE9, 0xEE, 0x9D, 0xB2, 0x2A, 0x5B, 0x09, 0xAF, 0xB8,
    0x25, 0xBC, 0x67, 0x2B, 0x6D, 0x96, 0x24, 0x77, 0xF1, 0xED, 0x08, 0xDF, 0x5C, 0x91, 0x5D, 0x84,
    0x2D, 0x3F, 0x9D, 0x6E, 0x9C, 0x64, 0x79, 0xFC, 0x4F, 0x3C, 0x20, 0xEF, 0xAB, 0x23, 0xBE, 0xFE,
    0xF8, 0x9A, 0xF8, 0x5A, 0x9F, 0xF0, 0x85, 0x23, 0xBE, 0x9C, 0x10, 0xC6, 0x32, 0x9B, 0xEC, 0x39,
    0xD6, 0xEF, 0x18, 0x4F, 0xC2, 0x59, 0xC2, 0xA7, 0x8D, 0xEF, 0x8A, 0xA7, 0xC7, 0xE0, 0xCF, 0x27,
    0x9C, 0xAC, 0xBE, 0x31, 0x66, 0xF6, 0x4F, 0x3C, 0x16, 0x64, 0xCF, 0xCF, 0xF9, 0xDA, 0x69, 0xFF,
    0xF4, 0x9A, 0xD4, 0x97, 0xFA, 0xAA, 0x4E, 0xF8, 0x12, 0x56, 0x90, 0x65, 0xCC, 0x9D, 0x56, 0xDF,
    0x3D, 0x5D, 0xDF, 0x3D, 0x4C, 0xEB, 0x43, 0x38, 0x67, 0x53, 0x8E, 0x1D, 0x70, 0xDE, 0x30, 0x4C,
    0x66, 0xBC, 0xF4, 0x38, 0xDF, 0x77, 0xEC, 0x84, 0x75, 0xF5, 0x5E, 0xE0, 0x3F, 0x36, 0xD7, 0x70,
    0xB5, 0xB8, 0x6B, 0x6A, 0x2C, 0xF5, 0xF0, 0x3F, 0x04, 0xFF, 0x3A, 0x07, 0x3E, 0x44, 0x3E, 0x62,
    0x14, 0x67, 0x00, 0xE5, 0x25, 0x78, 0x54, 0xEA, 0x95, 0x23, 0x7E, 0x9E, 0xFE, 0x7A, 0x72, 0x11,
    0x03, 0x92, 0xED, 0x4F, 0x24, 0xB6, 0x66, 0xAE, 0x21, 0x71, 0xC3, 0x38, 0x57, 0xD9, 0xC5, 0xE0,
    0x28, 0x45, 0x22, 0xFB, 0x81, 0xC8, 0x1F, 0x21, 0xC2, 0x86, 0x15, 0x40, 0x4B, 0x5C, 0xD1, 0x37,
    0x32, 0x70, 0xBB, 0x38, 0xBF, 0x9E, 0xEB, 0xB3, 0x5C, 0xDE, 0x7B, 0x57, 0x9C, 0x46, 0x2E, 0xC7,
    0x31, 0x9F, 0xB7, 0xBA, 0xD3, 0x94, 0xB2, 0xFF, 0xCE, 0x58, 0xC5, 0x1F, 0xB7, 0xCA, 0x79, 0x6E,
    0xEA, 0xC0, 0x7E, 0x6A, 0xF5, 0x8F, 0x5B, 0x67, 0x47, 0x56, 0x5F, 0x5E, 0x0B, 0xC9, 0xC2, 0xBE,
    0x0C, 0x4E, 0x63, 0x59, 0xDF, 0x6D, 0x14, 0xB7, 0xEE, 0x36, 0x70, 0x2E, 0x35, 0x28, 0x39, 0x8D,
    0xEF, 0x35, 0x9D, 0x46, 0xAD, 0xA9, 0x1B, 0x2C, 0x6D, 0x35, 0x58, 0x77, 0x1A, 0xE2, 0xAA, 0xE1,
    0xF4, 0xE4, 0x7D, 0x38, 0x0D, 0x5F, 0x92, 0xB1, 0xC4, 0x35, 0xC3, 0x5B, 0xC6, 0x6D, 0xB6, 0xD9,
    0x59, 0xDB, 0x4A, 0xC9, 0x3C, 0x56, 0xBC, 0xB3, 0xFD, 0xFF, 0xDD, 0xEC, 0x0A, 0xF9, 0xCD, 0xCE,
    0xFA, 0xC9, 0x09, 0x2C, 0x49, 0xE2, 0xCD, 0x6E, 0xF6, 0xF4, 0x9B, 0x9D, 0x70, 0x36, 0x85, 0xF3,
    0xDB, 0xD8, 0xEC, 0x76, 0x8E, 0xEE, 0xAB, 0xCF, 0xF7, 0xC5, 0xD7, 0x6D, 0xF1, 0x18, 0x29, 0x55,
    0x4E, 0x37, 0xBB, 0xF9, 0x53, 0x6D, 0x76, 0x73, 0x63, 0x35, 0xEE, 0x3C, 0x4E, 0x58, 0xD9, 0x66,
    0x27, 0xAC, 0xF6, 0xE9, 0x36, 0xBB, 0x42, 0x0C, 0x43, 0x68, 0xB9, 0xCD, 0x4E, 0x11, 0x77, 0x6D,
    0x5E, 0xCA, 0x4D, 0xB6, 0x24, 0x27, 0xDE, 0x92, 0x46, 0x36, 0xBB, 0x96, 0x91, 0x3E, 0x60, 0x0D,
    0x81, 0xD2, 0xDF, 0x02, 0x6B, 0xA5, 0x9E, 0x99, 0xA8, 0x1D, 0xEC, 0x80, 0x99, 0x14, 0x3F, 0x37,
    0x56, 0x76, 0xE5, 0x86, 0x52, 0x47, 0x9D, 0xAC, 0xEC, 0x6C, 0x37, 0xBA, 0x0E, 0x73, 0xA3, 0xBB,
    0x91, 0x9D, 0xDB, 0x8D, 0xA6, 0x4F, 0xDD, 0x4F, 0x24, 0xF5, 0x51, 0x71, 0xE7, 0xCB, 0x6D, 0xD9,
    0x85, 0x14, 0x4E, 0xA0, 0x92, 0xA9, 0x5B, 0x3B, 0xE2, 0x01, 0xCA, 0xE9, 0x9D, 0x38, 0x75, 0x73,
    0x93, 0x52, 0x0F, 0x8B, 0x5B, 0x87, 0x6D, 0xFD, 0x0C, 0x9F, 0x25, 0xC9, 0xDD, 0x9D, 0xB6, 0x1D,
    0x1D, 0xB6, 0x4F, 0x39, 0x29, 0xCF, 0xCB, 0x2E, 0xE6, 0x9B, 0xFB, 0xD5, 0x70, 0xD8, 0x0A, 0x7C,
    0xAD, 0xF1, 0x39, 0x27, 0xF9, 0xA0, 0x33, 0x2C, 0xF5, 0x4E, 0x3F, 0xDD, 0xF2, 0x53, 0xC9, 0xF0,
    0xCC, 0xD4, 0xFD, 0xF4, 0x1A, 0x3E, 0xEB, 0xF5, 0x5D, 0xAB, 0xDF, 0x19, 0x9A, 0xA9, 0xF4, 0x4F,
    0xE9, 0x6E, 0x70, 0xF2, 0x74, 0xCB, 0xB3, 0xBE, 0xDC, 0x35, 0xAC, 0x66, 0x3C, 0xC1, 0x0D, 0xEB,
    0xB0, 0x6D, 0xF5, 0x77, 0xDA, 0xDF, 0x69, 0xC2, 0xA5, 0xBE, 0xAE, 0xDE, 0xFB, 0xAB, 0xDD, 0x4E,
    0x13, 0x3F, 0x19, 0x1B, 0x52, 0xE7, 0xD4, 0x09, 0x37, 0x7C, 0xE3, 0x84, 0xB3, 0xF5, 0x50, 0x26,
    0xDC, 0xAF, 0xDA, 0xC4, 0x4D, 0x63, 0xC9, 0xC8, 0x6E, 0x67, 0x88, 0x13, 0xB1, 0xCB, 0xE9, 0x27,
    0x5C, 0x7F, 0x72, 0xC2, 0x65, 0x56, 0x77, 0x9A, 0x81, 0x2F, 0x56, 0xB3, 0x4B, 0xF2, 0xC6, 0x09,
    0xB7, 0xFF, 0x6D, 0x13, 0x4E, 0xB2, 0xA4, 0x65, 0xC2, 0x5D, 0x92, 0x09, 0xE7, 0x34, 0x38, 0x27,
    0xB9, 0x7E, 0xAF, 0x41, 0x5F, 0x27, 0x13, 0x2E, 0x98, 0x3E, 0xE1, 0xC6, 0x9F, 0xDD, 0x65, 0xE2,
    0xE1, 0x9A, 0xD7, 0x8A, 0x1B, 0x78, 0x80, 0x11, 0x3B, 0x5C, 0xC7, 0x18, 0x37, 0x32, 0x6F, 0x84,
    0x58, 0xB2, 0xA7, 0x50, 0x29, 0xC5, 0xAA, 0xD7, 0x3F, 0x38, 0xA6, 0x58, 0x1F, 0xC4, 0x94, 0x14,
    0x60, 0x19, 0x80, 0xDD, 0xBD, 0x60, 0x64, 0xE2, 0xE1, 0x95, 0x9B, 0x39, 0x98, 0x94, 0x45, 0x32,
    0x7C, 0xDE, 0x9F, 0xB5, 0x91, 0x90, 0xBD, 0x93, 0xC9, 0x4E, 0x30, 0x45, 0x64, 0x82, 0x8C, 0x43,
    0xBD, 0x09, 0x28, 0x41, 0x6C, 0x97, 0x3C, 0x34, 0xFB, 0xC4, 0xC9, 0x0F, 0x3B, 0xF3, 0x76, 0x73,
    0xDD, 0xB0, 0x82, 0xD8, 0x6E, 0x8C, 0x5F, 0xC8, 0xDB, 0x35, 0x91, 0x41, 0xDF, 0x1E, 0x95, 0x94,
    0x37, 0xDA, 0xE7, 0xBC, 0xE7, 0x8C, 0x9C, 0xF3, 0x6C, 0xC3, 0x62, 0xEE, 0x99, 0x66, 0xFE, 0xF4,
    0x34, 0x57, 0x30, 0xD7, 0xE7, 0x93, 0x9F, 0x6E, 0xFE, 0x3D, 0xB0, 0xE6, 0xC6, 0x0F, 0xFE, 0x5F,
    0x53, 0x84, 0xEF, 0x9F, 0x92, 0xBC, 0x30, 0x41, 0xAE, 0xEA, 0x10, 0xFB, 0xBF, 0x85, 0xEA, 0x84,
    0xC7, 0x76, 0xE5, 0xAE, 0x68, 0x93, 0x7F, 0x96, 0x03, 0x3E, 0xC5, 0xFA, 0x86, 0xCF, 0xB2, 0x1E,
    0xFA, 0xE6, 0x2C, 0x95, 0xCA, 0x61, 0xDB, 0xA7, 0xFA, 0x2B, 0x11, 0xB8, 0x58, 0xEB, 0x71, 0xFD,
    0xF6, 0x7B, 0x07, 0xB4, 0x6E, 0xF9, 0xD0, 0x22, 0x95, 0x9D, 0x97, 0xDA, 0x67, 0xFF, 0xE5, 0x5F,
    0xFA, 0x00, 0xD3, 0x64, 0xDE, 0xC8, 0x38, 0x79, 0x57, 0xA0, 0x7A, 0xF8, 0x4E, 0x50, 0x88, 0xA1,
    0xB7, 0x6E, 0x1B, 0xD4, 0xBC, 0x8F, 0xF5, 0x70, 0x47, 0x50, 0xFA, 0x7F, 0xB2, 0xCF, 0xA6, 0x8F,
    0x56, 0x4E, 0x22, 0x9F, 0x37, 0xE2, 0x89, 0xF1, 0x4D, 0x8F, 0xB2, 0x1E, 0x7A, 0x80, 0x9F, 0x4A,
    0xD5, 0x9C, 0x7E, 0x7F, 0xF3, 0xF6, 0xDA, 0x01, 0xF3, 0xB7, 0xAB, 0x11, 0xB7, 0x6E, 0x79, 0x70,
    0xCB, 0xF2, 0x4C, 0x73, 0x3C, 0x7E, 0xB7, 0x9E, 0xAE, 0xD8, 0xEC, 0xB7, 0x01, 0x46, 0xC5, 0x8C,
    0xED, 0x64, 0x0F, 0x48, 0xC3, 0x63, 0x39, 0xC3, 0x17, 0xDF, 0x6F, 0xAF, 0x06, 0xD5, 0xC3, 0x07,
    0xD5, 0x48, 0xC8, 0x1E, 0x09, 0xF9, 0xE1, 0xFB, 0x86, 0xFC, 0x32, 0x86, 0x2E, 0xE0, 0x8C, 0xAC,
    0xF1, 0x6C, 0xBD, 0x84, 0x90, 0x48, 0xB6, 0xC6, 0xB3, 0x30, 0xEE, 0x5F, 0x79, 0xE6, 0xC0, 0xC8,
    0x07, 0xF1, 0xE9, 0xEA, 0x46, 0x81, 0xF5, 0x6A, 0xC4, 0x45, 0x53, 0xD1, 0xC5, 0x79, 0x8F, 0xCA,
    0xE7, 0x4D, 0x8F, 0x9A, 0xFE, 0xD4, 0xCB, 0xC8, 0xE4, 0x9E, 0xB9, 0xE4, 0x1E, 0xBC, 0x4C, 0x75,
    0x8F, 0xB5, 0x1B, 0x37, 0x67, 0xD5, 0xF4, 0xDE, 0xF4, 0x25, 0x2E, 0xE1, 0x87, 0xB9, 0x12, 0xBC,
    0x64, 0xE5, 0x58, 0xCF, 0xCD, 0xCA, 0x11, 0x68, 0x22, 0xD6, 0xB4, 0x95, 0x63, 0x5F, 0x2E, 0xD6,
    0x2F, 0x35, 0xAA, 0xFA, 0x49, 0x03, 0x2B, 0xC9, 0x1F, 0x74, 0x9E, 0x34, 0x56, 0xFE, 0x5A, 0x8E,
    0xED, 0x27, 0xDA, 0x7A, 0x72, 0xF7, 0x99, 0xF5, 0x8B, 0x4B, 0x0D, 0xAB, 0xEB, 0x48, 0xFE, 0x41,
    0x63, 0x5F, 0xFF, 0xA6, 0x51, 0xD9, 0x1C, 0x1D, 0xA1, 0xD9, 0x7F, 0x5B, 0x5B, 0x40, 0xC9, 0xA5,
    0xAA, 0xBF, 0x70, 0x29, 0x5E, 0x15, 0xC1, 0x16, 0xA9, 0xE9, 0x2F, 0x9A, 0x54, 0xEC, 0x2F, 0x34,
    0xDC, 0xFD, 0x33, 0x17, 0xEB, 0x5F, 0x7E, 0x2C, 0xF2, 0xE5, 0x96, 0x2B, 0x56, 0xBF, 0x72, 0x93,
    0x4F, 0x00, 0x33, 0xC6, 0xEF, 0x53, 0x31, 0xC8, 0x0D, 0xD3, 0x84, 0x32, 0xC8, 0x51, 0xF2, 0x5A,
    0x1C, 0xFF, 0x07, 0xB5, 0x58, 0x0B, 0x6B, 0x23, 0xD7, 0x15, 0xFE, 0x46, 0xD2, 0x58, 0xD8, 0x83,
    0xAF, 0x0C, 0xEC, 0x24, 0x26, 0x95, 0x57, 0x05, 0x0C, 0x94, 0x70, 0x77, 0xC5, 0x63, 0x81, 0x09,
    0x38, 0xF5, 0x40, 0x79, 0x17, 0x8C, 0x4B, 0xAD, 0x0D, 0x24, 0x65, 0x53, 0xA0, 0xBC, 0x1C, 0x6F,
    0xB3, 0x80, 0x01, 0x07, 0x9C, 0x95, 0xA0, 0xBC, 0x0D, 0xC1, 0xC0, 0xFE, 0x80, 0x02, 0x59, 0xE8,
    0x3A, 0x4D, 0xE2, 0xC0, 0x1A, 0x5C, 0xE3, 0xAC, 0x04, 0x29, 0x2D, 0xCF, 0xA0, 0x9F, 0x20, 0xE8,
    0x16, 0x48, 0x29, 0x54, 0x50, 0xA5, 0x28, 0xAE, 0xAD, 0xE9, 0xF9, 0xF6, 0xCE, 0xE8, 0x8E, 0xB4,
    0xE3, 0xC1, 0xBB, 0x49, 0xC7, 0x9C, 0x6F, 0xE6, 0xDC, 0x99, 0xFB, 0xCD, 0xB9, 0xE7, 0x31, 0xE7,
    0x5A, 0x30, 0x87, 0x72, 0x1B, 0x1B, 0xAA, 0x12, 0x5D, 0x28, 0x60, 0x5E, 0x51, 0xDC, 0xCD, 0x2F,
    0x55, 0xE5, 0xEC, 0x8F, 0x0A, 0xA8, 0x2A, 0x2C, 0x6B, 0x85, 0x80, 0x02, 0x8A, 0xF2, 0xEF, 0x7F,
    0xFE, 0xF5, 0x6A, 0xF4, 0x48, 0x01, 0x78, 0x5E, 0x2A, 0xD1, 0x39, 0x2F, 0xB4, 0x80, 0xBF, 0x25,
    0xEA, 0xD9, 0xA9, 0x02, 0x16, 0x56, 0x04, 0xB6, 0x97, 0x15, 0x9C, 0x0F, 0x36, 0xD7, 0xB0, 0x1A,
    0x8D, 0xD6, 0xE0, 0x87, 0x9C, 0xC0, 0xA3, 0x10, 0x45, 0x23, 0x70, 0xAE, 0xB9, 0x2A, 0x74, 0x00,
    0x03, 0xA2, 0x46, 0xB0, 0x47, 0x39, 0x8A, 0xCE, 0x79, 0xAE, 0x8E, 0x41, 0xC3, 0xE3, 0x98, 0xBB,
    0x0E, 0x6D, 0x54, 0xDC, 0xAA, 0xAE, 0x00, 0x81, 0x26, 0xE8, 0x6B, 0x04, 0x18, 0x68, 0x0A, 0x55,
    0xC7, 0x52, 0x15, 0x9F, 0xA3, 0xDA, 0x32, 0x54, 0x0E, 0x0C, 0x55, 0x00, 0x82, 0x99, 0xE6, 0x37,
    0xBE, 0x6D, 0x84, 0x40, 0x1F, 0xC8, 0x81, 0x75, 0xC0, 0x6D, 0x34, 0xD6, 0x65, 0xF9, 0xD1, 0x80,
    0xFA, 0xB6, 0x81, 0x1A, 0xD5, 0x12, 0x70, 0x8F, 0xEA, 0xA1, 0x79, 0x3A, 0x92, 0xA3, 0x95, 0x5A,
    0x26, 0xA1, 0x1E, 0x4F, 0xBB, 0x95, 0x01, 0xCB, 0x63, 0xE6, 0x3E, 0x90, 0x50, 0x19, 0xD5, 0x0D,
    0x63, 0x52, 0x42, 0x6F, 0x9A, 0xB9, 0x44, 0x50, 0x04, 0x05, 0xA4, 0x80, 0x73, 0x87, 0x70, 0x48,
    0xFA, 0x9C, 0x37, 0x9C, 0xD8, 0x11, 0x88, 0x1D, 0xB1, 0x62, 0x7C, 0x60, 0x97, 0x2A, 0x51, 0xB8,
    0x00, 0x80, 0x25, 0x10, 0x8C, 0x5A, 0x0E, 0x81, 0x18, 0xC6, 0x21, 0xA3, 0x23, 0x68, 0xF8, 0x76,
    0xB2, 0x0E, 0x77, 0xDB, 0x8C, 0xD9, 0x25, 0x10, 0x32, 0xBC, 0x11, 0xCF, 0x55, 0x9C, 0x66, 0x81,
    0x63, 0x36, 0x0F, 0x68, 0xFD, 0x6E, 0x62, 0xA4, 0xB3, 0xCB, 0xBB, 0xE7, 0x36, 0x6E, 0x84, 0x1D,
    0xB4, 0x8D, 0xE1, 0x5D, 0xE1, 0x44, 0x77, 0x11, 0x65, 0x74, 0x57, 0x68, 0xE4, 0x8A, 0x21, 0x28,
    0x83, 0x57, 0x48, 0x54, 0x7B, 0xA4, 0x23, 0xE8, 0x3E, 0x36, 0x11, 0x44, 0x56, 0x04, 0x8B, 0x42,
    0x4E, 0x88, 0x0F, 0xAB, 0x56, 0xE8, 0xAB, 0xDD, 0x9F, 0x02, 0xF5, 0x5E, 0x79, 0x08, 0x1F, 0xB8,
    0x96, 0x9F, 0x1B, 0x39, 0xCC, 0xED, 0x51, 0x08, 0xEF, 0xC1, 0x4C, 0x0F, 0xAC, 0x1F, 0x03, 0xDE,
    0x7E, 0xA1, 0x0F, 0xA7, 0x1D, 0x85, 0x48, 0x1F, 0x6A, 0xEE, 0xE0, 0x63, 0x91, 0x63, 0x05, 0x04,
    0x0A, 0xCE, 0xB6, 0xAA, 0x47, 0x03, 0x55, 0xC2, 0xB6, 0x12, 0x7E, 0xE5, 0x37, 0x4E, 0xD6, 0xDA,
    0xD1, 0x37, 0x0A, 0x1A, 0x22, 0x73, 0x9F, 0x19, 0x81, 0x1A, 0xCB, 0x62, 0xAA, 0x80, 0x3D, 0x16,
    0xB0, 0xD3, 0x90, 0xDA, 0x65, 0xED, 0x63, 0xE6, 0xE0, 0x54, 0xC6, 0x1E, 0xED, 0x52, 0x5D, 0x21,
    0xBC, 0xA1, 0xA4, 0x80, 0x23, 0x29, 0xE0, 0x77, 0x39, 0x41, 0xCD, 0x7C, 0x66, 0xA0, 0xF0, 0x35,
    0x14, 0x83, 0xA7, 0xA6, 0x0A, 0x38, 0x44, 0xA3, 0xD1, 0x00, 0x80, 0x59, 0x59, 0xFF, 0x90, 0x04,
    0x41, 0x0C, 0x35, 0xAA, 0x2E, 0x6E, 0x89, 0x4A, 0x3B, 0x9B, 0x24, 0x7D, 0xFD, 0xD3, 0x90, 0x9F,
    0x1C, 0x6F, 0x24, 0x40, 0xFA, 0x12, 0x4A, 0xF6, 0xFB, 0x60, 0x80, 0x6A, 0xC6, 0xF7, 0x41, 0x91,
    0x9D, 0xBC, 0xEE, 0xDB, 0xC7, 0xAA, 0x76, 0xF6, 0x98, 0xBE, 0x12, 0xF9, 0x40, 0x49, 0x1A, 0x28,
    0x7F, 0x17, 0x0A, 0x41, 0x65, 0x84, 0x20, 0x5E, 0x64, 0x3D, 0x7A, 0xEA, 0x3C, 0xC5, 0x5D, 0xDA,
    0xCB, 0xB3, 0xE8, 0x3D, 0x8C, 0x8F, 0xC2, 0xCF, 0xDD, 0xC6, 0xCF, 0xF6, 0x2A, 0xD1, 0x57, 0x7B,
    0x70, 0x44, 0x0A, 0x5F, 0xED, 0xD5, 0xE5, 0xBA, 0x24, 0x67, 0x14, 0x7F, 0xB7, 0xF7, 0xDA, 0x27,
    0xFF, 0xDE, 0x5B, 0x3D, 0xFB, 0xE5, 0x1E, 0x0E, 0x8B, 0x7B, 0xF8, 0x22, 0x92, 0xF3, 0x5B, 0xBC,
    0xB6, 0x22, 0xF3, 0x01, 0x78, 0x22, 0x8E, 0x88, 0x0C, 0xD4, 0xC8, 0x04, 0x87, 0x70, 0x5B, 0x80,
    0x64, 0x20, 0x2B, 0xF0, 0xEA, 0xDF, 0xF6, 0x64, 0xDD, 0x02, 0x66, 0x22, 0xD9, 0xCC, 0xD5, 0x02,
    0xCA, 0xA0, 0x91, 0xC0, 0x00, 0xBF, 0xE5, 0x6A, 0x3D, 0x03, 0xF8, 0xCE, 0xF9, 0x10, 0xF8, 0x91,
    0xB5, 0x56, 0x57, 0xA2, 0x81, 0x96, 0xB8, 0x6B, 0x20, 0xD0, 0x52, 0x63, 0xBA, 0x2E, 0xBA, 0xC4,
    0x5D, 0xF4, 0x7B, 0xDA, 0x69, 0x9C, 0xE9, 0x28, 0xFA, 0x87, 0x46, 0x80, 0x6C, 0x59, 0x16, 0x01,
    0xC5, 0xB8, 0xB0, 0xCC, 0xD0, 0x4B, 0xD0, 0x29, 0x33, 0x9F, 0x9C, 0xAB, 0x39, 0x09, 0xBB, 0x89,
    0xFA, 0xFD, 0x35, 0x7E, 0xB4, 0x7D, 0x85, 0xE4, 0x2F, 0x89, 0x8A, 0x9A, 0x92, 0x59, 0x0A, 0xD8,
    0x4D, 0xE0, 0xD9, 0x4E, 0x40, 0xA8, 0x50, 0x9D, 0xDB, 0x58, 0x19, 0xA7, 0xC0, 0x1B, 0xEC, 0x04,
    0xD1, 0x47, 0xF0, 0xDF, 0xE1, 0x4C, 0x2F, 0x81, 0xC2, 0x5F, 0x26, 0x73, 0xC8, 0x46, 0xFA, 0xB2,
    0x44, 0xAA, 0x64, 0x24, 0x92, 0x7F, 0x17, 0x5C, 0x86, 0x81, 0x74, 0x8F, 0xC9, 0x6F, 0x34, 0xD6,
    0xAB, 0x43, 0xE3, 0x51, 0x11, 0x7A, 0xD8, 0x5D, 0x37, 0x1E, 0x6D, 0xBC, 0x1D, 0xE9, 0xE6, 0xE8,
    0x81, 0x16, 0x52, 0x23, 0x1A, 0x9C, 0x7D, 0x2E, 0x34, 0x7A, 0x2C, 0xF6, 0x7B, 0x52, 0x62, 0x55,
    0x7A, 0x71, 0x62, 0xC2, 0xDD, 0x51, 0x35, 0x56, 0xA5, 0x58, 0xCA, 0xAA, 0xDC, 0x3C, 0x88, 0x3E,
    0xBA, 0xFF, 0xF9, 0x03, 0xE3, 0xCF, 0x35, 0x94, 0x0A, 0x7F, 0x86, 0x62, 0x42, 0xD2, 0x38, 0x9E,
    0x93, 0xEB, 0x89, 0x32, 0x9F, 0x5E, 0xFB, 0x9C, 0x10, 0x8A, 0x57, 0x65, 0xD9, 0xA4, 0x04, 0x2B,
    0x5D, 0x1C, 0xF0, 0xCD, 0x1A, 0x58, 0xD7, 0x09, 0xF0, 0x7D, 0x25, 0xCE, 0xC0, 0xA9, 0x88, 0x43,
    0x46, 0xEF, 0xAF, 0x5D, 0x38, 0x4F, 0x30, 0x0A, 0x0B, 0xFB, 0xF0, 0x5A, 0xD3, 0x35, 0x44, 0xA1,
    0xA9, 0x6E, 0x6C, 0x2A, 0x70, 0xB4, 0x46, 0xB7, 0x62, 0x09, 0x8A, 0x4E, 0x95, 0xF3, 0x2C, 0x6B,
    0x06, 0x71, 0x0D, 0x61, 0x60, 0x6B, 0x28, 0xBB, 0xC1, 0xBA, 0x49, 0x5F, 0xC9, 0x68, 0xB0, 0x08,
    0xF8, 0xAD, 0x0B, 0x0A, 0x79, 0xB0, 0x00, 0xBC, 0x60, 0x1B, 0x4C, 0xF2, 0x0E, 0x25, 0x82, 0x22,
    0x64, 0xB5, 0x41, 0xF7, 0x85, 0xDA, 0xE0, 0x0A, 0x2D, 0x25, 0xFC, 0x7F, 0xDA, 0xE0, 0x61, 0x05,
    0xB0, 0x90, 0xDB, 0x06, 0xD9, 0x01, 0x37, 0xEC, 0x9E, 0x28, 0xD7, 0xD9, 0x69, 0x8F, 0xC3, 0xF8,
    0x12, 0x76, 0x4F, 0x94, 0xB3, 0x73, 0x71, 0xC3, 0x8C, 0xEE, 0x94, 0x3E, 0x72, 0x77, 0x2E, 0x06,
    0x90, 0x1B, 0x32, 0xC3, 0x3C, 0x4D, 0xEF, 0xC6, 0x31, 0xCA, 0xD9, 0xB9, 0x70, 0xF9, 0x39, 0x21,
    0xB3, 0xC9, 0x95, 0x1C, 0x57, 0x0C, 0x99, 0xF5, 0x86, 0x5D, 0x56, 0x1C, 0x32, 0x37, 0xCC, 0x08,
    0x59, 0x7C, 0xD8, 0x68, 0x6D, 0x5F, 0x25, 0x64, 0x36, 0xAF, 0xCC, 0xB6, 0x33, 0x73, 0xE7, 0x42,
    0xAB, 0x80, 0x9F, 0x10, 0xF2, 0x77, 0x2E, 0xF9, 0x11, 0xCC, 0xB1, 0x19, 0xED, 0x11, 0x50, 0x7E,
    0xF0, 0xCA, 0xC4, 0xFE, 0xA2, 0x95, 0xB5, 0xBF, 0xD0, 0x94, 0x7A, 0xD4, 0xD7, 0x00, 0xA5, 0xA7,
    0xE1, 0x74, 0xB5, 0xFF, 0x5E, 0x47, 0x37, 0xFF, 0xDB, 0xD1, 0xF0, 0x42, 0x8D, 0x0A, 0x34, 0x56,
    0x44, 0x06, 0xD0, 0xE5, 0x2E, 0x74, 0x93, 0xDF, 0x1D, 0x11, 0x4C, 0x4A, 0xB0, 0x1A, 0x75, 0x82,
    0xD7, 0x0F, 0x3A, 0x01, 0x0A, 0x9D, 0xC0, 0x7D, 0xAB, 0x15, 0x44, 0x51, 0x68, 0xFE, 0xAD, 0xD8,
    0x45, 0x50, 0xE8, 0x21, 0x68, 0x86, 0x08, 0x7E, 0x03, 0x04, 0x71, 0xC4, 0x86, 0x9C, 0x93, 0x21,
    0x48, 0xB8, 0xFC, 0xDB, 0x86, 0xCB, 0x7F, 0x47, 0xB8, 0xFE, 0x25, 0x5C, 0xD7, 0x63, 0xAE, 0x3E,
    0x82, 0xF7, 0x85, 0x6B, 0x1B, 0x08, 0x1C, 0x91, 0x62, 0x8B, 0x02, 0x18, 0x31, 0xD5, 0x6E, 0x79,
    0x0C, 0x87, 0xF3, 0x56, 0xC7, 0xD8, 0x53, 0x43, 0x80, 0x53, 0x04, 0x65, 0xB1, 0xE7, 0x09, 0x10,
    0x2C, 0x80, 0xCF, 0x5B, 0x5B, 0x78, 0xFD, 0x8C, 0x23, 0x14, 0x89, 0xB3, 0xCA, 0x72, 0x75, 0x03,
    0x38, 0x86, 0xAF, 0x1D, 0xB5, 0x82, 0x46, 0x05, 0x01, 0xDE, 0x14, 0x1B, 0x06, 0x08, 0x6A, 0x1D,
    0x04, 0x7F, 0x32, 0x1C, 0x88, 0x39, 0x02, 0x2B, 0x86, 0x37, 0xCD, 0x43, 0x0E, 0xCA, 0x27, 0xC2,
    0x73, 0xF0, 0x2E, 0x02, 0xDC, 0x88, 0x79, 0xE4, 0xD9, 0x63, 0xDA, 0x11, 0xE2, 0x56, 0x7A, 0x6E,
    0x06, 0xCF, 0x42, 0xC2, 0x45, 0x3F, 0x59, 0x9F, 0x63, 0xC2, 0xE7, 0xC6, 0x4F, 0x61, 0x00, 0xF4,
    0xC4, 0xF6, 0x3E, 0x50, 0x1C, 0x00, 0xDE, 0x0D, 0xE0, 0x43, 0xAF, 0xE5, 0xF5, 0x9C, 0x8B, 0x59,
    0x60, 0x31, 0xE6, 0xB2, 0x76, 0x15, 0xED, 0xFA, 0x68, 0x17, 0x86, 0x08, 0xBC, 0xEE, 0xD8, 0x5F,
    0xCB, 0x68, 0x46, 0xAD, 0x62, 0xD7, 0xE9, 0x97, 0x85, 0x9B, 0xC2, 0x6B, 0x8E, 0x21, 0x75, 0xF4,
    0xD0, 0x68, 0x84, 0x3D, 0xB4, 0xA3, 0x4E, 0x8F, 0x09, 0x9A, 0x86, 0xA3, 0x06, 0x78, 0x23, 0x8C,
    0x42, 0x51, 0xCF, 0xC2, 0xA9, 0xBB, 0x27, 0xED, 0x41, 0x0F, 0x9B, 0x8F, 0x64, 0x2E, 0x80, 0x4C,
    0xE0, 0xAB, 0xE4, 0xB9, 0x83, 0xD0, 0x4E, 0xB3, 0x7C, 0xC9, 0x3B, 0x6E, 0xFF, 0x9E, 0x63, 0x02,
    0xC9, 0x34, 0xB0, 0x68, 0xAC, 0x9A, 0x05, 0x21, 0x60, 0xA8, 0x5A, 0x34, 0xF2, 0x39, 0x7A, 0xD0,
    0xDC, 0x78, 0xCC, 0xF9, 0x35, 0xC7, 0x7A, 0x69, 0x02, 0x2F, 0x06, 0xA4, 0x61, 0xF2, 0xBF, 0x31,
    0x4B, 0x9F, 0x30, 0xFF, 0x7D, 0xC2, 0xF0, 0x05, 0xDE, 0xED, 0xF7, 0x70, 0x6D, 0x6C, 0x73, 0x65,
    0xC2, 0x66, 0xAA, 0x02, 0x00, 0x62, 0xB0, 0xC9, 0xF0, 0x72, 0xF4, 0xF5, 0x11, 0xE9, 0x15, 0x0C,
    0x88, 0x2A, 0xA0, 0x91, 0x40, 0x9D, 0x54, 0x89, 0x5F, 0xD6, 0xE1, 0x37, 0x2C, 0x7D, 0xB6, 0xDB,
    0xED, 0x3B, 0xAC, 0xDB, 0xE9, 0x03, 0xEB, 0x9C, 0x09, 0xE0, 0x0D, 0x7B, 0xA4, 0x7D, 0x6F, 0xF8,
    0x18, 0x64, 0x44, 0x7C, 0x47, 0xE2, 0x76, 0xAC, 0xC7, 0xF4, 0xFE, 0x86, 0xA8, 0x73, 0xC0, 0x3E,
    0x2A, 0xBC, 0x61, 0x80, 0x7C, 0x53, 0xAA, 0x39, 0xA6, 0x43, 0x9B, 0x95, 0x89, 0x36, 0xFF, 0xFA,
    0x13, 0xF9, 0x57, 0xE8, 0x08, 0x70, 0x6B, 0x80, 0x32, 0x87, 0xAE, 0xEF, 0x00, 0x38, 0xAE, 0x85,
    0xA8, 0x75, 0x0B, 0x43, 0xCC, 0x82, 0xCE, 0xA4, 0x19, 0x7E, 0x23, 0xCC, 0x74, 0x4E, 0x4B, 0x96,
    0xF0, 0x6D, 0x4C, 0xEF, 0xAC, 0x4F, 0x25, 0x0D, 0xCF, 0x5E, 0x0C, 0x85, 0x7E, 0xA5, 0x85, 0xF2,
    0xE3, 0x9B, 0x5D, 0x5C, 0x5F, 0xDA, 0x3E, 0xC6, 0x4E, 0xB9, 0x57, 0xCF, 0xB2, 0xDE, 0x30, 0xE7,
    0xC7, 0xD7, 0x8F, 0xE9, 0xF7, 0x81, 0xF6, 0x77, 0x40, 0xB9, 0xFB, 0x6A, 0x07, 0x4A, 0xC6, 0x0C,
    0x78, 0xFB, 0xE5, 0x2E, 0x9C, 0xF6, 0x08, 0xE9, 0x63, 0x51, 0x03, 0x5A, 0xB7, 0x47, 0x5A, 0x1F,
    0x6D, 0x68, 0x7D, 0x08, 0x2B, 0xED, 0x8B, 0xFA, 0xF9, 0x21, 0x6E, 0x9E, 0x4E, 0x8C, 0x45, 0x5B,
    0x7A, 0x53, 0x9E, 0x03, 0xD2, 0x02, 0x4D, 0x9E, 0xCD, 0x47, 0x55, 0x7D, 0x22, 0x72, 0x08, 0xCA,
    0xD2, 0x56, 0xFB, 0xA2, 0x26, 0xF3, 0x8D, 0x7E, 0xF4, 0x76, 0x55, 0xDE, 0x51, 0xD5, 0x80, 0x88,
    0xDD, 0x96, 0xE9, 0x29, 0xA9, 0x02, 0xA5, 0x45, 0x39, 0xC9, 0xBB, 0x65, 0xCE, 0x06, 0xE7, 0x1A,
    0xB9, 0x8C, 0xAB, 0x10, 0x56, 0x75, 0xB1, 0xB5, 0xA8, 0xA7, 0x9A, 0xC0, 0x05, 0x9B, 0x32, 0x00,
    0x18, 0xAE, 0x0C, 0x9B, 0x1C, 0x19, 0x8F, 0x7E, 0xA5, 0xAF, 0x65, 0xD8, 0xC3, 0xEB, 0x14, 0x57,
    0xE2, 0xAE, 0x92, 0xE1, 0xCA, 0xB0, 0x89, 0xE2, 0x1A, 0x3E, 0xDF, 0xF2, 0x91, 0x43, 0x5B, 0x31,
    0xBC, 0x97, 0x72, 0x9D, 0xD7, 0xCE, 0x4F, 0xFE, 0xB0, 0xB4, 0xF5, 0x4C, 0x7F, 0x85, 0x5C, 0xC9,
    0xFA, 0xB0, 0x98, 0x9E, 0x9F, 0xCD, 0xC5, 0x20, 0xB4, 0x2F, 0x04, 0x18, 0x42, 0x48, 0x9C, 0x78,
    0x75, 0xF3, 0x54, 0xC6, 0x04, 0xA8, 0x1A, 0x38, 0x69, 0x0B, 0x6C, 0x3E, 0x14, 0x00, 0xAE, 0x11,
    0xF6, 0x09, 0x3D, 0x30, 0x05, 0x01, 0x78, 0x77, 0xC1, 0xE6, 0xB0, 0x0F, 0xE9, 0x0E, 0x4F, 0xE0,
    0x02, 0x2E, 0x18, 0x0E, 0xA9, 0xB8, 0x84, 0xDE, 0x52, 0x31, 0x37, 0xE4, 0x1D, 0x37, 0xB6, 0xE2,
    0xB1, 0xDB, 0x1C, 0x1B, 0x09, 0x98, 0x00, 0x2F, 0x38, 0xE0, 0xFF, 0xBC, 0x2D, 0x42, 0x07, 0x18,
    0x48, 0xDE, 0x15, 0xFF, 0xA9, 0x0E, 0x51, 0xAB, 0xEC, 0xBE, 0x89, 0x95, 0x62, 0xDF, 0x03, 0xAC,
    0xF5, 0xCC, 0xB4, 0xAC, 0xCC, 0xB3, 0x19, 0xE7, 0xAF, 0x93, 0x19, 0x8B, 0xFC, 0x2E, 0x39, 0xDF,
    0xBA, 0x83, 0x62, 0xC7, 0x78, 0xC1, 0x79, 0xEA, 0x1C, 0xE3, 0xFD, 0x68, 0x3F, 0xBF, 0xFD, 0xC4,
    0xAD, 0x26, 0x0A, 0x93, 0xA2, 0x9F, 0x2A, 0xA5, 0xA8, 0xC5, 0x7A, 0xBA, 0x4A, 0xFB, 0xD9, 0x3C,
    0x48, 0xB5, 0x9F, 0x88, 0x60, 0xF9, 0xCE, 0x58, 0x86, 0x67, 0x2F, 0x5D, 0x86, 0x08, 0xC4, 0xEC,
    0x80, 0xBD, 0x57, 0xB8, 0xC6, 0x72, 0xD4, 0x70, 0x77, 0xDA, 0xD1, 0xEA, 0xD0, 0xE8, 0x56, 0xE4,
    0x53, 0x15, 0x6C, 0x3E, 0x0C, 0x2F, 0xDB, 0x43, 0x91, 0x47, 0xE6, 0xA6, 0x39, 0x6A, 0x63, 0x0E,
    0x69, 0x90, 0x41, 0x7B, 0xB4, 0x3F, 0x7E, 0xDE, 0xCB, 0xDE, 0x8F, 0x2D, 0x33, 0x49, 0x26, 0xB9,
    0x28, 0xE4, 0xAA, 0x5B, 0x7B, 0xFC, 0x7D, 0xB9, 0xDF, 0x8B, 0xE7, 0x64, 0xEF, 0xC7, 0xE2, 0x52,
    0x5C, 0x10, 0x99, 0x58, 0x5F, 0xDA, 0x26, 0xCB, 0x91, 0xBD, 0x27, 0xA3, 0xD8, 0x3D, 0x59, 0x3E,
    0x97, 0x7C, 0x6C, 0x13, 0xBE, 0xE5, 0xDA, 0xA8, 0x39, 0x84, 0xBA, 0x17, 0x50, 0x6A, 0xA3, 0x7B,
    0xC1, 0x12, 0x8C, 0xD4, 0x22, 0x19, 0xBF, 0x94, 0x2B, 0xB5, 0x3E, 0x18, 0x2E, 0x7F, 0xC3, 0xEE,
    0x5D, 0x9F, 0xED, 0x7D, 0x90, 0x92, 0xC9, 0x56, 0x3C, 0xC1, 0x75, 0x72, 0x50, 0x1B, 0x9E, 0x1C,
    0xBC, 0x76, 0x6C, 0xB9, 0xFB, 0x41, 0x43, 0xB8, 0x0A, 0x21, 0x96, 0xF3, 0xF7, 0x78, 0x58, 0xF6,
    0x1B, 0x7C, 0x3E, 0x9C, 0xE2, 0x72, 0x77, 0xA6, 0xB9, 0x30, 0xB1, 0xC7, 0x3B, 0x06, 0xAE, 0xDF,
    0x84, 0x33, 0x2C, 0xF7, 0x2A, 0x2D, 0x3C, 0x49, 0x6C, 0x02, 0x89, 0xC0, 0x28, 0x82, 0x53, 0xC1,
    0x9C, 0x00, 0x9D, 0x66, 0x54, 0x82, 0xE4, 0x75, 0x3F, 0x40, 0xF3, 0x8C, 0x89, 0x41, 0x15, 0xFB,
    0x62, 0x24, 0x7A, 0x62, 0x95, 0x40, 0x07, 0x85, 0xBE, 0xD7, 0x85, 0xB7, 0x72, 0xE3, 0x31, 0xDE,
    0xAC, 0x1C, 0xDF, 0xC4, 0x8F, 0x0B, 0xDD, 0x19, 0x20, 0xCB, 0x85, 0x36, 0x4D, 0x26, 0xC3, 0x6B,
    0x4C, 0xC5, 0x32, 0xDE, 0x1F, 0x85, 0xC5, 0xA7, 0x33, 0x7D, 0xBA, 0xCE, 0x43, 0xBC, 0x85, 0x94,
    0xC9, 0x18, 0x1F, 0xB3, 0x1A, 0x50, 0xBA, 0x79, 0xAE, 0xA4, 0x03, 0x28, 0x7D, 0x08, 0x2B, 0xED,
    0xFF, 0x8C, 0xF4, 0xD1, 0xFA, 0xE4, 0xD8, 0x49, 0x5B, 0xE9, 0xCD, 0x87, 0x4A, 0x03, 0x69, 0x01,
    0x05, 0xC0, 0xBC, 0x6E, 0x5E, 0xA4, 0x79, 0xEE, 0xE8, 0xF6, 0x77, 0xA3, 0xF1, 0xDC, 0xA3, 0xF7,
    0xD6, 0x74, 0xF3, 0x4C, 0x69, 0x3E, 0x67, 0xC2, 0x9B, 0xD9, 0x95, 0x16, 0x8D, 0xC8, 0xFB, 0x73,
    0xB8, 0xBE, 0xB8, 0x2D, 0xF7, 0x47, 0xE6, 0xFD, 0x8E, 0x48, 0xB1, 0x35, 0x7B, 0x59, 0x57, 0x2A,
    0x01, 0xF3, 0xC2, 0x95, 0xC1, 0xE3, 0x08, 0x47, 0xB4, 0x46, 0x7B, 0xAE, 0xDC, 0x95, 0x7C, 0xB1,
    0xC7, 0x72, 0x29, 0xCB, 0x65, 0xF9, 0x12, 0x9F, 0x94, 0xF2, 0xBB, 0x12, 0x60, 0xED, 0x32, 0x72,
    0xF2, 0x70, 0xA4, 0x4F, 0x3E, 0xBE, 0x63, 0x74, 0xD7, 0x70, 0xF9, 0x98, 0xBF, 0x62, 0x57, 0x22,
    0xD7, 0xBC, 0xF8, 0x6B, 0x5E, 0xE6, 0xCB, 0xF9, 0x17, 0x5F, 0x8A, 0x6D, 0x9F, 0xCA, 0xB5, 0xD1,
    0x4F, 0x3E, 0x9F, 0xD7, 0xF7, 0x1F, 0x71, 0x9D, 0x25, 0x91, 0x9E, 0x48, 0xF2, 0x2F, 0xCA, 0x5D,
    0x76, 0xA1, 0x2E, 0x9B, 0x50, 0xD2, 0x83, 0xF2, 0x7D, 0x1F, 0xDB, 0x25, 0x79, 0x01, 0xA0, 0x9A,
    0xDF, 0x23, 0xB2, 0x3E, 0xB5, 0xAF, 0x4B, 0x79, 0xBE, 0x76, 0xCC, 0xE2, 0x68, 0x47, 0x88, 0xC7,
    0x56, 0x87, 0x93, 0x9F, 0x5A, 0x04, 0xD9, 0x9F, 0x48, 0x53, 0xA2, 0xE6, 0xF3, 0x58, 0x1F, 0x9A,
    0xBC, 0x37, 0xF9, 0x6F, 0x74, 0xDE, 0xEF, 0x9A, 0xDC, 0xCF, 0xFF, 0x3C, 0xF2, 0x87, 0x8D, 0x90,
    0x45, 0x88, 0x00, 0x9C, 0x0A, 0x72, 0x40, 0xC8, 0xA8, 0xFA, 0x3B, 0x66, 0x8C, 0x9F, 0x5B, 0x90,
    0xF0, 0x85, 0x4B, 0x34, 0xA3, 0xAC, 0x24, 0xAC, 0xC5, 0x91, 0x71, 0xDF, 0x40, 0x99, 0xB2, 0xA2,
    0xEE, 0xDC, 0xB1, 0x65, 0xF5, 0x71, 0x56, 0x59, 0x95, 0x16, 0x9F, 0xA5, 0xDC, 0x79, 0x1C, 0x8A,
    0x82, 0xE5, 0x38, 0x74, 0x3E, 0xA3, 0xC4, 0xA9, 0xA2, 0xB4, 0x1F, 0xCA, 0x9C, 0x9C, 0x52, 0xE0,
    0x6F, 0x46, 0x19, 0xBF, 0x05, 0x65, 0x8D, 0x0D, 0xEC, 0x0F, 0xC7, 0x16, 0xEC, 0x0F, 0x1F, 0xA6,
    0x52, 0xC8, 0x4D, 0x30, 0x3D, 0x64, 0x52, 0xBD, 0xB0, 0xBF, 0x48, 0x65, 0xFC, 0x84, 0x64, 0x7E,
    0xBB, 0xC9, 0x80, 0x92, 0x65, 0x7E, 0x09, 0xFA, 0x42, 0xC8, 0xBB, 0x53, 0xC0, 0x87, 0x4D, 0xD0,
    0x73, 0x0C, 0xBF, 0xAA, 0xCD, 0x55, 0x43, 0x30, 0x41, 0x3F, 0xC2, 0x0F, 0xE3, 0x92, 0x72, 0x88,
    0x6A, 0x1A, 0x6C, 0x71, 0xBF, 0x3C, 0x3D, 0x8D, 0xD4, 0x06, 0x48, 0x30, 0xA5, 0x7E, 0x2F, 0x66,
    0x3B, 0x86, 0xC2, 0x10, 0x80, 0x77, 0x07, 0x70, 0x4E, 0xCB, 0x4F, 0x51, 0xE9, 0xE2, 0xFE, 0xF7,
    0x77, 0x09, 0xEB, 0x0E, 0xC5, 0x2E, 0x76, 0x69, 0x6E, 0xD5, 0x5C, 0x71, 0xEC, 0x87, 0x70, 0x36,
    0xEF, 0xB2, 0x42, 0x2C, 0x78, 0xE3, 0x30, 0xFE, 0x0F, 0xAD, 0x59, 0x51, 0x68, 0x1C, 0xE7, 0x11,
    0xFE, 0x76, 0x57, 0xD2, 0x11, 0x2F, 0x5A, 0x19, 0xEA, 0xB3, 0x4B, 0x25, 0xAA, 0xA7, 0x42, 0x23,
    0x9F, 0x72, 0x2F, 0x7D, 0xB8, 0x42, 0x92, 0xDB, 0xDA, 0xD0, 0x17, 0x81, 0x38, 0xD2, 0x3B, 0x17,
    0x62, 0x6A, 0xFB, 0x39, 0xB4, 0xB5, 0x1F, 0x5B, 0x88, 0xAB, 0x8B, 0x05, 0x79, 0x39, 0x10, 0x21,
    0x6D, 0xF2, 0x92, 0x17, 0xD1, 0xC4, 0x90, 0x5E, 0x21, 0xBA, 0x42, 0x4A, 0x5D, 0x1A, 0xE2, 0x73,
    0x05, 0xF5, 0x83, 0xA0, 0x5C, 0x9B, 0xC4, 0xA5, 0x0D, 0x6D, 0x8F, 0xC6, 0x49, 0x8B, 0x53, 0x6C,
    0xD1, 0xCA, 0x54, 0x55, 0xA5, 0xFB, 0x3B, 0x9F, 0x86, 0xFB, 0x33, 0x27, 0xED, 0xA1, 0xD8, 0xCA,
    0xC8, 0xF3, 0xDD, 0xCC, 0xEE, 0xFF, 0x7F, 0x3B, 0x3B, 0xFF, 0xEE, 0xCC, 0xEE, 0x1A, 0x50, 0x29,
    0xE0, 0x48, 0xF3, 0xF5, 0x02, 0x26, 0xDC, 0x76, 0x01, 0x09, 0xA0, 0x30, 0xE8, 0x3E, 0xB6, 0x3C,
    0xD1, 0x7C, 0xFD, 0xB1, 0xE5, 0x23, 0x2B, 0x32, 0x4E, 0x7C, 0x05, 0xE4, 0xCF, 0x3D, 0x53, 0x40,
    0xD9, 0x6D, 0x89, 0x0B, 0x64, 0x80, 0x4A, 0x49, 0xA8, 0x36, 0x4B, 0x64, 0x51, 0x10, 0x77, 0xBD,
    0xEF, 0xD6, 0x2A, 0xE5, 0x0E, 0xF7, 0x72, 0xBC, 0xC0, 0xEC, 0xD3, 0x25, 0x2C, 0xB8, 0xAD, 0x92,
    0x4E, 0x0B, 0x52, 0x81, 0xB0, 0xAD, 0x00, 0x28, 0x38, 0xD7, 0x03, 0x6A, 0xB5, 0x2A, 0x54, 0xC6,
    0xE2, 0xD1, 0xDA, 0x5C, 0x5C, 0x74, 0x6B, 0x71, 0x01, 0x31, 0xD5, 0xDA, 0xAE, 0xE8, 0xDE, 0x5F,
    0x19, 0xFD, 0xF9, 0x5C, 0x8C, 0x56, 0xBC, 0xAB, 0x0B, 0xEE, 0x7F, 0xF1, 0x33, 0x57, 0xC5, 0x46,
    0x5F, 0x73, 0xA2, 0xA0, 0x52, 0x4A, 0xF9, 0x5A, 0xB5, 0x54, 0x94, 0x70, 0x0A, 0x00, 0x55, 0xEC,
    0x8D, 0xD2, 0x6C, 0xAD, 0x42, 0x5B, 0x7E, 0xB9, 0x6F, 0xBB, 0x04, 0xFF, 0x77, 0xA6, 0xE4, 0x24,
    0xD6, 0x3C, 0xA3, 0x84, 0x55, 0x24, 0x88, 0xDD, 0xB6, 0x40, 0xAD, 0x2A, 0xE0, 0x5D, 0xB5, 0xB8,
    0x8D, 0x2E, 0x1D, 0xC2, 0xD3, 0xF3, 0xCC, 0xE0, 0x3C, 0x00, 0xBA, 0x29, 0xA1, 0xA3, 0x00, 0x05,
    0x38, 0xE7, 0x78, 0xC6, 0x35, 0xDA, 0x23, 0x18, 0x25, 0x81, 0xE1, 0x6B, 0xBE, 0xA6, 0x60, 0x0E,
    0x34, 0x7A, 0xBE, 0xAA, 0xF4, 0x98, 0x59, 0x71, 0x4B, 0x98, 0x69, 0xFE, 0x48, 0x5C, 0x1C, 0x25,
    0x94, 0x08, 0xCF, 0x8A, 0x06, 0x77, 0x05, 0x26, 0x17, 0x3B, 0x08, 0x77, 0xF0, 0x36, 0xC2, 0x14,
    0x63, 0x50, 0x41, 0x42, 0x8E, 0xD8, 0xFC, 0xF6, 0x6D, 0xEC, 0xFE, 0x8D, 0xCE, 0x97, 0x9D, 0x9B,
    0xCF, 0x93, 0x1F, 0x78, 0x04, 0x45, 0xD7, 0xC5, 0x06, 0xBE, 0x13, 0x48, 0xCC, 0xFC, 0x15, 0xFF,
    0x36, 0x49, 0x26, 0x9C, 0x5B, 0xE7, 0x08, 0x78, 0x18, 0xBA, 0x6D, 0x03, 0x68, 0xC5, 0x00, 0x2E,
    0x59, 0x80, 0x13, 0xA9, 0xC3, 0x4B, 0xCE, 0xB9, 0x6D, 0xE4, 0x52, 0x40, 0xC1, 0xBA, 0x66, 0xDB,
    0x0E, 0xBC, 0xE0, 0xBA, 0x10, 0xB4, 0x81, 0x2E, 0x90, 0x0D, 0xCB, 0x40, 0x44, 0x96, 0x88, 0x47,
    0x21, 0xD0, 0xDD, 0xB4, 0xEE, 0x20, 0xDF, 0x82, 0xF2, 0xAD, 0x03, 0x1E, 0x34, 0x0C, 0x91, 0xA9,
    0x3D, 0x30, 0x2C, 0xBE, 0xCD, 0x83, 0xC2, 0x25, 0x69, 0x48, 0xC8, 0xA5, 0xBB, 0x50, 0xB1, 0x83,
    0x03, 0x7F, 0xD5, 0x67, 0x07, 0x7E, 0x50, 0xCC, 0x26, 0x5C, 0x25, 0x20, 0xB3, 0x02, 0x6F, 0x2A,
    0xCA, 0x61, 0x52, 0xE2, 0x4F, 0x7A, 0xCA, 0x02, 0xB7, 0x51, 0x0E, 0x41, 0xCF, 0x20, 0xD7, 0x0B,
    0x02, 0x28, 0x78, 0x02, 0xEB, 0xFA, 0x0B, 0xE4, 0x41, 0x93, 0xAD, 0xD7, 0x81, 0x87, 0x75, 0x86,
    0xB0, 0x29, 0x50, 0x9C, 0x4E, 0x11, 0x6F, 0x84, 0x3D, 0x8C, 0x02, 0xF9, 0xC3, 0xA4, 0x84, 0x47,
    0xEA, 0x20, 0xEA, 0x04, 0x6F, 0x31, 0xDC, 0x29, 0xB1, 0xF0, 0xAC, 0x6E, 0xB3, 0x92, 0x48, 0xA5,
    0x4D, 0x12, 0x40, 0x94, 0xF6, 0xA6, 0xB1, 0x77, 0x12, 0xEE, 0xC7, 0xE8, 0x99, 0xF9, 0x05, 0xD7,
    0x9B, 0x67, 0x29, 0x46, 0xE1, 0xC8, 0x1B, 0x54, 0xDA, 0x5E, 0x81, 0x24, 0xA8, 0x55, 0xC7, 0x61,
    0xCB, 0xC2, 0xEB, 0x83, 0xF5, 0x87, 0x4C, 0xB4, 0x66, 0x9A, 0x2B, 0xF3, 0x98, 0x79, 0x43, 0x76,
    0x60, 0x3C, 0xEE, 0x09, 0x20, 0xF1, 0x5D, 0xA0, 0x0B, 0x3C, 0x11, 0x48, 0xD4, 0xBF, 0x8A, 0xAE,
    0x21, 0xB7, 0xFA, 0xD7, 0x89, 0x34, 0xC1, 0x35, 0x16, 0x5D, 0x2F, 0xE1, 0x5C, 0xD1, 0xAD, 0x36,
    0x66, 0x6B, 0xA7, 0x1B, 0x92, 0xFA, 0x46, 0xD1, 0x2D, 0xEE, 0xFE, 0xD2, 0x9F, 0x96, 0xED, 0x10,
    0xBB, 0xE9, 0xFE, 0xDD, 0x78, 0xE6, 0x7E, 0xD4, 0x40, 0xEB, 0x9B, 0x0D, 0xFC, 0xCC, 0xC9, 0x6F,
    0xE4, 0x55, 0xF6, 0xCF, 0x99, 0x62, 0x9B, 0x30, 0x28, 0x09, 0x31, 0xA3, 0xD6, 0xF4, 0xF4, 0xB4,
    0xB1, 0x5B, 0x6B, 0x96, 0xF2, 0xE7, 0x90, 0x64, 0xFE, 0x81, 0x3A, 0xA4, 0x5E, 0xF5, 0x53, 0x87,
    0xE3, 0x9A, 0x3A, 0x9D, 0xD1, 0xBF, 0xD2, 0x93, 0x3D, 0x3A, 0x02, 0x66, 0x22, 0xB7, 0xB7, 0x68,
    0x6F, 0xD2, 0xAD, 0xD8, 0x1C, 0x06, 0xDC, 0xCB, 0xC0, 0xB8, 0xD2, 0x4B, 0x60, 0x68, 0x00, 0x99,
    0x83, 0x25, 0x01, 0x26, 0xCB, 0x82, 0xAD, 0xDC, 0xC0, 0x98, 0x5F, 0x13, 0x92, 0x92, 0xDE, 0x14,
    0x6D, 0x65, 0xCE, 0xD7, 0x9A, 0x4B, 0x28, 0xBB, 0x9F, 0xCC, 0xF7, 0xBB, 0x83, 0xEF, 0x78, 0x62,
    0xAB, 0x15, 0x76, 0x2C, 0x7D, 0x0A, 0xA8, 0x8C, 0x90, 0x3D, 0x16, 0x25, 0x23, 0xA9, 0x79, 0x0C,
    0x9B, 0x89, 0x99, 0xA6, 0x5B, 0x9A, 0x59, 0xA9, 0xF9, 0xDC, 0x05, 0x42, 0x16, 0xB4, 0x91, 0x78,
    0x25, 0xB9, 0xCA, 0xB8, 0xCF, 0xA4, 0xC4, 0x44, 0x2E, 0xDA, 0xE4, 0xE6, 0x31, 0xC8, 0x25, 0xE7,
    0xFE, 0xDB, 0xFC, 0x59, 0x4D, 0x4C, 0xF0, 0x1B, 0x8C, 0x07, 0x1D, 0x9D, 0xCF, 0x5F, 0xAA, 0xE1,
    0xC2, 0xC1, 0x2B, 0x94, 0x9F, 0x67, 0x2E, 0x35, 0x2E, 0xD3, 0x51, 0xDA, 0xBE, 0xA3, 0x74, 0x0F,
    0x6A, 0x03, 0xD9, 0x77, 0x79, 0x5E, 0x32, 0x9F, 0xEA, 0xAD, 0x5E, 0x62, 0xC2, 0xB2, 0xE0, 0x2B,
    0x61, 0xFD, 0xC1, 0x8A, 0xB5, 0xF2, 0xC5, 0x91, 0xCC, 0x25, 0x84, 0x84, 0xDC, 0xD7, 0x82, 0x74,
    0x70, 0x70, 0xEF, 0xA1, 0x8B, 0xF5, 0xE3, 0x64, 0x26, 0x7C, 0xF6, 0xC5, 0xDA, 0xD2, 0x0F, 0x2D,
    0xD6, 0x0F, 0xCD, 0xAC, 0xE9, 0x0C, 0xDA, 0xF4, 0x3B, 0x08, 0x6F, 0x07, 0xD7, 0xB4, 0x44, 0xB3,
    0x58, 0xAB, 0x8B, 0x8B, 0xAE, 0xAE, 0x0F, 0x01, 0x13, 0xB5, 0x5A, 0xE5, 0x80, 0x07, 0x03, 0xF3,
    0x74, 0x60, 0xC5, 0x3F, 0x18, 0x3C, 0x54, 0x90, 0xDE, 0xF3, 0xA7, 0x5A, 0xC8, 0x80, 0x11, 0xC3,
    0xFC, 0xE0, 0xF4, 0x51, 0x6A, 0xC1, 0x0C, 0xE6, 0x15, 0x71, 0xF8, 0x98, 0x87, 0x3E, 0xF4, 0x0C,
    0x67, 0x3E, 0x98, 0xF4, 0xF0, 0x97, 0x59, 0x06, 0x73, 0xEC, 0x2E, 0xCA, 0x8E, 0xE8, 0xDB, 0xAC,
    0xAB, 0x04, 0x14, 0xFA, 0xE0, 0xEE, 0xED, 0xE0, 0xF0, 0x2B, 0xF8, 0x59, 0x5F, 0xC0, 0xBA, 0x78,
    0xF6, 0xC9, 0xC2, 0xBA, 0x87, 0x65, 0x36, 0xCF, 0x18, 0xE1, 0x86, 0x40, 0xFC, 0x2D, 0x81, 0xCB,
    0xB9, 0x0E, 0x26, 0xBA, 0x78, 0x1B, 0x56, 0x92, 0xD1, 0x5A, 0x8D, 0x3D, 0xD0, 0x56, 0x4A, 0x56,
    0x62, 0xE3, 0x3B, 0xD3, 0xBB, 0xCE, 0x2C, 0x95, 0xD9, 0xDF, 0x68, 0x1B, 0x3D, 0xE0, 0x25, 0xC4,
    0xBB, 0x22, 0x6C, 0x3D, 0xBB, 0x2F, 0x21, 0x77, 0xE6, 0xD5, 0x45, 0x3D, 0xE3, 0x25, 0x24, 0xAB,
    0x95, 0x11, 0xB2, 0x5E, 0x6F, 0xB8, 0x57, 0xA9, 0xD8, 0xBE, 0x91, 0xAF, 0x82, 0x6E, 0x46, 0x2B,
    0x6B, 0x67, 0xB7, 0x32, 0xB6, 0x42, 0xDF, 0x2A, 0x9A, 0xAF, 0x51, 0x7D, 0xFB, 0x90, 0x7D, 0xBE,
    0x65, 0xE8, 0x4B, 0xC8, 0xA7, 0x6F, 0x65, 0x0C, 0x78, 0xB0, 0x95, 0x05, 0xCA, 0x53, 0x85, 0xF2,
    0xB4, 0x0F, 0x6C, 0x65, 0x5D, 0x69, 0x29, 0x5D, 0x29, 0x40, 0xDD, 0x2E, 0xE0, 0xF5, 0xC3, 0x1A,
    0x64, 0x9B, 0xF7, 0xBD, 0x6E, 0x5D, 0x5F, 0xEF, 0x36, 0xAF, 0xA6, 0x62, 0x62, 0xAF, 0x52, 0x5A,
    0xC2, 0xD3, 0xDA, 0x6A, 0xA6, 0x2D, 0xD9, 0x40, 0x15, 0x1F, 0xDE, 0xFE, 0xF0, 0x4C, 0xAB, 0xE5,
    0x7A, 0xCB, 0x2D, 0x8E, 0xF3, 0x35, 0x52, 0x6D, 0xAB, 0x97, 0x44, 0x8F, 0xF6, 0xB9, 0x24, 0x8E,
    0x6C, 0xAE, 0xDA, 0xB2, 0xF8, 0xCA, 0x45, 0x9D, 0x50, 0x85, 0x57, 0xE1, 0x0E, 0xA4, 0x24, 0x9B,
    0xB8, 0x32, 0x78, 0x8E, 0x8A, 0xBD, 0xD1, 0xAA, 0x66, 0xC4, 0x43, 0x9B, 0x3C, 0xC9, 0x60, 0xC9,
    0x3E, 0x3A, 0x9C, 0x8B, 0x5A, 0x11, 0x7F, 0x7D, 0xE0, 0xFC, 0x12, 0xB1, 0xAD, 0xEA, 0x31, 0xBC,
    0xD8, 0x73, 0x94, 0xBC, 0xED, 0x8F, 0xAD, 0x56, 0x45, 0x6B, 0x14, 0xB8, 0xB0, 0x3B, 0x17, 0x3A,
    0x3F, 0x83, 0xEB, 0xC2, 0xDE, 0xB8, 0xEE, 0xD7, 0x06, 0x63, 0x23, 0x97, 0xAC, 0x9B, 0xC6, 0x16,
    0xB5, 0x5B, 0xC8, 0xB5, 0xC1, 0xFB, 0x14, 0xB3, 0xDF, 0x43, 0xB8, 0x31, 0x9D, 0x16, 0xEB, 0xE1,
    0xF6, 0x08, 0x30, 0x92, 0x75, 0x8E, 0x59, 0x39, 0xAB, 0x90, 0x87, 0xC7, 0xBD, 0xDE, 0x43, 0xFC,
    0xC2, 0x89, 0x0E, 0xE3, 0x19, 0x17, 0x8D, 0xEB, 0x63, 0x9D, 0xC0, 0xF5, 0x52, 0x18, 0x29, 0x29,
    0x94, 0xF9, 0xA1, 0x21, 0x7A, 0xAE, 0x9D, 0x05, 0xE5, 0xAE, 0xC0, 0x57, 0x53, 0xB3, 0xED, 0xF9,
    0x3B, 0xFC, 0x6C, 0xD2, 0xD3, 0xB9, 0xC3, 0xA0, 0x80, 0x2F, 0xF0, 0x2B, 0x4F, 0x91, 0x9F, 0x75,
    0xA2, 0x1B, 0xED, 0x4F, 0xA0, 0xD8, 0xF5, 0x2E, 0x4E, 0x7E, 0xEC, 0x0A, 0x28, 0x6F, 0xBD, 0xA4,
    0xDD, 0xD0, 0x54, 0x3C, 0xBA, 0xC3, 0xE0, 0x98, 0x5A, 0x65, 0x65, 0xEE, 0x08, 0x3C, 0xA7, 0x50,
    0xEC, 0x0A, 0xCC, 0x56, 0x04, 0xB8, 0xE3, 0x23, 0x0E, 0xE9, 0x59, 0xE6, 0x9C, 0xBB, 0xB8, 0xCD,
    0xA2, 0x5B, 0xC8, 0x86, 0x80, 0x29, 0x86, 0x80, 0x8F, 0x5E, 0xE2, 0xFB, 0x07, 0x99, 0xDB, 0x1E,
    0x24, 0x7A, 0x81, 0xD9, 0x0A, 0x5D, 0x26, 0xC2, 0x7E, 0x8F, 0x42, 0x2A, 0x10, 0xB6, 0x15, 0x30,
    0xEC, 0x23, 0xD2, 0x88, 0x8D, 0x9E, 0x2C, 0xE4, 0x4B, 0x95, 0x59, 0xDD, 0xF7, 0x34, 0x70, 0x1C,
    0xF3, 0x81, 0x87, 0x83, 0x29, 0xA1, 0xBB, 0x97, 0x9E, 0xF2, 0xE9, 0xE8, 0x7F, 0xC7, 0xBD, 0x92,
    0xF6, 0x7C, 0xA5, 0x4F, 0x3F, 0xE1, 0xCA, 0x42, 0x1F, 0x97, 0xA6, 0x14, 0x62, 0x47, 0x80, 0x07,
    0xB7, 0xB0, 0x9D, 0x4D, 0x7F, 0xA5, 0xB3, 0x37, 0x2F, 0xA9, 0x00, 0x77, 0x7C, 0x64, 0xF3, 0x42,
    0xF1, 0x31, 0x17, 0xF6, 0x01, 0x77, 0x58, 0x81, 0x5E, 0x34, 0x38, 0x71, 0xEB, 0x76, 0x36, 0xFD,
    0x89, 0x3F, 0x39, 0x4B, 0x1F, 0xD4, 0x31, 0xB5, 0x97, 0x6F, 0x38, 0xBD, 0x5F, 0xDA, 0x49, 0x2E,
    0xED, 0xF0, 0x05, 0x60, 0x86, 0xBE, 0x54, 0x83, 0x3F, 0x85, 0x4B, 0x84, 0x37, 0xE9, 0x91, 0x2E,
    0xFA, 0x8B, 0xC0, 0xB4, 0xB4, 0xD3, 0x70, 0xD3, 0x7C, 0xCE, 0xB2, 0xC9, 0xC9, 0xBD, 0xFC, 0xEE,
    0x90, 0x8B, 0xE6, 0x65, 0x7B, 0xD1, 0xF8, 0xDB, 0xB0, 0xAB, 0x80, 0x67, 0xC3, 0x75, 0xE0, 0x2E,
    0xDF, 0x88, 0x6F, 0x9E, 0xFF, 0x22, 0xA6, 0xC3, 0xED, 0x5C, 0x7B, 0x04, 0x15, 0x50, 0x3E, 0xEF,
    0xE9, 0x99, 0x9C, 0xBD, 0xF4, 0xDE, 0xBD, 0xA5, 0x97, 0x0F, 0xF2, 0x4A, 0xCF, 0x69, 0x45, 0x57,
    0x47, 0x70, 0x3F, 0x78, 0x13, 0x51, 0xBB, 0xFF, 0x88, 0x1C, 0xE8, 0x23, 0xB2, 0x7B, 0xE1, 0xA0,
    0xB4, 0x7B, 0xE6, 0x93, 0xF7, 0x98, 0xF6, 0xDE, 0x6B, 0x19, 0xAB, 0x6A, 0x2D, 0xEF, 0xEE, 0xC0,
    0xC8, 0x58, 0x0C, 0xC4, 0x71, 0xD9, 0xBD, 0x1F, 0x17, 0x57, 0x1A, 0xF1, 0x1E, 0x71, 0xA2, 0x2B,
    0x76, 0xC3, 0x82, 0xFB, 0x38, 0x7E, 0xB4, 0x1A, 0xC7, 0x80, 0x55, 0x88, 0x86, 0x73, 0x79, 0x79,
    0xFD, 0x2F, 0xBB, 0x77, 0x84, 0x24, 0xA2, 0xBE, 0x22, 0xEA, 0x68, 0x53, 0x27, 0x2F, 0xBE, 0xDA,
    0x28, 0xF7, 0x7E, 0xA8, 0xAF, 0xFE, 0xDA, 0xA9, 0x1D, 0xE7, 0xED, 0xD7, 0x80, 0x0B, 0x16, 0x35,
    0x40, 0x26, 0x9C, 0x5C, 0x91, 0x29, 0x39, 0x99, 0xEF, 0xC1, 0x11, 0x5E, 0x51, 0x77, 0xF2, 0xEC,
    0xAB, 0x1C, 0x27, 0xC0, 0x19, 0x40, 0x85, 0xB0, 0x1E, 0xC4, 0x02, 0x80, 0x05, 0xBE, 0x29, 0xF0,
    0x2D, 0x90, 0x76, 0xD0, 0xA7, 0xFF, 0x20, 0x8B, 0x99, 0xD6, 0xE7, 0x1A, 0x58, 0x90, 0xAF, 0x17,
    0xC8, 0xA7, 0xE2, 0xAA, 0x68, 0xB4, 0x88, 0x15, 0xE8, 0x5A, 0x7A, 0xFB, 0x3C, 0x1A, 0x90, 0x9D,
    0xB1, 0x4F, 0x9E, 0x3F, 0xDD, 0x20, 0x21, 0x99, 0x45, 0xEF, 0xA9, 0xFD, 0x8D, 0x06, 0x0F, 0x9C,
    0x97, 0x31, 0x9E, 0x77, 0x1D, 0xB1, 0x55, 0x25, 0x57, 0x61, 0xB6, 0xC8, 0x55, 0x94, 0x34, 0x0C,
    0xE3, 0xE2, 0x18, 0x2C, 0x63, 0xCC, 0xCE, 0xCF, 0xE0, 0x0A, 0xC0, 0x81, 0x98, 0x69, 0x4A, 0x42,
    0x8B, 0x36, 0xAB, 0xF7, 0x3C, 0x34, 0x14, 0x8A, 0x3C, 0xF7, 0x99, 0xAB, 0xA7, 0x19, 0x21, 0x73,
    0x89, 0x2F, 0x13, 0x1E, 0x17, 0xC5, 0x0F, 0xB8, 0xE9, 0xEF, 0x75, 0x20, 0xBE, 0xB2, 0xC1, 0xEF,
    0xC5, 0x0B, 0xF5, 0x20, 0x85, 0xFC, 0x03, 0xC6, 0x4C, 0x56, 0xE3, 0xB9, 0x21, 0xEB, 0x15, 0x73,
    0xBD, 0x38, 0x44, 0x63, 0x51, 0x99, 0xC2, 0x25, 0x60, 0x96, 0x7D, 0xF1, 0x49, 0x6C, 0x00, 0xBF,
    0x08, 0xFF, 0x89, 0xE8, 0x9D, 0xF7, 0x27, 0xD2, 0x89, 0x74, 0x27, 0x6C, 0x6B, 0x5F, 0x45, 0x30,
    0x40, 0x4F, 0xAA, 0xCC, 0x95, 0x23, 0xD8, 0x95, 0x63, 0x54, 0x63, 0xAE, 0x0B, 0x5C, 0x4E, 0x2F,
    0x83, 0xF9, 0x50, 0xC0, 0xF7, 0xF1, 0x5D, 0x20, 0xE6, 0xF7, 0xE9, 0x83, 0x1A, 0x6E, 0xB9, 0x23,
    0xF0, 0xE4, 0x0B, 0xEA, 0x5A, 0x78, 0x22, 0xD5, 0xBD, 0x0F, 0xD1, 0x70, 0xB5, 0xCD, 0xCE, 0xA6,
    0x7B, 0x5A, 0xEF, 0x43, 0x35, 0x5C, 0x4A, 0x42, 0x95, 0xA8, 0x93, 0xE8, 0x54, 0xDB, 0xE8, 0x8D,
    0x73, 0xD1, 0xA9, 0x9B, 0x3D, 0xBB, 0x2D, 0xF7, 0xFC, 0x1F, 0x93, 0x05, 0xF7, 0x5F, 0x8E, 0xCF,
    0x50, 0xE5, 0x9A, 0x16, 0x1E, 0xA9, 0xBF, 0x49, 0x74, 0xA5, 0x2D, 0xFA, 0xEB, 0x37, 0xA8, 0xB4,
    0xA9, 0x65, 0xE7, 0xE4, 0xE3, 0x51, 0xC5, 0x8F, 0x67, 0x77, 0x1B, 0xC2, 0x35, 0xA2, 0x81, 0x15,
    0x85, 0x0D, 0xA4, 0x03, 0xE7, 0x0B, 0xDC, 0x38, 0x27, 0x70, 0xB3, 0xA7, 0x2E, 0x01, 0x27, 0xFE,
    0x70, 0x97, 0x6F, 0x07, 0x57, 0xED, 0x0B, 0x3F, 0xBA, 0x0A, 0x30, 0xA0, 0x97, 0xB2, 0xDE, 0xC3,
    0x96, 0xDE, 0x50, 0x0D, 0x32, 0xB3, 0xD4, 0x26, 0xD2, 0x4A, 0xFD, 0xB9, 0xF9, 0x57, 0x0E, 0x05,
    0xBA, 0x96, 0xDE, 0xBE, 0x77, 0x70, 0x04, 0xC9, 0xC9, 0x43, 0x25, 0xF3, 0x27, 0xF6, 0x7B, 0x92,
    0x09, 0x9F, 0x45, 0x25, 0x62, 0xC0, 0x1D, 0xA3, 0xBE, 0xEF, 0x2B, 0x4F, 0xEE, 0xD6, 0xBB, 0x9E,
    0x87, 0x49, 0xA0, 0x7D, 0xE2, 0xD6, 0x9D, 0x84, 0x21, 0x1E, 0x25, 0xCF, 0x32, 0xC6, 0xC9, 0x41,
    0x55, 0x3E, 0x63, 0xAB, 0x3C, 0x92, 0x79, 0xCA, 0x5C, 0x1E, 0x81, 0xD5, 0xFD, 0xE7, 0x5D, 0xC3,
    0xFE, 0xFF, 0xEA, 0xC1, 0x8E, 0x68, 0x74, 0xB3, 0x0E, 0x14, 0x83, 0x0D, 0x44, 0x1B, 0x28, 0xA6,
    0x5A, 0x19, 0x80, 0x9C, 0xCC, 0xA8, 0xC6, 0xA4, 0x8F, 0x79, 0x79, 0x7B, 0x58, 0x75, 0x02, 0x37,
    0xCE, 0xAB, 0x2B, 0xA7, 0x1E, 0xB3, 0x41, 0x6A, 0x19, 0x64, 0xFF, 0xBA, 0x00, 0x14, 0xD0, 0x22,
    0xAC, 0xF3, 0xFE, 0xDD, 0x04, 0xFE, 0x13, 0xFD, 0x99, 0x9F, 0x8C, 0xE3, 0xFA, 0x11, 0xBC, 0x15,
    0xF8, 0xCF, 0xDB, 0xA3, 0x99, 0x99, 0x30, 0x19, 0x65, 0xD0, 0xC7, 0xFA, 0xFF, 0x95, 0x34, 0x29,
    0xBD, 0xEF, 0x97, 0xC1, 0x5B, 0x3E, 0x9B, 0xD7, 0x24, 0xFA, 0x69, 0xDE, 0xC7, 0x5E, 0xC2, 0xD3,
    0x75, 0x20, 0x5A, 0xAC, 0x97, 0xDD, 0xEA, 0x62, 0xBD, 0xB8, 0xB2, 0xB8, 0x58, 0x8F, 0x93, 0x68,
    0x10, 0xAE, 0x1B, 0xD7, 0xC0, 0x82, 0xFB, 0x60, 0xB1, 0xFE, 0x68, 0x55, 0x2C, 0x60, 0x10, 0x04,
    0x05, 0x82, 0xC6, 0x4C, 0xF3, 0xC5, 0xB5, 0xE2, 0xCA, 0x8B, 0x6B, 0x71, 0x1C, 0x8A, 0x1E, 0x17,
    0x2D, 0xAB, 0x2D, 0x5A, 0x74, 0xFF, 0x5A, 0x2B, 0x6F, 0x3D, 0xB5, 0x06, 0x04, 0xA2, 0x43, 0xDB,
    0x58, 0x4E, 0x6B, 0x0F, 0xC2, 0x35, 0x49, 0xD7, 0xEF, 0xD7, 0x70, 0xF2, 0xA7, 0x2F, 0xAE, 0x21,
    0x97, 0x0B, 0x3D, 0x94, 0xAD, 0x3B, 0x79, 0xF6, 0xC7, 0x1C, 0x27, 0xC0, 0x19, 0x40, 0x85, 0xD0,
    0x0A, 0x1A, 0x02, 0x80, 0x85, 0xEB, 0xB6, 0x8D, 0x51, 0x39, 0xED, 0x6F, 0x43, 0x98, 0xE3, 0xA7,
    0x74, 0x2F, 0xC7, 0xDD, 0xCC, 0x6C, 0x63, 0xE4, 0x83, 0xA5, 0xB7, 0x6D, 0x8C, 0xA1, 0x70, 0x7A,
    0x6E, 0x2E, 0x5C, 0x23, 0x21, 0x99, 0xF9, 0x4B, 0x25, 0x77, 0x59, 0x32, 0x91, 0x4F, 0x19, 0xA9,
    0xCE, 0x14, 0x8A, 0xD8, 0xAA, 0x92, 0x7B, 0xBA, 0x5D, 0xAE, 0xC9, 0xB3, 0xA7, 0x0C, 0xD7, 0xF1,
    0x5D, 0x3B, 0x96, 0x93, 0xE7, 0xBE, 0x63, 0x3C, 0x9B, 0x0B, 0x18, 0xB3, 0xF3, 0x33, 0xB8, 0x02,
    0x93, 0xD5, 0xC9, 0x57, 0xAE, 0xF8, 0xD3, 0x3E, 0xBE, 0x2F, 0xAB, 0x0C, 0x10, 0x33, 0x2F, 0x69,
    0x84, 0x73, 0xA2, 0x85, 0xFD, 0x6D, 0x6C, 0xF2, 0x39, 0xB6, 0x31, 0x14, 0xEB, 0xD0, 0x36, 0x86,
    0xAF, 0x2B, 0xBD, 0x66, 0x75, 0x2E, 0x1C, 0xB6, 0x68, 0x4C, 0x2D, 0xE9, 0x39, 0xD8, 0xF6, 0x99,
    0x27, 0xD9, 0x67, 0x18, 0xB0, 0xC2, 0xE5, 0xAC, 0x3E, 0x93, 0xC8, 0x8D, 0x66, 0xCA, 0xB5, 0x94,
    0xD7, 0x53, 0xAB, 0xBD, 0xAC, 0xB2, 0xCD, 0xDB, 0x62, 0xC1, 0xED, 0x24, 0x5A, 0xC2, 0x06, 0xF5,
    0xFF, 0xA5, 0x99, 0x01, 0x68, 0xDC, 0xD6, 0x1D, 0xC6, 0x3F, 0x49, 0xF6, 0x69, 0xED, 0x23, 0x3A,
    0x03, 0xBD, 0x26, 0x5B, 0x6C, 0x5F, 0x81, 0x02, 0x90, 0x2A, 0x33, 0x40, 0x01, 0x03, 0x6E, 0xAC,
    0xB6, 0x40, 0x00, 0x43, 0x66, 0x3A, 0xDF, 0x02, 0x18, 0x68, 0x80, 0x02, 0x30, 0x5A, 0x12, 0xC0,
    0x83, 0x16, 0x92, 0x44, 0xA9, 0xD9, 0x02, 0x14, 0x32, 0x03, 0xDD, 0x00, 0x02, 0x10, 0x46, 0x0A,
    0x89, 0xC3, 0xEA, 0x03, 0x62, 0x68, 0x4C, 0xE8, 0x29, 0x35, 0xB4, 0x80, 0xA1, 0xD5, 0xB6, 0x26,
    0xC0, 0x06, 0xEC, 0x58, 0xDB, 0xAD, 0x4D, 0x81, 0x98, 0xD5, 0xA5, 0x76, 0x70, 0xFC, 0xF6, 0xFF,
    0x7C, 0xEF, 0x1E, 0xD2, 0xDD, 0x5D, 0xD4, 0xC5, 0x2F, 0xFC, 0x3F, 0x9E, 0xF4, 0xF4, 0x7E, 0xFE,
    0xDE, 0xFF, 0xA4, 0xF7, 0xF4, 0x22, 0x00, 0x83, 0x12, 0x50, 0x18, 0xD3, 0xDB, 0x0A, 0xFE, 0xDD,
    0xCF, 0x15, 0xBC, 0xDB, 0x1F, 0x69, 0x91, 0x64, 0x96, 0xC2, 0xC3, 0xDB, 0x4B, 0xE6, 0xDC, 0x47,
    0xD2, 0x3A, 0xA9, 0x1F, 0x2A, 0x3C, 0xC5, 0x1E, 0xA0, 0x60, 0xBD, 0x25, 0xC8, 0x8A, 0xD6, 0x1A,
    0xA8, 0xD4, 0x6A, 0xAC, 0x97, 0xA4, 0x32, 0xA3, 0x50, 0x15, 0xBC, 0x25, 0x2B, 0x8A, 0x3D, 0xBC,
    0x63, 0xA0, 0x00, 0x28, 0x16, 0x60, 0xFF, 0x06, 0x0F, 0x0D, 0xB9, 0x69, 0x5A, 0x23, 0x64, 0x8A,
    0xA2, 0x77, 0x5A, 0x27, 0x90, 0x64, 0x06, 0xEB, 0x64, 0x13, 0x3D, 0x00, 0x28, 0xCB, 0x6D, 0x42,
    0xE5, 0x82, 0xE7, 0xBA, 0x59, 0xB3, 0x19, 0x96, 0xA9, 0x7F, 0x2E, 0xAC, 0x1D, 0x75, 0xE8, 0xDA,
    0xB4, 0xC2, 0x65, 0x94, 0x38, 0x70, 0x06, 0xFB, 0xE7, 0xEA, 0xAD, 0x62, 0x46, 0x7C, 0xF0, 0xDE,
    0xD7, 0x1C, 0xE7, 0xAA, 0x66, 0x1A, 0x5F, 0x05, 0x81, 0xF6, 0x70, 0x09, 0xFB, 0xEF, 0x7E, 0xC3,
    0xB1, 0x5F, 0x6D, 0x8F, 0xF3, 0x00, 0x4E, 0x00, 0xC3, 0xA8, 0x03, 0x87, 0x05, 0x87, 0x23, 0xCE,
    0x26, 0xF0, 0xC5, 0xCB, 0x17, 0xA1, 0x6E, 0xDF, 0xF7, 0xD3, 0x41, 0xBC, 0x89, 0x18, 0x80, 0x93,
    0xFF, 0xBD, 0x8A, 0xB2, 0x5A, 0x31, 0x63, 0x2F, 0x01, 0x4A, 0x37, 0x81, 0xB7, 0x9C, 0x33, 0xE0,
    0xB8, 0x8D, 0x7C, 0x80, 0x37, 0x80, 0x83, 0xFA, 0x4B, 0x64, 0x8B, 0x33, 0x1F, 0x03, 0xEE, 0x6A,
    0x3C, 0xA9, 0x3F, 0x5A, 0x8D, 0xC7, 0x96, 0xDE, 0x5E, 0x8D, 0x95, 0x72, 0x29, 0x93, 0x94, 0xA7,
    0xED, 0xA1, 0x3D, 0x67, 0x0F, 0xCF, 0xE9, 0x7F, 0xAD, 0xC6, 0x87, 0x6A, 0x52, 0x03, 0x3A, 0x04,
    0x5E, 0xDC, 0xC6, 0xBF, 0x23, 0xD6, 0xFE, 0xBA, 0x86, 0x83, 0xB3, 0x2F, 0xAD, 0xC1, 0xF7, 0xC7,
    0x28, 0x6E, 0xAE, 0x36, 0xF5, 0xA7, 0x35, 0x08, 0x6A, 0x0D, 0x00, 0x5E, 0xEC, 0x7F, 0x3B, 0xD8,
    0xBB, 0x2D, 0xB1, 0xCE, 0x01, 0x67, 0x8D, 0xF0, 0x83, 0xB3, 0xAF, 0xAC, 0x11, 0x28, 0x3C, 0x13,
    0x52, 0x57, 0xAF, 0xAC, 0x91, 0x3A, 0x24, 0xD7, 0x60, 0x1A, 0x83, 0xA8, 0x43, 0x31, 0xD0, 0xD0,
    0x3A, 0x57, 0x07, 0x4C, 0xC6, 0x20, 0x66, 0xBA, 0xAD, 0xE6, 0xFD, 0x3E, 0xBD, 0x86, 0xE7, 0x96,
    0xFE, 0xBB, 0x86, 0x23, 0x8B, 0xAF, 0xD0, 0x2F, 0xA6, 0x24, 0x42, 0x5A, 0x9D, 0x90, 0xC0, 0x59,
    0x9A, 0xFA, 0x4F, 0x0C, 0x54, 0xCF, 0x6F, 0xC0, 0xDD, 0xC4, 0x58, 0x82, 0x88, 0x2E, 0x59, 0xC6,
    0xB4, 0xDE, 0x06, 0xEA, 0x3E, 0xFA, 0x88, 0x6A, 0x5F, 0xE2, 0x26, 0xE8, 0x14, 0x2D, 0x25, 0xAE,
    0x49, 0x81, 0xD2, 0x7A, 0x07, 0x18, 0xF7, 0x12, 0x11, 0x37, 0x2B, 0x3C, 0x67, 0x5A, 0x6D, 0xB6,
    0xCE, 0x65, 0x93, 0x05, 0xF8, 0xC4, 0xD3, 0x2F, 0x65, 0x38, 0x2F, 0x03, 0x14, 0x18, 0x40, 0x11,
    0xB9, 0x0B, 0xEF, 0x45, 0x79, 0x89, 0x29, 0x5A, 0x3F, 0x84, 0x53, 0xAB, 0xCD, 0x58, 0xCF, 0xFD,
    0xA0, 0xCD, 0x47, 0xDB, 0x1D, 0x26, 0x6A, 0x3B, 0x8B, 0x67, 0x37, 0x96, 0xFE, 0xD9, 0xB0, 0x76,
    0x0B, 0xF0, 0x7E, 0x84, 0xE1, 0x8C, 0xF0, 0xDC, 0x5E, 0xC8, 0xF4, 0x17, 0x72, 0xF8, 0xA1, 0xF5,
    0x1C, 0x1A, 0x29, 0x26, 0x17, 0xA5, 0xE4, 0xB2, 0x39, 0x07, 0x77, 0x83, 0x98, 0x37, 0x44, 0xCE,
    0xA8, 0x14, 0xAA, 0x89, 0x0F, 0xE1, 0x00, 0x03, 0x8F, 0x4F, 0x06, 0x78, 0x9C, 0xC2, 0x4B, 0x71,
    0xDA, 0xD8, 0x65, 0x8D, 0xE7, 0x90, 0x2B, 0xE3, 0xA0, 0x70, 0xAA, 0x19, 0x87, 0xF7, 0x62, 0xDA,
    0x4B, 0x8E, 0x2C, 0x4C, 0xEA, 0xED, 0x23, 0x0B, 0x98, 0xE0, 0xC5, 0x56, 0x6A, 0x67, 0xDF, 0x1F,
    0x47, 0x43, 0xBF, 0x67, 0x00, 0xDD, 0x32, 0x04, 0xD6, 0x38, 0xCF, 0x09, 0xE5, 0x7C, 0x92, 0x93,
    0xDB, 0xE9, 0x64, 0x2A, 0x0D, 0x2F, 0xD0, 0xD8, 0x38, 0x10, 0x0E, 0x8E, 0x8B, 0xB3, 0x9D, 0x71,
    0x54, 0x4C, 0xDF, 0x67, 0x21, 0xE8, 0x58, 0x3C, 0x3B, 0x37, 0xE8, 0x7E, 0x1C, 0xAC, 0xF1, 0xDC,
    0x02, 0xB2, 0x25, 0x60, 0x54, 0xB5, 0x0E, 0x9C, 0xB4, 0xDE, 0x15, 0x3C, 0x8F, 0xCC, 0xBF, 0xCA,
    0xAB, 0xD7, 0x3F, 0x9D, 0xD4, 0xDF, 0x1C, 0x63, 0x9F, 0x8E, 0x38, 0x20, 0x11, 0xCA, 0x20, 0x43,
    0xFF, 0xA5, 0x24, 0xF4, 0x32, 0xC1, 0x73, 0x95, 0x33, 0x33, 0x34, 0x19, 0xD6, 0xCE, 0x2E, 0x85,
    0x8D, 0x07, 0xEF, 0x86, 0xBC, 0xD6, 0x15, 0xE3, 0x7C, 0x24, 0x6C, 0x68, 0xBD, 0xCD, 0x07, 0xC3,
    0xCC, 0x08, 0x0A, 0x3F, 0x6A, 0x5A, 0x38, 0x55, 0x46, 0x5E, 0xCC, 0xB4, 0x00, 0x5B, 0x0A, 0x1E,
    0x5E, 0x7A, 0xB0, 0x92, 0xF9, 0xFD, 0xDD, 0xBD, 0x3C, 0xBC, 0xDD, 0xBC, 0xBD, 0x3E, 0xBC, 0x05,
    0x76, 0x8B, 0x1E, 0xB1, 0x3D, 0x90, 0x51, 0xFC, 0x88, 0x81, 0xA5, 0xCC, 0xE4, 0xE0, 0x79, 0x02,
    0xBA, 0xC5, 0xB4, 0xDA, 0xD2, 0x20, 0xBE, 0x52, 0xFB, 0xAA, 0x16, 0x01, 0x29, 0xD0, 0x5B, 0xA2,
    0x1F, 0x37, 0x2D, 0xD8, 0x62, 0x3C, 0x37, 0x01, 0xCA, 0x8F, 0x99, 0xD8, 0xCB, 0x16, 0xDF, 0x21,
    0x6C, 0xE8, 0xB4, 0x0B, 0x3B, 0xC5, 0xFB, 0x2D, 0xB9, 0x4C, 0x81, 0x48, 0x44, 0x29, 0xB8, 0x37,
    0xDC, 0xBC, 0x5D, 0xEB, 0x39, 0x47, 0xB6, 0xD3, 0x2F, 0xB2, 0x62, 0x53, 0xD7, 0x4D, 0x2E, 0x4E,
    0xC4, 0xFA, 0x1E, 0xEE, 0xBA, 0xC2, 0x14, 0x2B, 0x7D, 0x52, 0xAC, 0x79, 0xAF, 0xEF, 0x83, 0xAF,
    0x29, 0x08, 0xDB, 0xA2, 0xEF, 0xF7, 0xF7, 0x4C, 0xE9, 0x47, 0xCE, 0xAE, 0x20, 0x7B, 0x5B, 0x8C,
    0xF2, 0xE4, 0x4A, 0xED, 0xFB, 0x5A, 0xE4, 0x60, 0x7D, 0x40, 0x46, 0x7E, 0x39, 0x14, 0x79, 0xD4,
    0x93, 0x52, 0x35, 0x53, 0x50, 0x94, 0x9F, 0x78, 0x4C, 0xC3, 0x20, 0x7F, 0x64, 0x00, 0x66, 0xA6,
    0xC9, 0xBC, 0x94, 0x20, 0x6A, 0xD7, 0xBC, 0x94, 0x98, 0x1B, 0x80, 0xB3, 0x59, 0x5D, 0xC0, 0x58,
    0xEC, 0x14, 0x79, 0x46, 0xF1, 0xCF, 0x88, 0x46, 0xE1, 0x62, 0x64, 0xA6, 0xF2, 0xD2, 0x9D, 0xEF,
    0x03, 0x27, 0xA9, 0xDB, 0xE0, 0x71, 0x59, 0xCE, 0xB3, 0xBD, 0x52, 0xFB, 0xF5, 0xC5, 0x49, 0x7D,
    0xEF, 0x18, 0x46, 0x10, 0x60, 0xE4, 0xC9, 0xF7, 0x19, 0xAC, 0xDB, 0x00, 0x18, 0x25, 0x48, 0x07,
    0x05, 0xA7, 0xC9, 0xA9, 0x36, 0xCD, 0x49, 0x59, 0xEF, 0xD8, 0x8D, 0xCA, 0xD3, 0x53, 0x90, 0x0D,
    0xC1, 0x14, 0x30, 0xC2, 0xC3, 0x7D, 0x65, 0x2D, 0xC2, 0x5A, 0x95, 0x6F, 0xD3, 0x5B, 0x38, 0x09,
    0xA4, 0x3C, 0xDC, 0x40, 0x95, 0x13, 0xF6, 0x66, 0x0F, 0xAB, 0x5F, 0x2D, 0x77, 0x58, 0x5D, 0xB6,
    0x56, 0x81, 0xCA, 0xB1, 0x49, 0xAD, 0x2F, 0x56, 0x8E, 0x21, 0xE8, 0xFE, 0x67, 0xAD, 0xEE, 0xC3,
    0x93, 0x8B, 0x8B, 0x01, 0xD4, 0x83, 0x07, 0x01, 0x0D, 0x66, 0x65, 0xF0, 0xAB, 0x1B, 0x01, 0x0C,
    0x0E, 0x14, 0x41, 0x91, 0x88, 0xCA, 0xAB, 0x3C, 0x54, 0x22, 0xCE, 0x3B, 0x22, 0x9D, 0x2F, 0x97,
    0x5A, 0x6B, 0x80, 0x2F, 0x96, 0x2C, 0xFC, 0xC1, 0x49, 0xD9, 0xE9, 0xC4, 0x9B, 0x73, 0x24, 0x57,
    0x7E, 0x75, 0xFD, 0xA2, 0x90, 0xDF, 0x0B, 0x68, 0x47, 0x64, 0xA4, 0x45, 0xD9, 0x69, 0xB5, 0xB2,
    0xD6, 0x81, 0x8F, 0x00, 0xC0, 0xD2, 0x69, 0x51, 0x88, 0x36, 0x9E, 0xBC, 0xB7, 0x15, 0x70, 0x50,
    0xEC, 0x7D, 0x68, 0x51, 0x7F, 0x7A, 0x68, 0x69, 0xC6, 0x8E, 0xD9, 0x11, 0x98, 0x93, 0x20, 0xB0,
    0x61, 0x6F, 0x1A, 0x3C, 0xD1, 0xB6, 0xAA, 0xBB, 0xAC, 0x92, 0x08, 0x83, 0x14, 0xCA, 0xA1, 0xC5,
    0xC6, 0xA7, 0xE2, 0xF7, 0x5D, 0xFA, 0x05, 0xE5, 0x80, 0xC8, 0x13, 0xA1, 0x08, 0x5E, 0x90, 0xC0,
    0x0F, 0x11, 0x70, 0xF0, 0xFC, 0x06, 0x9C, 0x87, 0x18, 0x8B, 0x11, 0xC1, 0x29, 0x9A, 0xE3, 0xE7,
    0xFA, 0xCC, 0xF1, 0x6C, 0xE8, 0xBF, 0x2A, 0x60, 0x08, 0x28, 0x20, 0xF7, 0x84, 0x96, 0xBD, 0x04,
    0x22, 0x31, 0x4A, 0x14, 0x55, 0x72, 0x23, 0x28, 0x00, 0x46, 0xFA, 0xCC, 0xC4, 0x45, 0x0F, 0xDA,
    0x84, 0x34, 0x50, 0xF6, 0xBE, 0x4A, 0x77, 0x93, 0x63, 0x58, 0x79, 0x8C, 0x59, 0xAD, 0xC0, 0x78,
    0x1D, 0x4D, 0xA0, 0x3E, 0x4D, 0x59, 0x17, 0xC1, 0x3A, 0xAD, 0x12, 0x57, 0x2D, 0x47, 0x28, 0x6D,
    0xBA, 0x5B, 0x28, 0x45, 0xF8, 0xE9, 0xFF, 0xE9, 0xF9, 0x4D, 0xB6, 0x3E, 0xEF, 0xB4, 0xC4, 0xBE,
    0x08, 0xBF, 0xD9, 0x7F, 0xEE, 0x29, 0xDA, 0xC9, 0xF9, 0xE6, 0x92, 0x5E, 0xC5, 0xEE, 0xE4, 0xBA,
    0x5F, 0xD9, 0x8A, 0x9D, 0xB2, 0xEC, 0x7D, 0xBF, 0x65, 0xCA, 0xDE, 0xF7, 0x5B, 0xC5, 0xF8, 0xBD,
    0xEF, 0xB7, 0x0A, 0xA0, 0xC5, 0x2F, 0x83, 0x59, 0x7C, 0x91, 0xE7, 0x3E, 0xFB, 0x2D, 0x67, 0x83,
    0xF6, 0xFF, 0x2C, 0x72, 0x56, 0x2D, 0x40, 0x35, 0x9D, 0x0F, 0x31, 0x08, 0x0C, 0xE4, 0xF6, 0x15,
    0xB2, 0x25, 0x0A, 0xBC, 0xF3, 0xE9, 0xA3, 0xE3, 0x77, 0xF7, 0x02, 0xD9, 0xB8, 0x04, 0x43, 0xEC,
    0xD3, 0x23, 0x7E, 0xB6, 0x78, 0x35, 0x78, 0xEE, 0xDE, 0xD7, 0x81, 0x7B, 0x3B, 0xE9, 0x88, 0x3B,
    0xC2, 0xD7, 0x81, 0xFC, 0x67, 0x94, 0xB9, 0xD6, 0x4E, 0xB9, 0xBD, 0x38, 0x03, 0x66, 0xE2, 0x13,
    0x1A, 0x9E, 0xFB, 0xF6, 0xEB, 0x80, 0xBB, 0xA8, 0x3E, 0xF2, 0xF6, 0xBF, 0x03, 0x4C, 0xEA, 0x07,
    0xBB, 0x44, 0x91, 0x48, 0xC4, 0x49, 0x5A, 0x82, 0xAC, 0xD8, 0x55, 0xC2, 0xE2, 0xA5, 0xDB, 0x76,
    0x3F, 0xF2, 0x1D, 0xB6, 0xEE, 0xB4, 0xA1, 0x20, 0xC0, 0x2E, 0x10, 0x94, 0xD6, 0xA1, 0x93, 0x5A,
    0xBC, 0x5D, 0x25, 0x0C, 0x3E, 0x10, 0xB8, 0xC9, 0x5A, 0x92, 0x8F, 0xB7, 0xEF, 0x05, 0xC6, 0x6F,
    0xD0, 0xE6, 0x0A, 0x27, 0xE8, 0xB3, 0x4A, 0xB0, 0x04, 0x63, 0xC2, 0xDA, 0x7F, 0xF7, 0xCB, 0x2E,
    0xD6, 0xFE, 0xBF, 0x6B, 0xCB, 0x92, 0x7E, 0xFB, 0xD8, 0x97, 0x2C, 0xF6, 0xEF, 0xC3, 0x2A, 0xC8,
    0xAA, 0x1D, 0xBB, 0x96, 0xEB, 0xFE, 0x10, 0xD9, 0x04, 0xCC, 0x51, 0x3E, 0x90, 0xC0, 0xB6, 0x84,
    0xF7, 0x99, 0x48, 0xD5, 0x4B, 0xE1, 0x6E, 0xE2, 0xC3, 0xC8, 0x8D, 0x50, 0x6A, 0x2D, 0x68, 0x66,
    0xD8, 0xFB, 0xFF, 0xF8, 0x79, 0x97, 0x55, 0x62, 0x49, 0x7D, 0x8A, 0x3C, 0x5E, 0x7B, 0x50, 0x2F,
    0x60, 0xCB, 0xB9, 0xE5, 0x8A, 0x45, 0x06, 0x36, 0x70, 0x1A, 0x63, 0xBA, 0x09, 0x5B, 0xE6, 0x50,
    0x6F, 0x49, 0xED, 0xE6, 0x4C, 0x1D, 0x5A, 0x6F, 0xCA, 0x21, 0x20, 0xF2, 0x9A, 0x88, 0xD2, 0x51,
    0x1D, 0xA3, 0x6E, 0xDA, 0x48, 0x26, 0xD0, 0x5C, 0x89, 0xC7, 0x51, 0xAF, 0x63, 0x1C, 0xEB, 0x75,
    0x1C, 0x76, 0xD2, 0x3A, 0xCA, 0xD7, 0x93, 0x3A, 0x57, 0x43, 0xF6, 0xE8, 0x21, 0x43, 0xF2, 0x0F,
    0xA7, 0x48, 0x5E, 0xCE, 0x91, 0xFD, 0x1D, 0x2C, 0x63, 0xD4, 0x4F, 0x1A, 0xC2, 0x6B, 0x92, 0x27,
    0x72, 0xD8, 0x4D, 0xCD, 0x5F, 0xC3, 0x0C, 0xEA, 0x76, 0xF9, 0x5B, 0xEF, 0x4D, 0x06, 0x4E, 0x00,
    0xCF, 0x88, 0x18, 0xFC, 0x34, 0xF1, 0xDB, 0xA6, 0xD5, 0xDD, 0x11, 0xA9, 0x1E, 0x4F, 0x56, 0x22,
    0xF1, 0x6C, 0xFE, 0x46, 0x48, 0xA1, 0x5D, 0xB8, 0x37, 0xDB, 0x14, 0x2F, 0x6A, 0x09, 0xB2, 0x22,
    0x2E, 0x39, 0x33, 0x4E, 0x83, 0xF0, 0x5E, 0x78, 0x9A, 0x5C, 0x89, 0xC4, 0xEE, 0x4A, 0x8B, 0x3C,
    0x41, 0xA9, 0x5E, 0x62, 0x22, 0xAE, 0xB5, 0x8D, 0xFB, 0xD6, 0x38, 0x6B, 0x66, 0xC3, 0x02, 0x0A,
    0xF1, 0x2C, 0x19, 0xFC, 0xE2, 0xCA, 0x95, 0x76, 0x72, 0xA6, 0x41, 0x7C, 0x2C, 0x78, 0x27, 0x5D,
    0x89, 0x2C, 0x9E, 0xC6, 0xB3, 0xF8, 0xEA, 0xC3, 0x86, 0xE0, 0xF7, 0xD5, 0x4D, 0x6D, 0x98, 0xE7,
    0x29, 0xA8, 0xEA, 0xC6, 0x86, 0xC1, 0x3F, 0x63, 0xF0, 0x14, 0xE3, 0x5E, 0x46, 0x25, 0xC3, 0xDF,
    0x02, 0xED, 0x4A, 0xEE, 0x27, 0x6C, 0xEE, 0xC3, 0xDD, 0xDF, 0xF2, 0x7E, 0x5C, 0x87, 0x73, 0x25,
    0x37, 0x04, 0x9F, 0x19, 0xB2, 0x62, 0x87, 0x85, 0x4C, 0xEE, 0x17, 0x1F, 0x5C, 0x15, 0x59, 0x14,
    0xC1, 0x0C, 0x84, 0xA2, 0xE3, 0x46, 0x2C, 0xBC, 0xE5, 0x8C, 0xFB, 0xEA, 0x6C, 0x62, 0x7E, 0x14,
    0x07, 0x18, 0xEA, 0xE4, 0x15, 0xE1, 0xAF, 0x18, 0xBC, 0x49, 0x4E, 0xB4, 0xCC, 0xDC, 0x67, 0xEF,
    0x9C, 0xD1, 0x52, 0xC2, 0xBE, 0x91, 0xBD, 0x37, 0x52, 0x11, 0xA7, 0x09, 0xC0, 0x63, 0x32, 0xAA,
    0x87, 0xB9, 0xDF, 0x50, 0x29, 0xCA, 0x0B, 0xB8, 0x65, 0xF0, 0x43, 0x36, 0x39, 0x73, 0xC8, 0xFE,
    0xB4, 0x3E, 0xF1, 0xC2, 0xEB, 0xBA, 0x31, 0xB3, 0x78, 0x5A, 0x6B, 0xE8, 0x08, 0xDE, 0x82, 0x23,
    0xEE, 0xC9, 0xF1, 0x52, 0xA9, 0xF1, 0x1C, 0x32, 0x65, 0xCE, 0x7B, 0x39, 0x16, 0x99, 0x8F, 0x2B,
    0xBF, 0xF9, 0xE5, 0x7C, 0x3C, 0xA9, 0xBF, 0x9B, 0x8F, 0x01, 0x4F, 0xE4, 0xAA, 0x88, 0x7F, 0xFF,
    0xE5, 0xF9, 0x38, 0xF0, 0x56, 0xBF, 0x8D, 0x87, 0xF1, 0xB7, 0x5D, 0x99, 0x6F, 0x49, 0xE0, 0xAE,
    0x9A, 0x56, 0xF0, 0x3A, 0x20, 0x2F, 0xA2, 0x14, 0xA0, 0xEE, 0x29, 0xD4, 0x7D, 0x75, 0x4E, 0xFF,
    0xA0, 0x00, 0x5F, 0xB9, 0x5B, 0xFE, 0x54, 0x79, 0xF6, 0x82, 0x1E, 0x76, 0x3E, 0x99, 0x92, 0x50,
    0x23, 0xEE, 0x27, 0x4A, 0xE9, 0xA3, 0x0A, 0x33, 0x9E, 0xCA, 0x7C, 0x37, 0x51, 0x1D, 0x51, 0xC2,
    0x90, 0x04, 0x4E, 0xF9, 0x0A, 0xB8, 0x21, 0x42, 0x1C, 0xC8, 0x83, 0xFB, 0x50, 0x44, 0x88, 0x4B,
    0x10, 0x9C, 0xC6, 0x30, 0x3E, 0x51, 0x20, 0x14, 0x6A, 0x49, 0xA8, 0xCE, 0x55, 0xF6, 0x00, 0xA5,
    0xEE, 0x52, 0x80, 0xAC, 0x34, 0xB4, 0x8E, 0xDB, 0x5F, 0x79, 0x20, 0x78, 0xB7, 0x0B, 0xEF, 0x6B,
    0x7F, 0x09, 0x81, 0xD7, 0x26, 0xD3, 0x32, 0xD4, 0xF5, 0x0B, 0x24, 0x7B, 0x3E, 0x60, 0x2D, 0x17,
    0xFD, 0xB7, 0x3E, 0xE9, 0x9E, 0xE2, 0x00, 0xC8, 0xAE, 0xD4, 0x8E, 0x2B, 0xE7, 0x9A, 0x64, 0xE2,
    0xBA, 0xC9, 0x84, 0xB0, 0xF7, 0x89, 0x69, 0xBF, 0x23, 0x13, 0x82, 0x51, 0x9D, 0x5F, 0x66, 0x98,
    0x09, 0x72, 0x2A, 0x37, 0x8F, 0xAB, 0x49, 0xFA, 0x1C, 0xF2, 0x95, 0xB8, 0xD4, 0x62, 0xF2, 0x12,
    0x39, 0xB4, 0x48, 0x87, 0x62, 0x90, 0x1C, 0xE7, 0x91, 0x5F, 0x79, 0xFA, 0x66, 0x75, 0xC7, 0xBF,
    0x84, 0xF2, 0xF1, 0x0B, 0x1A, 0xC4, 0x81, 0x5C, 0x66, 0x81, 0xF9, 0xE0, 0xC5, 0x70, 0x29, 0x07,
    0x72, 0x9F, 0x08, 0xDC, 0xDD, 0x4F, 0x04, 0x2F, 0x6E, 0x72, 0x09, 0xA8, 0x26, 0xC8, 0x8E, 0xFB,
    0x68, 0x84, 0x39, 0x91, 0x73, 0xFA, 0x3B, 0xA9, 0x41, 0x6A, 0xEE, 0x43, 0xEF, 0x42, 0x54, 0x9E,
    0x9D, 0xD7, 0xD1, 0xB0, 0xB3, 0x7A, 0x34, 0x1A, 0x86, 0x48, 0xE0, 0x89, 0xF8, 0x9A, 0x17, 0xC3,
    0x15, 0xF9, 0x09, 0x4E, 0x00, 0x23, 0xAD, 0x2F, 0x49, 0x1B, 0xC0, 0x39, 0x67, 0x1B, 0xCE, 0x17,
    0x17, 0x7E, 0x0F, 0x75, 0x7E, 0xC7, 0x4B, 0x07, 0xF1, 0x2C, 0x22, 0x00, 0x8E, 0x71, 0x3F, 0x97,
    0x73, 0xEF, 0xDC, 0xF4, 0xA7, 0x50, 0xBE, 0x64, 0xDD, 0x53, 0xCA, 0x47, 0x45, 0x64, 0x58, 0xED,
    0x2F, 0x49, 0x3E, 0x57, 0x96, 0x17, 0xA2, 0x33, 0x40, 0xDD, 0x7E, 0x03, 0x7C, 0x0B, 0x3F, 0x07,
    0x14, 0xF7, 0xBE, 0x45, 0x8B, 0xCE, 0x4A, 0x8C, 0xD7, 0x44, 0xDA, 0x8B, 0x8E, 0x99, 0x3F, 0xDA,
    0x8B, 0x4E, 0x23, 0x91, 0x69, 0x71, 0xB9, 0x68, 0xD1, 0x79, 0x06, 0xD3, 0x3D, 0x16, 0x9D, 0x46,
    0xEC, 0xB7, 0xA0, 0x09, 0x51, 0xCD, 0x65, 0x4A, 0x23, 0x7E, 0xCC, 0x67, 0xFB, 0x14, 0x42, 0x86,
    0x58, 0x0F, 0x85, 0x1F, 0x02, 0x08, 0xC5, 0x77, 0x28, 0xA0, 0x70, 0xD4, 0xFD, 0xF8, 0x56, 0x88,
    0xBB, 0xB7, 0x04, 0x1F, 0x4E, 0x48, 0x8C, 0xB8, 0x49, 0x58, 0x5E, 0x92, 0x19, 0x71, 0x0B, 0x21,
    0xD0, 0x11, 0x27, 0x30, 0x40, 0x8E, 0x2C, 0x00, 0xC2, 0xD9, 0xD8, 0x3D, 0xE7, 0xEF, 0x20, 0x1C,
    0xF5, 0x3F, 0xBE, 0x35, 0x01, 0x32, 0xD2, 0xF0, 0xB0, 0xF4, 0x57, 0xC2, 0xC5, 0x0C, 0xD8, 0x6E,
    0xDE, 0x55, 0xBB, 0x58, 0x4F, 0x09, 0xEB, 0x00, 0x59, 0xB2, 0x56, 0x59, 0x4F, 0x25, 0x61, 0x55,
    0x8F, 0xDE, 0x7E, 0x7D, 0xC2, 0xF9, 0xE7, 0x36, 0x59, 0x32, 0x2D, 0x87, 0xE5, 0xEB, 0xE2, 0xE5,
    0x66, 0xAB, 0x9F, 0x9B, 0x80, 0x01, 0x1B, 0x64, 0xCB, 0xA6, 0x40, 0x58, 0xB0, 0x2C, 0xE3, 0x4B,
    0x3C, 0x88, 0x97, 0xCF, 0x76, 0x39, 0x13, 0x6D, 0xCE, 0xB5, 0xBC, 0x27, 0xF6, 0xCF, 0xB1, 0x4C,
    0x42, 0x73, 0x63, 0x1C, 0xCA, 0xB3, 0xC2, 0x0E, 0x56, 0x59, 0x4F, 0x6E, 0xC3, 0x1F, 0x1F, 0x2E,
    0x6B, 0x09, 0x98, 0xD0, 0x8D, 0x1C, 0x0B, 0x75, 0xD8, 0x31, 0xBA, 0x92, 0xD7, 0xF2, 0xA5, 0xDF,
    0x9E, 0x9E, 0x70, 0xFE, 0xD1, 0xE2, 0x31, 0xDF, 0xF7, 0x85, 0x77, 0x05, 0xD6, 0x9B, 0x27, 0xE3,
    0xB4, 0x61, 0x7D, 0xB5, 0xF2, 0x25, 0xEB, 0x4B, 0xB8, 0xB8, 0x78, 0x85, 0xF9, 0xA5, 0x2F, 0xE9,
    0xBF, 0x26, 0x9C, 0xBF, 0xBC, 0xBE, 0x3B, 0xC6, 0xD9, 0x84, 0x7C, 0x72, 0x06, 0xB2, 0xFD, 0x7B,
    0xB2, 0x08, 0x03, 0x69, 0x20, 0x0E, 0xE4, 0x41, 0xDD, 0x8F, 0x42, 0x1C, 0x16, 0x22, 0xC6, 0x71,
    0xE7, 0x34, 0x26, 0xC4, 0x1F, 0x46, 0xBD, 0x24, 0x84, 0xAF, 0x5B, 0xEE, 0x28, 0x75, 0xCA, 0x86,
    0x84, 0x4B, 0x98, 0xFA, 0x45, 0x04, 0x79, 0x59, 0xDB, 0x80, 0x4A, 0x71, 0xD2, 0xAE, 0x56, 0x5D,
    0xC3, 0x26, 0x60, 0x84, 0x56, 0x05, 0x49, 0xEC, 0xE8, 0xD1, 0x64, 0xF7, 0xD6, 0x01, 0x30, 0x8C,
    0x31, 0x1D, 0x3B, 0xDF, 0x0F, 0x6E, 0x78, 0xAD, 0x2D, 0x76, 0xE8, 0x7C, 0xE9, 0x7C, 0x80, 0x93,
    0x7A, 0x81, 0xA8, 0xFF, 0x01, 0xB5, 0x98, 0x01, 0x68, 0x1C, 0xC7, 0x19, 0x85, 0xDF, 0xEC, 0xEA,
    0xB4, 0x76, 0xAE, 0xDA, 0x0B, 0xC5, 0xD7, 0x3A, 0x89, 0x64, 0x05, 0x08, 0xD0, 0x5E, 0x2F, 0x51,
    0x01, 0x03, 0x17, 0x50, 0xA2, 0x4D, 0x0C, 0x04, 0x38, 0x10, 0x26, 0x91, 0x5C, 0x48, 0x8A, 0x0A,
    0xB4, 0x00, 0x75, 0x1B, 0x5B, 0x80, 0x02, 0x2E, 0x24, 0x68, 0x1B, 0x03, 0x00, 0x02, 0x73, 0xA5,
    0x4D, 0x02, 0x18, 0x48, 0x5A, 0xB7, 0x60, 0xCB, 0x20, 0x99, 0xC6, 0x05, 0xD9, 0x0D, 0x92, 0xC8,
    0xD1, 0x14, 0x10, 0xC0, 0xC5, 0xA1, 0x29, 0x50, 0x20, 0x17, 0xAC, 0x1A, 0x12, 0x53, 0x2C, 0x9A,
    0x4B, 0xB1, 0x1C, 0xF9, 0xA6, 0xFF, 0x9B, 0x9D, 0xED, 0x70, 0xAB, 0x3B, 0x4B, 0x56, 0xE8, 0x88,
    0xF9, 0x6F, 0x67, 0x77, 0xE7, 0xDB, 0xB7, 0xFF, 0xCE, 0xCC, 0x3E, 0x2D, 0x4C, 0x79, 0x54, 0x9D,
    0x8E, 0x31, 0xE3, 0xD5, 0x93, 0x30, 0xA6, 0xFF, 0x5D, 0x8F, 0x8B, 0x93, 0xCF, 0x4B, 0xF3, 0xA8,
    0x34, 0xFD, 0xB6, 0x84, 0x42, 0xB0, 0x58, 0x8F, 0x07, 0xD4, 0x07, 0xF5, 0x78, 0x10, 0xEF, 0x4B,
    0x50, 0x12, 0x42, 0x4F, 0x42, 0xB0, 0xF8, 0x6C, 0x3D, 0x56, 0x4B, 0xEC, 0x8B, 0x4C, 0x80, 0x1F,
    0xE3, 0x41, 0x28, 0xE0, 0xB0, 0x27, 0xBC, 0x5F, 0x08, 0x4F, 0xC8, 0xF6, 0xA8, 0x47, 0x68, 0xFE,
    0x07, 0x09, 0x54, 0x02, 0xA1, 0x05, 0xC3, 0xD3, 0xEC, 0x3B, 0xA1, 0x24, 0x98, 0xB2, 0xA2, 0xB5,
    0x45, 0x6D, 0x0B, 0x5E, 0x24, 0x78, 0x3F, 0xC2, 0x74, 0x2A, 0xDC, 0xE1, 0xD5, 0x5D, 0xE2, 0x5F,
    0x3A, 0x4B, 0xFC, 0x3F, 0xB6, 0xC9, 0xC5, 0xF9, 0x54, 0x24, 0xA6, 0x79, 0xE7, 0x97, 0x00, 0xB8,
    0x90, 0x5C, 0xB2, 0x38, 0x39, 0x09, 0x53, 0xE4, 0x14, 0x51, 0xFF, 0x27, 0xAB, 0x9E, 0x29, 0xA1,
    0xC8, 0x7E, 0xF2, 0x6E, 0x59, 0xF2, 0x00, 0xC9, 0x79, 0x43, 0xFE, 0x7D, 0x17, 0xE1, 0xDC, 0xEA,
    0xC4, 0xAF, 0x82, 0x45, 0xD4, 0x13, 0xEF, 0x59, 0x7C, 0x56, 0xFD, 0x59, 0x93, 0x9C, 0x8F, 0x3B,
    0xD4, 0xDF, 0xDA, 0x76, 0x0D, 0x92, 0x7D, 0x17, 0xEC, 0xD5, 0x2C, 0xDE, 0x8B, 0x12, 0xFC, 0x95,
    0x2E, 0xEA, 0xFD, 0x4F, 0x3A, 0xD4, 0x5F, 0x14, 0xB2, 0x3A, 0x9F, 0x92, 0x33, 0xBC, 0x9E, 0xF8,
    0xCC, 0xA0, 0x71, 0x8F, 0xB6, 0xF0, 0xDC, 0xDB, 0x56, 0xFD, 0x37, 0x8C, 0x7A, 0xDF, 0x3D, 0x5A,
    0x66, 0x1C, 0x07, 0x7D, 0x09, 0x8F, 0x13, 0x33, 0x26, 0x55, 0x5D, 0x5F, 0x05, 0x86, 0xE3, 0x4D,
    0x78, 0xB7, 0xF1, 0x48, 0x03, 0xB6, 0x28, 0x26, 0xA7, 0x17, 0x7E, 0xD1, 0x92, 0x19, 0xA4, 0xF9,
    0xBA, 0x3D, 0x00, 0x70, 0x44, 0xF4, 0xEB, 0x75, 0xE0, 0xE9, 0xE8, 0x24, 0xA8, 0x39, 0x4A, 0x84,
    0x3F, 0x85, 0x61, 0x20, 0xAF, 0x6F, 0xC3, 0x95, 0x69, 0x94, 0x59, 0x27, 0xAF, 0x4C, 0x94, 0xB5,
    0xBE, 0x5D, 0x06, 0xA4, 0xFD, 0x13, 0xF5, 0xF3, 0x40, 0x57, 0xB7, 0x0E, 0x79, 0xAB, 0xE5, 0x32,
    0x1A, 0xE5, 0x0A, 0x9A, 0xF2, 0x7B, 0xE3, 0xBD, 0x21, 0xF5, 0xC1, 0x7B, 0x85, 0xC5, 0xB8, 0xAC,
    0x36, 0xC1, 0xF3, 0xB2, 0x15, 0xA8, 0x20, 0x64, 0x1D, 0xD3, 0x5B, 0x21, 0x80, 0xD0, 0xD3, 0x47,
    0xDA, 0x05, 0xD5, 0x08, 0x07, 0x70, 0x49, 0xEA, 0xBB, 0xED, 0xFC, 0x33, 0xD7, 0x16, 0x3C, 0x1D,
    0xF1, 0xD8, 0x80, 0x54, 0x78, 0x5A, 0xB7, 0x79, 0x5E, 0xA6, 0xF6, 0xE1, 0x3B, 0x3C, 0x3E, 0x2A,
    0x8D, 0xD2, 0xF2, 0xF9, 0x10, 0x16, 0x27, 0x4D, 0x25, 0x40, 0xE4, 0x5F, 0xBF, 0xB6, 0x80, 0x50,
    0x90, 0x72, 0xD2, 0x74, 0x28, 0x5B, 0x5F, 0xB4, 0x11, 0xBC, 0xF5, 0xE1, 0x14, 0x54, 0xDB, 0xA0,
    0xC9, 0x68, 0x26, 0x41, 0x8A, 0x0B, 0x5A, 0x6B, 0x60, 0x92, 0x23, 0xFA, 0x31, 0xA3, 0xB5, 0x13,
    0x7F, 0x40, 0x9A, 0xBE, 0x3E, 0xDD, 0x46, 0x41, 0x35, 0x49, 0xBE, 0xD4, 0x41, 0xBE, 0x4A, 0x9E,
    0x29, 0x89, 0x64, 0x36, 0xB9, 0x95, 0xC5, 0xB3, 0x10, 0x9F, 0xCD, 0x84, 0x5A, 0xF6, 0x16, 0xF2,
    0x6F, 0x5D, 0x5B, 0x08, 0xB1, 0x11, 0x92, 0x1D, 0xE2, 0x7A, 0x3B, 0xB8, 0xB9, 0x1A, 0xE2, 0x82,
    0x05, 0x13, 0xD6, 0x40, 0x98, 0x56, 0xB6, 0x2D, 0x6B, 0x7F, 0xCA, 0x29, 0x4E, 0x4E, 0x84, 0xF8,
    0xA9, 0x9A, 0x0A, 0x6E, 0xD6, 0xDB, 0x21, 0x9A, 0x86, 0x43, 0x89, 0x54, 0xA8, 0x96, 0x2D, 0x87,
    0x7D, 0x9B, 0xB6, 0x7F, 0x33, 0xC3, 0x3A, 0xC0, 0xC0, 0xAC, 0x9A, 0x40, 0x24, 0x0C, 0x13, 0x57,
    0xD5, 0x14, 0x82, 0xBF, 0xD7, 0xDB, 0xA0, 0xBC, 0x34, 0xAB, 0xEF, 0x4A, 0xA6, 0x9F, 0x95, 0x7B,
    0xB7, 0x0F, 0x0C, 0x0C, 0xA3, 0x0C, 0xAF, 0xB2, 0x75, 0x4B, 0x6A, 0x50, 0x6F, 0x40, 0x2E, 0xBC,
    0x0C, 0xAF, 0x86, 0x7C, 0x24, 0x52, 0x73, 0x5D, 0xB3, 0xEA, 0x99, 0xAC, 0x3E, 0xF3, 0xE9, 0x14,
    0xA8, 0x58, 0xC2, 0x1F, 0x17, 0x24, 0xC9, 0xD7, 0xDB, 0xF0, 0x75, 0x6C, 0x4F, 0xC1, 0x41, 0xD4,
    0x80, 0x32, 0x13, 0xF9, 0x94, 0xDA, 0x00, 0xFE, 0xEC, 0x2F, 0xC1, 0xFB, 0x68, 0xEE, 0x90, 0x74,
    0xDB, 0x0A, 0x56, 0x39, 0xCB, 0x58, 0xBB, 0x8D, 0x2F, 0x19, 0x53, 0x5D, 0xC7, 0x17, 0xEB, 0x7E,
    0x8C, 0xE8, 0x26, 0x5A, 0x78, 0x4D, 0x31, 0x0B, 0x2D, 0xBC, 0x6C, 0xDA, 0x2C, 0x6E, 0xBD, 0xE7,
    0xDC, 0x62, 0xD8, 0xBE, 0xDE, 0x8F, 0x71, 0xBD, 0x7F, 0xD3, 0xAE, 0x0C, 0x83, 0xCA, 0x04, 0xCD,
    0x25, 0x48, 0xA6, 0x73, 0xF0, 0x36, 0x17, 0x8A, 0xDB, 0xBD, 0xD7, 0x7B, 0xA0, 0xFB, 0x82, 0xFC,
    0x2D, 0x2E, 0x69, 0xB3, 0x0E, 0xCA, 0x2D, 0xCD, 0x7D, 0x6F, 0xF2, 0xA8, 0xA5, 0x58, 0x55, 0x97,
    0x70, 0x24, 0xEA, 0xBA, 0x20, 0x13, 0x9F, 0x5D, 0xD2, 0x26, 0xCC, 0x92, 0x26, 0x9A, 0xC3, 0x0C,
    0xF9, 0x22, 0xC9, 0xE7, 0xEF, 0x6F, 0x41, 0xEE, 0xB5, 0x62, 0x12, 0xEF, 0x7F, 0x9C, 0xE2, 0xD5,
    0xFF, 0x84, 0x5F, 0xB8, 0x9F, 0x15, 0x13, 0x91, 0x54, 0x6F, 0xD5, 0x86, 0x31, 0x33, 0x38, 0x5D,
    0x99, 0x95, 0x96, 0xDF, 0x08, 0x1A, 0xC8, 0x0B, 0x8C, 0x61, 0x1A, 0x41, 0x84, 0x0D, 0xF8, 0xEB,
    0xDF, 0x6E, 0x24, 0x47, 0x5D, 0x5F, 0xAD, 0x1D, 0xF4, 0x1D, 0x86, 0x0D, 0x60, 0x58, 0xF6, 0x21,
    0x67, 0x66, 0xF9, 0x49, 0x39, 0xA8, 0xD6, 0xD5, 0x65, 0xF8, 0xAB, 0x18, 0x85, 0xD7, 0xC4, 0x92,
    0x00, 0x74, 0xCD, 0x9C, 0xC7, 0xC0, 0x56, 0x72, 0xD3, 0xB6, 0xE4, 0xB5, 0xDE, 0xE2, 0x6F, 0xB9,
    0x33, 0x0C, 0x4A, 0xAD, 0x6D, 0xC7, 0x8F, 0x10, 0xFF, 0x65, 0x6E, 0x83, 0xF8, 0x4A, 0x12, 0x54,
    0x4B, 0xB5, 0xCC, 0x81, 0xAE, 0x78, 0x3F, 0xEA, 0x0C, 0x5A, 0xDF, 0x45, 0x17, 0xF5, 0x51, 0xFA,
    0xA0, 0x1A, 0x92, 0x08, 0x9C, 0x82, 0xC7, 0xD0, 0x53, 0x78, 0xD0, 0xA9, 0xD9, 0x67, 0x33, 0xC5,
    0xB7, 0xEF, 0x81, 0x3F, 0x29, 0x3C, 0xAF, 0xE9, 0x92, 0xA3, 0x96, 0xB8, 0xCF, 0x5E, 0x63, 0xCC,
    0xE1, 0xF5, 0x8F, 0xEE, 0x4A, 0xFC, 0x21, 0x4C, 0x60, 0x73, 0x0B, 0x01, 0x06, 0xB9, 0xF5, 0x49,
    0x1B, 0xF7, 0xCE, 0xBD, 0xB7, 0xDE, 0x81, 0xBF, 0xF7, 0x2D, 0x04, 0x91, 0x50, 0x5D, 0xE0, 0xBE,
    0xDD, 0xE3, 0xB9, 0x45, 0xF5, 0x59, 0xB2, 0x17, 0xE1, 0x20, 0xB3, 0x91, 0xE6, 0x25, 0x96, 0x2D,
    0xD7, 0xDC, 0x71, 0xE4, 0xB4, 0x3A, 0x47, 0x4E, 0xA3, 0xAB, 0x7A, 0xB7, 0x0F, 0x3E, 0x99, 0x23,
    0x85, 0x18, 0xF9, 0x96, 0x6A, 0x73, 0x31, 0xCC, 0xED, 0x6E, 0x60, 0xAA, 0x7B, 0xE1, 0xED, 0xAD,
    0x2E, 0x59, 0xF5, 0x0C, 0x6C, 0xDA, 0xFB, 0xDD, 0xF9, 0xD1, 0xF6, 0x4C, 0x0E, 0xC7, 0x5F, 0xE7,
    0x70, 0xDC, 0xDA, 0x3E, 0x30, 0x59, 0x86, 0x50, 0x36, 0x81, 0xC3, 0xA2, 0xCC, 0x15, 0x48, 0x9A,
    0xC7, 0x23, 0xD1, 0xF2, 0xF9, 0x46, 0x19, 0x79, 0x54, 0xCA, 0x5C, 0x94, 0x9F, 0x78, 0x27, 0xCF,
    0xE0, 0xDF, 0x90, 0x7D, 0x98, 0x8D, 0x6C, 0x0F, 0x1C, 0x7A, 0x91, 0xDD, 0xDA, 0xD2, 0x0D, 0x6C,
    0x66, 0xC2, 0xC1, 0xE4, 0xB7, 0x22, 0x6F, 0x8C, 0x0B, 0x12, 0xE6, 0x25, 0x60, 0x3E, 0xAA, 0x20,
    0x78, 0x73, 0x83, 0x2B, 0xFD, 0xE1, 0xB1, 0x46, 0x88, 0x99, 0xA7, 0xA2, 0xE0, 0x66, 0x53, 0x0E,
    0xBC, 0x06, 0x09, 0x8F, 0xBF, 0x58, 0x91, 0x5B, 0x68, 0x57, 0x50, 0x3C, 0xCA, 0xA6, 0x1D, 0x3E,
    0xC6, 0xCE, 0x54, 0x3A, 0xC3, 0x61, 0x06, 0x8B, 0x2F, 0xBE, 0x3C, 0x91, 0xE2, 0x27, 0xA5, 0xE9,
    0x93, 0x57, 0xC0, 0x8C, 0xBD, 0x46, 0xFE, 0x8D, 0x8D, 0x27, 0x23, 0xB5, 0x12, 0xCB, 0xD1, 0xB2,
    0xAA, 0xE0, 0xF8, 0x8A, 0x96, 0x93, 0xDF, 0x88, 0x2C, 0xCA, 0x5B, 0x4D, 0x02, 0x18, 0xAC, 0x65,
    0x11, 0x17, 0x31, 0x41, 0xF5, 0x07, 0x12, 0xFC, 0x98, 0xBE, 0x9B, 0x21, 0x53, 0xF8, 0xE1, 0x27,
    0xA3, 0xE0, 0x0D, 0xB9, 0x0F, 0x2C, 0x47, 0x24, 0x1F, 0xA3, 0xF0, 0x3B, 0x84, 0xD2, 0xAF, 0x77,
    0x6A, 0x36, 0x4D, 0x3F, 0xEE, 0x98, 0xB5, 0x82, 0x7F, 0xD0, 0x25, 0x87, 0x2F, 0xEA, 0x4C, 0x72,
    0x9E, 0x8E, 0xE5, 0x42, 0x4F, 0xC7, 0xFE, 0x57, 0x4D, 0xE6, 0x25, 0x49, 0x8E, 0xBB, 0x06, 0xC3,
    0x25, 0x86, 0x16, 0x45, 0x73, 0x60, 0x0E, 0x17, 0xC4, 0x12, 0xDE, 0xF6, 0xEE, 0xA2, 0x3F, 0xC2,
    0x43, 0xC4, 0x3F, 0xE6, 0xD4, 0x27, 0x3D, 0x94, 0x96, 0x1C, 0xE4, 0x7F, 0x99, 0xE6, 0x5E, 0xF0,
    0x4F, 0x46, 0x3D, 0xF0, 0x87, 0xB9, 0xCC, 0x45, 0x32, 0x8A, 0xB9, 0xFE, 0xC5, 0xA8, 0x24, 0x41,
    0xB5, 0xFA, 0x37, 0x92, 0x03, 0xA6, 0x7C, 0xDF, 0xCB, 0x63, 0xDA, 0xAF, 0x8E, 0xE9, 0x2F, 0xAA,
    0xC5, 0xC9, 0x17, 0xAA, 0xEA, 0x8A, 0x5F, 0x2D, 0x9C, 0x3D, 0x5D, 0x1D, 0x54, 0xF5, 0xEA, 0x20,
    0x3E, 0xBA, 0x15, 0x7A, 0xF5, 0xC5, 0x40, 0x1F, 0xA9, 0x62, 0xC6, 0xAF, 0xF2, 0xBC, 0xE2, 0xD5,
    0x77, 0xE5, 0xDC, 0x73, 0x55, 0xC0, 0x77, 0x15, 0xC8, 0x33, 0x0F, 0x3C, 0x5E, 0xBA, 0x73, 0xAE,
    0x5A, 0x9A, 0x3F, 0x97, 0x70, 0x5E, 0x32, 0x1C, 0x3D, 0xE0, 0xD5, 0xCF, 0x1A, 0xC6, 0x65, 0x5F,
    0xF6, 0x9F, 0xAB, 0xCE, 0xEA, 0xEB, 0x69, 0x3F, 0x3E, 0x2A, 0xCD, 0xFE, 0xAE, 0x5A, 0x16, 0x61,
    0x28, 0x5D, 0xFD, 0xB5, 0x04, 0xC1, 0x41, 0x9D, 0x97, 0x66, 0xFE, 0xA2, 0x40, 0x06, 0x44, 0x19,
    0x83, 0x46, 0x5E, 0x74, 0x82, 0x17, 0x02, 0x66, 0x5E, 0xA8, 0xC2, 0x60, 0x0F, 0x18, 0x6E, 0x8D,
    0xA1, 0xA9, 0x82, 0x8C, 0xF5, 0x8B, 0x8D, 0xB3, 0xEC, 0x8D, 0x27, 0x8F, 0x64, 0x86, 0xB3, 0xC9,
    0xD5, 0xD4, 0x12, 0x51, 0xAF, 0x10, 0x2F, 0x19, 0x42, 0x31, 0xF2, 0x28, 0xB1, 0xC2, 0x30, 0x4A,
    0x0C, 0x27, 0x61, 0xF0, 0xD7, 0x18, 0xDE, 0xB2, 0x18, 0x5B, 0xAF, 0xC6, 0xE7, 0xF6, 0xA8, 0xEA,
    0x4F, 0xF0, 0xCC, 0xA9, 0x5C, 0x4D, 0xB6, 0xFC, 0xB6, 0x84, 0xC2, 0x73, 0x22, 0x7C, 0xD0, 0xE0,
    0x3D, 0xD9, 0x0A, 0x6E, 0x09, 0x1E, 0x97, 0x0D, 0xFE, 0xC7, 0x56, 0x3D, 0x40, 0xCD, 0x8F, 0xE8,
    0x75, 0x60, 0x13, 0x27, 0xA0, 0xCC, 0x1B, 0xB6, 0x85, 0x61, 0x3E, 0xAF, 0x16, 0x5C, 0x19, 0x40,
    0xC8, 0x2A, 0x73, 0x3D, 0x94, 0xA9, 0x1E, 0xCA, 0x4C, 0x0F, 0x65, 0xA2, 0x87, 0x32, 0xBB, 0xC3,
    0x10, 0x65, 0xF3, 0x2B, 0x93, 0x3C, 0xC4, 0x6C, 0x6C, 0xCE, 0x93, 0x19, 0x3E, 0x2E, 0x13, 0x72,
    0xBC, 0x98, 0xB5, 0xF1, 0xFB, 0x13, 0xD6, 0xC3, 0x0B, 0xF3, 0xE1, 0xC3, 0xF3, 0xF3, 0x09, 0xE7,
    0x46, 0x2B, 0xCC, 0x0B, 0x23, 0x90, 0xEA, 0xDD, 0x69, 0x49, 0xDF, 0xC8, 0xF4, 0x1F, 0x63, 0xFF,
    0x08, 0x61, 0xCF, 0x7F, 0x09, 0xF6, 0xA5, 0xC2, 0x8A, 0x27, 0x44, 0xD1, 0x88, 0x48, 0x03, 0x1E,
    0x92, 0xBE, 0x9E, 0x08, 0x43, 0x40, 0x57, 0x4A, 0x2C, 0xFC, 0xBF, 0x2D, 0x85, 0xC0, 0x4A, 0x4D,
    0x02, 0x4F, 0x2E, 0x2D, 0xEA, 0x71, 0x94, 0x2E, 0x1C, 0xB5, 0xEE, 0x55, 0x35, 0x92, 0x00, 0x1B,
    0xDC, 0xBF, 0x03, 0xFB, 0x91, 0x63, 0x0F, 0x4B, 0xCE, 0xF1, 0xAE, 0x95, 0x6E, 0x0A, 0x39, 0x3A,
    0x95, 0x92, 0x6F, 0x5C, 0x16, 0xCA, 0xC9, 0x58, 0xC2, 0xA1, 0xE2, 0xB8, 0x64, 0xFF, 0xCE, 0x38,
    0xA1, 0x7D, 0xA4, 0xB4, 0x13, 0x3C, 0x43, 0xD2, 0x54, 0xAB, 0x29, 0x3E, 0x29, 0x36, 0x13, 0x23,
    0x36, 0xA3, 0x14, 0x18, 0xD4, 0x4E, 0x25, 0x99, 0x88, 0x4F, 0x85, 0x6A, 0xA5, 0x61, 0x32, 0x59,
    0x5A, 0xD1, 0x67, 0x4A, 0xF3, 0x62, 0xC7, 0x63, 0xEC, 0x17, 0x44, 0x48, 0x16, 0x35, 0xA7, 0xDB,
    0x60, 0xD9, 0x87, 0xBE, 0x44, 0xEA, 0xC3, 0x8B, 0xF3, 0x12, 0x98, 0x58, 0x1C, 0x8F, 0x79, 0xEB,
    0x97, 0xAD, 0xD4, 0x3C, 0xD3, 0xE1, 0x7D, 0xB5, 0x41, 0xA9, 0x60, 0x38, 0x36, 0x0E, 0x26, 0x38,
    0x55, 0x39, 0xC3, 0xB0, 0x44, 0x85, 0xFF, 0x92, 0x90, 0xAF, 0xC6, 0xF0, 0xB6, 0x54, 0x9B, 0xAF,
    0xCA, 0x7E, 0x4A, 0xED, 0x4B, 0xA5, 0x9A, 0x34, 0x88, 0x34, 0xBF, 0xB6, 0x94, 0x48, 0x15, 0xAE,
    0x77, 0x47, 0xB0, 0x42, 0x25, 0xD4, 0xE6, 0x60, 0x40, 0x86, 0x54, 0x0D, 0x9B, 0xEA, 0x3D, 0x4A,
    0x65, 0xE5, 0x36, 0xF7, 0xED, 0xE0, 0xF3, 0x56, 0xDA, 0x11, 0xFC, 0x46, 0x7F, 0xD3, 0xFA, 0x3C,
    0x09, 0xD2, 0xF4, 0x9A, 0x9C, 0x4B, 0x91, 0x34, 0x02, 0xB8, 0xE0, 0x7C, 0x5E, 0x2F, 0x23, 0x16,
    0x65, 0x8C, 0x18, 0x9B, 0x2D, 0x5E, 0x53, 0x2E, 0x5C, 0xF6, 0xE3, 0xAF, 0x6B, 0xC4, 0x9A, 0x9D,
    0x46, 0xAC, 0x91, 0x40, 0x19, 0xF6, 0x66, 0xC4, 0x32, 0x66, 0xA0, 0xB6, 0xCD, 0xCA, 0xB8, 0x6B,
    0x8C, 0xA6, 0xD7, 0xD8, 0xAB, 0x95, 0x19, 0xE9, 0x6E, 0x65, 0x1C, 0x7E, 0xD7, 0x56, 0xA6, 0xF7,
    0x03, 0x3D, 0x49, 0xCF, 0xBE, 0xEE, 0x9E, 0x25, 0xED, 0xFA, 0x67, 0x2F, 0x35, 0x80, 0xEF, 0x7D,
    0x06, 0x16, 0xFB, 0x04, 0x5D, 0xDF, 0x6C, 0xB8, 0x4F, 0x0B, 0xDF, 0x80, 0x2B, 0x56, 0xBD, 0x15,
    0xBE, 0x37, 0x0B, 0xDF, 0xEA, 0x1C, 0x39, 0x1B, 0xC9, 0x01, 0x87, 0x77, 0x9F, 0xC5, 0xFC, 0x88,
    0x61, 0x37, 0x23, 0xE7, 0x68, 0xD6, 0xC2, 0xF7, 0x12, 0xBE, 0x77, 0x0B, 0x4F, 0x3F, 0x4D, 0xF3,
    0xB8, 0xCD, 0xE7, 0x65, 0xF1, 0x8B, 0x7B, 0xB0, 0xF0, 0xD9, 0x81, 0xA9, 0x2C, 0x3E, 0xEE, 0x92,
    0xF6, 0x3D, 0x59, 0xF8, 0x2C, 0x3E, 0x27, 0xF8, 0x91, 0x6E, 0xF8, 0x26, 0xC3, 0xD1, 0x8E, 0x81,
    0x79, 0xB2, 0x50, 0x43, 0x61, 0x5D, 0xAD, 0xDC, 0xF7, 0x7F, 0x08, 0xDD, 0xD5, 0x53, 0xCB, 0x36,
    0x8F, 0xFD, 0xCF, 0xDC, 0x92, 0xED, 0xB1, 0x2F, 0x59, 0xBF, 0x8B, 0x53, 0x93, 0x66, 0x61, 0x44,
    0x1F, 0x42, 0xBE, 0x1E, 0x82, 0xC8, 0xAE, 0xE1, 0x51, 0x25, 0xF4, 0xA4, 0x8D, 0xA2, 0x9C, 0x73,
    0xEC, 0xE2, 0x99, 0x31, 0xFD, 0x87, 0x10, 0x43, 0x90, 0x5A, 0x68, 0x63, 0x28, 0x37, 0x95, 0x6C,
    0xC3, 0xF4, 0x73, 0xEB, 0x37, 0x49, 0xF4, 0xD2, 0xF6, 0x85, 0xE5, 0xD6, 0x6F, 0xE2, 0x60, 0x78,
    0x04, 0xF2, 0x25, 0x76, 0x06, 0xA5, 0x05, 0xBE, 0xC4, 0xC2, 0x07, 0x16, 0xA0, 0xC6, 0x05, 0xE8,
    0xAD, 0x22, 0xEC, 0xB0, 0xA4, 0xEE, 0x55, 0xD3, 0x81, 0xC7, 0x64, 0x24, 0xE4, 0xCF, 0x5B, 0xF6,
    0xA5, 0xC0, 0x97, 0x0E, 0xB0, 0x50, 0xE3, 0x75, 0x2F, 0xCA, 0x4B, 0x61, 0xF9, 0x37, 0xD2, 0x1C,
    0xCA, 0xB7, 0x25, 0xA8, 0x29, 0xC0, 0xBD, 0x7D, 0x33, 0x6F, 0x32, 0x37, 0xE2, 0xF6, 0x75, 0xBE,
    0x1E, 0xA8, 0x32, 0x2F, 0x59, 0x60, 0x55, 0x46, 0x71, 0x4E, 0xBC, 0x80, 0x1E, 0x2F, 0xBD, 0x9C,
    0xDC, 0xBD, 0xBD, 0xEB, 0xBE, 0xF4, 0x4D, 0xC6, 0xCA, 0xED, 0x2E, 0x2C, 0x97, 0x51, 0x51, 0x6A,
    0x5E, 0xEB, 0x39, 0x15, 0x92, 0x55, 0x24, 0x6B, 0x50, 0x58, 0x07, 0x11, 0x76, 0x79, 0xD5, 0xBC,
    0x6A, 0xF6, 0xB1, 0xCC, 0x78, 0x6B, 0xC5, 0x57, 0x9E, 0x5F, 0x93, 0xCF, 0x15, 0x6B, 0x78, 0xD0,
    0x5B, 0x0B, 0xF4, 0xB3, 0x6B, 0xF2, 0x29, 0x64, 0x6D, 0x10, 0xD7, 0xCC, 0x2F, 0xDB, 0x80, 0xB7,
    0xF6, 0x33, 0xFD, 0x9F, 0xB5, 0xD2, 0xA6, 0x6C, 0x4F, 0x1F, 0x93, 0xAA, 0xA5, 0x7A, 0xAE, 0x26,
    0x06, 0x31, 0x27, 0x0E, 0x6B, 0x4E, 0x0C, 0xD6, 0x9C, 0x98, 0xD6, 0x39, 0xAF, 0xED, 0xCF, 0x85,
    0x7E, 0x7D, 0x4E, 0xCC, 0xD5, 0x5C, 0x18, 0xD4, 0xD9, 0x96, 0xFD, 0xE7, 0xE6, 0x8E, 0x5F, 0x39,
    0x32, 0x27, 0xFD, 0xE7, 0x78, 0x6E, 0x0F, 0xB3, 0xD9, 0x9F, 0x7E, 0xF7, 0x5F, 0x13, 0x0B, 0xFF,
    0x3B, 0x09, 0xF3, 0x12, 0xD4, 0x05, 0x69, 0x16, 0xDE, 0x7A, 0x7F, 0x0D, 0x43, 0xA2, 0x0C, 0xA1,
    0x92, 0xAD, 0x44, 0x1B, 0xBE, 0xB9, 0x86, 0x59, 0xAA, 0x2F, 0x9E, 0xA2, 0x94, 0xCA, 0x8A, 0x84,
    0xC7, 0xB8, 0xD5, 0x50, 0x73, 0xDD, 0xCD, 0xE6, 0xA3, 0xC4, 0xCF, 0xC8, 0xF5, 0x29, 0x16, 0x80,
    0x6C, 0xF5, 0x6B, 0x91, 0x25, 0x16, 0xD3, 0x86, 0xA0, 0x2D, 0x4D, 0xCA, 0x05, 0xF5, 0x8A, 0x16,
    0xCD, 0x90, 0x28, 0x56, 0xA9, 0x47, 0xA1, 0x58, 0xB3, 0xD5, 0x48, 0xF0, 0xEE, 0xD3, 0xB6, 0xC5,
    0x97, 0xDA, 0x02, 0x60, 0x32, 0xC0, 0xBB, 0x47, 0xE8, 0x09, 0x79, 0x08, 0x1F, 0xCD, 0x89, 0x8D,
    0x3D, 0x2D, 0xA8, 0x09, 0x5F, 0xF0, 0x54, 0x50, 0xBA, 0x42, 0xF2, 0x8C, 0x66, 0x48, 0x2C, 0x78,
    0x60, 0xDD, 0x25, 0x7D, 0xA6, 0x5A, 0xE5, 0x85, 0xBE, 0xC4, 0x09, 0xEB, 0x42, 0xED, 0xB4, 0xA2,
    0x9F, 0x48, 0x46, 0x2B, 0x07, 0x47, 0x83, 0x96, 0xC8, 0xFA, 0x8D, 0x0A, 0x8D, 0xA7, 0x31, 0x8E,
    0x50, 0xC7, 0x8C, 0xC9, 0x34, 0x03, 0x6A, 0xA0, 0xA3, 0x3A, 0xB3, 0x19, 0x26, 0x53, 0x74, 0x98,
    0x2C, 0x6B, 0x36, 0x03, 0x72, 0x22, 0x19, 0x50, 0x5A, 0x38, 0x7D, 0xD6, 0x62, 0x9D, 0x10, 0x9E,
    0xF9, 0xEB, 0x6A, 0x36, 0x07, 0xC8, 0x72, 0x66, 0x93, 0x16, 0x6B, 0x9B, 0xD9, 0x14, 0xAC, 0x9D,
    0x57, 0xBC, 0x10, 0x67, 0xD3, 0x19, 0x79, 0x72, 0x17, 0x42, 0x12, 0x6C, 0xF0, 0xFE, 0x92, 0x9D,
    0xA2, 0xCE, 0x6C, 0xF6, 0x25, 0xA7, 0x0C, 0x67, 0xCC, 0x66, 0xFC, 0xAA, 0x25, 0x7B, 0x86, 0x5C,
    0x54, 0x21, 0xDF, 0xB1, 0xE3, 0x28, 0x4E, 0x19, 0x28, 0x29, 0xBB, 0x32, 0x9B, 0xB9, 0x8E, 0x69,
    0x25, 0x0E, 0x2E, 0x35, 0x9B, 0xBE, 0xFC, 0x42, 0xDA, 0x40, 0xCE, 0x64, 0x93, 0x60, 0xB2, 0x9C,
    0xD1, 0xCC, 0x98, 0x4D, 0xEB, 0x06, 0x45, 0xA8, 0x33, 0xAE, 0xBF, 0xB2, 0x2C, 0x5A, 0xED, 0x45,
    0x2E, 0x25, 0x2F, 0x9E, 0x99, 0xD5, 0x9F, 0x8F, 0x93, 0xA4, 0xCE, 0xF4, 0x34, 0xAE, 0x64, 0xED,
    0xCF, 0x7A, 0x6C, 0xA3, 0xC5, 0x88, 0x22, 0x11, 0x7C, 0xF0, 0x4C, 0x85, 0xBD, 0xBB, 0x59, 0x6D,
    0x16, 0xBE, 0x48, 0x9A, 0x83, 0x60, 0x18, 0x95, 0x80, 0xD1, 0xF4, 0xDB, 0xF3, 0x23, 0xAF, 0xAF,
    0xC3, 0xDB, 0x14, 0x4B, 0x8E, 0x08, 0x6A, 0xDB, 0x6D, 0x13, 0xED, 0xDB, 0x81, 0xC4, 0xDB, 0x57,
    0xF6, 0xB6, 0x09, 0x35, 0xB7, 0x3D, 0x20, 0x7F, 0xC3, 0x6E, 0x35, 0xA1, 0xD4, 0x9D, 0x8D, 0xEB,
    0x6C, 0xE2, 0x73, 0x1A, 0xCE, 0xB3, 0x9A, 0x26, 0x0D, 0x50, 0x87, 0xCF, 0xB9, 0x14, 0x58, 0x0B,
    0x9B, 0x0D, 0x47, 0xD5, 0xD7, 0xF4, 0x39, 0xA3, 0x72, 0x9C, 0x61, 0x2F, 0x3E, 0xA7, 0xB5, 0xB3,
    0xCF, 0xC9, 0x13, 0xCF, 0xE0, 0x57, 0x19, 0xF6, 0xF8, 0xA9, 0x72, 0xA5, 0xBB, 0xF0, 0xBD, 0x3B,
    0xE4, 0x1D, 0x5F, 0xE5, 0x2E, 0x2F, 0x3B, 0x19, 0x91, 0x9A, 0x5D, 0x46, 0x47, 0x2C, 0x7E, 0xC2,
    0xE2, 0xDD, 0x77, 0x8C, 0x06, 0xF1, 0x2B, 0x29, 0xDE, 0xDE, 0x1F, 0xAF, 0xB1, 0xA1, 0x68, 0x19,
    0x3E, 0x94, 0xF0, 0xDB, 0x4F, 0x25, 0xF8, 0x2D, 0x88, 0xCA, 0x27, 0x80, 0x07, 0x6E, 0x07, 0x9B,
    0x78, 0x20, 0xC2, 0x77, 0x77, 0xED, 0xEF, 0xB3, 0xEA, 0x4F, 0x71, 0x9C, 0x1D, 0x66, 0xE0, 0x33,
    0xEF, 0xFE, 0xB1, 0x8F, 0x3D, 0x54, 0x7C, 0x4F, 0x03, 0x1E, 0x34, 0x92, 0x4F, 0xE5, 0x1C, 0x98,
    0xC9, 0x96, 0xC7, 0x7D, 0x3C, 0xEA, 0xCA, 0xFD, 0x7E, 0x34, 0x57, 0x99, 0x91, 0xF8, 0xFF, 0xF8,
    0x68, 0x9E, 0x6B, 0xB9, 0x91, 0xB8, 0xEB, 0xFF, 0xD5, 0xFE, 0x0B, 0x9D, 0x93, 0x01, 0x64, 0x2C,
    0x47, 0x18, 0xC7, 0x7F, 0xB3, 0xDB, 0x7B, 0xDB, 0x38, 0x6F, 0xEE, 0xD0, 0xA3, 0xD2, 0x77, 0x2F,
    0xC5, 0x2B, 0xC4, 0xBD, 0x06, 0x60, 0x70, 0xBC, 0x05, 0x05, 0x9C, 0x20, 0x2B, 0x14, 0x2D, 0x14,
    0x40, 0x53, 0x04, 0x01, 0xB2, 0x00, 0xA0, 0x02, 0x40, 0xA1, 0x50, 0xD2, 0x2D, 0x5A, 0x04, 0x4D,
    0x25, 0xED, 0x01, 0x00, 0x16, 0x02, 0xC0, 0x22, 0x00, 0xF4, 0x10, 0xA4, 0x6D, 0xEF, 0xA6, 0xDF,
    0x7C, 0xC6, 0xD9, 0xBB, 0x9C, 0x13, 0x5D, 0xBE, 0xEF, 0x66, 0x76, 0xE7, 0xFB, 0xCD, 0x7F, 0xFE,
    0xF3, 0x1D, 0x7C, 0x0F, 0x30, 0x83, 0x3D, 0xEF, 0x7D, 0x8E, 0x3E, 0x27, 0xFE, 0x82, 0xE4, 0xDE,
    0xFC, 0x4A, 0x3A, 0x65, 0x1C, 0x46, 0x57, 0xFA, 0x0E, 0x7D, 0xCE, 0x65, 0xDD, 0x14, 0x4C, 0x4E,
    0xC2, 0xF1, 0x1D, 0x19, 0x55, 0x25, 0x69, 0xAF, 0x91, 0xE4, 0x46, 0x64, 0xE6, 0x9B, 0x57, 0x64,
    0x5E, 0x46, 0x2F, 0x7E, 0x90, 0x77, 0xAB, 0x78, 0x3A, 0x45, 0x51, 0xC0, 0x81, 0x2F, 0x31, 0x02,
    0x8D, 0xF8, 0x46, 0x36, 0x12, 0x6A, 0xC4, 0xB7, 0xF7, 0x00, 0x41, 0xF9, 0x7F, 0xC9, 0x72, 0x68,
    0x27, 0xEF, 0xE7, 0xC4, 0x67, 0x4D, 0xFD, 0x21, 0x8A, 0x12, 0x28, 0xDB, 0xD4, 0x2F, 0xC9, 0xC0,
    0x08, 0x4D, 0x69, 0x98, 0xA6, 0x39, 0x84, 0xD1, 0x62, 0x23, 0x3E, 0x9A, 0xF3, 0x5C, 0xFC, 0x97,
    0x73, 0x04, 0x38, 0xD4, 0x24, 0xD3, 0x90, 0x20, 0x8C, 0x66, 0x43, 0x80, 0xF7, 0x37, 0x9B, 0x73,
    0xF2, 0x3F, 0xCC, 0x79, 0xD5, 0x4E, 0xF1, 0x58, 0x6C, 0xC6, 0xAB, 0xFA, 0x25, 0xDE, 0xDC, 0x77,
    0xAE, 0xE0, 0x60, 0x51, 0xAE, 0x93, 0x93, 0x9C, 0x0F, 0x45, 0xF7, 0xD2, 0x97, 0x92, 0x51, 0x9C,
    0x6E, 0xC7, 0xC7, 0xAB, 0x7D, 0x58, 0x55, 0x5F, 0x6F, 0x52, 0xAF, 0xB5, 0x31, 0xA5, 0x8F, 0x08,
    0xA6, 0x97, 0xD3, 0x7D, 0x4C, 0x16, 0x74, 0x72, 0x06, 0xCF, 0x33, 0x87, 0x2D, 0xE6, 0xE8, 0x62,
    0xED, 0x62, 0x55, 0xAF, 0x49, 0xA7, 0xFA, 0x61, 0xD3, 0xD5, 0xC6, 0xCE, 0xD9, 0xDE, 0xF7, 0x68,
    0x83, 0xCC, 0xB5, 0x55, 0x62, 0x6A, 0x77, 0xCE, 0xBC, 0xA5, 0x65, 0x88, 0x0D, 0xF1, 0xCE, 0x7B,
    0x3B, 0x28, 0x0A, 0xCB, 0x6E, 0x6E, 0x93, 0x7F, 0x1A, 0x9B, 0xE5, 0x67, 0xB6, 0xCB, 0x48, 0x23,
    0x2B, 0x4F, 0xAD, 0xF1, 0x8D, 0xA5, 0x83, 0x85, 0xC1, 0x44, 0x36, 0x99, 0x0C, 0x0E, 0xC3, 0xB8,
    0x15, 0xEF, 0x01, 0xBC, 0x44, 0x16, 0x7D, 0x21, 0x94, 0x03, 0xC1, 0xA1, 0xEB, 0x93, 0x50, 0x98,
    0xE5, 0x63, 0x4B, 0x40, 0x91, 0x95, 0x67, 0x16, 0x85, 0x69, 0xD5, 0xBE, 0xA0, 0xF8, 0xA4, 0xC8,
    0x2D, 0xE4, 0x58, 0x4C, 0xAD, 0x09, 0x62, 0x0A, 0xA6, 0xA2, 0xA6, 0xEE, 0xD0, 0x51, 0xBC, 0x92,
    0x83, 0xD1, 0x4A, 0x89, 0xBC, 0x16, 0xF9, 0x8F, 0xDA, 0x12, 0x34, 0xF2, 0xCE, 0xFF, 0x3D, 0x01,
    0xE8, 0x60, 0xE2, 0x5F, 0x25, 0x6E, 0xA9, 0x53, 0x33, 0x5D, 0xE2, 0x01, 0xC5, 0x07, 0x7A, 0x80,
    0x07, 0x76, 0xC0, 0x04, 0x9E, 0x80, 0xD5, 0x89, 0x28, 0x58, 0xE2, 0xF3, 0x49, 0x04, 0x77, 0x02,
    0x27, 0xE8, 0x35, 0xD3, 0x18, 0x71, 0x1B, 0x75, 0x42, 0x58, 0xBB, 0x3F, 0x57, 0x76, 0xB7, 0xAA,
    0x2C, 0x5F, 0x97, 0x36, 0xBD, 0xBB, 0x8A, 0xAC, 0xB1, 0x4D, 0xFC, 0xCC, 0x32, 0xC0, 0xEE, 0x57,
    0xFE, 0xDB, 0xFD, 0xEA, 0xD0, 0x52, 0xB2, 0x13, 0xEB, 0x23, 0xAF, 0xC5, 0xDA, 0x11, 0xDA, 0xBA,
    0xAE, 0x8B, 0xA8, 0xAB, 0xDC, 0xA8, 0xEB, 0x25, 0x1F, 0xF9, 0x0B, 0xFE, 0x32, 0x37, 0xCA, 0x92,
    0x08, 0x63, 0x7D, 0xD7, 0x07, 0x4E, 0x71, 0x21, 0x8A, 0xEB, 0x23, 0x27, 0x0D, 0xE1, 0x00, 0xC7,
    0x57, 0xB8, 0xCC, 0x97, 0xEE, 0xB5, 0xA9, 0xDD, 0x98, 0x5F, 0x9C, 0x8B, 0x31, 0xA4, 0x71, 0xBD,
    0x9F, 0xA6, 0xCE, 0xDC, 0xE2, 0x60, 0x2D, 0x3E, 0xA6, 0xBF, 0xC6, 0x11, 0x46, 0xEE, 0x5E, 0x7F,
    0x56, 0x2F, 0xEB, 0xDF, 0x9A, 0xC6, 0x75, 0x85, 0xCB, 0x91, 0xD6, 0xD0, 0xF5, 0xFE, 0xF1, 0x09,
    0x07, 0xDE, 0x08, 0xEB, 0xCD, 0x3A, 0x2B, 0x59, 0xE0, 0x7A, 0xC7, 0xB5, 0x1B, 0x31, 0x53, 0x56,
    0xF8, 0x55, 0x2D, 0xD7, 0xE8, 0xF7, 0xB4, 0xD4, 0x60, 0x19, 0x52, 0x68, 0x8A, 0xE2, 0x48, 0x58,
    0x3C, 0xD5, 0x55, 0xBA, 0xA1, 0x69, 0x94, 0x33, 0x0E, 0x9C, 0xEF, 0x6A, 0x67, 0x7E, 0x54, 0x0E,
    0x69, 0xD4, 0x14, 0x7E, 0x5B, 0xAC, 0x39, 0x00, 0x91, 0x25, 0xA1, 0x2C, 0xC1, 0xBB, 0xE4, 0x77,
    0xA4, 0xBE, 0xAD, 0x4B, 0x3C, 0xFA, 0x73, 0xBA, 0xC2, 0x4B, 0x73, 0x5C, 0x0C, 0xE5, 0x46, 0xD6,
    0x07, 0x2B, 0xBA, 0xFA, 0xA8, 0x37, 0x6F, 0x5B, 0xBA, 0xF6, 0x8E, 0x6B, 0x3D, 0xB7, 0x81, 0x7E,
    0x3C, 0x9F, 0xD6, 0xC7, 0x71, 0x9B, 0xA5, 0x7E, 0x55, 0xBF, 0x5D, 0xBA, 0xAA, 0xBA, 0x54, 0x7F,
    0xBB, 0xED, 0x33, 0x4A, 0xC8, 0x3D, 0xE8, 0x7D, 0x00, 0x12, 0x8D, 0xC3, 0xCC, 0x20, 0x7D, 0x80,
    0xDE, 0xA7, 0x98, 0x9B, 0xAC, 0xEE, 0xD5, 0xDC, 0x2E, 0x75, 0x6D, 0xBA, 0xC7, 0x24, 0xF6, 0x42,
    0x60, 0x99, 0xA6, 0xC5, 0x92, 0xF5, 0xE7, 0xBE, 0x4C, 0x1B, 0x33, 0xCB, 0xE2, 0x19, 0x93, 0xFB,
    0x17, 0x33, 0x4E, 0x16, 0xF9, 0x7F,
};

static const EpdGlyph kimchi_ui_10_regularGlyphs[] = {
    { 0, 0, 84, 0, 0, 0, 0 }, // U+0020
    { 3, 14, 86, 1, 14, 11, 0 }, // !
    { 5, 5, 126, 1, 14, 7, 11 }, // "
    { 13, 14, 200, 0, 14, 46, 18 }, // #
    { 11, 19, 202, 1, 17, 53, 64 }, // $
    { 15, 14, 287, 2, 14, 53, 117 }, // %
    { 12, 14, 203, 1, 14, 42, 170 }, // &
    { 2, 5, 67, 1, 14, 3, 212 }, // '
    { 5, 19, 114, 2, 15, 24, 215 }, // (
    { 5, 19, 114, 0, 15, 24, 239 }, // )
    { 10, 8, 157, 0, 14, 20, 263 }, // *
    { 10, 9, 209, 2, 10, 23, 283 }, // +
    { 4, 5, 86, 0, 1, 5, 306 }, // ,
    { 6, 2, 144, 1, 7, 3, 311 }, // -
    { 3, 3, 85, 1, 3, 3, 314 }, // .
    { 7, 18, 111, 0, 16, 32, 317 }, // /
    { 10, 14, 199, 1, 14, 35, 349 }, // 0
    { 6, 14, 146, 1, 14, 21, 384 }, // 1
    { 10, 14, 196, 1, 14, 35, 405 }, // 2
    { 11, 14, 206, 1, 14, 39, 440 }, // 3
    { 11, 14, 208, 1, 14, 39, 479 }, // 4
    { 10, 14, 199, 1, 14, 35, 518 }, // 5
    { 11, 14, 204, 1, 14, 39, 553 }, // 6
    { 10, 14, 184, 1, 14, 35, 592 }, // 7
    { 11, 14, 202, 1, 14, 39, 627 }, // 8
    { 11, 14, 204, 1, 14, 39, 666 }, // 9
    { 3, 11, 85, 1, 11, 9, 705 }, // :
    { 4, 15, 85, 0, 11, 15, 714 }, // ;
    { 10, 11, 209, 2, 11, 28, 729 }, // <
    { 9, 6, 209, 2, 9, 14, 757 }, // =
    { 10, 11, 209, 2, 11, 28, 771 }, // >
    { 9, 14, 160, 0, 14, 32, 799 }, // ?
    { 16, 17, 293, 1, 14, 68, 831 }, // @
    { 14, 14, 215, 0, 14, 49, 899 }, // A
    { 10, 14, 206, 2, 14, 35, 948 }, // B
    { 13, 14, 231, 1, 14, 46, 983 }, // C
    { 12, 14, 228, 2, 14, 42, 1029 }, // D
    { 9, 14, 189, 2, 14, 32, 1071 }, // E
    { 9, 14, 186, 2, 14, 32, 1103 }, // F
    { 13, 14, 236, 1, 14, 46, 1135 }, // G
    { 12, 14, 235, 2, 14, 42, 1181 }, // H
    { 2, 14, 81, 2, 14, 7, 1223 }, // I
    { 9, 14, 172, 1, 14, 32, 1230 }, // J
    { 11, 14, 207, 2, 14, 39, 1262 }, // K
    { 9, 14, 178, 2, 14, 32, 1301 }, // L
    { 15, 14, 284, 2, 14, 53, 1333 }, // M
    { 12, 14, 239, 2, 14, 42, 1386 }, // N
    { 13, 14, 242, 1, 14, 46, 1428 }, // O
    { 10, 14, 201, 2, 14, 35, 1474 }, // P
    { 13, 15, 242, 1, 14, 49, 1509 }, // Q
    { 11, 14, 203, 2, 14, 39, 1558 }, // R
    { 11, 14, 202, 1, 14, 39, 1597 }, // S
    { 11, 14, 204, 1, 14, 39, 1636 }, // T
    { 12, 14, 236, 2, 14, 42, 1675 }, // U
    { 14, 14, 215, 0, 14, 49, 1717 }, // V
    { 19, 14, 305, 0, 14, 67, 1766 }, // W
    { 13, 14, 204, 0, 14, 46, 1833 }, // X
    { 14, 14, 211, 0, 14, 49, 1879 }, // Y
    { 10, 14, 198, 1, 14, 35, 1928 }, // Z
    { 5, 19, 114, 2, 15, 24, 1963 }, // [
    { 7, 18, 111, 0, 16, 32, 1987 }, // <backslash>
    { 5, 19, 114, 0, 15, 24, 2019 }, // ]
    { 9, 6, 147, 0, 14, 14, 2043 }, // ^
    { 9, 2, 142, 0, 0, 5, 2057 }, // _
    { 4, 4, 156, 3, 16, 4, 2062 }, // `
    { 9, 11, 178, 1, 11, 25, 2066 }, // a
    { 10, 14, 197, 2, 14, 35, 2091 }, // b
    { 10, 11, 176, 1, 11, 28, 2126 }, // c
    { 10, 14, 197, 1, 14, 35, 2154 }, // d
    { 10, 11, 184, 1, 11, 28, 2189 }, // e
    { 6, 14, 112, 1, 14, 21, 2217 }, // f
    { 10, 15, 193, 1, 11, 38, 2238 }, // g
    { 9, 14, 187, 1, 14, 32, 2276 }, // h
    { 3, 14, 73, 1, 14, 11, 2308 }, // i
    { 5, 18, 73, -1, 14, 23, 2319 }, // j
    { 10, 14, 172, 1, 14, 35, 2342 }, // k
    { 2, 14, 73, 1, 14, 7, 2377 }, // l
    { 15, 11, 278, 1, 11, 42, 2384 }, // m
    { 9, 11, 186, 1, 11, 25, 2426 }, // n
    { 10, 11, 189, 1, 11, 28, 2451 }, // o
    { 10, 15, 193, 1, 11, 38, 2479 }, // p
    { 10, 15, 193, 1, 11, 38, 2517 }, // q
    { 6, 12, 117, 1, 12, 18, 2555 }, // r
    { 9, 11, 165, 0, 11, 25, 2573 }, // s
    { 6, 14, 113, 1, 14, 21, 2598 }, // t
    { 9, 11, 184, 1, 11, 25, 2619 }, // u
    { 11, 11, 176, 0, 11, 31, 2644 }, // v
    { 16, 11, 259, 0, 11, 44, 2675 }, // w
    { 10, 11, 171, 0, 11, 28, 2719 }, // x
    { 11, 15, 176, 0, 11, 42, 2747 }, // y
    { 8, 11, 171, 1, 11, 22, 2789 }, // z
    { 6, 18, 114, 1, 14, 27, 2811 }, // {
    { 2, 19, 102, 2, 17, 10, 2838 }, // |
    { 6, 18, 114, 1, 14, 27, 2848 }, // }
    { 9, 4, 209, 2, 7, 9, 2875 }, // ~
    { 0, 0, 84, 0, 0, 0, 0 }, // U+00A0
    { 3, 15, 86, 1, 11, 12, 0 }, // U+00A1
    { 10, 14, 176, 1, 14, 35, 12 }, // U+00A2
    { 10, 14, 200, 1, 14, 35, 47 }, // U+00A3
    { 14, 13, 229, 0, 13, 46, 82 }, // U+00A4
    { 12, 14, 173, -1, 14, 42, 128 }, // U+00A5
    { 2, 19, 102, 2, 17, 10, 170 }, // U+00A6
    { 9, 18, 174, 1, 14, 41, 180 }, // U+00A7
    { 6, 3, 187, 3, 16, 5, 221 }, // U+00A8
    { 15, 15, 277, 1, 15, 57, 226 }, // U+00A9
    { 6, 8, 118, 1, 15, 12, 283 }, // U+00AA
    { 8, 9, 171, 1, 11, 18, 295 }, // U+00AB
    { 9, 5, 170, 1, 8, 12, 313 }, // U+00AC
    { 6, 2, 144, 1, 7, 3, 325 }, // U+00AD
    { 12, 12, 212, 1, 15, 36, 328 }, // U+00AE
    { 7, 2, 141, 1, 15, 4, 364 }, // U+00AF
    { 7, 7, 143, 1, 15, 13, 368 }, // U+00B0
    { 9, 10, 209, 2, 11, 23, 381 }, // U+00B1
    { 7, 10, 132, 1, 17, 18, 404 }, // U+00B2
    { 7, 10, 135, 1, 17, 18, 422 }, // U+00B3
    { 5, 4, 156, 3, 16, 5, 440 }, // U+00B4
    { 10, 15, 198, 1, 11, 38, 445 }, // U+00B5
    { 9, 14, 190, 1, 14, 32, 483 }, // U+00B6
    { 3, 3, 85, 1, 8, 3, 515 }, // U+00B7
    { 4, 6, 82, 1, 1, 6, 518 }, // U+00B8
    { 5, 9, 97, 0, 16, 12, 524 }, // U+00B9
    { 7, 8, 125, 1, 15, 14, 536 }, // U+00BA
    { 9, 9, 172, 1, 11, 21, 550 }, // U+00BB
    { 17, 15, 281, 1, 15, 64, 571 }, // U+00BC
    { 17, 15, 295, 1, 15, 64, 635 }, // U+00BD
    { 18, 15, 303, 1, 15, 68, 699 }, // U+00BE
    { 9, 15, 160, 1, 11, 34, 767 }, // U+00BF
    { 14, 19, 215, 0, 19, 67, 801 }, // U+00C0
    { 14, 19, 215, 0, 19, 67, 868 }, // U+00C1
    { 14, 19, 215, 0, 19, 67, 935 }, // U+00C2
    { 13, 19, 215, 0, 19, 62, 1002 }, // U+00C3
    { 14, 19, 215, -1, 19, 67, 1064 }, // U+00C4
    { 14, 20, 215, 0, 20, 70, 1131 }, // U+00C5
    { 19, 14, 316, 0, 14, 67, 1201 }, // U+00C6
    { 13, 18, 231, 1, 14, 59, 1268 }, // U+00C7
    { 9, 19, 189, 2, 19, 43, 1327 }, // U+00C8
    { 9, 19, 189, 2, 19, 43, 1370 }, // U+00C9
    { 9, 19, 189, 2, 19, 43, 1413 }, // U+00CA
    { 9, 19, 189, 2, 19, 43, 1456 }, // U+00CB
    { 5, 19, 81, -1, 19, 24, 1499 }, // U+00CC
    { 4, 19, 81, 2, 19, 19, 1523 }, // U+00CD
    { 7, 19, 81, -1, 19, 34, 1542 }, // U+00CE
    { 6, 19, 81, -1, 19, 29, 1576 }, // U+00CF
    { 14, 14, 228, -1, 14, 49, 1605 }, // U+00D0
    { 12, 19, 239, 2, 19, 57, 1654 }, // U+00D1
    { 13, 20, 242, 1, 20, 65, 1711 }, // U+00D2
    { 13, 20, 242, 1, 20, 65, 1776 }, // U+00D3
    { 13, 19, 242, 1, 19, 62, 1841 }, // U+00D4
    { 13, 19, 242, 1, 19, 62, 1903 }, // U+00D5
    { 13, 19, 242, 1, 19, 62, 1965 }, // U+00D6
    { 11, 10, 209, 1, 11, 28, 2027 }, // U+00D7
    { 13, 16, 242, 1, 15, 52, 2055 }, // U+00D8
    { 12, 20, 236, 2, 20, 60, 2107 }, // U+00D9
    { 12, 20, 236, 2, 20, 60, 2167 }, // U+00DA
    { 12, 19, 236, 2, 19, 57, 2227 }, // U+00DB
    { 12, 19, 236, 2, 19, 57, 2284 }, // U+00DC
    { 14, 19, 211, 0, 19, 67, 2341 }, // U+00DD
    { 10, 14, 200, 1, 14, 35, 2408 }, // U+00DE
    { 10, 14, 194, 2, 14, 35, 2443 }, // U+00DF
    { 9, 16, 178, 1, 16, 36, 2478 }, // U+00E0
    { 9, 16, 178, 1, 16, 36, 2514 }, // U+00E1
    { 9, 16, 178, 1, 16, 36, 2550 }, // U+00E2
    { 9, 15, 178, 1, 15, 34, 2586 }, // U+00E3
    { 9, 14, 178, 1, 14, 32, 2620 }, // U+00E4
    { 9, 18, 178, 1, 18, 41, 2652 }, // U+00E5
    { 17, 11, 295, 1, 11, 47, 2693 }, // U+00E6
    { 10, 15, 176, 1, 11, 38, 2740 }, // U+00E7
    { 10, 16, 184, 1, 16, 40, 2778 }, // U+00E8
    { 10, 16, 184, 1, 16, 40, 2818 }, // U+00E9
    { 10, 16, 184, 1, 16, 40, 2858 }, // U+00EA
    { 10, 14, 184, 1, 14, 35, 2898 }, // U+00EB
    { 5, 16, 73, -2, 16, 20, 2933 }, // U+00EC
    { 4, 16, 73, 1, 16, 16, 2953 }, // U+00ED
    { 7, 15, 73, -2, 15, 27, 2969 }, // U+00EE
    { 6, 14, 73, -1, 14, 21, 2996 }, // U+00EF
    { 10, 16, 184, 1, 16, 40, 3017 }, // U+00F0
    { 9, 15, 186, 1, 15, 34, 3057 }, // U+00F1
    { 10, 16, 189, 1, 16, 40, 3091 }, // U+00F2
    { 10, 16, 189, 1, 16, 40, 3131 }, // U+00F3
    { 10, 16, 189, 1, 16, 40, 3171 }, // U+00F4
    { 10, 15, 189, 1, 15, 38, 3211 }, // U+00F5
    { 10, 14, 189, 1, 14, 35, 3249 }, // U+00F6
    { 9, 10, 209, 2, 11, 23, 3284 }, // U+00F7
    { 10, 13, 189, 1, 12, 33, 3307 }, // U+00F8
    { 9, 16, 184, 1, 16, 36, 3340 }, // U+00F9
    { 9, 16, 184, 1, 16, 36, 3376 }, // U+00FA
    { 9, 15, 184, 1, 15, 34, 3412 }, // U+00FB
    { 9, 14, 184, 1, 14, 32, 3446 }, // U+00FC
    { 11, 20, 176, 0, 16, 55, 3478 }, // U+00FD
    { 10, 18, 193, 1, 14, 45, 3533 }, // U+00FE
    { 10, 18, 176, 0, 14, 45, 3578 }, // U+00FF
    { 13, 18, 215, 0, 18, 59, 0 }, // U+0100
    { 9, 14, 178, 1, 14, 32, 59 }, // U+0101
    { 14, 18, 215, 0, 18, 63, 91 }, // U+0102
    { 9, 14, 178, 1, 14, 32, 154 }, // U+0103
    { 14, 18, 215, 0, 14, 63, 186 }, // U+0104
    { 10, 15, 178, 1, 11, 38, 249 }, // U+0105
    { 13, 20, 231, 1, 20, 65, 287 }, // U+0106
    { 10, 16, 176, 1, 16, 40, 352 }, // U+0107
    { 13, 19, 231, 1, 19, 62, 392 }, // U+0108
    { 10, 16, 176, 1, 16, 40, 454 }, // U+0109
    { 13, 19, 231, 1, 19, 62, 494 }, // U+010A
    { 10, 14, 176, 1, 14, 35, 556 }, // U+010B
    { 13, 19, 231, 1, 19, 62, 591 }, // U+010C
    { 10, 16, 176, 1, 16, 40, 653 }, // U+010D
    { 12, 19, 228, 2, 19, 57, 693 }, // U+010E
    { 13, 15, 215, 1, 15, 49, 750 }, // U+010F
    { 14, 14, 228, -1, 14, 49, 799 }, // U+0110
    { 11, 14, 197, 1, 14, 39, 848 }, // U+0111
    { 9, 18, 189, 2, 18, 41, 887 }, // U+0112
    { 10, 14, 184, 1, 14, 35, 928 }, // U+0113
    { 9, 18, 189, 2, 18, 41, 963 }, // U+0114
    { 10, 14, 184, 1, 14, 35, 1004 }, // U+0115
    { 9, 19, 189, 2, 19, 43, 1039 }, // U+0116
    { 10, 14, 184, 1, 14, 35, 1082 }, // U+0117
    { 10, 18, 189, 2, 14, 45, 1117 }, // U+0118
    { 10, 15, 184, 1, 11, 38, 1162 }, // U+0119
    { 9, 19, 189, 2, 19, 43, 1200 }, // U+011A
    { 10, 16, 184, 1, 16, 40, 1243 }, // U+011B
    { 13, 19, 236, 1, 19, 62, 1283 }, // U+011C
    { 10, 20, 193, 1, 16, 50, 1345 }, // U+011D
    { 13, 19, 236, 1, 19, 62, 1395 }, // U+011E
    { 10, 18, 193, 1, 14, 45, 1457 }, // U+011F
    { 13, 19, 236, 1, 19, 62, 1502 }, // U+0120
    { 10, 18, 193, 1, 14, 45, 1564 }, // U+0121
    { 13, 19, 236, 1, 14, 62, 1609 }, // U+0122
    { 10, 21, 193, 1, 17, 53, 1671 }, // U+0123
    { 12, 19, 235, 2, 19, 57, 1724 }, // U+0124
    { 12, 19, 187, -2, 19, 57, 1781 }, // U+0125
    { 14, 14, 248, 1, 14, 49, 1838 }, // U+0126
    { 11, 14, 187, -1, 14, 39, 1887 }, // U+0127
    { 8, 19, 139, 0, 19, 38, 1926 }, // U+0128
    { 8, 15, 86, -1, 15, 30, 1964 }, // U+0129
    { 7, 18, 81, -1, 18, 32, 1994 }, // U+012A
    { 7, 14, 73, -1, 14, 25, 2026 }, // U+012B
    { 6, 18, 81, 0, 18, 27, 2051 }, // U+012C
    { 6, 14, 73, -1, 14, 21, 2078 }, // U+012D
    { 4, 18, 81, 1, 14, 18, 2099 }, // U+012E
    { 4, 18, 72, 0, 14, 18, 2117 }, // U+012F
    { 3, 19, 81, 1, 19, 15, 2135 }, // U+0130
    { 2, 11, 73, 1, 11, 6, 2150 }, // U+0131
    { 13, 14, 253, 2, 14, 46, 2156 }, // U+0132
    { 7, 18, 145, 1, 14, 32, 2202 }, // U+0133
    { 11, 19, 172, 1, 19, 53, 2234 }, // U+0134
    { 7, 20, 73, -1, 16, 35, 2287 }, // U+0135
    { 11, 19, 207, 2, 14, 53, 2322 }, // U+0136
    { 10, 19, 172, 1, 14, 48, 2375 }, // U+0137
    { 10, 11, 200, 2, 11, 28, 2423 }, // U+0138
    { 9, 19, 178, 2, 19, 43, 2451 }, // U+0139
    { 4, 19, 73, 1, 19, 19, 2494 }, // U+013A
    { 9, 19, 178, 2, 14, 43, 2513 }, // U+013B
    { 3, 19, 73, 0, 14, 15, 2556 }, // U+013C
    { 9, 15, 178, 2, 15, 34, 2571 }, // U+013D
    { 5, 15, 95, 1, 15, 19, 2605 }, // U+013E
    { 9, 14, 178, 2, 14, 32, 2624 }, // U+013F
    { 5, 14, 99, 1, 14, 18, 2656 }, // U+0140
    { 11, 14, 178, 0, 14, 39, 2674 }, // U+0141
    { 6, 14, 72, -1, 14, 21, 2713 }, // U+0142
    { 12, 19, 239, 2, 19, 57, 2734 }, // U+0143
    { 9, 16, 186, 1, 16, 36, 2791 }, // U+0144
    { 12, 19, 239, 2, 14, 57, 2827 }, // U+0145
    { 9, 16, 186, 1, 11, 36, 2884 }, // U+0146
    { 12, 19, 239, 2, 19, 57, 2920 }, // U+0147
    { 9, 15, 186, 1, 15, 34, 2977 }, // U+0148
    { 12, 18, 239, 2, 14, 54, 3011 }, // U+014A
    { 9, 15, 186, 1, 11, 34, 3065 }, // U+014B
    { 13, 19, 242, 1, 19, 62, 3099 }, // U+014C
    { 10, 14, 189, 1, 14, 35, 3161 }, // U+014D
    { 13, 19, 242, 1, 19, 62, 3196 }, // U+014E
    { 10, 14, 189, 1, 14, 35, 3258 }, // U+014F
    { 13, 19, 242, 1, 19, 62, 3293 }, // U+0150
    { 10, 15, 189, 1, 15, 38, 3355 }, // U+0151
    { 17, 14, 305, 1, 14, 60, 3393 }, // U+0152
    { 18, 11, 316, 1, 11, 50, 3453 }, // U+0153
    { 11, 19, 203, 2, 19, 53, 3503 }, // U+0154
    { 6, 16, 117, 1, 16, 24, 3556 }, // U+0155
    { 11, 19, 203, 2, 14, 53, 3580 }, // U+0156
    { 7, 17, 117, 0, 12, 30, 3633 }, // U+0157
    { 11, 19, 203, 2, 19, 53, 3663 }, // U+0158
    { 7, 15, 117, 0, 15, 27, 3716 }, // U+0159
    { 11, 20, 202, 1, 20, 55, 3743 }, // U+015A
    { 9, 16, 165, 0, 16, 36, 3798 }, // U+015B
    { 11, 19, 202, 1, 19, 53, 3834 }, // U+015C
    { 9, 16, 165, 0, 16, 36, 3887 }, // U+015D
    { 11, 18, 202, 1, 14, 50, 3923 }, // U+015E
    { 9, 15, 165, 0, 11, 34, 3973 }, // U+015F
    { 11, 19, 202, 1, 19, 53, 4007 }, // U+0160
    { 9, 15, 165, 0, 15, 34, 4060 }, // U+0161
    { 11, 18, 204, 1, 14, 50, 4094 }, // U+0162
    { 7, 18, 113, 1, 14, 32, 4144 }, // U+0163
    { 11, 19, 204, 1, 19, 53, 4176 }, // U+0164
    { 7, 16, 114, 1, 16, 28, 4229 }, // U+0165
    { 11, 14, 204, 1, 14, 39, 4257 }, // U+0166
    { 6, 14, 113, 1, 14, 21, 4296 }, // U+0167
    { 12, 19, 236, 2, 19, 57, 4317 }, // U+0168
    { 9, 15, 184, 1, 15, 34, 4374 }, // U+0169
    { 12, 19, 236, 2, 19, 57, 4408 }, // U+016A
    { 9, 14, 184, 1, 14, 32, 4465 }, // U+016B
    { 12, 19, 236, 2, 19, 57, 4497 }, // U+016C
    { 9, 14, 184, 1, 14, 32, 4554 }, // U+016D
    { 12, 20, 236, 2, 20, 60, 4586 }, // U+016E
    { 9, 17, 184, 1, 17, 39, 4646 }, // U+016F
    { 12, 19, 236, 2, 19, 57, 4685 }, // U+0170
    { 9, 15, 184, 1, 15, 34, 4742 }, // U+0171
    { 12, 18, 236, 2, 14, 54, 4776 }, // U+0172
    { 9, 15, 184, 1, 11, 34, 4830 }, // U+0173
    { 19, 19, 305, 0, 19, 91, 4864 }, // U+0174
    { 16, 15, 259, 0, 15, 60, 4955 }, // U+0175
    { 14, 19, 211, 0, 19, 67, 5015 }, // U+0176
    { 11, 20, 176, 0, 16, 55, 5082 }, // U+0177
    { 13, 19, 211, 0, 19, 62, 5137 }, // U+0178
    { 10, 19, 198, 1, 19, 48, 5199 }, // U+0179
    { 8, 16, 171, 1, 16, 32, 5247 }, // U+017A
    { 10, 19, 198, 1, 19, 48, 5279 }, // U+017B
    { 8, 14, 171, 1, 14, 28, 5327 }, // U+017C
    { 10, 19, 198, 1, 19, 48, 5355 }, // U+017D
    { 8, 15, 171, 1, 15, 30, 5403 }, // U+017E
    { 5, 14, 105, 1, 14, 18, 5433 }, // U+017F
    { 14, 16, 246, 1, 16, 56, 0 }, // U+01A0
    { 11, 12, 189, 1, 12, 33, 56 }, // U+01A1
    { 15, 16, 275, 2, 16, 60, 89 }, // U+01AF
    { 12, 11, 198, 1, 11, 33, 149 }, // U+01B0
    { 22, 15, 399, 2, 15, 83, 182 }, // U+01C5
    { 19, 15, 339, 1, 15, 72, 265 }, // U+01C6
    { 19, 14, 350, 2, 14, 67, 337 }, // U+01C7
    { 13, 18, 250, 2, 14, 59, 404 }, // U+01C8
    { 7, 18, 150, 1, 14, 32, 463 }, // U+01C9
    { 23, 14, 411, 2, 14, 81, 495 }, // U+01CA
    { 17, 18, 312, 2, 14, 77, 576 }, // U+01CB
    { 14, 18, 258, 1, 14, 63, 653 }, // U+01CC
    { 14, 19, 215, 0, 19, 67, 716 }, // U+01CD
    { 9, 16, 178, 1, 16, 36, 783 }, // U+01CE
    { 7, 19, 81, -1, 19, 34, 819 }, // U+01CF
    { 8, 15, 73, -2, 15, 30, 853 }, // U+01D0
    { 13, 19, 242, 1, 19, 62, 883 }, // U+01D1
    { 10, 16, 189, 1, 16, 40, 945 }, // U+01D2
    { 12, 19, 236, 2, 19, 57, 985 }, // U+01D3
    { 9, 15, 184, 1, 15, 34, 1042 }, // U+01D4
    { 12, 22, 236, 2, 22, 66, 1076 }, // U+01D5
    { 9, 18, 184, 1, 18, 41, 1142 }, // U+01D6
    { 12, 22, 236, 2, 22, 66, 1183 }, // U+01D7
    { 9, 19, 184, 1, 19, 43, 1249 }, // U+01D8
    { 12, 21, 236, 2, 21, 63, 1292 }, // U+01D9
    { 9, 18, 184, 1, 18, 41, 1355 }, // U+01DA
    { 12, 20, 236, 2, 20, 60, 1396 }, // U+01DB
    { 9, 18, 184, 1, 18, 41, 1456 }, // U+01DC
    { 10, 11, 184, 1, 11, 28, 1497 }, // U+01DD
    { 13, 22, 215, 0, 22, 72, 1525 }, // U+01DE
    { 9, 19, 178, 1, 19, 43, 1597 }, // U+01DF
    { 14, 22, 215, -1, 22, 77, 1640 }, // U+01E0
    { 9, 19, 178, 1, 19, 43, 1717 }, // U+01E1
    { 19, 18, 316, 0, 18, 86, 1760 }, // U+01E2
    { 17, 14, 295, 1, 14, 60, 1846 }, // U+01E3
    { 14, 14, 236, 1, 14, 49, 1906 }, // U+01E4
    { 12, 15, 193, 1, 11, 45, 1955 }, // U+01E5
    { 13, 19, 236, 1, 19, 62, 2000 }, // U+01E6
    { 10, 20, 193, 1, 16, 50, 2062 }, // U+01E7
    { 11, 19, 207, 2, 19, 53, 2112 }, // U+01E8
    { 13, 19, 172, -2, 19, 62, 2165 }, // U+01E9
    { 13, 18, 242, 1, 14, 59, 2227 }, // U+01EA
    { 10, 15, 189, 1, 11, 38, 2286 }, // U+01EB
    { 13, 23, 242, 1, 19, 75, 2324 }, // U+01EC
    { 10, 18, 189, 1, 14, 45, 2399 }, // U+01ED
    { 12, 23, 216, 1, 19, 69, 2444 }, // U+01EE
    { 11, 19, 206, 1, 15, 53, 2513 }, // U+01EF
    { 7, 20, 73, -1, 16, 35, 2566 }, // U+01F0
    { 24, 14, 427, 2, 14, 84, 2601 }, // U+01F1
    { 22, 14, 399, 2, 14, 77, 2685 }, // U+01F2
    { 19, 14, 339, 1, 14, 67, 2762 }, // U+01F3
    { 13, 20, 236, 1, 20, 65, 2829 }, // U+01F4
    { 10, 20, 193, 1, 16, 50, 2894 }, // U+01F5
    { 19, 14, 356, 2, 14, 67, 2944 }, // U+01F6
    { 11, 18, 200, 1, 14, 50, 3011 }, // U+01F7
    { 12, 19, 239, 2, 19, 57, 3061 }, // U+01F8
    { 9, 16, 186, 1, 16, 36, 3118 }, // U+01F9
    { 14, 22, 215, 0, 22, 77, 3154 }, // U+01FA
    { 9, 19, 178, 1, 19, 43, 3231 }, // U+01FB
    { 19, 19, 316, 0, 19, 91, 3274 }, // U+01FC
    { 17, 16, 295, 1, 16, 68, 3365 }, // U+01FD
    { 13, 21, 242, 1, 20, 69, 3433 }, // U+01FE
    { 10, 17, 189, 1, 16, 43, 3502 }, // U+01FF
    { 14, 19, 215, 0, 19, 67, 3545 }, // U+0200
    { 9, 16, 178, 1, 16, 36, 3612 }, // U+0201
    { 14, 19, 215, 0, 19, 67, 3648 }, // U+0202
    { 9, 14, 178, 1, 14, 32, 3715 }, // U+0203
    { 10, 19, 189, 1, 19, 48, 3747 }, // U+0204
    { 10, 16, 184, 1, 16, 40, 3795 }, // U+0205
    { 9, 19, 189, 2, 19, 43, 3835 }, // U+0206
    { 10, 14, 184, 1, 14, 35, 3878 }, // U+0207
    { 8, 19, 81, -2, 19, 38, 3913 }, // U+0208
    { 8, 15, 73, -3, 15, 30, 3951 }, // U+0209
    { 6, 19, 81, 0, 19, 29, 3981 }, // U+020A
    { 7, 14, 73, -1, 14, 25, 4010 }, // U+020B
    { 13, 19, 242, 1, 19, 62, 4035 }, // U+020C
    { 10, 16, 189, 1, 16, 40, 4097 }, // U+020D
    { 13, 20, 242, 1, 20, 65, 4137 }, // U+020E
    { 10, 14, 189, 1, 14, 35, 4202 }, // U+020F
    { 11, 19, 203, 2, 19, 53, 4237 }, // U+0210
    { 8, 15, 117, -1, 15, 30, 4290 }, // U+0211
    { 11, 19, 203, 2, 19, 53, 4320 }, // U+0212
    { 6, 14, 117, 1, 14, 21, 4373 }, // U+0213
    { 12, 19, 236, 2, 19, 57, 4394 }, // U+0214
    { 10, 15, 184, 0, 15, 38, 4451 }, // U+0215
    { 12, 20, 236, 2, 20, 60, 4489 }, // U+0216
    { 9, 14, 184, 1, 14, 32, 4549 }, // U+0217
    { 11, 19, 202, 1, 14, 53, 4581 }, // U+0218
    { 9, 16, 165, 0, 11, 36, 4634 }, // U+0219
    { 11, 19, 204, 1, 14, 53, 4670 }, // U+021A
    { 6, 19, 113, 1, 14, 29, 4723 }, // U+021B
    { 10, 19, 200, 1, 14, 48, 4752 }, // U+021C
    { 8, 16, 170, 1, 11, 32, 4800 }, // U+021D
    { 12, 19, 235, 2, 19, 57, 4832 }, // U+021E
    { 12, 19, 187, -2, 19, 57, 4889 }, // U+021F
    { 5, 3, 0, -9, 15, 4, 0 }, // U+0300
    { 5, 4, 0, -4, 16, 5, 4 }, // U+0301
    { 8, 3, 0, -10, 15, 6, 9 }, // U+0302
    { 7, 3, 0, -9, 15, 6, 15 }, // U+0303
    { 7, 2, 0, -10, 15, 4, 21 }, // U+0304
    { 9, 2, 0, -11, 17, 5, 25 }, // U+0305
    { 6, 3, 0, -9, 15, 5, 30 }, // U+0306
    { 3, 3, 0, -7, 16, 3, 35 }, // U+0307
    { 6, 3, 0, -9, 16, 5, 38 }, // U+0308
    { 4, 4, 0, -7, 16, 4, 43 }, // U+0309
    { 5, 5, 0, -9, 18, 7, 47 }, // U+030A
    { 8, 3, 0, -13, 15, 6, 54 }, // U+030B
    { 8, 3, 0, -10, 15, 6, 60 }, // U+030C
    { 2, 4, 0, -6, 15, 2, 66 }, // U+030D
    { 4, 4, 0, -7, 15, 4, 68 }, // U+030E
    { 8, 3, 0, -10, 15, 6, 72 }, // U+030F
    { 6, 5, 0, -9, 17, 8, 78 }, // U+0310
    { 6, 4, 0, -9, 15, 6, 86 }, // U+0311
    { 3, 6, 0, -7, 16, 5, 92 }, // U+0312
    { 3, 6, 0, -7, 15, 5, 97 }, // U+0313
    { 4, 6, 0, -8, 16, 6, 102 }, // U+0314
    { 3, 6, 0, -2, 15, 5, 108 }, // U+0315
    { 5, 4, 0, -6, 1, 5, 113 }, // U+0316
    { 5, 4, 0, -6, 1, 5, 118 }, // U+0317
    { 5, 4, 0, -9, 0, 5, 123 }, // U+0318
    { 5, 4, 0, -8, 0, 5, 128 }, // U+0319
    { 8, 5, 0, -8, 17, 10, 133 }, // U+031A
    { 3, 5, 0, -4, 14, 4, 143 }, // U+031B
    { 2, 4, 0, -6, -1, 2, 147 }, // U+031C
    { 4, 5, 0, -7, 0, 5, 149 }, // U+031D
    { 4, 4, 0, -8, 0, 4, 154 }, // U+031E
    { 4, 6, 0, -6, 2, 6, 158 }, // U+0321
    { 4, 6, 0, -3, 2, 6, 164 }, // U+0322
    { 3, 3, 0, -7, -1, 3, 170 }, // U+0323
    { 7, 3, 0, -10, -1, 6, 173 }, // U+0324
    { 5, 5, 0, -9, 1, 7, 179 }, // U+0325
    { 3, 4, 0, -8, -1, 3, 186 }, // U+0326
    { 4, 6, 0, -8, 1, 6, 189 }, // U+0327
    { 4, 5, 0, -8, 1, 5, 195 }, // U+0328
    { 2, 4, 0, -6, -1, 2, 200 }, // U+0329
    { 7, 4, 0, -10, 0, 7, 202 }, // U+032A
    { 8, 3, 0, -10, 0, 6, 209 }, // U+032B
    { 8, 3, 0, -10, -1, 6, 215 }, // U+032C
    { 8, 3, 0, -10, -1, 6, 221 }, // U+032D
    { 6, 3, 0, -9, -1, 5, 227 }, // U+032E
    { 6, 4, 0, -9, 0, 6, 232 }, // U+032F
    { 7, 3, 0, -9, 0, 6, 238 }, // U+0330
    { 7, 2, 0, -9, -1, 4, 244 }, // U+0331
    { 9, 2, 0, -11, -1, 5, 248 }, // U+0332
    { 9, 4, 0, -11, -1, 9, 253 }, // U+0333
    { 7, 3, 0, -9, 7, 6, 262 }, // U+0334
    { 6, 2, 0, -9, 7, 3, 268 }, // U+0335
    { 12, 2, 0, -12, 6, 6, 271 }, // U+0336
    { 9, 13, 0, -11, 12, 30, 277 }, // U+0337
    { 12, 16, 0, -13, 15, 48, 307 }, // U+0338
    { 2, 4, 0, -6, -1, 2, 355 }, // U+0339
    { 7, 5, 0, -9, 0, 9, 357 }, // U+033A
    { 5, 4, 0, -9, -1, 5, 366 }, // U+033B
    { 8, 3, 0, -10, 0, 6, 371 }, // U+033C
    { 6, 5, 0, -8, 17, 8, 377 }, // U+033D
    { 2, 6, 0, -7, 17, 3, 385 }, // U+033E
    { 9, 4, 0, -11, 18, 9, 388 }, // U+033F
    { 4, 4, 0, 0, 16, 4, 397 }, // U+0340
    { 5, 4, 0, 0, 16, 5, 401 }, // U+0341
    { 7, 3, 0, -9, 15, 6, 406 }, // U+0342
    { 3, 4, 0, -7, 13, 3, 412 }, // U+0343
    { 8, 4, 0, -9, 16, 8, 415 }, // U+0344
    { 3, 6, 0, -7, 0, 5, 423 }, // U+0345
    { 7, 5, 0, -9, 16, 9, 428 }, // U+0346
    { 6, 4, 0, -9, -2, 6, 437 }, // U+0347
    { 5, 4, 0, -7, -1, 5, 443 }, // U+0348
    { 5, 5, 0, -8, -1, 7, 448 }, // U+0349
    { 7, 5, 0, -10, 16, 9, 455 }, // U+034A
    { 8, 7, 0, -10, 18, 14, 464 }, // U+034B
    { 8, 6, 0, -10, 17, 12, 478 }, // U+034C
    { 8, 5, 0, -10, -1, 10, 490 }, // U+034D
    { 5, 5, 0, -8, 0, 7, 500 }, // U+034E
    { 0, 0, 0, 0, 0, 0, 507 }, // U+034F
    { 7, 8, 0, -9, 20, 14, 507 }, // U+0350
    { 2, 4, 0, -6, 15, 2, 521 }, // U+0351
    { 6, 5, 0, -9, 16, 8, 523 }, // U+0352
    { 6, 6, 0, -8, 0, 9, 531 }, // U+0353
    { 5, 6, 0, -8, 0, 8, 540 }, // U+0354
    { 5, 6, 0, -7, 0, 8, 548 }, // U+0355
    { 11, 6, 0, -9, 0, 17, 556 }, // U+0356
    { 2, 4, 0, -6, 15, 2, 573 }, // U+0357
    { 3, 3, 0, 1, 15, 3, 575 }, // U+0358
    { 5, 5, 0, -8, -1, 7, 578 }, // U+0359
    { 7, 5, 0, -10, 0, 9, 585 }, // U+035A
    { 5, 5, 0, -8, 16, 7, 594 }, // U+035B
    { 15, 3, 0, -8, -1, 12, 601 }, // U+035C
    { 15, 3, 0, -8, 15, 12, 613 }, // U+035D
    { 12, 2, 0, -6, 15, 6, 625 }, // U+035E
    { 12, 2, 0, -6, -2, 6, 631 }, // U+035F
    { 20, 4, 0, -10, 15, 20, 637 }, // U+0360
    { 15, 4, 0, -8, 15, 15, 657 }, // U+0361
    { 17, 5, 0, -8, -1, 22, 672 }, // U+0362
    { 6, 6, 0, -9, 18, 9, 694 }, // U+0363
    { 5, 6, 0, -8, 18, 8, 703 }, // U+0364
    { 3, 8, 0, -7, 20, 6, 711 }, // U+0365
    { 6, 6, 0, -8, 18, 9, 717 }, // U+0366
    { 5, 6, 0, -8, 18, 8, 726 }, // U+0367
    { 6, 6, 0, -8, 18, 9, 734 }, // U+0368
    { 5, 8, 0, -8, 20, 10, 743 }, // U+0369
    { 5, 8, 0, -8, 20, 10, 753 }, // U+036A
    { 8, 6, 0, -10, 18, 12, 763 }, // U+036B
    { 4, 6, 0, -7, 18, 6, 775 }, // U+036C
    { 3, 8, 0, -8, 19, 6, 781 }, // U+036D
    { 6, 6, 0, -9, 18, 9, 787 }, // U+036E
    { 6, 5, 0, -8, 17, 8, 796 }, // U+036F
    { 9, 19, 189, 2, 19, 43, 0 }, // U+0400
    { 9, 19, 189, 2, 19, 43, 43 }, // U+0401
    { 14, 14, 258, 1, 14, 49, 86 }, // U+0402
    { 9, 19, 182, 2, 19, 43, 135 }, // U+0403
    { 11, 14, 211, 1, 14, 39, 178 }, // U+0404
    { 11, 14, 202, 1, 14, 39, 217 }, // U+0405
    { 2, 14, 81, 2, 14, 7, 256 }, // U+0406
    { 6, 19, 81, -1, 19, 29, 263 }, // U+0407
    { 9, 14, 172, 1, 14, 32, 292 }, // U+0408
    { 21, 14, 346, 1, 14, 74, 324 }, // U+0409
    { 20, 14, 361, 2, 14, 70, 398 }, // U+040A
    { 15, 14, 285, 1, 14, 53, 468 }, // U+040B
    { 11, 19, 207, 2, 19, 53, 521 }, // U+040C
    { 12, 19, 239, 2, 19, 57, 574 }, // U+040D
    { 13, 19, 198, -1, 19, 62, 631 }, // U+040E
    { 11, 18, 228, 2, 14, 50, 693 }, // U+040F
    { 14, 14, 215, 0, 14, 49, 743 }, // U+0410
    { 11, 14, 209, 2, 14, 39, 792 }, // U+0411
    { 10, 14, 206, 2, 14, 35, 831 }, // U+0412
    { 9, 14, 182, 2, 14, 32, 866 }, // U+0413
    { 14, 18, 238, 1, 14, 63, 898 }, // U+0414
    { 9, 14, 189, 2, 14, 32, 961 }, // U+0415
    { 19, 14, 304, 0, 14, 67, 993 }, // U+0416
    { 11, 14, 206, 1, 14, 39, 1060 }, // U+0417
    { 12, 14, 239, 2, 14, 42, 1099 }, // U+0418
    { 12, 18, 239, 2, 18, 54, 1141 }, // U+0419
    { 11, 14, 206, 2, 14, 39, 1195 }, // U+041A
    { 12, 14, 227, 1, 14, 42, 1234 }, // U+041B
    { 15, 14, 284, 2, 14, 53, 1276 }, // U+041C
    { 12, 14, 235, 2, 14, 42, 1329 }, // U+041D
    { 13, 14, 242, 1, 14, 46, 1371 }, // U+041E
    { 11, 14, 229, 2, 14, 39, 1417 }, // U+041F
    { 10, 14, 201, 2, 14, 35, 1456 }, // U+0420
    { 13, 14, 231, 1, 14, 46, 1491 }, // U+0421
    { 11, 14, 204, 1, 14, 39, 1537 }, // U+0422
    { 13, 14, 198, -1, 14, 46, 1576 }, // U+0423
    { 14, 15, 253, 1, 14, 53, 1622 }, // U+0424
    { 13, 14, 204, 0, 14, 46, 1675 }, // U+0425
    { 12, 18, 238, 2, 14, 54, 1721 }, // U+0426
    { 11, 14, 227, 2, 14, 39, 1775 }, // U+0427
    { 16, 14, 305, 2, 14, 56, 1814 }, // U+0428
    { 17, 18, 313, 2, 14, 77, 1870 }, // U+0429
    { 15, 14, 259, 1, 14, 53, 1947 }, // U+042A
    { 14, 14, 271, 2, 14, 49, 2000 }, // U+042B
    { 11, 14, 207, 2, 14, 39, 2049 }, // U+042C
    { 12, 14, 213, 0, 14, 42, 2088 }, // U+042D
    { 18, 14, 323, 2, 14, 63, 2130 }, // U+042E
    { 11, 14, 213, 1, 14, 39, 2193 }, // U+042F
    { 9, 11, 178, 1, 11, 25, 2232 }, // U+0430
    { 10, 15, 187, 1, 15, 38, 2257 }, // U+0431
    { 9, 11, 178, 1, 11, 25, 2295 }, // U+0432
    { 7, 11, 144, 1, 11, 20, 2320 }, // U+0433
    { 12, 15, 198, 1, 11, 45, 2340 }, // U+0434
    { 10, 11, 184, 1, 11, 28, 2385 }, // U+0435
    { 16, 11, 264, 0, 11, 44, 2413 }, // U+0436
    { 8, 11, 156, 1, 11, 22, 2457 }, // U+0437
    { 9, 11, 189, 1, 11, 25, 2479 }, // U+0438
    { 9, 14, 189, 1, 14, 32, 2504 }, // U+0439
    { 10, 11, 170, 1, 11, 28, 2536 }, // U+043A
    { 11, 11, 186, 0, 11, 31, 2564 }, // U+043B
    { 12, 11, 239, 1, 11, 33, 2595 }, // U+043C
    { 9, 11, 184, 1, 11, 25, 2628 }, // U+043D
    { 10, 11, 189, 1, 11, 28, 2653 }, // U+043E
    { 9, 11, 184, 1, 11, 25, 2681 }, // U+043F
    { 10, 15, 193, 1, 11, 38, 2706 }, // U+0440
    { 10, 11, 176, 1, 11, 28, 2744 }, // U+0441
    { 9, 11, 169, 1, 11, 25, 2772 }, // U+0442
    { 11, 15, 176, 0, 11, 42, 2797 }, // U+0443
    { 12, 18, 217, 1, 14, 54, 2839 }, // U+0444
    { 10, 11, 171, 0, 11, 28, 2893 }, // U+0445
    { 10, 15, 198, 1, 11, 38, 2921 }, // U+0446
    { 9, 11, 182, 1, 11, 25, 2959 }, // U+0447
    { 14, 11, 261, 1, 11, 39, 2984 }, // U+0448
    { 15, 15, 276, 1, 11, 57, 3023 }, // U+0449
    { 12, 11, 208, 1, 11, 33, 3080 }, // U+044A
    { 12, 11, 239, 1, 11, 33, 3113 }, // U+044B
    { 9, 11, 175, 1, 11, 25, 3146 }, // U+044C
    { 9, 11, 171, 1, 11, 25, 3171 }, // U+044D
    { 15, 11, 259, 1, 11, 42, 3196 }, // U+044E
    { 10, 11, 177, 0, 11, 28, 3238 }, // U+044F
    { 10, 16, 184, 1, 16, 40, 3266 }, // U+0450
    { 10, 14, 184, 1, 14, 35, 3306 }, // U+0451
    { 11, 18, 187, -1, 14, 50, 3341 }, // U+0452
    { 7, 16, 144, 1, 16, 28, 3391 }, // U+0453
    { 10, 11, 171, 1, 11, 28, 3419 }, // U+0454
    { 9, 11, 165, 0, 11, 25, 3447 }, // U+0455
    { 3, 14, 73, 1, 14, 11, 3472 }, // U+0456
    { 6, 14, 73, -1, 14, 21, 3483 }, // U+0457
    { 5, 18, 73, -1, 14, 23, 3504 }, // U+0458
    { 18, 11, 295, 0, 11, 50, 3527 }, // U+0459
    { 16, 11, 287, 1, 11, 44, 3577 }, // U+045A
    { 11, 14, 187, -1, 14, 39, 3621 }, // U+045B
    { 10, 16, 170, 1, 16, 40, 3660 }, // U+045C
    { 9, 16, 189, 1, 16, 36, 3700 }, // U+045D
    { 11, 18, 176, 0, 14, 50, 3736 }, // U+045E
    { 9, 15, 184, 1, 11, 34, 3786 }, // U+045F
    { 15, 14, 284, 2, 14, 53, 3820 }, // U+0460
    { 14, 11, 255, 1, 11, 39, 3873 }, // U+0461
    { 13, 14, 207, 0, 14, 46, 3912 }, // U+0462
    { 11, 17, 184, 1, 17, 47, 3958 }, // U+0463
    { 17, 14, 304, 2, 14, 60, 4005 }, // U+0464
    { 14, 11, 259, 1, 11, 39, 4065 }, // U+0465
    { 12, 14, 200, 0, 14, 42, 4104 }, // U+0466
    { 11, 11, 171, -1, 11, 31, 4146 }, // U+0467
    { 16, 14, 290, 1, 14, 56, 4177 }, // U+0468
    { 14, 11, 242, 1, 11, 39, 4233 }, // U+0469
    { 15, 14, 259, 1, 14, 53, 4272 }, // U+046A
    { 13, 11, 229, 1, 11, 36, 4325 }, // U+046B
    { 19, 14, 378, 2, 14, 67, 4361 }, // U+046C
    { 17, 11, 319, 1, 11, 47, 4428 }, // U+046D
    { 8, 24, 171, 1, 19, 48, 4475 }, // U+046E
    { 8, 19, 146, 0, 14, 38, 4523 }, // U+046F
    { 13, 14, 248, 2, 14, 46, 4561 }, // U+0470
    { 13, 16, 238, 1, 11, 52, 4607 }, // U+0471
    { 13, 14, 242, 1, 14, 46, 4659 }, // U+0472
    { 10, 11, 189, 1, 11, 28, 4705 }, // U+0473
    { 14, 14, 223, 0, 14, 49, 4733 }, // U+0474
    { 12, 11, 191, 0, 11, 33, 4782 }, // U+0475
    { 14, 19, 223, 0, 19, 67, 4815 }, // U+0476
    { 12, 15, 191, 0, 15, 45, 4882 }, // U+0477
    { 25, 18, 419, 1, 14, 113, 4927 }, // U+0478
    { 21, 15, 359, 1, 11, 79, 5040 }, // U+0479
    { 13, 18, 242, 1, 16, 59, 5119 }, // U+047A
    { 10, 13, 200, 1, 12, 33, 5178 }, // U+047B
    { 15, 19, 289, 2, 19, 72, 5211 }, // U+047C
    { 13, 14, 230, 1, 14, 46, 5283 }, // U+047D
    { 15, 18, 284, 2, 18, 68, 5329 }, // U+047E
    { 13, 14, 230, 1, 14, 46, 5397 }, // U+047F
    { 11, 18, 199, 1, 14, 50, 5443 }, // U+0480
    { 9, 15, 170, 1, 11, 34, 5493 }, // U+0481
    { 11, 13, 199, 1, 13, 36, 5527 }, // U+0482
    { 7, 5, 0, -9, 16, 9, 5563 }, // U+0483
    { 8, 3, 0, -10, 16, 6, 5572 }, // U+0484
    { 3, 4, 0, -7, 16, 3, 5578 }, // U+0485
    { 3, 4, 0, -7, 16, 3, 5581 }, // U+0486
    { 9, 3, 0, -10, 16, 7, 5584 }, // U+0487
    { 20, 18, 0, -15, 15, 90, 5591 }, // U+0488
    { 18, 18, 0, -15, 14, 81, 5681 }, // U+0489
    { 14, 22, 239, 2, 18, 77, 5762 }, // U+048A
    { 11, 18, 205, 1, 14, 50, 5839 }, // U+048B
    { 13, 14, 207, 0, 14, 46, 5889 }, // U+048C
    { 11, 17, 184, 1, 17, 47, 5935 }, // U+048D
    { 10, 14, 201, 2, 14, 35, 5982 }, // U+048E
    { 10, 15, 193, 1, 11, 38, 6017 }, // U+048F
    { 9, 18, 182, 2, 18, 41, 6055 }, // U+0490
    { 7, 14, 144, 1, 14, 25, 6096 }, // U+0491
    { 11, 14, 182, -1, 14, 39, 6121 }, // U+0492
    { 9, 11, 144, -1, 11, 25, 6160 }, // U+0493
    { 10, 17, 198, 2, 14, 43, 6185 }, // U+0494
    { 8, 14, 171, 1, 11, 28, 6228 }, // U+0495
    { 20, 18, 304, 0, 14, 90, 6256 }, // U+0496
    { 16, 15, 264, 0, 11, 60, 6346 }, // U+0497
    { 11, 18, 206, 1, 14, 50, 6406 }, // U+0498
    { 8, 15, 156, 1, 11, 30, 6456 }, // U+0499
    { 11, 18, 219, 2, 14, 50, 6486 }, // U+049A
    { 10, 15, 185, 1, 11, 38, 6536 }, // U+049B
    { 12, 14, 209, 2, 14, 42, 6574 }, // U+049C
    { 11, 11, 184, 1, 11, 31, 6616 }, // U+049D
    { 15, 14, 238, 0, 14, 53, 6647 }, // U+04A0
    { 14, 11, 224, 1, 11, 39, 6700 }, // U+04A1
    { 13, 18, 245, 2, 14, 59, 6739 }, // U+04A2
    { 11, 15, 200, 1, 11, 42, 6798 }, // U+04A3
    { 17, 14, 315, 2, 14, 60, 6840 }, // U+04A4
    { 13, 11, 233, 1, 11, 36, 6900 }, // U+04A5
    { 19, 17, 347, 1, 14, 81, 6936 }, // U+04A6
    { 16, 14, 294, 1, 11, 56, 7017 }, // U+04A7
    { 13, 14, 259, 1, 14, 46, 7073 }, // U+04A8
    { 11, 11, 200, 1, 11, 31, 7119 }, // U+04A9
    { 13, 18, 231, 1, 14, 59, 7150 }, // U+04AA
    { 10, 15, 176, 1, 11, 38, 7209 }, // U+04AB
    { 11, 18, 204, 1, 14, 50, 0 }, // U+04AC
    { 9, 15, 169, 1, 11, 34, 50 }, // U+04AD
    { 14, 14, 211, 0, 14, 49, 84 }, // U+04AE
    { 10, 15, 169, 0, 11, 38, 133 }, // U+04AF
    { 14, 14, 211, -1, 14, 49, 171 }, // U+04B0
    { 10, 15, 169, 0, 11, 38, 220 }, // U+04B1
    { 13, 18, 204, 0, 14, 59, 258 }, // U+04B2
    { 11, 15, 171, 0, 11, 42, 317 }, // U+04B3
    { 16, 18, 287, 1, 14, 72, 359 }, // U+04B4
    { 13, 15, 226, 1, 11, 49, 431 }, // U+04B5
    { 13, 18, 227, 2, 14, 59, 480 }, // U+04B6
    { 10, 15, 198, 1, 11, 38, 539 }, // U+04B7
    { 11, 14, 227, 2, 14, 39, 577 }, // U+04B8
    { 9, 11, 182, 1, 11, 25, 616 }, // U+04B9
    { 11, 14, 227, 2, 14, 39, 641 }, // U+04BA
    { 9, 14, 187, 1, 14, 32, 680 }, // U+04BB
    { 14, 14, 259, 1, 14, 49, 712 }, // U+04BC
    { 13, 11, 232, 1, 11, 36, 761 }, // U+04BD
    { 14, 18, 259, 1, 14, 63, 797 }, // U+04BE
    { 13, 15, 232, 1, 11, 49, 860 }, // U+04BF
    { 2, 14, 81, 2, 14, 7, 909 }, // U+04C0
    { 20, 18, 304, 0, 18, 90, 916 }, // U+04C1
    { 16, 14, 264, 0, 14, 56, 1006 }, // U+04C2
    { 11, 17, 216, 2, 14, 47, 1062 }, // U+04C3
    { 9, 14, 185, 1, 11, 32, 1109 }, // U+04C4
    { 14, 18, 227, 1, 14, 63, 1141 }, // U+04C5
    { 13, 15, 203, 0, 11, 49, 1204 }, // U+04C6
    { 12, 18, 235, 2, 14, 54, 1253 }, // U+04C7
    { 9, 15, 184, 1, 11, 34, 1307 }, // U+04C8
    { 14, 18, 248, 2, 14, 63, 1341 }, // U+04C9
    { 11, 15, 201, 1, 11, 42, 1404 }, // U+04CA
    { 13, 18, 227, 2, 14, 59, 1446 }, // U+04CB
    { 9, 15, 182, 1, 11, 34, 1505 }, // U+04CC
    { 17, 18, 284, 2, 14, 77, 1539 }, // U+04CD
    { 14, 15, 255, 1, 11, 53, 1616 }, // U+04CE
    { 2, 14, 81, 2, 14, 7, 1669 }, // U+04CF
    { 14, 18, 215, 0, 18, 63, 1676 }, // U+04D0
    { 9, 14, 178, 1, 14, 32, 1739 }, // U+04D1
    { 14, 19, 215, -1, 19, 67, 1771 }, // U+04D2
    { 9, 14, 178, 1, 14, 32, 1838 }, // U+04D3
    { 19, 14, 316, 0, 14, 67, 1870 }, // U+04D4
    { 17, 11, 295, 1, 11, 47, 1937 }, // U+04D5
    { 9, 18, 189, 2, 18, 41, 1984 }, // U+04D6
    { 10, 14, 184, 1, 14, 35, 2025 }, // U+04D7
    { 12, 14, 220, 1, 14, 42, 2060 }, // U+04D8
    { 10, 11, 184, 1, 11, 28, 2102 }, // U+04D9
    { 12, 19, 220, 1, 19, 57, 2130 }, // U+04DA
    { 10, 14, 184, 1, 14, 35, 2187 }, // U+04DB
    { 18, 19, 304, 0, 19, 86, 2222 }, // U+04DC
    { 16, 14, 264, 0, 14, 56, 2308 }, // U+04DD
    { 11, 19, 206, 1, 19, 53, 2364 }, // U+04DE
    { 8, 14, 156, 1, 14, 28, 2417 }, // U+04DF
    { 11, 14, 206, 1, 14, 39, 2445 }, // U+04E0
    { 11, 15, 206, 1, 11, 42, 2484 }, // U+04E1
    { 12, 18, 239, 2, 18, 54, 2526 }, // U+04E2
    { 9, 14, 189, 1, 14, 32, 2580 }, // U+04E3
    { 12, 19, 239, 2, 19, 57, 2612 }, // U+04E4
    { 9, 14, 189, 1, 14, 32, 2669 }, // U+04E5
    { 13, 19, 242, 1, 19, 62, 2701 }, // U+04E6
    { 10, 14, 189, 1, 14, 35, 2763 }, // U+04E7
    { 13, 14, 242, 1, 14, 46, 2798 }, // U+04E8
    { 10, 11, 189, 1, 11, 28, 2844 }, // U+04E9
    { 13, 19, 242, 1, 19, 62, 2872 }, // U+04EA
    { 10, 14, 189, 1, 14, 35, 2934 }, // U+04EB
    { 12, 19, 213, 0, 19, 57, 2969 }, // U+04EC
    { 9, 14, 171, 1, 14, 32, 3026 }, // U+04ED
    { 13, 19, 198, 0, 19, 62, 3058 }, // U+04EE
    { 11, 18, 176, 0, 14, 50, 3120 }, // U+04EF
    { 12, 19, 198, 0, 19, 57, 3170 }, // U+04F0
    { 10, 18, 176, 0, 14, 45, 3227 }, // U+04F1
    { 13, 19, 198, -1, 19, 62, 3272 }, // U+04F2
    { 11, 19, 176, 0, 15, 53, 3334 }, // U+04F3
    { 11, 19, 227, 2, 19, 53, 3387 }, // U+04F4
    { 9, 14, 182, 1, 14, 32, 3440 }, // U+04F5
    { 9, 18, 182, 2, 14, 41, 3472 }, // U+04F6
    { 7, 15, 144, 1, 11, 27, 3513 }, // U+04F7
    { 14, 18, 264, 2, 18, 63, 3540 }, // U+04F8
    { 12, 14, 239, 1, 14, 42, 3603 }, // U+04F9
    { 11, 18, 182, -1, 14, 50, 3645 }, // U+04FA
    { 10, 15, 144, -2, 11, 38, 3695 }, // U+04FB
    { 13, 18, 204, 0, 14, 59, 3733 }, // U+04FC
    { 10, 15, 171, 0, 11, 38, 3792 }, // U+04FD
    { 12, 14, 204, 0, 14, 42, 3830 }, // U+04FE
    { 10, 11, 171, 0, 11, 28, 3872 }, // U+04FF
    { 14, 18, 215, 0, 14, 63, 0 }, // U+1EA0
    { 9, 15, 178, 1, 11, 34, 63 }, // U+1EA1
    { 14, 20, 215, 0, 20, 70, 97 }, // U+1EA2
    { 9, 17, 178, 1, 17, 39, 167 }, // U+1EA3
    { 14, 20, 215, 0, 20, 70, 206 }, // U+1EA4
    { 12, 17, 178, 1, 17, 51, 276 }, // U+1EA5
    { 14, 20, 215, 0, 20, 70, 327 }, // U+1EA6
    { 11, 17, 178, -1, 17, 47, 397 }, // U+1EA7
    { 14, 20, 215, -1, 20, 70, 444 }, // U+1EA8
    { 10, 18, 178, 1, 18, 45, 514 }, // U+1EA9
    { 14, 21, 215, 0, 21, 74, 559 }, // U+1EAA
    { 9, 18, 178, 1, 18, 41, 633 }, // U+1EAB
    { 14, 23, 215, 0, 19, 81, 674 }, // U+1EAC
    { 9, 19, 178, 1, 15, 43, 755 }, // U+1EAD
    { 14, 20, 215, 0, 20, 70, 798 }, // U+1EAE
    { 9, 17, 178, 1, 17, 39, 868 }, // U+1EAF
    { 14, 20, 215, 0, 20, 70, 907 }, // U+1EB0
    { 9, 17, 178, 1, 17, 39, 977 }, // U+1EB1
    { 14, 22, 215, 0, 22, 77, 1016 }, // U+1EB2
    { 9, 19, 178, 1, 19, 43, 1093 }, // U+1EB3
    { 14, 22, 215, 0, 22, 77, 1136 }, // U+1EB4
    { 9, 18, 178, 1, 18, 41, 1213 }, // U+1EB5
    { 14, 22, 215, 0, 18, 77, 1254 }, // U+1EB6
    { 9, 18, 178, 1, 14, 41, 1331 }, // U+1EB7
    { 9, 18, 189, 2, 14, 41, 1372 }, // U+1EB8
    { 10, 15, 184, 1, 11, 38, 1413 }, // U+1EB9
    { 9, 20, 189, 2, 20, 45, 1451 }, // U+1EBA
    { 10, 17, 184, 1, 17, 43, 1496 }, // U+1EBB
    { 9, 19, 189, 2, 19, 43, 1539 }, // U+1EBC
    { 10, 15, 184, 1, 15, 38, 1582 }, // U+1EBD
    { 11, 20, 189, 2, 20, 55, 1620 }, // U+1EBE
    { 12, 17, 184, 1, 17, 51, 1675 }, // U+1EBF
    { 12, 20, 189, -1, 20, 60, 1726 }, // U+1EC0
    { 12, 17, 184, -1, 17, 51, 1786 }, // U+1EC1
    { 10, 20, 189, 2, 20, 50, 1837 }, // U+1EC2
    { 10, 18, 184, 1, 18, 45, 1887 }, // U+1EC3
    { 9, 21, 189, 2, 21, 48, 1932 }, // U+1EC4
    { 10, 18, 184, 1, 18, 45, 1980 }, // U+1EC5
    { 9, 23, 189, 2, 19, 52, 2025 }, // U+1EC6
    { 10, 19, 184, 1, 15, 48, 2077 }, // U+1EC7
    { 3, 20, 81, 2, 20, 15, 2125 }, // U+1EC8
    { 3, 17, 73, 1, 17, 13, 2140 }, // U+1EC9
    { 2, 18, 81, 2, 14, 9, 2153 }, // U+1ECA
    { 3, 18, 73, 1, 14, 14, 2162 }, // U+1ECB
    { 13, 18, 242, 1, 14, 59, 2176 }, // U+1ECC
    { 10, 15, 189, 1, 11, 38, 2235 }, // U+1ECD
    { 13, 21, 242, 1, 21, 69, 2273 }, // U+1ECE
    { 10, 17, 189, 1, 17, 43, 2342 }, // U+1ECF
    { 13, 21, 242, 1, 21, 69, 2385 }, // U+1ED0
    { 12, 17, 189, 1, 17, 51, 2454 }, // U+1ED1
    { 13, 21, 242, 1, 21, 69, 2505 }, // U+1ED2
    { 12, 17, 189, -1, 17, 51, 2574 }, // U+1ED3
    { 13, 21, 242, 1, 21, 69, 2625 }, // U+1ED4
    { 11, 18, 189, 1, 18, 50, 2694 }, // U+1ED5
    { 13, 21, 242, 1, 21, 69, 2744 }, // U+1ED6
    { 10, 18, 189, 1, 18, 45, 2813 }, // U+1ED7
    { 13, 23, 242, 1, 19, 75, 2858 }, // U+1ED8
    { 10, 19, 189, 1, 15, 48, 2933 }, // U+1ED9
    { 14, 20, 246, 1, 20, 70, 2981 }, // U+1EDA
    { 11, 16, 189, 1, 16, 44, 3051 }, // U+1EDB
    { 14, 20, 246, 1, 20, 70, 3095 }, // U+1EDC
    { 11, 16, 189, 1, 16, 44, 3165 }, // U+1EDD
    { 14, 21, 246, 1, 21, 74, 3209 }, // U+1EDE
    { 11, 17, 189, 1, 17, 47, 3283 }, // U+1EDF
    { 14, 19, 246, 1, 19, 67, 3330 }, // U+1EE0
    { 11, 15, 189, 1, 15, 42, 3397 }, // U+1EE1
    { 14, 19, 246, 1, 15, 67, 3439 }, // U+1EE2
    { 11, 16, 189, 1, 12, 44, 3506 }, // U+1EE3
    { 12, 18, 236, 2, 14, 54, 3550 }, // U+1EE4
    { 9, 15, 184, 1, 11, 34, 3604 }, // U+1EE5
    { 12, 21, 236, 2, 21, 63, 3638 }, // U+1EE6
    { 9, 17, 184, 1, 17, 39, 3701 }, // U+1EE7
    { 15, 20, 275, 2, 20, 75, 3740 }, // U+1EE8
    { 12, 16, 198, 1, 16, 48, 3815 }, // U+1EE9
    { 15, 20, 275, 2, 20, 75, 3863 }, // U+1EEA
    { 12, 16, 198, 1, 16, 48, 3938 }, // U+1EEB
    { 15, 21, 275, 2, 21, 79, 3986 }, // U+1EEC
    { 12, 17, 198, 1, 17, 51, 4065 }, // U+1EED
    { 15, 19, 275, 2, 19, 72, 4116 }, // U+1EEE
    { 12, 15, 198, 1, 15, 45, 4188 }, // U+1EEF
    { 15, 19, 275, 2, 15, 72, 4233 }, // U+1EF0
    { 12, 15, 198, 1, 11, 45, 4305 }, // U+1EF1
    { 14, 19, 211, 0, 19, 67, 4350 }, // U+1EF2
    { 11, 20, 176, 0, 16, 55, 4417 }, // U+1EF3
    { 13, 18, 211, 0, 14, 59, 4472 }, // U+1EF4
    { 11, 15, 176, 0, 11, 42, 4531 }, // U+1EF5
    { 13, 20, 211, 0, 20, 65, 4573 }, // U+1EF6
    { 11, 21, 176, 0, 17, 58, 4638 }, // U+1EF7
    { 14, 19, 211, 0, 19, 67, 4696 }, // U+1EF8
    { 11, 19, 176, 0, 15, 53, 4763 }, // U+1EF9
    { 0, 0, 167, 0, 0, 0, 0 }, // U+2000
    { 0, 0, 333, 0, 0, 0, 0 }, // U+2001
    { 0, 0, 167, 0, 0, 0, 0 }, // U+2002
    { 0, 0, 333, 0, 0, 0, 0 }, // U+2003
    { 0, 0, 111, 0, 0, 0, 0 }, // U+2004
    { 0, 0, 83, 0, 0, 0, 0 }, // U+2005
    { 0, 0, 55, 0, 0, 0, 0 }, // U+2006
    { 0, 0, 205, 0, 0, 0, 0 }, // U+2007
    { 0, 0, 85, 0, 0, 0, 0 }, // U+2008
    { 0, 0, 41, 0, 0, 0, 0 }, // U+2009
    { 0, 0, 22, 0, 0, 0, 0 }, // U+200A
    { 0, 0, 0, 0, 0, 0, 0 }, // U+200B
    { 0, 0, 0, 0, 0, 0, 0 }, // U+200C
    { 0, 0, 0, 0, 0, 0, 0 }, // U+200D
    { 6, 2, 144, 1, 7, 3, 0 }, // U+2010
    { 6, 2, 144, 1, 7, 3, 3 }, // U+2011
    { 13, 2, 205, 0, 7, 7, 6 }, // U+2012
    { 10, 2, 157, 0, 7, 5, 13 }, // U+2013
    { 21, 2, 319, 0, 7, 11, 18 }, // U+2014
    { 21, 2, 319, 0, 7, 11, 29 }, // U+2015
    { 5, 19, 149, 2, 17, 24, 40 }, // U+2016
    { 9, 4, 141, 0, 0, 9, 64 }, // U+2017
    { 4, 5, 74, 0, 14, 5, 73 }, // U+2018
    { 4, 5, 74, 0, 14, 5, 78 }, // U+2019
    { 4, 5, 74, 0, 1, 5, 83 }, // U+201A
    { 4, 5, 74, 0, 14, 5, 88 }, // U+201B
    { 8, 5, 146, 0, 14, 10, 93 }, // U+201C
    { 8, 5, 146, 1, 14, 10, 103 }, // U+201D
    { 8, 5, 135, 0, 1, 10, 113 }, // U+201E
    { 8, 5, 135, 0, 14, 10, 123 }, // U+201F
    { 10, 14, 199, 1, 14, 35, 133 }, // U+2020
    { 10, 18, 170, 1, 14, 45, 168 }, // U+2021
    { 4, 4, 170, 3, 8, 4, 213 }, // U+2022
    { 6, 7, 170, 3, 9, 11, 217 }, // U+2023
    { 3, 3, 85, 1, 3, 3, 228 }, // U+2024
    { 8, 3, 169, 1, 3, 6, 231 }, // U+2025
    { 14, 3, 254, 1, 3, 11, 237 }, // U+2026
    { 2, 3, 82, 1, 8, 2, 248 }, // U+2027
    { 0, 0, 41, 0, 0, 0, 250 }, // U+202F
    { 22, 14, 396, 2, 14, 77, 250 }, // U+2030
    { 29, 14, 504, 2, 14, 102, 327 }, // U+2031
    { 4, 5, 67, 0, 14, 5, 429 }, // U+2032
    { 8, 5, 127, 0, 14, 10, 434 }, // U+2033
    { 11, 5, 187, 0, 14, 14, 444 }, // U+2034
    { 4, 5, 67, 0, 14, 5, 458 }, // U+2035
    { 8, 5, 127, 0, 14, 10, 463 }, // U+2036
    { 11, 5, 187, 0, 14, 14, 473 }, // U+2037
    { 9, 5, 141, 0, 0, 12, 487 }, // U+2038
    { 5, 9, 112, 1, 11, 12, 499 }, // U+2039
    { 5, 9, 112, 1, 11, 12, 511 }, // U+203A
    { 10, 11, 201, 1, 12, 28, 523 }, // U+203B
    { 8, 14, 171, 1, 14, 28, 551 }, // U+203C
    { 9, 14, 160, 0, 14, 32, 579 }, // U+203D
    { 9, 2, 170, 1, 17, 5, 611 }, // U+203E
    { 16, 4, 259, 0, -1, 16, 616 }, // U+203F
    { 16, 4, 259, 0, 14, 16, 632 }, // U+2040
    { 9, 11, 141, 0, 6, 25, 648 }, // U+2041
    { 13, 12, 229, 0, 13, 39, 673 }, // U+2042
    { 5, 2, 170, 3, 7, 3, 712 }, // U+2043
    { 13, 14, 84, -4, 14, 46, 715 }, // U+2044
    { 5, 19, 114, 2, 15, 24, 761 }, // U+2045
    { 5, 19, 114, 0, 15, 24, 785 }, // U+2046
    { 19, 14, 320, 0, 14, 67, 809 }, // U+2047
    { 14, 14, 245, 0, 14, 49, 876 }, // U+2048
    { 13, 14, 245, 1, 14, 46, 925 }, // U+2049
    { 7, 15, 141, 1, 11, 27, 971 }, // U+204A
    { 9, 14, 190, 2, 14, 32, 998 }, // U+204B
    { 9, 8, 187, 1, 10, 18, 1030 }, // U+204C
    { 9, 8, 187, 1, 10, 18, 1048 }, // U+204D
    { 10, 8, 157, 0, 5, 20, 1066 }, // U+204E
    { 4, 15, 85, 1, 11, 15, 1086 }, // U+204F
    { 16, 19, 259, 0, 14, 76, 1101 }, // U+2050
    { 10, 18, 170, 1, 14, 45, 1177 }, // U+2051
    { 8, 16, 140, 0, 14, 32, 1222 }, // U+2052
    { 13, 4, 229, 1, 9, 13, 1254 }, // U+2053
    { 16, 4, 259, 0, -1, 16, 1267 }, // U+2054
    { 8, 8, 172, 1, 9, 16, 1283 }, // U+2055
    { 8, 10, 144, 1, 10, 20, 1299 }, // U+2056
    { 15, 5, 247, 0, 14, 19, 1319 }, // U+2057
    { 11, 10, 203, 1, 10, 28, 1338 }, // U+2058
    { 10, 10, 174, 1, 10, 25, 1366 }, // U+2059
    { 3, 14, 56, 1, 14, 11, 1391 }, // U+205A
    { 10, 14, 174, 1, 14, 35, 1402 }, // U+205B
    { 11, 11, 172, 0, 11, 31, 1437 }, // U+205C
    { 3, 14, 57, 1, 14, 11, 1468 }, // U+205D
    { 3, 14, 56, 1, 14, 11, 1479 }, // U+205E
    { 0, 0, 84, 0, 0, 0, 1490 }, // U+205F
    { 0, 0, 0, 0, 0, 0, 1490 }, // U+2060
    { 8, 10, 138, 1, 17, 20, 0 }, // U+2070
    { 2, 10, 50, 1, 17, 5, 20 }, // U+2071
    { 7, 9, 137, 1, 16, 16, 25 }, // U+2074
    { 7, 10, 130, 1, 17, 18, 41 }, // U+2075
    { 7, 10, 133, 1, 17, 18, 59 }, // U+2076
    { 7, 10, 121, 1, 17, 18, 77 }, // U+2077
    { 7, 10, 134, 1, 17, 18, 95 }, // U+2078
    { 7, 10, 133, 1, 17, 18, 113 }, // U+2079
    { 6, 6, 137, 1, 14, 9, 131 }, // U+207A
    { 6, 3, 137, 1, 13, 5, 140 }, // U+207B
    { 6, 6, 138, 1, 14, 9, 145 }, // U+207C
    { 4, 12, 77, 1, 17, 12, 154 }, // U+207D
    { 4, 12, 77, 0, 17, 12, 166 }, // U+207E
    { 6, 8, 126, 1, 15, 12, 178 }, // U+207F
    { 8, 10, 138, 1, 7, 20, 190 }, // U+2080
    { 5, 9, 97, 0, 6, 12, 210 }, // U+2081
    { 7, 10, 132, 1, 7, 18, 222 }, // U+2082
    { 7, 10, 135, 1, 7, 18, 240 }, // U+2083
    { 7, 9, 137, 1, 6, 16, 258 }, // U+2084
    { 7, 10, 130, 1, 7, 18, 274 }, // U+2085
    { 7, 10, 133, 1, 7, 18, 292 }, // U+2086
    { 7, 10, 121, 1, 7, 18, 310 }, // U+2087
    { 7, 10, 134, 1, 7, 18, 328 }, // U+2088
    { 7, 10, 133, 1, 7, 18, 346 }, // U+2089
    { 6, 6, 137, 1, 4, 9, 364 }, // U+208A
    { 6, 3, 137, 1, 3, 5, 373 }, // U+208B
    { 6, 6, 138, 1, 4, 9, 378 }, // U+208C
    { 4, 12, 77, 1, 7, 12, 387 }, // U+208D
    { 4, 12, 77, 0, 7, 12, 399 }, // U+208E
    { 6, 8, 118, 1, 5, 12, 411 }, // U+2090
    { 7, 8, 122, 1, 5, 14, 423 }, // U+2091
    { 7, 8, 125, 1, 5, 14, 437 }, // U+2092
    { 7, 8, 115, 0, 5, 14, 451 }, // U+2093
    { 7, 10, 141, 1, 5, 18, 465 }, // U+2094
    { 7, 10, 126, 1, 7, 18, 483 }, // U+2095
    { 7, 10, 115, 1, 7, 18, 501 }, // U+2096
    { 2, 10, 50, 1, 7, 5, 519 }, // U+2097
    { 11, 8, 187, 1, 5, 22, 524 }, // U+2098
    { 6, 8, 126, 1, 5, 12, 546 }, // U+2099
    { 7, 10, 128, 1, 5, 18, 558 }, // U+209A
    { 7, 8, 112, 0, 5, 14, 576 }, // U+209B
    { 5, 10, 76, 1, 7, 13, 590 }, // U+209C
    { 12, 14, 230, 1, 14, 42, 0 }, // U+20A0
    { 13, 18, 231, 1, 16, 59, 42 }, // U+20A1
    { 13, 14, 231, 1, 14, 46, 101 }, // U+20A2
    { 11, 14, 186, -1, 14, 39, 147 }, // U+20A3
    { 10, 14, 205, 1, 14, 35, 186 }, // U+20A4
    { 15, 14, 272, 1, 13, 53, 221 }, // U+20A5
    { 15, 14, 244, 1, 14, 53, 274 }, // U+20A6
    { 20, 14, 360, 2, 14, 70, 327 }, // U+20A7
    { 20, 14, 357, 2, 14, 70, 397 }, // U+20A8
    { 20, 14, 303, 0, 14, 70, 467 }, // U+20A9
    { 13, 11, 258, 2, 11, 36, 537 }, // U+20AA
    { 11, 17, 197, 1, 14, 47, 573 }, // U+20AB
    { 12, 14, 211, 0, 14, 42, 620 }, // U+20AC
    { 13, 14, 225, 1, 14, 46, 662 }, // U+20AD
    { 11, 14, 204, 1, 14, 39, 708 }, // U+20AE
    { 25, 21, 407, 1, 17, 132, 747 }, // U+20AF
    { 12, 18, 200, 0, 14, 54, 879 }, // U+20B0
    { 13, 14, 231, 1, 14, 46, 933 }, // U+20B1
    { 13, 19, 236, 1, 17, 62, 979 }, // U+20B2
    { 14, 14, 215, 0, 14, 49, 1041 }, // U+20B3
    { 11, 14, 199, 1, 14, 39, 1090 }, // U+20B4
    { 13, 18, 231, 1, 16, 59, 1129 }, // U+20B5
    { 10, 14, 171, 1, 14, 35, 1188 }, // U+20B6
    { 11, 15, 201, 1, 14, 42, 1223 }, // U+20B7
    { 11, 14, 204, 1, 14, 39, 1265 }, // U+20B8
    { 11, 15, 170, 0, 15, 42, 1304 }, // U+20B9
    { 10, 14, 187, 1, 14, 35, 1346 }, // U+20BA
    { 15, 14, 259, 1, 14, 53, 1381 }, // U+20BB
    { 12, 11, 229, 1, 11, 33, 1434 }, // U+20BC
    { 12, 14, 222, 1, 14, 42, 1467 }, // U+20BD
    { 12, 14, 229, 1, 14, 42, 1509 }, // U+20BE
    { 10, 19, 206, 2, 17, 48, 1551 }, // U+20BF
    { 15, 14, 304, 2, 14, 53, 0 }, // U+2190
    { 14, 15, 304, 3, 15, 53, 53 }, // U+2191
    { 15, 14, 304, 2, 14, 53, 106 }, // U+2192
    { 14, 16, 304, 3, 15, 56, 159 }, // U+2193
    { 24, 14, 430, 1, 14, 84, 215 }, // U+2194
    { 14, 23, 304, 3, 18, 81, 299 }, // U+2195
    { 12, 12, 304, 4, 15, 36, 380 }, // U+2196
    { 12, 12, 304, 3, 15, 36, 416 }, // U+2197
    { 12, 12, 304, 3, 12, 36, 452 }, // U+2198
    { 12, 12, 304, 4, 12, 36, 488 }, // U+2199
    { 20, 16, 365, 1, 15, 80, 524 }, // U+21A9
    { 20, 16, 365, 2, 15, 80, 604 }, // U+21AA
    { 16, 17, 315, 2, 16, 68, 684 }, // U+21B0
    { 16, 17, 315, 2, 16, 68, 752 }, // U+21B1
    { 16, 14, 315, 2, 15, 56, 820 }, // U+21B3
    { 14, 16, 265, 1, 15, 56, 876 }, // U+21B4
    { 16, 14, 315, 2, 15, 56, 932 }, // U+21B5
    { 15, 19, 304, 2, 19, 72, 988 }, // U+21BA
    { 15, 19, 304, 2, 19, 72, 1060 }, // U+21BB
    { 15, 13, 304, 2, 13, 49, 1132 }, // U+21D0
    { 15, 13, 304, 2, 13, 49, 1181 }, // U+21D2
    { 24, 13, 430, 1, 13, 78, 1230 }, // U+21D4
    { 10, 16, 191, 1, 16, 40, 1308 }, // U+21DE
    { 10, 16, 191, 1, 15, 40, 1348 }, // U+21DF
    { 18, 9, 323, 1, 12, 41, 1388 }, // U+21E4
    { 18, 9, 323, 1, 12, 41, 1429 }, // U+21E5
    { 18, 16, 328, 1, 16, 72, 1470 }, // U+21E7
    { 18, 20, 328, 1, 16, 90, 1542 }, // U+21EA
    { 11, 15, 200, 1, 15, 42, 0 }, // U+2202
    { 14, 13, 217, 0, 12, 46, 42 }, // U+2205
    { 14, 14, 215, 0, 14, 49, 88 }, // U+2206
    { 12, 18, 229, 1, 15, 54, 137 }, // U+220F
    { 12, 18, 200, 0, 15, 54, 191 }, // U+2211
    { 9, 2, 209, 2, 7, 5, 245 }, // U+2212
    { 12, 16, 199, 0, 15, 48, 250 }, // U+221A
    { 17, 8, 297, 1, 10, 34, 298 }, // U+221E
    { 8, 20, 86, -2, 16, 40, 332 }, // U+222B
    { 9, 9, 209, 2, 10, 21, 372 }, // U+2248
    { 9, 11, 209, 2, 11, 25, 393 }, // U+2260
    { 9, 11, 209, 2, 12, 25, 418 }, // U+2264
    { 9, 11, 209, 2, 12, 25, 443 }, // U+2265
    { 14, 11, 272, 2, 11, 39, 468 }, // U+226A
    { 14, 11, 272, 2, 11, 39, 507 }, // U+226B
    { 14, 3, 254, 1, 9, 11, 546 }, // U+22EF
    { 12, 10, 288, 3, 12, 30, 0 }, // U+3131
    { 14, 11, 288, 2, 13, 39, 30 }, // U+3132
    { 15, 11, 288, 2, 13, 42, 69 }, // U+3133
    { 12, 10, 288, 3, 12, 30, 111 }, // U+3134
    { 14, 11, 288, 3, 13, 39, 141 }, // U+3135
    { 13, 10, 288, 3, 12, 33, 180 }, // U+3136
    { 12, 11, 288, 3, 13, 33, 213 }, // U+3137
    { 13, 11, 288, 3, 13, 36, 246 }, // U+3138
    { 13, 11, 288, 3, 13, 36, 282 }, // U+3139
    { 14, 11, 288, 2, 13, 39, 318 }, // U+313A
    { 14, 11, 288, 2, 13, 39, 357 }, // U+313B
    { 14, 11, 288, 2, 13, 39, 396 }, // U+313C
    { 15, 11, 288, 2, 13, 42, 435 }, // U+313D
    { 14, 11, 288, 2, 13, 39, 477 }, // U+313E
    { 15, 11, 288, 2, 13, 42, 516 }, // U+313F
    { 15, 11, 288, 2, 13, 42, 558 }, // U+3140
    { 12, 11, 288, 3, 13, 33, 600 }, // U+3141
    { 12, 11, 288, 3, 13, 33, 633 }, // U+3142
    { 14, 11, 288, 2, 13, 39, 666 }, // U+3143
    { 15, 11, 288, 2, 13, 42, 705 }, // U+3144
    { 14, 11, 288, 2, 13, 39, 747 }, // U+3145
    { 16, 10, 288, 1, 12, 40, 786 }, // U+3146
    { 12, 11, 288, 3, 13, 33, 826 }, // U+3147
    { 13, 11, 288, 3, 13, 36, 859 }, // U+3148
    { 16, 11, 288, 1, 13, 44, 895 }, // U+3149
    { 13, 12, 288, 3, 13, 39, 939 }, // U+314A
    { 12, 11, 288, 3, 13, 33, 978 }, // U+314B
    { 12, 11, 288, 3, 13, 33, 1011 }, // U+314C
    { 14, 11, 288, 2, 13, 39, 1044 }, // U+314D
    { 13, 13, 288, 3, 14, 43, 1083 }, // U+314E
    { 7, 18, 288, 7, 16, 32, 1126 }, // U+314F
    { 6, 18, 288, 6, 16, 27, 1158 }, // U+3150
    { 6, 18, 288, 7, 16, 27, 1185 }, // U+3151
    { 6, 18, 288, 6, 16, 27, 1212 }, // U+3152
    { 7, 18, 288, 5, 16, 32, 1239 }, // U+3153
    { 9, 18, 288, 4, 16, 41, 1271 }, // U+3154
    { 7, 18, 288, 5, 16, 32, 1312 }, // U+3155
    { 9, 18, 288, 4, 16, 41, 1344 }, // U+3156
    { 18, 10, 288, 0, 13, 45, 1385 }, // U+3157
    { 17, 18, 288, 1, 16, 77, 1430 }, // U+3158
    { 15, 18, 288, 1, 16, 68, 1507 }, // U+3159
    { 15, 18, 288, 1, 16, 68, 1575 }, // U+315A
    { 18, 10, 288, 0, 13, 45, 1643 }, // U+315B
    { 18, 10, 288, 0, 11, 45, 1688 }, // U+315C
    { 15, 18, 288, 1, 16, 68, 1733 }, // U+315D
    { 16, 18, 288, 1, 16, 72, 1801 }, // U+315E
    { 15, 18, 288, 1, 16, 68, 1873 }, // U+315F
    { 18, 10, 288, 0, 11, 45, 1941 }, // U+3160
    { 18, 2, 288, 0, 9, 9, 1986 }, // U+3161
    { 15, 18, 288, 1, 16, 68, 1995 }, // U+3162
    { 2, 18, 288, 8, 16, 9, 2063 }, // U+3163
    { 0, 0, 288, 0, 0, 0, 2072 }, // U+3164
    { 3, 3, 288, 8, 9, 3, 2072 }, // U+318D
    { 18, 19, 288, 0, 17, 86, 2075 }, // U+AC00
    { 18, 19, 288, 0, 17, 86, 2161 }, // U+AC01
    { 18, 19, 288, 0, 17, 86, 2247 }, // U+AC04
    { 18, 19, 288, 0, 17, 86, 2333 }, // U+AC07
    { 18, 19, 288, 0, 17, 86, 2419 }, // U+AC08
    { 18, 19, 288, 0, 17, 86, 2505 }, // U+AC09
    { 18, 19, 288, 0, 17, 86, 2591 }, // U+AC0A
    { 18, 19, 288, 0, 17, 86, 2677 }, // U+AC10
    { 18, 19, 288, 0, 17, 86, 2763 }, // U+AC11
    { 18, 19, 288, 0, 17, 86, 2849 }, // U+AC12
    { 18, 19, 288, 0, 17, 86, 2935 }, // U+AC13
    { 18, 19, 288, 0, 17, 86, 3021 }, // U+AC14
    { 18, 19, 288, 0, 17, 86, 3107 }, // U+AC15
    { 18, 19, 288, 0, 17, 86, 3193 }, // U+AC16
    { 18, 18, 288, 0, 16, 81, 3279 }, // U+AC17
    { 18, 19, 288, 0, 17, 86, 3360 }, // U+AC19
    { 18, 19, 288, 0, 17, 86, 3446 }, // U+AC1A
    { 18, 19, 288, 0, 17, 86, 3532 }, // U+AC1B
    { 16, 19, 288, 1, 17, 76, 3618 }, // U+AC1C
    { 16, 19, 288, 1, 17, 76, 3694 }, // U+AC1D
    { 16, 19, 288, 1, 17, 76, 3770 }, // U+AC20
    { 16, 19, 288, 1, 17, 76, 3846 }, // U+AC24
    { 16, 19, 288, 1, 17, 76, 3922 }, // U+AC2C
    { 16, 19, 288, 1, 17, 76, 3998 }, // U+AC2D
    { 17, 19, 288, 1, 17, 81, 4074 }, // U+AC2F
    { 17, 19, 288, 1, 17, 81, 4155 }, // U+AC30
    { 16, 19, 288, 1, 17, 76, 4236 }, // U+AC31
    { 18, 19, 288, 0, 17, 86, 4312 }, // U+AC38
    { 18, 18, 288, 0, 16, 81, 4398 }, // U+AC39
    { 18, 19, 288, 0, 17, 86, 4479 }, // U+AC3C
    { 18, 19, 288, 0, 17, 86, 4565 }, // U+AC40
    { 18, 19, 288, 0, 17, 86, 4651 }, // U+AC4B
    { 18, 19, 288, 0, 17, 86, 4737 }, // U+AC4D
    { 16, 19, 288, 1, 17, 76, 4823 }, // U+AC54
    { 16, 19, 288, 1, 17, 76, 4899 }, // U+AC58
    { 16, 19, 288, 1, 17, 76, 4975 }, // U+AC5C
    { 16, 19, 288, 0, 17, 76, 5051 }, // U+AC70
    { 16, 19, 288, 0, 17, 76, 5127 }, // U+AC71
    { 16, 19, 288, 1, 17, 76, 5203 }, // U+AC74
    { 17, 19, 288, 0, 17, 81, 5279 }, // U+AC77
    { 16, 19, 288, 1, 17, 76, 5360 }, // U+AC78
    { 15, 19, 288, 1, 17, 72, 5436 }, // U+AC7A
    { 16, 19, 288, 0, 17, 76, 5508 }, // U+AC80
    { 16, 19, 288, 0, 17, 76, 5584 }, // U+AC81
    { 16, 19, 288, 1, 17, 76, 5660 }, // U+AC83
    { 18, 19, 288, 0, 17, 86, 5736 }, // U+AC84
    { 16, 19, 288, 0, 17, 76, 5822 }, // U+AC85
    { 16, 19, 288, 1, 17, 76, 5898 }, // U+AC86
    { 17, 19, 288, 0, 17, 81, 5974 }, // U+AC89
    { 16, 19, 288, 0, 17, 76, 6055 }, // U+AC8A
    { 16, 19, 288, 1, 17, 76, 6131 }, // U+AC8B
    { 16, 19, 288, 1, 17, 76, 6207 }, // U+AC8C
    { 16, 19, 288, 1, 17, 76, 6283 }, // U+AC90
    { 16, 19, 288, 1, 17, 76, 6359 }, // U+AC94
    { 16, 19, 288, 1, 17, 76, 6435 }, // U+AC9C
    { 16, 18, 288, 1, 16, 72, 6511 }, // U+AC9D
    { 17, 19, 288, 1, 17, 81, 6583 }, // U+AC9F
    { 17, 19, 288, 1, 17, 81, 6664 }, // U+ACA0
    { 16, 19, 288, 1, 17, 76, 6745 }, // U+ACA1
    { 16, 19, 288, 0, 17, 76, 6821 }, // U+ACA8
    { 15, 19, 288, 1, 17, 72, 6897 }, // U+ACA9
    { 15, 19, 288, 1, 17, 72, 6969 }, // U+ACAA
    { 16, 19, 288, 1, 17, 76, 7041 }, // U+ACAC
    { 17, 19, 288, 0, 17, 81, 7117 }, // U+ACAF
    { 16, 19, 288, 1, 17, 76, 7198 }, // U+ACB0
    { 16, 19, 288, 0, 17, 76, 7274 }, // U+ACB8
    { 16, 19, 288, 0, 17, 76, 7350 }, // U+ACB9
    { 16, 19, 288, 1, 17, 76, 7426 }, // U+ACBB
    { 18, 19, 288, 0, 17, 86, 7502 }, // U+ACBC
    { 16, 19, 288, 0, 17, 76, 0 }, // U+ACBD
    { 17, 18, 288, 0, 16, 77, 76 }, // U+ACC1
    { 16, 19, 288, 1, 17, 76, 153 }, // U+ACC4
    { 16, 19, 288, 1, 17, 76, 229 }, // U+ACC8
    { 16, 19, 288, 1, 17, 76, 305 }, // U+ACCC
    { 16, 18, 288, 1, 16, 72, 381 }, // U+ACD5
    { 17, 19, 288, 1, 17, 81, 453 }, // U+ACD7
    { 18, 14, 288, 0, 15, 63, 534 }, // U+ACE0
    { 18, 18, 288, 0, 16, 81, 597 }, // U+ACE1
    { 18, 18, 288, 0, 16, 81, 678 }, // U+ACE4
    { 18, 18, 288, 0, 16, 81, 759 }, // U+ACE7
    { 18, 18, 288, 0, 16, 81, 840 }, // U+ACE8
    { 18, 18, 288, 0, 16, 81, 921 }, // U+ACEA
    { 18, 18, 288, 0, 16, 81, 1002 }, // U+ACEC
    { 18, 18, 288, 0, 16, 81, 1083 }, // U+ACEF
    { 18, 18, 288, 0, 16, 81, 1164 }, // U+ACF0
    { 18, 18, 288, 0, 16, 81, 1245 }, // U+ACF1
    { 18, 18, 288, 0, 16, 81, 1326 }, // U+ACF3
    { 18, 18, 288, 0, 16, 81, 1407 }, // U+ACF5
    { 18, 18, 288, 0, 16, 81, 1488 }, // U+ACF6
    { 18, 19, 288, 0, 17, 86, 1569 }, // U+ACFC
    { 18, 19, 288, 0, 17, 86, 1655 }, // U+ACFD
    { 18, 19, 288, 0, 17, 86, 1741 }, // U+AD00
    { 18, 19, 288, 0, 17, 86, 1827 }, // U+AD04
    { 18, 19, 288, 0, 17, 86, 1913 }, // U+AD06
    { 18, 19, 288, 0, 17, 86, 1999 }, // U+AD0C
    { 18, 19, 288, 0, 17, 86, 2085 }, // U+AD0D
    { 18, 19, 288, 0, 17, 86, 2171 }, // U+AD0F
    { 18, 19, 288, 0, 17, 86, 2257 }, // U+AD11
    { 16, 19, 288, 0, 17, 76, 2343 }, // U+AD18
    { 16, 19, 288, 1, 17, 76, 2419 }, // U+AD1C
    { 17, 19, 288, 0, 17, 81, 2495 }, // U+AD20
    { 17, 19, 288, 0, 17, 81, 2576 }, // U+AD29
    { 18, 19, 288, 0, 17, 86, 2657 }, // U+AD2C
    { 17, 19, 288, 0, 17, 81, 2743 }, // U+AD2D
    { 16, 19, 288, 0, 17, 76, 2824 }, // U+AD34
    { 16, 19, 288, 0, 17, 76, 2900 }, // U+AD35
    { 17, 19, 288, 0, 17, 81, 2976 }, // U+AD38
    { 17, 19, 288, 0, 17, 81, 3057 }, // U+AD3C
    { 16, 19, 288, 0, 17, 76, 3138 }, // U+AD44
    { 16, 19, 288, 0, 17, 76, 3214 }, // U+AD45
    { 17, 19, 288, 0, 17, 81, 3290 }, // U+AD47
    { 16, 19, 288, 0, 17, 76, 3371 }, // U+AD49
    { 18, 14, 288, 0, 15, 63, 3447 }, // U+AD50
    { 18, 18, 288, 0, 16, 81, 3510 }, // U+AD54
    { 18, 18, 288, 0, 16, 81, 3591 }, // U+AD58
    { 18, 18, 288, 0, 16, 81, 3672 }, // U+AD61
    { 18, 18, 288, 0, 16, 81, 3753 }, // U+AD63
    { 18, 18, 288, 0, 16, 81, 3834 }, // U+AD6C
    { 17, 18, 288, 1, 16, 77, 3915 }, // U+AD6D
    { 17, 18, 288, 1, 16, 77, 3992 }, // U+AD70
    { 17, 18, 288, 1, 16, 77, 4069 }, // U+AD73
    { 17, 18, 288, 1, 16, 77, 4146 }, // U+AD74
    { 17, 18, 288, 0, 16, 77, 4223 }, // U+AD75
    { 17, 18, 288, 0, 16, 77, 4300 }, // U+AD76
    { 17, 18, 288, 0, 16, 77, 4377 }, // U+AD7B
    { 17, 18, 288, 1, 16, 77, 4454 }, // U+AD7C
    { 17, 18, 288, 1, 16, 77, 4531 }, // U+AD7D
    { 17, 18, 288, 1, 16, 77, 4608 }, // U+AD7F
    { 17, 18, 288, 1, 16, 77, 4685 }, // U+AD81
    { 17, 18, 288, 1, 16, 77, 4762 }, // U+AD82
    { 16, 19, 288, 0, 17, 76, 4839 }, // U+AD88
    { 16, 19, 288, 0, 17, 76, 4915 }, // U+AD89
    { 17, 19, 288, 0, 17, 81, 4991 }, // U+AD8C
    { 17, 19, 288, 0, 17, 81, 5072 }, // U+AD90
    { 18, 18, 288, 0, 16, 81, 5153 }, // U+AD9C
    { 16, 19, 288, 0, 17, 76, 5234 }, // U+AD9D
    { 16, 19, 288, 0, 17, 76, 5310 }, // U+ADA4
    { 17, 19, 288, 0, 17, 81, 5386 }, // U+ADB7
    { 16, 19, 288, 0, 17, 76, 5467 }, // U+ADC0
    { 16, 19, 288, 0, 17, 76, 5543 }, // U+ADC1
    { 17, 19, 288, 0, 17, 81, 5619 }, // U+ADC4
    { 17, 18, 288, 0, 16, 77, 5700 }, // U+ADC8
    { 15, 19, 288, 0, 17, 72, 5777 }, // U+ADD0
    { 16, 19, 288, 0, 17, 76, 5849 }, // U+ADD1
    { 17, 19, 288, 0, 17, 81, 5925 }, // U+ADD3
    { 18, 18, 288, 0, 16, 81, 6006 }, // U+ADDC
    { 17, 18, 288, 1, 16, 77, 6087 }, // U+ADE0
    { 17, 18, 288, 1, 16, 77, 6164 }, // U+ADE4
    { 18, 14, 288, 0, 15, 63, 6241 }, // U+ADF8
    { 17, 18, 288, 1, 16, 77, 6304 }, // U+ADF9
    { 17, 18, 288, 1, 16, 77, 6381 }, // U+ADFC
    { 17, 18, 288, 0, 16, 77, 6458 }, // U+ADFF
    { 17, 18, 288, 1, 16, 77, 6535 }, // U+AE00
    { 17, 18, 288, 0, 16, 77, 6612 }, // U+AE01
    { 17, 18, 288, 1, 16, 77, 6689 }, // U+AE08
    { 17, 18, 288, 1, 16, 77, 6766 }, // U+AE09
    { 18, 18, 288, 0, 16, 81, 6843 }, // U+AE0B
    { 17, 18, 288, 1, 16, 77, 6924 }, // U+AE0D
    { 16, 19, 288, 0, 17, 76, 7001 }, // U+AE14
    { 15, 19, 288, 1, 17, 72, 7077 }, // U+AE30
    { 16, 19, 288, 0, 17, 76, 7149 }, // U+AE31
    { 16, 19, 288, 1, 17, 76, 7225 }, // U+AE34
    { 17, 19, 288, 0, 17, 81, 7301 }, // U+AE37
    { 16, 19, 288, 1, 17, 76, 0 }, // U+AE38
    { 15, 19, 288, 1, 17, 72, 76 }, // U+AE3A
    { 16, 19, 288, 0, 17, 76, 148 }, // U+AE40
    { 15, 19, 288, 1, 17, 72, 224 }, // U+AE41
    { 16, 19, 288, 1, 17, 76, 296 }, // U+AE43
    { 16, 19, 288, 0, 17, 76, 372 }, // U+AE45
    { 16, 19, 288, 1, 17, 76, 448 }, // U+AE46
    { 16, 18, 288, 1, 16, 72, 524 }, // U+AE4A
    { 18, 19, 288, 0, 17, 86, 596 }, // U+AE4C
    { 18, 19, 288, 0, 17, 86, 682 }, // U+AE4D
    { 18, 19, 288, 0, 17, 86, 768 }, // U+AE4E
    { 18, 19, 288, 0, 17, 86, 854 }, // U+AE50
    { 18, 19, 288, 0, 17, 86, 940 }, // U+AE54
    { 18, 19, 288, 0, 17, 86, 1026 }, // U+AE56
    { 18, 19, 288, 0, 17, 86, 1112 }, // U+AE5C
    { 18, 19, 288, 0, 17, 86, 1198 }, // U+AE5D
    { 18, 19, 288, 0, 17, 86, 1284 }, // U+AE5F
    { 18, 19, 288, 0, 17, 86, 1370 }, // U+AE60
    { 18, 19, 288, 0, 17, 86, 1456 }, // U+AE61
    { 18, 19, 288, 0, 17, 86, 1542 }, // U+AE65
    { 17, 19, 288, 0, 17, 81, 1628 }, // U+AE68
    { 16, 19, 288, 0, 17, 76, 1709 }, // U+AE69
    { 17, 19, 288, 0, 17, 81, 1785 }, // U+AE6C
    { 17, 19, 288, 0, 17, 81, 1866 }, // U+AE70
    { 16, 19, 288, 0, 17, 76, 1947 }, // U+AE78
    { 16, 18, 288, 0, 16, 72, 2023 }, // U+AE79
    { 17, 19, 288, 0, 17, 81, 2095 }, // U+AE7B
    { 18, 19, 288, 0, 17, 86, 2176 }, // U+AE7C
    { 17, 19, 288, 0, 17, 81, 2262 }, // U+AE7D
    { 18, 19, 288, 0, 17, 86, 2343 }, // U+AE84
    { 18, 19, 288, 0, 17, 86, 2429 }, // U+AE85
    { 18, 19, 288, 0, 17, 86, 2515 }, // U+AE8C
    { 16, 19, 288, 0, 17, 76, 2601 }, // U+AEBC
    { 16, 19, 288, 0, 17, 76, 2677 }, // U+AEBD
    { 16, 19, 288, 0, 17, 76, 2753 }, // U+AEBE
    { 16, 19, 288, 1, 17, 76, 2829 }, // U+AEC0
    { 17, 19, 288, 0, 17, 81, 2905 }, // U+AEC4
    { 15, 19, 288, 1, 17, 72, 2986 }, // U+AECC
    { 16, 19, 288, 0, 17, 76, 3058 }, // U+AECD
    { 17, 19, 288, 0, 17, 81, 3134 }, // U+AECF
    { 18, 19, 288, 0, 17, 86, 3215 }, // U+AED0
    { 16, 19, 288, 0, 17, 76, 3301 }, // U+AED1
    { 17, 19, 288, 0, 17, 81, 3377 }, // U+AED8
    { 16, 19, 288, 0, 17, 76, 3458 }, // U+AED9
    { 17, 18, 288, 0, 17, 77, 3534 }, // U+AEDC
    { 16, 19, 288, 0, 17, 76, 3611 }, // U+AEE8
    { 17, 19, 288, 0, 17, 81, 3687 }, // U+AEEB
    { 17, 19, 288, 0, 17, 81, 3768 }, // U+AEED
    { 16, 19, 288, 0, 17, 76, 3849 }, // U+AEF4
    { 16, 19, 288, 1, 17, 76, 3925 }, // U+AEF8
    { 17, 19, 288, 0, 17, 81, 4001 }, // U+AEFC
    { 17, 19, 288, 0, 17, 81, 4082 }, // U+AF07
    { 18, 19, 288, 0, 17, 86, 4163 }, // U+AF08
    { 17, 19, 288, 0, 17, 81, 4249 }, // U+AF0D
    { 17, 19, 288, 0, 17, 81, 4330 }, // U+AF10
    { 18, 14, 288, 0, 15, 63, 4411 }, // U+AF2C
    { 18, 18, 288, 0, 16, 81, 4474 }, // U+AF2D
    { 18, 18, 288, 0, 16, 81, 4555 }, // U+AF30
    { 18, 18, 288, 0, 16, 81, 4636 }, // U+AF32
    { 18, 18, 288, 0, 16, 81, 4717 }, // U+AF34
    { 18, 18, 288, 0, 16, 81, 4798 }, // U+AF3C
    { 18, 18, 288, 0, 16, 81, 4879 }, // U+AF3D
    { 18, 18, 288, 0, 16, 81, 4960 }, // U+AF3F
    { 18, 18, 288, 0, 16, 81, 5041 }, // U+AF41
    { 18, 18, 288, 0, 16, 81, 5122 }, // U+AF42
    { 18, 18, 288, 0, 16, 81, 5203 }, // U+AF43
    { 18, 19, 288, 0, 17, 86, 5284 }, // U+AF48
    { 18, 19, 288, 0, 17, 86, 5370 }, // U+AF49
    { 18, 19, 288, 0, 17, 86, 5456 }, // U+AF50
    { 18, 19, 288, 0, 17, 86, 5542 }, // U+AF5C
    { 18, 19, 288, 0, 17, 86, 5628 }, // U+AF5D
    { 16, 19, 288, 0, 17, 76, 5714 }, // U+AF64
    { 16, 19, 288, 0, 17, 76, 5790 }, // U+AF65
    { 17, 19, 288, 0, 17, 81, 5866 }, // U+AF79
    { 16, 19, 288, 0, 17, 76, 5947 }, // U+AF80
    { 16, 19, 288, 0, 17, 76, 6023 }, // U+AF84
    { 17, 19, 288, 0, 17, 81, 6099 }, // U+AF88
    { 16, 19, 288, 0, 17, 76, 6180 }, // U+AF90
    { 16, 19, 288, 0, 17, 76, 6256 }, // U+AF91
    { 16, 19, 288, 0, 17, 76, 6332 }, // U+AF95
    { 18, 15, 288, 0, 15, 68, 6408 }, // U+AF9C
    { 18, 18, 288, 0, 16, 81, 6476 }, // U+AFB8
    { 17, 18, 288, 1, 16, 77, 6557 }, // U+AFB9
    { 17, 18, 288, 1, 16, 77, 6634 }, // U+AFBC
    { 17, 18, 288, 1, 16, 77, 6711 }, // U+AFC0
    { 17, 18, 288, 0, 16, 77, 6788 }, // U+AFC7
    { 17, 18, 288, 1, 16, 77, 6865 }, // U+AFC8
    { 17, 18, 288, 1, 16, 77, 6942 }, // U+AFC9
    { 17, 18, 288, 1, 16, 77, 7019 }, // U+AFCB
    { 17, 18, 288, 1, 16, 77, 7096 }, // U+AFCD
    { 17, 18, 288, 1, 16, 77, 7173 }, // U+AFCE
    { 16, 19, 288, 0, 17, 76, 7250 }, // U+AFD4
    { 17, 19, 288, 0, 17, 81, 7326 }, // U+AFDC
    { 18, 19, 288, 0, 17, 86, 0 }, // U+AFE8
    { 16, 19, 288, 0, 17, 76, 86 }, // U+AFE9
    { 16, 19, 288, 0, 17, 76, 162 }, // U+AFF0
    { 16, 19, 288, 0, 17, 76, 238 }, // U+AFF1
    { 17, 19, 288, 0, 17, 81, 314 }, // U+AFF4
    { 17, 19, 288, 0, 17, 81, 395 }, // U+AFF8
    { 16, 19, 288, 0, 17, 76, 476 }, // U+B000
    { 16, 19, 288, 0, 17, 76, 552 }, // U+B001
    { 18, 19, 288, 0, 17, 86, 628 }, // U+B004
    { 16, 19, 288, 0, 17, 76, 714 }, // U+B00C
    { 17, 19, 288, 0, 17, 81, 790 }, // U+B010
    { 17, 19, 288, 0, 17, 81, 871 }, // U+B014
    { 16, 19, 288, 0, 17, 76, 952 }, // U+B01C
    { 16, 19, 288, 0, 17, 76, 1028 }, // U+B01D
    { 18, 18, 288, 0, 16, 81, 1104 }, // U+B028
    { 18, 14, 288, 0, 15, 63, 1185 }, // U+B044
    { 17, 18, 288, 1, 16, 77, 1248 }, // U+B045
    { 17, 18, 288, 1, 16, 77, 1325 }, // U+B048
    { 17, 18, 288, 1, 16, 77, 1402 }, // U+B04A
    { 17, 18, 288, 1, 16, 77, 1479 }, // U+B04C
    { 17, 18, 288, 1, 16, 77, 1556 }, // U+B04E
    { 17, 18, 288, 1, 16, 77, 1633 }, // U+B053
    { 17, 18, 288, 1, 16, 77, 1710 }, // U+B054
    { 17, 18, 288, 1, 16, 77, 1787 }, // U+B055
    { 17, 18, 288, 1, 16, 77, 1864 }, // U+B057
    { 17, 18, 288, 1, 16, 77, 1941 }, // U+B059
    { 17, 18, 288, 1, 16, 77, 2018 }, // U+B05D
    { 15, 19, 288, 1, 17, 72, 2095 }, // U+B07C
    { 16, 19, 288, 0, 17, 76, 2167 }, // U+B07D
    { 16, 19, 288, 1, 17, 76, 2243 }, // U+B080
    { 17, 19, 288, 0, 17, 81, 2319 }, // U+B084
    { 16, 19, 288, 0, 17, 76, 2400 }, // U+B08C
    { 16, 19, 288, 0, 17, 76, 2476 }, // U+B08D
    { 17, 19, 288, 0, 17, 81, 2552 }, // U+B08F
    { 16, 19, 288, 0, 17, 76, 2633 }, // U+B091
    { 17, 19, 288, 1, 17, 81, 2709 }, // U+B098
    { 17, 19, 288, 1, 17, 81, 2790 }, // U+B099
    { 17, 19, 288, 1, 17, 81, 2871 }, // U+B09A
    { 17, 19, 288, 1, 17, 81, 2952 }, // U+B09C
    { 17, 19, 288, 1, 17, 81, 3033 }, // U+B09F
    { 17, 19, 288, 1, 17, 81, 3114 }, // U+B0A0
    { 17, 19, 288, 1, 17, 81, 3195 }, // U+B0A1
    { 17, 19, 288, 1, 17, 81, 3276 }, // U+B0A2
    { 17, 19, 288, 1, 17, 81, 3357 }, // U+B0A8
    { 17, 19, 288, 1, 17, 81, 3438 }, // U+B0A9
    { 17, 18, 288, 1, 16, 77, 3519 }, // U+B0AB
    { 17, 19, 288, 1, 17, 81, 3596 }, // U+B0AC
    { 17, 19, 288, 1, 17, 81, 3677 }, // U+B0AD
    { 17, 19, 288, 1, 17, 81, 3758 }, // U+B0AE
    { 17, 18, 288, 1, 16, 77, 3839 }, // U+B0AF
    { 17, 19, 288, 1, 17, 81, 3916 }, // U+B0B1
    { 17, 19, 288, 1, 17, 81, 3997 }, // U+B0B3
    { 15, 19, 288, 1, 17, 72, 4078 }, // U+B0B4
    { 15, 19, 288, 1, 17, 72, 4150 }, // U+B0B5
    { 16, 18, 288, 1, 17, 72, 4222 }, // U+B0B8
    { 16, 19, 288, 1, 17, 76, 4294 }, // U+B0BC
    { 15, 19, 288, 1, 17, 72, 4370 }, // U+B0C4
    { 15, 18, 288, 1, 16, 68, 4442 }, // U+B0C5
    { 16, 18, 288, 1, 16, 72, 4510 }, // U+B0C7
    { 17, 19, 288, 1, 17, 81, 4582 }, // U+B0C8
    { 16, 19, 288, 1, 17, 76, 4663 }, // U+B0C9
    { 17, 19, 288, 1, 17, 81, 4739 }, // U+B0D0
    { 17, 19, 288, 1, 17, 81, 4820 }, // U+B0D1
    { 17, 19, 288, 1, 17, 81, 4901 }, // U+B0D4
    { 17, 19, 288, 1, 17, 81, 4982 }, // U+B0D8
    { 17, 19, 288, 1, 17, 81, 5063 }, // U+B0E0
    { 17, 19, 288, 1, 17, 81, 5144 }, // U+B0E5
    { 14, 19, 288, 2, 17, 67, 5225 }, // U+B108
    { 14, 19, 288, 2, 17, 67, 5292 }, // U+B109
    { 16, 19, 288, 2, 17, 76, 5359 }, // U+B10B
    { 15, 19, 288, 2, 17, 72, 5435 }, // U+B10C
    { 15, 19, 288, 2, 17, 72, 5507 }, // U+B110
    { 14, 19, 288, 2, 17, 67, 5579 }, // U+B112
    { 14, 19, 288, 2, 17, 67, 5646 }, // U+B113
    { 14, 19, 288, 2, 17, 67, 5713 }, // U+B118
    { 14, 19, 288, 2, 17, 67, 5780 }, // U+B119
    { 16, 19, 288, 2, 17, 76, 5847 }, // U+B11B
    { 17, 19, 288, 1, 17, 81, 5923 }, // U+B11C
    { 15, 19, 288, 2, 17, 72, 6004 }, // U+B11D
    { 15, 19, 288, 2, 17, 72, 6076 }, // U+B123
    { 15, 19, 288, 1, 17, 72, 6148 }, // U+B124
    { 15, 19, 288, 2, 17, 72, 6220 }, // U+B125
    { 15, 19, 288, 2, 17, 72, 6292 }, // U+B128
    { 15, 19, 288, 2, 17, 72, 6364 }, // U+B12C
    { 15, 19, 288, 2, 17, 72, 6436 }, // U+B134
    { 15, 18, 288, 2, 16, 68, 6508 }, // U+B135
    { 16, 19, 288, 2, 17, 76, 6576 }, // U+B137
    { 16, 19, 288, 2, 17, 76, 6652 }, // U+B138
    { 15, 19, 288, 2, 17, 72, 6728 }, // U+B139
    { 14, 19, 288, 2, 17, 67, 6800 }, // U+B140
    { 14, 18, 288, 2, 16, 63, 6867 }, // U+B141
    { 15, 19, 288, 2, 17, 72, 6930 }, // U+B144
    { 15, 19, 288, 2, 17, 72, 7002 }, // U+B148
    { 14, 19, 288, 2, 17, 67, 7074 }, // U+B150
    { 14, 18, 288, 2, 16, 63, 7141 }, // U+B151
    { 17, 19, 288, 1, 17, 81, 7204 }, // U+B154
    { 15, 19, 288, 2, 17, 72, 7285 }, // U+B155
    { 14, 19, 288, 2, 17, 67, 0 }, // U+B158
    { 15, 19, 288, 1, 17, 72, 67 }, // U+B15C
    { 15, 19, 288, 2, 17, 72, 139 }, // U+B160
    { 17, 15, 288, 1, 15, 64, 211 }, // U+B178
    { 17, 18, 288, 0, 16, 77, 275 }, // U+B179
    { 17, 18, 288, 0, 16, 77, 352 }, // U+B17C
    { 17, 19, 288, 0, 17, 81, 429 }, // U+B180
    { 17, 19, 288, 0, 17, 81, 510 }, // U+B182
    { 17, 18, 288, 0, 16, 77, 591 }, // U+B188
    { 17, 18, 288, 0, 16, 77, 668 }, // U+B189
    { 17, 18, 288, 0, 16, 77, 745 }, // U+B18B
    { 17, 18, 288, 0, 16, 77, 822 }, // U+B18D
    { 18, 19, 288, 0, 17, 86, 899 }, // U+B192
    { 17, 19, 288, 0, 17, 81, 985 }, // U+B193
    { 18, 19, 288, 0, 17, 86, 1066 }, // U+B194
    { 18, 19, 288, 0, 17, 86, 1152 }, // U+B198
    { 18, 19, 288, 0, 17, 86, 1238 }, // U+B19C
    { 18, 18, 288, 0, 16, 81, 1324 }, // U+B1A8
    { 16, 19, 288, 0, 17, 76, 1405 }, // U+B1CC
    { 17, 19, 288, 0, 17, 81, 1481 }, // U+B1D0
    { 17, 19, 288, 0, 17, 81, 1562 }, // U+B1D4
    { 16, 18, 288, 0, 16, 72, 1643 }, // U+B1DC
    { 16, 19, 288, 0, 17, 76, 1715 }, // U+B1DD
    { 17, 19, 288, 0, 17, 81, 1791 }, // U+B1DF
    { 17, 15, 288, 1, 15, 64, 1872 }, // U+B1E8
    { 17, 19, 288, 0, 17, 81, 1936 }, // U+B1E9
    { 17, 18, 288, 0, 16, 77, 2017 }, // U+B1EC
    { 17, 19, 288, 0, 17, 81, 2094 }, // U+B1F0
    { 17, 18, 288, 0, 16, 77, 2175 }, // U+B1F9
    { 17, 18, 288, 0, 16, 77, 2252 }, // U+B1FB
    { 17, 18, 288, 0, 16, 77, 2329 }, // U+B1FD
    { 17, 18, 288, 1, 16, 77, 2406 }, // U+B204
    { 17, 18, 288, 0, 16, 77, 2483 }, // U+B205
    { 17, 18, 288, 0, 16, 77, 2560 }, // U+B208
    { 17, 18, 288, 0, 16, 77, 2637 }, // U+B20B
    { 17, 19, 288, 0, 17, 81, 2714 }, // U+B20C
    { 17, 18, 288, 0, 16, 77, 2795 }, // U+B214
    { 17, 18, 288, 0, 16, 77, 2872 }, // U+B215
    { 17, 18, 288, 1, 16, 77, 2949 }, // U+B217
    { 17, 18, 288, 0, 16, 77, 3026 }, // U+B219
    { 16, 19, 288, 0, 17, 76, 3103 }, // U+B220
    { 18, 19, 288, 0, 17, 86, 3179 }, // U+B234
    { 17, 19, 288, 0, 17, 81, 3265 }, // U+B23C
    { 16, 19, 288, 0, 17, 76, 3346 }, // U+B258
    { 17, 19, 288, 0, 17, 81, 3422 }, // U+B25C
    { 17, 19, 288, 0, 17, 81, 3503 }, // U+B260
    { 16, 19, 288, 0, 17, 76, 3584 }, // U+B268
    { 16, 19, 288, 0, 17, 76, 3660 }, // U+B269
    { 18, 18, 288, 0, 16, 81, 3736 }, // U+B274
    { 17, 18, 288, 0, 16, 77, 3817 }, // U+B275
    { 17, 19, 288, 0, 17, 81, 3894 }, // U+B27C
    { 17, 19, 288, 0, 17, 81, 3975 }, // U+B284
    { 17, 19, 288, 0, 17, 81, 4056 }, // U+B285
    { 17, 18, 288, 0, 16, 77, 4137 }, // U+B289
    { 17, 15, 288, 1, 15, 64, 4214 }, // U+B290
    { 17, 18, 288, 0, 16, 77, 4278 }, // U+B291
    { 17, 18, 288, 0, 16, 77, 4355 }, // U+B294
    { 17, 19, 288, 0, 17, 81, 4432 }, // U+B298
    { 17, 19, 288, 0, 17, 81, 4513 }, // U+B299
    { 17, 19, 288, 0, 17, 81, 4594 }, // U+B29A
    { 17, 18, 288, 0, 16, 77, 4675 }, // U+B2A0
    { 17, 18, 288, 0, 16, 77, 4752 }, // U+B2A1
    { 17, 18, 288, 0, 16, 77, 4829 }, // U+B2A3
    { 17, 18, 288, 0, 16, 77, 4906 }, // U+B2A5
    { 17, 18, 288, 0, 16, 77, 4983 }, // U+B2A6
    { 18, 18, 288, 0, 16, 81, 5060 }, // U+B2AA
    { 16, 19, 288, 0, 17, 76, 5141 }, // U+B2AC
    { 17, 19, 288, 0, 17, 81, 5217 }, // U+B2B0
    { 17, 19, 288, 0, 17, 81, 5298 }, // U+B2B4
    { 14, 19, 288, 2, 17, 67, 5379 }, // U+B2C8
    { 14, 19, 288, 2, 17, 67, 5446 }, // U+B2C9
    { 15, 19, 288, 2, 17, 72, 5513 }, // U+B2CC
    { 15, 19, 288, 2, 17, 72, 5585 }, // U+B2D0
    { 14, 19, 288, 2, 17, 67, 5657 }, // U+B2D2
    { 14, 19, 288, 2, 17, 67, 5724 }, // U+B2D8
    { 14, 19, 288, 2, 17, 67, 5791 }, // U+B2D9
    { 16, 19, 288, 2, 17, 76, 5858 }, // U+B2DB
    { 14, 19, 288, 2, 17, 67, 5934 }, // U+B2DD
    { 15, 19, 288, 2, 17, 72, 6001 }, // U+B2E2
    { 17, 19, 288, 1, 17, 81, 6073 }, // U+B2E4
    { 17, 19, 288, 1, 17, 81, 6154 }, // U+B2E5
    { 17, 19, 288, 1, 17, 81, 6235 }, // U+B2E6
    { 17, 19, 288, 1, 17, 81, 6316 }, // U+B2E8
    { 17, 19, 288, 1, 17, 81, 6397 }, // U+B2EB
    { 17, 19, 288, 1, 17, 81, 6478 }, // U+B2EC
    { 17, 19, 288, 1, 17, 81, 6559 }, // U+B2ED
    { 17, 19, 288, 1, 17, 81, 6640 }, // U+B2EE
    { 17, 19, 288, 1, 17, 81, 6721 }, // U+B2EF
    { 17, 19, 288, 1, 17, 81, 6802 }, // U+B2F3
    { 17, 19, 288, 1, 17, 81, 6883 }, // U+B2F4
    { 17, 19, 288, 1, 17, 81, 6964 }, // U+B2F5
    { 17, 18, 288, 1, 16, 77, 7045 }, // U+B2F7
    { 17, 19, 288, 1, 17, 81, 0 }, // U+B2F8
    { 17, 19, 288, 1, 17, 81, 81 }, // U+B2F9
    { 17, 19, 288, 1, 17, 81, 162 }, // U+B2FA
    { 17, 19, 288, 1, 17, 81, 243 }, // U+B2FB
    { 17, 19, 288, 1, 17, 81, 324 }, // U+B2FF
    { 15, 19, 288, 1, 17, 72, 405 }, // U+B300
    { 15, 19, 288, 1, 17, 72, 477 }, // U+B301
    { 16, 19, 288, 1, 17, 76, 549 }, // U+B304
    { 16, 19, 288, 1, 17, 76, 625 }, // U+B308
    { 15, 19, 288, 1, 17, 72, 701 }, // U+B310
    { 15, 18, 288, 1, 16, 68, 773 }, // U+B311
    { 16, 18, 288, 1, 16, 72, 841 }, // U+B313
    { 17, 19, 288, 1, 17, 81, 913 }, // U+B314
    { 16, 19, 288, 1, 17, 76, 994 }, // U+B315
    { 17, 19, 288, 1, 17, 81, 1070 }, // U+B31C
    { 15, 19, 288, 1, 17, 72, 1151 }, // U+B354
    { 14, 19, 288, 2, 17, 67, 1223 }, // U+B355
    { 14, 19, 288, 2, 17, 67, 1290 }, // U+B356
    { 15, 19, 288, 2, 17, 72, 1357 }, // U+B358
    { 15, 19, 288, 2, 17, 72, 1429 }, // U+B35B
    { 15, 19, 288, 2, 17, 72, 1501 }, // U+B35C
    { 14, 19, 288, 2, 17, 67, 1573 }, // U+B35E
    { 14, 19, 288, 2, 17, 67, 1640 }, // U+B35F
    { 14, 19, 288, 2, 17, 67, 1707 }, // U+B364
    { 14, 19, 288, 2, 17, 67, 1774 }, // U+B365
    { 16, 19, 288, 2, 17, 76, 1841 }, // U+B367
    { 15, 19, 288, 2, 17, 72, 1917 }, // U+B369
    { 15, 19, 288, 2, 17, 72, 1989 }, // U+B36B
    { 15, 19, 288, 2, 17, 72, 2061 }, // U+B36E
    { 15, 19, 288, 1, 17, 72, 2133 }, // U+B370
    { 15, 18, 288, 1, 16, 68, 2205 }, // U+B371
    { 16, 19, 288, 1, 17, 76, 2273 }, // U+B374
    { 16, 19, 288, 1, 17, 76, 2349 }, // U+B378
    { 15, 19, 288, 1, 17, 72, 2425 }, // U+B380
    { 15, 18, 288, 1, 16, 68, 2497 }, // U+B381
    { 16, 19, 288, 1, 17, 76, 2565 }, // U+B383
    { 17, 19, 288, 1, 17, 81, 2641 }, // U+B384
    { 16, 19, 288, 1, 17, 76, 2722 }, // U+B385
    { 14, 19, 288, 2, 17, 67, 2798 }, // U+B38C
    { 15, 19, 288, 2, 17, 72, 2865 }, // U+B390
    { 15, 19, 288, 2, 17, 72, 2937 }, // U+B394
    { 16, 19, 288, 2, 17, 76, 3009 }, // U+B3A0
    { 15, 19, 288, 2, 17, 72, 3085 }, // U+B3A1
    { 15, 19, 288, 1, 17, 72, 3157 }, // U+B3A8
    { 16, 19, 288, 1, 17, 76, 3229 }, // U+B3AC
    { 17, 15, 288, 1, 15, 64, 3305 }, // U+B3C4
    { 18, 18, 288, 0, 16, 81, 3369 }, // U+B3C5
    { 17, 18, 288, 0, 16, 77, 3450 }, // U+B3C8
    { 17, 18, 288, 0, 16, 77, 3527 }, // U+B3CB
    { 18, 18, 288, 0, 16, 81, 3604 }, // U+B3CC
    { 18, 18, 288, 0, 16, 81, 3685 }, // U+B3CE
    { 18, 18, 288, 0, 16, 81, 3766 }, // U+B3D0
    { 17, 18, 288, 0, 16, 77, 3847 }, // U+B3D4
    { 17, 18, 288, 0, 16, 77, 3924 }, // U+B3D5
    { 17, 18, 288, 0, 16, 77, 4001 }, // U+B3D7
    { 17, 18, 288, 0, 16, 77, 4078 }, // U+B3D9
    { 18, 18, 288, 0, 16, 81, 4155 }, // U+B3DB
    { 17, 18, 288, 0, 16, 77, 4236 }, // U+B3DD
    { 18, 19, 288, 0, 17, 86, 4313 }, // U+B3E0
    { 18, 19, 288, 0, 17, 86, 4399 }, // U+B3E4
    { 18, 19, 288, 0, 17, 86, 4485 }, // U+B3E8
    { 16, 19, 288, 0, 17, 76, 4571 }, // U+B3FC
    { 18, 19, 288, 0, 17, 86, 4647 }, // U+B410
    { 16, 19, 288, 0, 17, 76, 4733 }, // U+B418
    { 17, 19, 288, 0, 17, 81, 4809 }, // U+B41C
    { 17, 19, 288, 0, 17, 81, 4890 }, // U+B420
    { 16, 18, 288, 0, 16, 72, 4971 }, // U+B428
    { 16, 19, 288, 0, 17, 76, 5043 }, // U+B429
    { 17, 19, 288, 0, 17, 81, 5119 }, // U+B42B
    { 17, 15, 288, 1, 15, 64, 5200 }, // U+B434
    { 17, 18, 288, 0, 16, 77, 5264 }, // U+B450
    { 17, 18, 288, 0, 16, 77, 5341 }, // U+B451
    { 17, 18, 288, 0, 16, 77, 5418 }, // U+B454
    { 18, 18, 288, 0, 16, 81, 5495 }, // U+B458
    { 17, 18, 288, 0, 16, 77, 5576 }, // U+B460
    { 17, 18, 288, 0, 16, 77, 5653 }, // U+B461
    { 17, 18, 288, 1, 16, 77, 5730 }, // U+B463
    { 17, 18, 288, 0, 16, 77, 5807 }, // U+B465
    { 16, 19, 288, 0, 17, 76, 5884 }, // U+B46C
    { 18, 19, 288, 0, 17, 86, 5960 }, // U+B480
    { 16, 19, 288, 0, 17, 76, 6046 }, // U+B488
    { 17, 19, 288, 0, 17, 81, 6122 }, // U+B49D
    { 16, 19, 288, 0, 17, 76, 6203 }, // U+B4A4
    { 17, 19, 288, 0, 17, 81, 6279 }, // U+B4A8
    { 17, 19, 288, 0, 17, 81, 6360 }, // U+B4AC
    { 16, 19, 288, 0, 17, 76, 6441 }, // U+B4B5
    { 17, 19, 288, 0, 17, 81, 6517 }, // U+B4B7
    { 16, 19, 288, 0, 17, 76, 6598 }, // U+B4B9
    { 17, 18, 288, 0, 16, 77, 6674 }, // U+B4C0
    { 17, 18, 288, 0, 16, 77, 6751 }, // U+B4C4
    { 18, 18, 288, 0, 16, 81, 6828 }, // U+B4C8
    { 17, 18, 288, 0, 16, 77, 6909 }, // U+B4D0
    { 17, 18, 288, 0, 16, 77, 6986 }, // U+B4D5
    { 17, 15, 288, 1, 15, 64, 7063 }, // U+B4DC
    { 17, 18, 288, 0, 16, 77, 7127 }, // U+B4DD
    { 17, 18, 288, 0, 16, 77, 7204 }, // U+B4E0
    { 17, 18, 288, 0, 16, 77, 7281 }, // U+B4E3
    { 17, 18, 288, 0, 16, 77, 0 }, // U+B4E4
    { 18, 18, 288, 0, 16, 81, 77 }, // U+B4E6
    { 17, 18, 288, 0, 16, 77, 158 }, // U+B4EC
    { 17, 18, 288, 0, 16, 77, 235 }, // U+B4ED
    { 17, 18, 288, 0, 16, 77, 312 }, // U+B4EF
    { 17, 18, 288, 0, 16, 77, 389 }, // U+B4F1
    { 16, 19, 288, 0, 17, 76, 466 }, // U+B4F8
    { 14, 19, 288, 2, 17, 67, 542 }, // U+B514
    { 14, 19, 288, 2, 17, 67, 609 }, // U+B515
    { 15, 19, 288, 2, 17, 72, 676 }, // U+B518
    { 15, 19, 288, 2, 17, 72, 748 }, // U+B51B
    { 15, 19, 288, 2, 17, 72, 820 }, // U+B51C
    { 14, 19, 288, 2, 17, 67, 892 }, // U+B524
    { 14, 19, 288, 2, 17, 67, 959 }, // U+B525
    { 16, 19, 288, 2, 17, 76, 1026 }, // U+B527
    { 17, 19, 288, 1, 17, 81, 1102 }, // U+B528
    { 15, 19, 288, 2, 17, 72, 1183 }, // U+B529
    { 15, 19, 288, 2, 17, 72, 1255 }, // U+B52A
    { 17, 19, 288, 1, 17, 81, 1327 }, // U+B530
    { 17, 19, 288, 1, 17, 81, 1408 }, // U+B531
    { 17, 19, 288, 1, 17, 81, 1489 }, // U+B534
    { 17, 19, 288, 1, 17, 81, 1570 }, // U+B538
    { 17, 19, 288, 1, 17, 81, 1651 }, // U+B540
    { 17, 19, 288, 1, 17, 81, 1732 }, // U+B541
    { 17, 19, 288, 1, 17, 81, 1813 }, // U+B543
    { 17, 19, 288, 1, 17, 81, 1894 }, // U+B544
    { 17, 19, 288, 1, 17, 81, 1975 }, // U+B545
    { 17, 19, 288, 1, 17, 81, 2056 }, // U+B54B
    { 16, 19, 288, 1, 17, 76, 2137 }, // U+B54C
    { 16, 19, 288, 1, 17, 76, 2213 }, // U+B54D
    { 17, 19, 288, 1, 17, 81, 2289 }, // U+B550
    { 17, 19, 288, 1, 17, 81, 2370 }, // U+B554
    { 16, 19, 288, 1, 17, 76, 2451 }, // U+B55C
    { 16, 18, 288, 1, 16, 72, 2527 }, // U+B55D
    { 17, 19, 288, 1, 17, 81, 2599 }, // U+B55F
    { 17, 19, 288, 1, 17, 81, 2680 }, // U+B560
    { 16, 19, 288, 1, 17, 76, 2761 }, // U+B561
    { 15, 19, 288, 1, 17, 72, 2837 }, // U+B5A0
    { 15, 19, 288, 1, 17, 72, 2909 }, // U+B5A1
    { 16, 19, 288, 1, 17, 76, 2981 }, // U+B5A4
    { 16, 19, 288, 1, 17, 76, 3057 }, // U+B5A8
    { 15, 19, 288, 1, 17, 72, 3133 }, // U+B5AA
    { 15, 19, 288, 1, 17, 72, 3205 }, // U+B5AB
    { 15, 19, 288, 1, 17, 72, 3277 }, // U+B5B0
    { 15, 19, 288, 1, 17, 72, 3349 }, // U+B5B1
    { 16, 19, 288, 1, 17, 76, 3421 }, // U+B5B3
    { 17, 19, 288, 1, 17, 81, 3497 }, // U+B5B4
    { 16, 19, 288, 1, 17, 76, 3578 }, // U+B5B5
    { 16, 19, 288, 1, 17, 76, 3654 }, // U+B5BB
    { 16, 19, 288, 1, 17, 76, 3730 }, // U+B5BC
    { 16, 19, 288, 1, 17, 76, 3806 }, // U+B5BD
    { 17, 19, 288, 1, 17, 81, 3882 }, // U+B5C0
    { 17, 19, 288, 1, 17, 81, 3963 }, // U+B5C4
    { 16, 19, 288, 1, 17, 76, 4044 }, // U+B5CC
    { 16, 18, 288, 1, 16, 72, 4120 }, // U+B5CD
    { 17, 19, 288, 1, 17, 81, 4192 }, // U+B5CF
    { 17, 19, 288, 1, 17, 81, 4273 }, // U+B5D0
    { 16, 19, 288, 1, 17, 76, 4354 }, // U+B5D1
    { 15, 19, 288, 1, 17, 72, 4430 }, // U+B5D8
    { 17, 19, 288, 1, 17, 81, 4502 }, // U+B5EC
    { 17, 15, 288, 1, 15, 64, 4583 }, // U+B610
    { 18, 18, 288, 0, 16, 81, 4647 }, // U+B611
    { 18, 18, 288, 0, 16, 81, 4728 }, // U+B614
    { 18, 18, 288, 0, 16, 81, 4809 }, // U+B618
    { 17, 18, 288, 1, 16, 77, 4890 }, // U+B625
    { 18, 19, 288, 0, 17, 86, 4967 }, // U+B62C
    { 18, 19, 288, 0, 17, 86, 5053 }, // U+B634
    { 17, 19, 288, 0, 17, 81, 5139 }, // U+B648
    { 15, 19, 288, 1, 17, 72, 5220 }, // U+B664
    { 17, 19, 288, 0, 17, 81, 5292 }, // U+B668
    { 17, 18, 288, 0, 16, 77, 5373 }, // U+B69C
    { 18, 18, 288, 0, 16, 81, 5450 }, // U+B69D
    { 18, 18, 288, 0, 16, 81, 5531 }, // U+B6A0
    { 18, 18, 288, 0, 16, 81, 5612 }, // U+B6A4
    { 18, 18, 288, 0, 16, 81, 5693 }, // U+B6AB
    { 17, 18, 288, 0, 16, 77, 5774 }, // U+B6AC
    { 18, 18, 288, 0, 16, 81, 5851 }, // U+B6B1
    { 16, 19, 288, 0, 17, 76, 5932 }, // U+B6D4
    { 16, 19, 288, 0, 17, 76, 6008 }, // U+B6F0
    { 17, 19, 288, 0, 17, 81, 6084 }, // U+B6F4
    { 17, 19, 288, 0, 17, 81, 6165 }, // U+B6F8
    { 16, 18, 288, 0, 16, 72, 6246 }, // U+B700
    { 16, 19, 288, 0, 17, 76, 6318 }, // U+B701
    { 17, 19, 288, 0, 17, 81, 6394 }, // U+B705
    { 17, 15, 288, 1, 15, 64, 6475 }, // U+B728
    { 18, 18, 288, 0, 16, 81, 6539 }, // U+B729
    { 18, 18, 288, 0, 16, 81, 6620 }, // U+B72C
    { 18, 18, 288, 0, 16, 81, 6701 }, // U+B72F
    { 18, 18, 288, 0, 16, 81, 6782 }, // U+B730
    { 18, 18, 288, 0, 16, 81, 6863 }, // U+B738
    { 17, 18, 288, 0, 16, 77, 6944 }, // U+B739
    { 18, 18, 288, 0, 16, 81, 7021 }, // U+B73B
    { 16, 19, 288, 0, 17, 76, 7102 }, // U+B744
    { 17, 19, 288, 0, 17, 81, 7178 }, // U+B748
    { 17, 19, 288, 0, 17, 81, 7259 }, // U+B74C
    { 16, 18, 288, 0, 16, 72, 7340 }, // U+B754
    { 16, 19, 288, 0, 17, 76, 0 }, // U+B755
    { 15, 19, 288, 1, 17, 72, 76 }, // U+B760
    { 16, 19, 288, 1, 17, 76, 148 }, // U+B764
    { 16, 19, 288, 1, 17, 76, 224 }, // U+B768
    { 15, 19, 288, 1, 17, 72, 300 }, // U+B770
    { 15, 19, 288, 1, 17, 72, 372 }, // U+B771
    { 16, 19, 288, 1, 17, 76, 444 }, // U+B773
    { 16, 19, 288, 1, 17, 76, 520 }, // U+B775
    { 17, 19, 288, 1, 17, 81, 596 }, // U+B77C
    { 17, 18, 288, 1, 16, 77, 677 }, // U+B77D
    { 17, 19, 288, 1, 17, 81, 754 }, // U+B780
    { 17, 19, 288, 1, 17, 81, 835 }, // U+B784
    { 17, 19, 288, 1, 17, 81, 916 }, // U+B78C
    { 17, 18, 288, 1, 16, 77, 997 }, // U+B78D
    { 17, 19, 288, 1, 17, 81, 1074 }, // U+B78F
    { 17, 19, 288, 1, 17, 81, 1155 }, // U+B790
    { 17, 19, 288, 1, 17, 81, 1236 }, // U+B791
    { 17, 19, 288, 1, 17, 81, 1317 }, // U+B792
    { 17, 19, 288, 1, 17, 81, 1398 }, // U+B796
    { 17, 18, 288, 1, 16, 77, 1479 }, // U+B797
    { 16, 19, 288, 1, 17, 76, 1556 }, // U+B798
    { 15, 19, 288, 1, 17, 72, 1632 }, // U+B799
    { 16, 19, 288, 1, 17, 76, 1704 }, // U+B79C
    { 16, 19, 288, 1, 17, 76, 1780 }, // U+B7A0
    { 15, 19, 288, 1, 17, 72, 1856 }, // U+B7A8
    { 15, 19, 288, 1, 17, 72, 1928 }, // U+B7A9
    { 16, 19, 288, 1, 17, 76, 2000 }, // U+B7AB
    { 17, 19, 288, 1, 17, 81, 2076 }, // U+B7AC
    { 16, 19, 288, 1, 17, 76, 2157 }, // U+B7AD
    { 17, 19, 288, 1, 17, 81, 2233 }, // U+B7B4
    { 17, 18, 288, 1, 16, 77, 2314 }, // U+B7B5
    { 17, 19, 288, 1, 17, 81, 2391 }, // U+B7B8
    { 17, 19, 288, 1, 17, 81, 2472 }, // U+B7C7
    { 17, 19, 288, 1, 17, 81, 2553 }, // U+B7C9
    { 15, 19, 288, 1, 17, 72, 2634 }, // U+B7EC
    { 15, 19, 288, 1, 17, 72, 2706 }, // U+B7ED
    { 16, 19, 288, 1, 17, 76, 2778 }, // U+B7F0
    { 16, 19, 288, 1, 17, 76, 2854 }, // U+B7F4
    { 15, 19, 288, 1, 17, 72, 2930 }, // U+B7FC
    { 15, 18, 288, 1, 16, 68, 3002 }, // U+B7FD
    { 16, 19, 288, 1, 17, 76, 3070 }, // U+B7FF
    { 17, 19, 288, 1, 17, 81, 3146 }, // U+B800
    { 15, 19, 288, 1, 17, 72, 3227 }, // U+B801
    { 16, 18, 288, 1, 16, 72, 3299 }, // U+B807
    { 16, 19, 288, 1, 17, 76, 3371 }, // U+B808
    { 15, 19, 288, 1, 17, 72, 3447 }, // U+B809
    { 16, 19, 288, 1, 17, 76, 3519 }, // U+B80C
    { 16, 19, 288, 1, 17, 76, 3595 }, // U+B810
    { 15, 18, 288, 1, 16, 68, 3671 }, // U+B818
    { 15, 19, 288, 1, 17, 72, 3739 }, // U+B819
    { 16, 19, 288, 1, 17, 76, 3811 }, // U+B81B
    { 16, 19, 288, 1, 17, 76, 3887 }, // U+B81D
    { 15, 19, 288, 1, 17, 72, 3963 }, // U+B824
    { 15, 19, 288, 1, 17, 72, 4035 }, // U+B825
    { 16, 19, 288, 1, 17, 76, 4107 }, // U+B828
    { 16, 19, 288, 1, 17, 76, 4183 }, // U+B82C
    { 15, 19, 288, 1, 17, 72, 4259 }, // U+B834
    { 15, 19, 288, 1, 17, 72, 4331 }, // U+B835
    { 16, 19, 288, 1, 17, 76, 4403 }, // U+B837
    { 17, 19, 288, 1, 17, 81, 4479 }, // U+B838
    { 15, 19, 288, 1, 17, 72, 4560 }, // U+B839
    { 16, 19, 288, 1, 17, 76, 4632 }, // U+B840
    { 16, 18, 288, 1, 17, 72, 4708 }, // U+B844
    { 15, 19, 288, 1, 17, 72, 4780 }, // U+B851
    { 16, 19, 288, 1, 17, 76, 4852 }, // U+B853
    { 17, 15, 288, 1, 15, 64, 4928 }, // U+B85C
    { 17, 18, 288, 0, 16, 77, 4992 }, // U+B85D
    { 17, 18, 288, 0, 16, 77, 5069 }, // U+B860
    { 17, 18, 288, 0, 16, 77, 5146 }, // U+B864
    { 17, 18, 288, 0, 16, 77, 5223 }, // U+B86C
    { 17, 18, 288, 0, 16, 77, 5300 }, // U+B86D
    { 17, 18, 288, 0, 16, 77, 5377 }, // U+B86F
    { 17, 18, 288, 0, 16, 77, 5454 }, // U+B871
    { 18, 19, 288, 0, 17, 86, 5531 }, // U+B878
    { 18, 18, 288, 0, 16, 81, 5617 }, // U+B87C
    { 18, 18, 288, 0, 16, 81, 5698 }, // U+B88D
    { 18, 19, 288, 0, 17, 86, 5779 }, // U+B8A8
    { 16, 19, 288, 0, 17, 76, 5865 }, // U+B8B0
    { 17, 19, 288, 0, 17, 81, 5941 }, // U+B8B4
    { 17, 19, 288, 0, 17, 81, 6022 }, // U+B8B8
    { 16, 19, 288, 0, 17, 76, 6103 }, // U+B8C0
    { 16, 19, 288, 0, 17, 76, 6179 }, // U+B8C1
    { 17, 18, 288, 0, 16, 77, 6255 }, // U+B8C3
    { 16, 19, 288, 0, 17, 76, 6332 }, // U+B8C5
    { 17, 15, 288, 1, 15, 64, 6408 }, // U+B8CC
    { 17, 18, 288, 0, 16, 77, 6472 }, // U+B8D0
    { 17, 18, 288, 0, 16, 77, 6549 }, // U+B8D4
    { 17, 18, 288, 0, 16, 77, 6626 }, // U+B8DD
    { 17, 18, 288, 0, 16, 77, 6703 }, // U+B8DF
    { 17, 18, 288, 0, 16, 77, 6780 }, // U+B8E1
    { 17, 18, 288, 0, 16, 77, 6857 }, // U+B8E8
    { 17, 18, 288, 0, 16, 77, 6934 }, // U+B8E9
    { 17, 18, 288, 0, 16, 77, 7011 }, // U+B8EC
    { 17, 18, 288, 0, 16, 77, 7088 }, // U+B8F0
    { 17, 18, 288, 0, 16, 77, 7165 }, // U+B8F8
    { 17, 18, 288, 0, 16, 77, 7242 }, // U+B8F9
    { 17, 18, 288, 0, 16, 77, 7319 }, // U+B8FB
    { 17, 18, 288, 0, 16, 77, 7396 }, // U+B8FD
    { 16, 19, 288, 0, 17, 76, 0 }, // U+B904
    { 18, 19, 288, 0, 17, 86, 76 }, // U+B918
    { 16, 19, 288, 0, 17, 76, 162 }, // U+B920
    { 16, 19, 288, 0, 17, 76, 238 }, // U+B93C
    { 16, 19, 288, 0, 17, 76, 314 }, // U+B93D
    { 17, 19, 288, 0, 17, 81, 390 }, // U+B940
    { 17, 19, 288, 0, 17, 81, 471 }, // U+B944
    { 16, 19, 288, 0, 17, 76, 552 }, // U+B94C
    { 17, 19, 288, 0, 17, 81, 628 }, // U+B94F
    { 16, 19, 288, 0, 17, 76, 709 }, // U+B951
    { 17, 18, 288, 0, 16, 77, 785 }, // U+B958
    { 17, 18, 288, 0, 16, 77, 862 }, // U+B959
    { 17, 18, 288, 0, 16, 77, 939 }, // U+B95C
    { 17, 18, 288, 0, 16, 77, 1016 }, // U+B960
    { 17, 18, 288, 0, 16, 77, 1093 }, // U+B968
    { 17, 19, 288, 0, 17, 81, 1170 }, // U+B969
    { 17, 18, 288, 0, 16, 77, 1251 }, // U+B96B
    { 17, 18, 288, 0, 16, 77, 1328 }, // U+B96D
    { 17, 15, 288, 1, 15, 64, 1405 }, // U+B974
    { 17, 18, 288, 0, 16, 77, 1469 }, // U+B975
    { 17, 18, 288, 0, 16, 77, 1546 }, // U+B978
    { 17, 18, 288, 0, 16, 77, 1623 }, // U+B97C
    { 17, 18, 288, 0, 16, 77, 1700 }, // U+B984
    { 17, 18, 288, 0, 16, 77, 1777 }, // U+B985
    { 17, 18, 288, 0, 16, 77, 1854 }, // U+B987
    { 17, 18, 288, 0, 16, 77, 1931 }, // U+B989
    { 17, 18, 288, 0, 16, 77, 2008 }, // U+B98A
    { 17, 18, 288, 0, 16, 77, 2085 }, // U+B98D
    { 17, 18, 288, 0, 16, 77, 2162 }, // U+B98E
    { 15, 19, 288, 1, 17, 72, 2239 }, // U+B9AC
    { 15, 19, 288, 1, 17, 72, 2311 }, // U+B9AD
    { 16, 19, 288, 1, 17, 76, 2383 }, // U+B9B0
    { 16, 19, 288, 1, 17, 76, 2459 }, // U+B9B4
    { 15, 19, 288, 1, 17, 72, 2535 }, // U+B9BC
    { 15, 18, 288, 1, 16, 68, 2607 }, // U+B9BD
    { 16, 19, 288, 1, 17, 76, 2675 }, // U+B9BF
    { 15, 19, 288, 1, 17, 72, 2751 }, // U+B9C1
    { 17, 19, 288, 1, 17, 81, 2823 }, // U+B9C8
    { 17, 19, 288, 1, 17, 81, 2904 }, // U+B9C9
    { 17, 19, 288, 1, 17, 81, 2985 }, // U+B9CC
    { 17, 19, 288, 1, 17, 81, 3066 }, // U+B9CE
    { 17, 19, 288, 1, 17, 81, 3147 }, // U+B9CF
    { 17, 19, 288, 1, 17, 81, 3228 }, // U+B9D0
    { 17, 19, 288, 1, 17, 81, 3309 }, // U+B9D1
    { 17, 19, 288, 1, 17, 81, 3390 }, // U+B9D2
    { 17, 19, 288, 1, 17, 81, 3471 }, // U+B9D8
    { 17, 19, 288, 1, 17, 81, 3552 }, // U+B9D9
    { 17, 19, 288, 1, 17, 81, 3633 }, // U+B9DB
    { 17, 19, 288, 1, 17, 81, 3714 }, // U+B9DD
    { 17, 19, 288, 1, 17, 81, 3795 }, // U+B9DE
    { 17, 19, 288, 1, 17, 81, 3876 }, // U+B9E1
    { 17, 19, 288, 1, 17, 81, 3957 }, // U+B9E3
    { 16, 19, 288, 1, 17, 76, 4038 }, // U+B9E4
    { 15, 19, 288, 1, 17, 72, 4114 }, // U+B9E5
    { 16, 19, 288, 1, 17, 76, 4186 }, // U+B9E8
    { 16, 19, 288, 1, 17, 76, 4262 }, // U+B9EC
    { 15, 19, 288, 1, 17, 72, 4338 }, // U+B9F4
    { 15, 18, 288, 1, 16, 68, 4410 }, // U+B9F5
    { 16, 19, 288, 1, 17, 76, 4478 }, // U+B9F7
    { 17, 19, 288, 1, 17, 81, 4554 }, // U+B9F8
    { 16, 19, 288, 1, 17, 76, 4635 }, // U+B9F9
    { 16, 19, 288, 1, 17, 76, 4711 }, // U+B9FA
    { 17, 19, 288, 1, 17, 81, 4787 }, // U+BA00
    { 17, 18, 288, 1, 16, 77, 4868 }, // U+BA01
    { 17, 19, 288, 1, 17, 81, 4945 }, // U+BA08
    { 17, 18, 288, 1, 16, 77, 5026 }, // U+BA15
    { 15, 19, 288, 1, 17, 72, 5103 }, // U+BA38
    { 15, 19, 288, 1, 17, 72, 5175 }, // U+BA39
    { 16, 19, 288, 1, 17, 76, 5247 }, // U+BA3C
    { 16, 19, 288, 1, 17, 76, 5323 }, // U+BA40
    { 15, 19, 288, 1, 17, 72, 5399 }, // U+BA42
    { 15, 19, 288, 1, 17, 72, 5471 }, // U+BA48
    { 15, 19, 288, 1, 17, 72, 5543 }, // U+BA49
    { 16, 19, 288, 1, 17, 76, 5615 }, // U+BA4B
    { 15, 19, 288, 1, 17, 72, 5691 }, // U+BA4D
    { 16, 19, 288, 1, 17, 76, 5763 }, // U+BA4E
    { 15, 19, 288, 1, 17, 72, 5839 }, // U+BA53
    { 16, 19, 288, 1, 17, 76, 5911 }, // U+BA54
    { 15, 19, 288, 1, 17, 72, 5987 }, // U+BA55
    { 16, 19, 288, 1, 17, 76, 6059 }, // U+BA58
    { 16, 19, 288, 1, 17, 76, 6135 }, // U+BA5C
    { 15, 19, 288, 1, 17, 72, 6211 }, // U+BA64
    { 15, 18, 288, 1, 16, 68, 6283 }, // U+BA65
    { 16, 19, 288, 1, 17, 76, 6351 }, // U+BA67
    { 17, 19, 288, 1, 17, 81, 6427 }, // U+BA68
    { 16, 19, 288, 1, 17, 76, 6508 }, // U+BA69
    { 15, 19, 288, 1, 17, 72, 6584 }, // U+BA70
    { 15, 19, 288, 1, 17, 72, 6656 }, // U+BA71
    { 16, 19, 288, 1, 17, 76, 6728 }, // U+BA74
    { 16, 19, 288, 1, 17, 76, 6804 }, // U+BA78
    { 16, 19, 288, 1, 17, 76, 6880 }, // U+BA83
    { 17, 19, 288, 1, 17, 81, 6956 }, // U+BA84
    { 15, 19, 288, 1, 17, 72, 7037 }, // U+BA85
    { 16, 19, 288, 1, 17, 76, 7109 }, // U+BA87
    { 16, 19, 288, 1, 17, 76, 7185 }, // U+BA8C
    { 17, 15, 288, 1, 15, 64, 7261 }, // U+BAA8
    { 18, 18, 288, 0, 16, 81, 7325 }, // U+BAA9
    { 18, 18, 288, 0, 16, 81, 0 }, // U+BAAB
    { 18, 18, 288, 0, 16, 81, 81 }, // U+BAAC
    { 18, 18, 288, 0, 16, 81, 162 }, // U+BAB0
    { 18, 18, 288, 0, 16, 81, 243 }, // U+BAB2
    { 18, 18, 288, 0, 16, 81, 324 }, // U+BAB8
    { 18, 18, 288, 0, 16, 81, 405 }, // U+BAB9
    { 18, 18, 288, 0, 16, 81, 486 }, // U+BABB
    { 18, 18, 288, 0, 16, 81, 567 }, // U+BABD
    { 18, 19, 288, 0, 17, 86, 648 }, // U+BAC4
    { 18, 19, 288, 0, 17, 86, 734 }, // U+BAC8
    { 18, 19, 288, 0, 17, 86, 820 }, // U+BAD8
    { 18, 19, 288, 0, 17, 86, 906 }, // U+BAD9
    { 16, 19, 288, 0, 17, 76, 992 }, // U+BAFC
    { 17, 19, 288, 0, 17, 81, 1068 }, // U+BB00
    { 17, 19, 288, 0, 17, 81, 1149 }, // U+BB04
    { 16, 19, 288, 0, 17, 76, 1230 }, // U+BB0D
    { 17, 18, 288, 0, 16, 77, 1306 }, // U+BB0F
    { 16, 19, 288, 0, 17, 76, 1383 }, // U+BB11
    { 17, 15, 288, 1, 15, 64, 1459 }, // U+BB18
    { 18, 18, 288, 0, 16, 81, 1523 }, // U+BB1C
    { 18, 18, 288, 0, 16, 81, 1604 }, // U+BB20
    { 18, 18, 288, 0, 16, 81, 1685 }, // U+BB29
    { 18, 18, 288, 0, 16, 81, 1766 }, // U+BB2B
    { 17, 18, 288, 0, 16, 77, 1847 }, // U+BB34
    { 18, 18, 288, 0, 16, 81, 1924 }, // U+BB35
    { 18, 18, 288, 0, 16, 81, 2005 }, // U+BB36
    { 17, 18, 288, 0, 16, 77, 2086 }, // U+BB38
    { 18, 18, 288, 0, 16, 81, 2163 }, // U+BB3B
    { 18, 18, 288, 0, 16, 81, 2244 }, // U+BB3C
    { 18, 18, 288, 0, 16, 81, 2325 }, // U+BB3D
    { 18, 18, 288, 0, 16, 81, 2406 }, // U+BB3E
    { 18, 18, 288, 0, 16, 81, 2487 }, // U+BB44
    { 18, 18, 288, 0, 16, 81, 2568 }, // U+BB45
    { 17, 18, 288, 1, 16, 77, 2649 }, // U+BB47
    { 18, 18, 288, 0, 16, 81, 2726 }, // U+BB49
    { 18, 18, 288, 0, 16, 81, 2807 }, // U+BB4D
    { 18, 18, 288, 0, 16, 81, 2888 }, // U+BB4F
    { 16, 19, 288, 0, 17, 76, 2969 }, // U+BB50
    { 17, 19, 288, 0, 17, 81, 3045 }, // U+BB54
    { 17, 19, 288, 0, 17, 81, 3126 }, // U+BB58
    { 16, 19, 288, 0, 17, 76, 3207 }, // U+BB61
    { 17, 19, 288, 0, 17, 81, 3283 }, // U+BB63
    { 16, 19, 288, 0, 17, 76, 3364 }, // U+BB6C
    { 16, 19, 288, 0, 17, 76, 3440 }, // U+BB88
    { 17, 19, 288, 0, 17, 81, 3516 }, // U+BB8C
    { 17, 19, 288, 0, 17, 81, 3597 }, // U+BB90
    { 17, 18, 288, 0, 16, 77, 3678 }, // U+BBA4
    { 17, 18, 288, 0, 16, 77, 3755 }, // U+BBA8
    { 18, 18, 288, 0, 16, 81, 3832 }, // U+BBAC
    { 18, 18, 288, 0, 16, 81, 3913 }, // U+BBB4
    { 18, 18, 288, 0, 16, 81, 3994 }, // U+BBB7
    { 17, 15, 288, 1, 15, 64, 4075 }, // U+BBC0
    { 18, 18, 288, 0, 16, 81, 4139 }, // U+BBC4
    { 18, 18, 288, 0, 16, 81, 4220 }, // U+BBC8
    { 18, 18, 288, 0, 16, 81, 4301 }, // U+BBD0
    { 18, 18, 288, 0, 16, 81, 4382 }, // U+BBD3
    { 14, 19, 288, 2, 17, 67, 4463 }, // U+BBF8
    { 15, 19, 288, 1, 17, 72, 4530 }, // U+BBF9
    { 16, 17, 288, 1, 16, 68, 4602 }, // U+BBFC
    { 16, 19, 288, 1, 17, 76, 4670 }, // U+BBFF
    { 16, 19, 288, 1, 17, 76, 4746 }, // U+BC00
    { 15, 19, 288, 1, 17, 72, 4822 }, // U+BC02
    { 15, 19, 288, 1, 17, 72, 4894 }, // U+BC08
    { 15, 19, 288, 1, 17, 72, 4966 }, // U+BC09
    { 16, 19, 288, 1, 17, 76, 5038 }, // U+BC0B
    { 17, 19, 288, 1, 17, 81, 5114 }, // U+BC0C
    { 15, 19, 288, 1, 17, 72, 5195 }, // U+BC0D
    { 16, 19, 288, 1, 17, 76, 5267 }, // U+BC0F
    { 16, 19, 288, 1, 17, 76, 5343 }, // U+BC11
    { 17, 19, 288, 1, 17, 81, 5419 }, // U+BC14
    { 17, 18, 288, 1, 16, 77, 5500 }, // U+BC15
    { 17, 19, 288, 1, 17, 81, 5577 }, // U+BC16
    { 17, 19, 288, 1, 17, 81, 5658 }, // U+BC17
    { 17, 19, 288, 1, 17, 81, 5739 }, // U+BC18
    { 17, 19, 288, 1, 17, 81, 5820 }, // U+BC1B
    { 17, 19, 288, 1, 17, 81, 5901 }, // U+BC1C
    { 17, 19, 288, 1, 17, 81, 5982 }, // U+BC1D
    { 17, 19, 288, 1, 17, 81, 6063 }, // U+BC1E
    { 17, 19, 288, 1, 17, 81, 6144 }, // U+BC1F
    { 17, 19, 288, 1, 17, 81, 6225 }, // U+BC24
    { 17, 18, 288, 1, 16, 77, 6306 }, // U+BC25
    { 17, 19, 288, 1, 17, 81, 6383 }, // U+BC27
    { 17, 19, 288, 1, 17, 81, 6464 }, // U+BC29
    { 17, 19, 288, 1, 17, 81, 6545 }, // U+BC2D
    { 16, 19, 288, 1, 17, 76, 6626 }, // U+BC30
    { 15, 19, 288, 1, 17, 72, 6702 }, // U+BC31
    { 16, 19, 288, 1, 17, 76, 6774 }, // U+BC34
    { 16, 19, 288, 1, 17, 76, 6850 }, // U+BC38
    { 15, 19, 288, 1, 17, 72, 6926 }, // U+BC40
    { 15, 18, 288, 1, 16, 68, 6998 }, // U+BC41
    { 17, 19, 288, 1, 17, 81, 7066 }, // U+BC43
    { 17, 19, 288, 1, 17, 81, 7147 }, // U+BC44
    { 16, 19, 288, 1, 17, 76, 7228 }, // U+BC45
    { 16, 19, 288, 1, 17, 76, 7304 }, // U+BC49
    { 17, 19, 288, 1, 17, 81, 0 }, // U+BC4C
    { 17, 18, 288, 1, 16, 77, 81 }, // U+BC4D
    { 17, 19, 288, 1, 17, 81, 158 }, // U+BC50
    { 17, 18, 288, 1, 16, 77, 239 }, // U+BC5D
    { 15, 19, 288, 1, 17, 72, 316 }, // U+BC84
    { 15, 19, 288, 1, 17, 72, 388 }, // U+BC85
    { 16, 19, 288, 1, 17, 76, 460 }, // U+BC88
    { 16, 19, 288, 1, 17, 76, 536 }, // U+BC8B
    { 16, 19, 288, 1, 17, 76, 612 }, // U+BC8C
    { 15, 19, 288, 1, 17, 72, 688 }, // U+BC8E
    { 15, 19, 288, 1, 17, 72, 760 }, // U+BC94
    { 15, 18, 288, 1, 16, 68, 832 }, // U+BC95
    { 16, 19, 288, 1, 17, 76, 900 }, // U+BC97
    { 15, 19, 288, 1, 17, 72, 976 }, // U+BC99
    { 16, 19, 288, 1, 17, 76, 1048 }, // U+BC9A
    { 16, 19, 288, 1, 17, 76, 1124 }, // U+BCA0
    { 15, 18, 288, 1, 16, 68, 1200 }, // U+BCA1
    { 16, 19, 288, 1, 17, 76, 1268 }, // U+BCA4
    { 16, 19, 288, 1, 17, 76, 1344 }, // U+BCA7
    { 16, 19, 288, 1, 17, 76, 1420 }, // U+BCA8
    { 15, 19, 288, 1, 17, 72, 1496 }, // U+BCB0
    { 15, 19, 288, 1, 17, 72, 1568 }, // U+BCB1
    { 17, 19, 288, 1, 17, 81, 1640 }, // U+BCB3
    { 17, 19, 288, 1, 17, 81, 1721 }, // U+BCB4
    { 16, 19, 288, 1, 17, 76, 1802 }, // U+BCB5
    { 15, 19, 288, 1, 17, 72, 1878 }, // U+BCBC
    { 15, 19, 288, 1, 17, 72, 1950 }, // U+BCBD
    { 16, 19, 288, 1, 17, 76, 2022 }, // U+BCC0
    { 16, 19, 288, 1, 17, 76, 2098 }, // U+BCC4
    { 15, 18, 288, 1, 16, 68, 2174 }, // U+BCCD
    { 16, 19, 288, 1, 17, 76, 2242 }, // U+BCCF
    { 17, 19, 288, 1, 17, 81, 2318 }, // U+BCD0
    { 15, 19, 288, 1, 17, 72, 2399 }, // U+BCD1
    { 16, 19, 288, 1, 17, 76, 2471 }, // U+BCD5
    { 16, 19, 288, 1, 17, 76, 2547 }, // U+BCD8
    { 16, 19, 288, 1, 17, 76, 2623 }, // U+BCDC
    { 17, 16, 288, 1, 16, 68, 2699 }, // U+BCF4
    { 18, 18, 288, 0, 16, 81, 2767 }, // U+BCF5
    { 18, 18, 288, 0, 16, 81, 2848 }, // U+BCF6
    { 18, 18, 288, 0, 16, 81, 2929 }, // U+BCF8
    { 18, 18, 288, 0, 16, 81, 3010 }, // U+BCFC
    { 18, 19, 288, 0, 17, 86, 3091 }, // U+BD04
    { 18, 19, 288, 0, 17, 86, 3177 }, // U+BD05
    { 18, 18, 288, 0, 16, 81, 3263 }, // U+BD07
    { 18, 18, 288, 0, 16, 81, 3344 }, // U+BD09
    { 18, 19, 288, 0, 17, 86, 3425 }, // U+BD10
    { 18, 18, 288, 0, 16, 81, 3511 }, // U+BD14
    { 18, 19, 288, 0, 17, 86, 3592 }, // U+BD24
    { 16, 19, 288, 0, 17, 76, 3678 }, // U+BD2C
    { 18, 19, 288, 0, 17, 86, 3754 }, // U+BD40
    { 16, 19, 288, 0, 17, 76, 3840 }, // U+BD48
    { 16, 19, 288, 0, 17, 76, 3916 }, // U+BD49
    { 17, 19, 288, 0, 17, 81, 3992 }, // U+BD4C
    { 17, 19, 288, 0, 17, 81, 4073 }, // U+BD50
    { 16, 19, 288, 0, 17, 76, 4154 }, // U+BD58
    { 16, 19, 288, 0, 17, 76, 4230 }, // U+BD59
    { 17, 16, 288, 1, 16, 68, 4306 }, // U+BD64
    { 18, 18, 288, 0, 16, 81, 4374 }, // U+BD68
    { 17, 18, 288, 0, 16, 77, 4455 }, // U+BD80
    { 18, 18, 288, 0, 16, 81, 4532 }, // U+BD81
    { 17, 18, 288, 0, 16, 77, 4613 }, // U+BD84
    { 18, 19, 288, 0, 17, 86, 4690 }, // U+BD87
    { 18, 18, 288, 0, 16, 81, 4776 }, // U+BD88
    { 18, 19, 288, 0, 17, 86, 4857 }, // U+BD89
    { 18, 19, 288, 0, 17, 86, 4943 }, // U+BD8A
    { 18, 19, 288, 0, 17, 86, 5029 }, // U+BD90
    { 18, 19, 288, 0, 17, 86, 5115 }, // U+BD91
    { 17, 19, 288, 1, 17, 81, 5201 }, // U+BD93
    { 18, 18, 288, 0, 16, 81, 5282 }, // U+BD95
    { 18, 18, 288, 0, 16, 81, 5363 }, // U+BD99
    { 18, 19, 288, 0, 17, 86, 5444 }, // U+BD9A
    { 16, 19, 288, 0, 17, 76, 5530 }, // U+BD9C
    { 17, 19, 288, 0, 17, 81, 5606 }, // U+BDA4
    { 18, 19, 288, 0, 17, 86, 5687 }, // U+BDB0
    { 16, 19, 288, 0, 17, 76, 5773 }, // U+BDB8
    { 16, 19, 288, 0, 17, 76, 5849 }, // U+BDD4
    { 16, 19, 288, 0, 17, 76, 5925 }, // U+BDD5
    { 17, 19, 288, 0, 17, 81, 6001 }, // U+BDD8
    { 17, 19, 288, 0, 17, 81, 6082 }, // U+BDDC
    { 16, 19, 288, 0, 17, 76, 6163 }, // U+BDE9
    { 17, 18, 288, 0, 16, 77, 6239 }, // U+BDF0
    { 17, 18, 288, 0, 16, 77, 6316 }, // U+BDF4
    { 18, 18, 288, 0, 16, 81, 6393 }, // U+BDF8
    { 18, 19, 288, 0, 17, 86, 6474 }, // U+BE00
    { 18, 18, 288, 0, 16, 81, 6560 }, // U+BE03
    { 18, 18, 288, 0, 16, 81, 6641 }, // U+BE05
    { 17, 16, 288, 1, 16, 68, 6722 }, // U+BE0C
    { 18, 18, 288, 0, 16, 81, 6790 }, // U+BE0D
    { 18, 18, 288, 0, 16, 81, 6871 }, // U+BE10
    { 18, 18, 288, 0, 16, 81, 6952 }, // U+BE14
    { 18, 18, 288, 0, 16, 81, 7033 }, // U+BE1C
    { 18, 19, 288, 0, 17, 86, 7114 }, // U+BE1D
    { 18, 18, 288, 0, 16, 81, 7200 }, // U+BE1F
    { 14, 19, 288, 2, 17, 67, 7281 }, // U+BE44
    { 15, 18, 288, 1, 16, 68, 7348 }, // U+BE45
    { 16, 19, 288, 1, 17, 76, 7416 }, // U+BE48
    { 16, 19, 288, 1, 17, 76, 0 }, // U+BE4C
    { 15, 19, 288, 1, 17, 72, 76 }, // U+BE4E
    { 15, 19, 288, 1, 17, 72, 148 }, // U+BE54
    { 15, 18, 288, 1, 16, 68, 220 }, // U+BE55
    { 16, 19, 288, 1, 17, 76, 288 }, // U+BE57
    { 15, 19, 288, 1, 17, 72, 364 }, // U+BE59
    { 16, 19, 288, 1, 17, 76, 436 }, // U+BE5A
    { 16, 20, 288, 1, 17, 80, 512 }, // U+BE5B
    { 17, 19, 288, 1, 17, 81, 592 }, // U+BE60
    { 17, 19, 288, 1, 17, 81, 673 }, // U+BE61
    { 17, 19, 288, 1, 17, 81, 754 }, // U+BE64
    { 17, 19, 288, 1, 17, 81, 835 }, // U+BE68
    { 17, 19, 288, 1, 17, 81, 916 }, // U+BE6A
    { 17, 19, 288, 1, 17, 81, 997 }, // U+BE70
    { 17, 18, 288, 1, 16, 77, 1078 }, // U+BE71
    { 17, 19, 288, 1, 17, 81, 1155 }, // U+BE73
    { 17, 19, 288, 1, 17, 81, 1236 }, // U+BE74
    { 17, 19, 288, 1, 17, 81, 1317 }, // U+BE75
    { 17, 19, 288, 1, 17, 81, 1398 }, // U+BE7B
    { 16, 19, 288, 1, 17, 76, 1479 }, // U+BE7C
    { 16, 19, 288, 1, 17, 76, 1555 }, // U+BE7D
    { 17, 19, 288, 1, 17, 81, 1631 }, // U+BE80
    { 17, 19, 288, 1, 17, 81, 1712 }, // U+BE84
    { 16, 19, 288, 1, 17, 76, 1793 }, // U+BE8C
    { 16, 18, 288, 1, 16, 72, 1869 }, // U+BE8D
    { 17, 19, 288, 1, 17, 81, 1941 }, // U+BE8F
    { 17, 19, 288, 1, 17, 81, 2022 }, // U+BE90
    { 16, 19, 288, 1, 17, 76, 2103 }, // U+BE91
    { 17, 19, 288, 1, 17, 81, 2179 }, // U+BE98
    { 17, 19, 288, 1, 17, 81, 2260 }, // U+BE99
    { 17, 19, 288, 1, 17, 81, 2341 }, // U+BEA8
    { 15, 19, 288, 1, 17, 72, 2422 }, // U+BED0
    { 15, 19, 288, 1, 17, 72, 2494 }, // U+BED1
    { 16, 19, 288, 1, 17, 76, 2566 }, // U+BED4
    { 16, 19, 288, 1, 17, 76, 2642 }, // U+BED7
    { 16, 19, 288, 1, 17, 76, 2718 }, // U+BED8
    { 15, 19, 288, 1, 17, 72, 2794 }, // U+BEE0
    { 16, 19, 288, 1, 17, 76, 2866 }, // U+BEE3
    { 17, 19, 288, 1, 17, 81, 2942 }, // U+BEE4
    { 16, 19, 288, 1, 17, 76, 3023 }, // U+BEE5
    { 16, 19, 288, 1, 17, 76, 3099 }, // U+BEEC
    { 16, 19, 288, 1, 17, 76, 3175 }, // U+BF01
    { 15, 19, 288, 1, 17, 72, 3251 }, // U+BF08
    { 15, 19, 288, 1, 17, 72, 3323 }, // U+BF09
    { 15, 19, 288, 1, 17, 72, 3395 }, // U+BF18
    { 15, 19, 288, 1, 17, 72, 3467 }, // U+BF19
    { 16, 19, 288, 1, 17, 76, 3539 }, // U+BF1B
    { 17, 19, 288, 1, 17, 81, 3615 }, // U+BF1C
    { 16, 19, 288, 1, 17, 76, 3696 }, // U+BF1D
    { 17, 15, 288, 1, 15, 64, 3772 }, // U+BF40
    { 17, 18, 288, 1, 16, 77, 3836 }, // U+BF41
    { 17, 18, 288, 0, 16, 77, 3913 }, // U+BF44
    { 18, 18, 288, 0, 16, 81, 3990 }, // U+BF48
    { 18, 18, 288, 0, 16, 81, 4071 }, // U+BF50
    { 18, 19, 288, 0, 17, 86, 4152 }, // U+BF51
    { 18, 18, 288, 0, 16, 81, 4238 }, // U+BF55
    { 16, 19, 288, 0, 17, 76, 4319 }, // U+BF94
    { 17, 16, 288, 1, 16, 68, 4395 }, // U+BFB0
    { 18, 18, 288, 0, 16, 81, 4463 }, // U+BFC5
    { 17, 18, 288, 0, 16, 77, 4544 }, // U+BFCC
    { 18, 18, 288, 0, 16, 81, 4621 }, // U+BFCD
    { 17, 18, 288, 0, 16, 77, 4702 }, // U+BFD0
    { 18, 19, 288, 0, 17, 86, 4779 }, // U+BFD4
    { 18, 18, 288, 0, 16, 81, 4865 }, // U+BFDC
    { 17, 18, 288, 1, 16, 77, 4946 }, // U+BFDF
    { 18, 18, 288, 0, 16, 81, 5023 }, // U+BFE1
    { 17, 18, 288, 0, 16, 77, 5104 }, // U+C03C
    { 18, 18, 288, 0, 16, 81, 5181 }, // U+C051
    { 17, 15, 288, 1, 15, 64, 5262 }, // U+C058
    { 17, 18, 288, 0, 16, 77, 5326 }, // U+C05C
    { 18, 19, 288, 0, 17, 86, 5403 }, // U+C060
    { 18, 18, 288, 0, 16, 81, 5489 }, // U+C068
    { 18, 18, 288, 0, 16, 81, 5570 }, // U+C069
    { 16, 19, 288, 1, 17, 76, 5651 }, // U+C090
    { 15, 19, 288, 1, 17, 72, 5727 }, // U+C091
    { 16, 19, 288, 1, 17, 76, 5799 }, // U+C094
    { 16, 19, 288, 1, 17, 76, 5875 }, // U+C098
    { 15, 19, 288, 1, 17, 72, 5951 }, // U+C0A0
    { 15, 18, 288, 1, 16, 68, 6023 }, // U+C0A1
    { 16, 19, 288, 1, 17, 76, 6091 }, // U+C0A3
    { 16, 19, 288, 1, 17, 76, 6167 }, // U+C0A5
    { 19, 19, 288, 0, 17, 91, 6243 }, // U+C0AC
    { 18, 18, 288, 0, 16, 81, 6334 }, // U+C0AD
    { 18, 19, 288, 0, 17, 86, 6415 }, // U+C0AF
    { 18, 19, 288, 0, 17, 86, 6501 }, // U+C0B0
    { 18, 19, 288, 0, 17, 86, 6587 }, // U+C0B3
    { 18, 19, 288, 0, 17, 86, 6673 }, // U+C0B4
    { 18, 19, 288, 0, 17, 86, 6759 }, // U+C0B5
    { 18, 19, 288, 0, 17, 86, 6845 }, // U+C0B6
    { 18, 19, 288, 0, 17, 86, 6931 }, // U+C0BC
    { 18, 18, 288, 0, 16, 81, 7017 }, // U+C0BD
    { 18, 19, 288, 0, 17, 86, 7098 }, // U+C0BF
    { 18, 19, 288, 0, 17, 86, 7184 }, // U+C0C0
    { 18, 19, 288, 0, 17, 86, 7270 }, // U+C0C1
    { 18, 19, 288, 0, 17, 86, 7356 }, // U+C0C5
    { 16, 19, 288, 0, 17, 76, 0 }, // U+C0C8
    { 16, 18, 288, 0, 16, 72, 76 }, // U+C0C9
    { 17, 19, 288, 0, 17, 81, 148 }, // U+C0CC
    { 17, 19, 288, 0, 17, 81, 229 }, // U+C0D0
    { 16, 19, 288, 0, 17, 76, 310 }, // U+C0D8
    { 16, 19, 288, 0, 17, 76, 386 }, // U+C0D9
    { 18, 19, 288, 0, 17, 86, 462 }, // U+C0DB
    { 18, 19, 288, 0, 17, 86, 548 }, // U+C0DC
    { 17, 19, 288, 0, 17, 81, 634 }, // U+C0DD
    { 18, 19, 288, 0, 17, 86, 715 }, // U+C0E4
    { 18, 18, 288, 0, 16, 81, 801 }, // U+C0E5
    { 18, 19, 288, 0, 17, 86, 882 }, // U+C0E8
    { 18, 19, 288, 0, 17, 86, 968 }, // U+C0EC
    { 18, 19, 288, 0, 17, 86, 1054 }, // U+C0F4
    { 18, 18, 288, 0, 16, 81, 1140 }, // U+C0F5
    { 18, 19, 288, 0, 17, 86, 1221 }, // U+C0F7
    { 18, 19, 288, 0, 17, 86, 1307 }, // U+C0F9
    { 16, 19, 288, 0, 17, 76, 1393 }, // U+C100
    { 17, 19, 288, 0, 17, 81, 1469 }, // U+C104
    { 17, 19, 288, 0, 17, 81, 1550 }, // U+C108
    { 16, 19, 288, 0, 17, 76, 1631 }, // U+C110
    { 17, 19, 288, 0, 17, 81, 1707 }, // U+C115
    { 16, 19, 288, 0, 17, 76, 1788 }, // U+C11C
    { 15, 19, 288, 1, 17, 72, 1864 }, // U+C11D
    { 16, 19, 288, 0, 17, 76, 1936 }, // U+C11E
    { 18, 19, 288, 0, 17, 86, 2012 }, // U+C11F
    { 17, 19, 288, 0, 17, 81, 2098 }, // U+C120
    { 17, 19, 288, 0, 17, 81, 2179 }, // U+C123
    { 17, 19, 288, 0, 17, 81, 2260 }, // U+C124
    { 16, 19, 288, 0, 17, 76, 2341 }, // U+C126
    { 16, 19, 288, 0, 17, 76, 2417 }, // U+C127
    { 16, 19, 288, 0, 17, 76, 2493 }, // U+C12C
    { 16, 18, 288, 0, 16, 72, 2569 }, // U+C12D
    { 18, 19, 288, 0, 17, 86, 2641 }, // U+C12F
    { 18, 19, 288, 0, 17, 86, 2727 }, // U+C130
    { 16, 19, 288, 0, 17, 76, 2813 }, // U+C131
    { 16, 19, 288, 0, 17, 76, 2889 }, // U+C136
    { 16, 19, 288, 0, 17, 76, 2965 }, // U+C138
    { 16, 18, 288, 0, 16, 72, 3041 }, // U+C139
    { 17, 19, 288, 0, 17, 81, 3113 }, // U+C13C
    { 17, 19, 288, 0, 17, 81, 3194 }, // U+C140
    { 16, 19, 288, 0, 17, 76, 3275 }, // U+C148
    { 16, 19, 288, 0, 17, 76, 3351 }, // U+C149
    { 18, 19, 288, 0, 17, 86, 3427 }, // U+C14B
    { 18, 19, 288, 0, 17, 86, 3513 }, // U+C14C
    { 17, 19, 288, 0, 17, 81, 3599 }, // U+C14D
    { 16, 19, 288, 0, 17, 76, 3680 }, // U+C154
    { 15, 18, 288, 1, 16, 68, 3756 }, // U+C155
    { 17, 19, 288, 0, 17, 81, 3824 }, // U+C158
    { 17, 19, 288, 0, 17, 81, 3905 }, // U+C15C
    { 16, 19, 288, 0, 17, 76, 3986 }, // U+C164
    { 16, 19, 288, 0, 17, 76, 4062 }, // U+C165
    { 18, 19, 288, 0, 17, 86, 4138 }, // U+C167
    { 18, 19, 288, 0, 17, 86, 4224 }, // U+C168
    { 16, 19, 288, 0, 17, 76, 4310 }, // U+C169
    { 16, 19, 288, 0, 17, 76, 4386 }, // U+C170
    { 17, 19, 288, 0, 17, 81, 4462 }, // U+C174
    { 17, 19, 288, 0, 17, 81, 4543 }, // U+C178
    { 17, 19, 288, 0, 17, 81, 4624 }, // U+C185
    { 17, 16, 288, 1, 16, 68, 4705 }, // U+C18C
    { 17, 18, 288, 1, 16, 77, 4773 }, // U+C18D
    { 17, 18, 288, 1, 16, 77, 4850 }, // U+C18E
    { 17, 19, 288, 1, 17, 81, 4927 }, // U+C190
    { 18, 18, 288, 0, 16, 81, 5008 }, // U+C194
    { 18, 18, 288, 0, 16, 81, 5089 }, // U+C196
    { 18, 18, 288, 0, 16, 81, 5170 }, // U+C19C
    { 18, 19, 288, 0, 17, 86, 5251 }, // U+C19D
    { 18, 18, 288, 0, 16, 81, 5337 }, // U+C19F
    { 18, 18, 288, 0, 16, 81, 5418 }, // U+C1A1
    { 18, 19, 288, 0, 17, 86, 5499 }, // U+C1A5
    { 18, 19, 288, 0, 17, 86, 5585 }, // U+C1A8
    { 18, 19, 288, 0, 17, 86, 5671 }, // U+C1A9
    { 18, 19, 288, 0, 17, 86, 5757 }, // U+C1AC
    { 18, 19, 288, 0, 17, 86, 5843 }, // U+C1B0
    { 18, 19, 288, 0, 17, 86, 5929 }, // U+C1BD
    { 16, 19, 288, 0, 17, 76, 6015 }, // U+C1C4
    { 17, 19, 288, 0, 17, 81, 6091 }, // U+C1C8
    { 17, 19, 288, 0, 17, 81, 6172 }, // U+C1CC
    { 16, 19, 288, 0, 17, 76, 6253 }, // U+C1D4
    { 18, 19, 288, 0, 17, 86, 6329 }, // U+C1D7
    { 17, 19, 288, 0, 17, 81, 6415 }, // U+C1D8
    { 16, 19, 288, 0, 17, 76, 6496 }, // U+C1E0
    { 16, 19, 288, 1, 17, 76, 6572 }, // U+C1E4
    { 17, 19, 288, 0, 17, 81, 6648 }, // U+C1E8
    { 15, 19, 288, 1, 17, 72, 6729 }, // U+C1F0
    { 15, 19, 288, 1, 17, 72, 6801 }, // U+C1F1
    { 17, 18, 288, 0, 16, 77, 6873 }, // U+C1F3
    { 17, 16, 288, 1, 16, 68, 6950 }, // U+C1FC
    { 17, 19, 288, 1, 17, 81, 7018 }, // U+C1FD
    { 17, 18, 288, 1, 16, 77, 7099 }, // U+C200
    { 18, 18, 288, 0, 16, 81, 7176 }, // U+C204
    { 18, 18, 288, 0, 16, 81, 7257 }, // U+C20C
    { 18, 19, 288, 0, 17, 86, 7338 }, // U+C20D
    { 18, 19, 288, 0, 17, 86, 0 }, // U+C20F
    { 18, 19, 288, 0, 17, 86, 86 }, // U+C211
    { 18, 18, 288, 0, 16, 81, 172 }, // U+C218
    { 18, 19, 288, 0, 17, 86, 253 }, // U+C219
    { 17, 18, 288, 0, 16, 77, 339 }, // U+C21C
    { 18, 18, 288, 0, 16, 81, 416 }, // U+C21F
    { 18, 19, 288, 0, 17, 86, 497 }, // U+C220
    { 18, 18, 288, 0, 16, 81, 583 }, // U+C228
    { 18, 19, 288, 0, 17, 86, 664 }, // U+C229
    { 17, 19, 288, 1, 17, 81, 750 }, // U+C22B
    { 18, 19, 288, 0, 17, 86, 831 }, // U+C22D
    { 17, 19, 288, 0, 17, 81, 917 }, // U+C22F
    { 18, 18, 288, 0, 16, 81, 998 }, // U+C231
    { 18, 19, 288, 0, 17, 86, 1079 }, // U+C232
    { 16, 19, 288, 0, 17, 76, 1165 }, // U+C234
    { 18, 19, 288, 0, 17, 86, 1241 }, // U+C248
    { 16, 19, 288, 0, 17, 76, 1327 }, // U+C250
    { 16, 19, 288, 0, 17, 76, 1403 }, // U+C251
    { 17, 19, 288, 0, 17, 81, 1479 }, // U+C254
    { 17, 19, 288, 0, 17, 81, 1560 }, // U+C258
    { 16, 19, 288, 0, 17, 76, 1641 }, // U+C260
    { 17, 19, 288, 0, 17, 81, 1717 }, // U+C265
    { 16, 19, 288, 0, 17, 76, 1798 }, // U+C26C
    { 16, 19, 288, 0, 17, 76, 1874 }, // U+C26D
    { 17, 19, 288, 0, 17, 81, 1950 }, // U+C270
    { 17, 19, 288, 0, 17, 81, 2031 }, // U+C274
    { 16, 18, 288, 0, 16, 72, 2112 }, // U+C27C
    { 16, 19, 288, 0, 17, 76, 2184 }, // U+C27D
    { 17, 19, 288, 0, 17, 81, 2260 }, // U+C27F
    { 16, 18, 288, 0, 16, 72, 2341 }, // U+C281
    { 17, 18, 288, 0, 16, 77, 2413 }, // U+C288
    { 18, 19, 288, 0, 17, 86, 2490 }, // U+C289
    { 18, 19, 288, 0, 17, 86, 2576 }, // U+C290
    { 18, 19, 288, 0, 17, 86, 2662 }, // U+C298
    { 18, 19, 288, 0, 17, 86, 2748 }, // U+C29B
    { 18, 19, 288, 0, 17, 86, 2834 }, // U+C29D
    { 17, 16, 288, 1, 16, 68, 2920 }, // U+C2A4
    { 17, 18, 288, 1, 16, 77, 2988 }, // U+C2A5
    { 18, 18, 288, 0, 16, 81, 3065 }, // U+C2A8
    { 18, 19, 288, 0, 17, 86, 3146 }, // U+C2AC
    { 18, 18, 288, 0, 16, 81, 3232 }, // U+C2AD
    { 18, 19, 288, 0, 17, 86, 3313 }, // U+C2B4
    { 18, 19, 288, 0, 17, 86, 3399 }, // U+C2B5
    { 18, 18, 288, 0, 16, 81, 3485 }, // U+C2B7
    { 18, 19, 288, 0, 17, 86, 3566 }, // U+C2B9
    { 16, 19, 288, 0, 17, 76, 3652 }, // U+C2DC
    { 16, 18, 288, 0, 16, 72, 3728 }, // U+C2DD
    { 17, 19, 288, 0, 17, 81, 3800 }, // U+C2E0
    { 17, 19, 288, 0, 17, 81, 3881 }, // U+C2E3
    { 17, 19, 288, 0, 17, 81, 3962 }, // U+C2E4
    { 17, 19, 288, 0, 17, 81, 4043 }, // U+C2EB
    { 16, 19, 288, 0, 17, 76, 4124 }, // U+C2EC
    { 16, 19, 288, 0, 17, 76, 4200 }, // U+C2ED
    { 17, 19, 288, 0, 17, 81, 4276 }, // U+C2EF
    { 16, 19, 288, 0, 17, 76, 4357 }, // U+C2F1
    { 16, 19, 288, 0, 17, 76, 4433 }, // U+C2F6
    { 18, 19, 288, 0, 17, 86, 4509 }, // U+C2F8
    { 18, 19, 288, 0, 17, 86, 4595 }, // U+C2F9
    { 18, 19, 288, 0, 17, 86, 4681 }, // U+C2FB
    { 18, 19, 288, 0, 17, 86, 4767 }, // U+C2FC
    { 18, 19, 288, 0, 17, 86, 4853 }, // U+C300
    { 18, 19, 288, 0, 17, 86, 4939 }, // U+C308
    { 18, 18, 288, 0, 16, 81, 5025 }, // U+C309
    { 18, 19, 288, 0, 17, 86, 5106 }, // U+C30C
    { 18, 19, 288, 0, 17, 86, 5192 }, // U+C30D
    { 18, 19, 288, 0, 17, 86, 5278 }, // U+C313
    { 17, 19, 288, 0, 17, 81, 5364 }, // U+C314
    { 17, 19, 288, 0, 17, 81, 5445 }, // U+C315
    { 17, 18, 288, 0, 17, 77, 5526 }, // U+C318
    { 18, 19, 288, 0, 17, 86, 5603 }, // U+C31C
    { 17, 19, 288, 0, 17, 81, 5689 }, // U+C324
    { 17, 18, 288, 0, 16, 77, 5770 }, // U+C325
    { 18, 19, 288, 0, 17, 86, 5847 }, // U+C328
    { 17, 19, 288, 0, 17, 81, 5933 }, // U+C329
    { 18, 19, 288, 0, 17, 86, 6014 }, // U+C345
    { 16, 19, 288, 0, 17, 76, 6100 }, // U+C368
    { 16, 19, 288, 0, 17, 76, 6176 }, // U+C369
    { 17, 19, 288, 0, 17, 81, 6252 }, // U+C36C
    { 17, 19, 288, 0, 17, 81, 6333 }, // U+C370
    { 16, 19, 288, 0, 17, 76, 6414 }, // U+C372
    { 16, 19, 288, 0, 17, 76, 6490 }, // U+C378
    { 16, 19, 288, 0, 17, 76, 6566 }, // U+C379
    { 18, 19, 288, 0, 17, 86, 6642 }, // U+C37C
    { 17, 19, 288, 0, 17, 81, 6728 }, // U+C37D
    { 17, 19, 288, 0, 17, 81, 6809 }, // U+C384
    { 17, 19, 288, 0, 17, 81, 6890 }, // U+C388
    { 18, 19, 288, 0, 17, 86, 6971 }, // U+C38C
    { 17, 19, 288, 0, 17, 81, 7057 }, // U+C3C0
    { 17, 16, 288, 1, 16, 68, 7138 }, // U+C3D8
    { 17, 18, 288, 1, 16, 77, 7206 }, // U+C3D9
    { 17, 19, 288, 1, 17, 81, 7283 }, // U+C3DC
    { 17, 18, 288, 1, 16, 77, 0 }, // U+C3DF
    { 18, 18, 288, 0, 16, 81, 77 }, // U+C3E0
    { 18, 19, 288, 0, 17, 86, 158 }, // U+C3E2
    { 17, 18, 288, 1, 16, 77, 244 }, // U+C3E8
    { 17, 19, 288, 1, 17, 81, 321 }, // U+C3E9
    { 17, 18, 288, 1, 16, 77, 402 }, // U+C3ED
    { 18, 19, 288, 0, 17, 86, 479 }, // U+C3F4
    { 18, 19, 288, 0, 17, 86, 565 }, // U+C3F5
    { 18, 19, 288, 0, 17, 86, 651 }, // U+C3F8
    { 18, 19, 288, 0, 17, 86, 737 }, // U+C408
    { 17, 19, 288, 0, 17, 81, 823 }, // U+C410
    { 18, 19, 288, 0, 17, 86, 904 }, // U+C424
    { 16, 19, 288, 0, 17, 76, 990 }, // U+C42C
    { 16, 19, 288, 0, 17, 76, 1066 }, // U+C430
    { 17, 19, 288, 0, 17, 81, 1142 }, // U+C434
    { 16, 19, 288, 0, 17, 76, 1223 }, // U+C43C
    { 16, 19, 288, 0, 17, 76, 1299 }, // U+C43D
    { 17, 16, 288, 1, 16, 68, 1375 }, // U+C448
    { 18, 18, 288, 0, 16, 81, 1443 }, // U+C464
    { 17, 19, 288, 1, 17, 81, 1524 }, // U+C465
    { 17, 18, 288, 1, 16, 77, 1605 }, // U+C468
    { 18, 19, 288, 0, 17, 86, 1682 }, // U+C46C
    { 17, 19, 288, 1, 17, 81, 1768 }, // U+C474
    { 17, 19, 288, 1, 17, 81, 1849 }, // U+C475
    { 17, 18, 288, 1, 16, 77, 1930 }, // U+C479
    { 16, 19, 288, 0, 17, 76, 2007 }, // U+C480
    { 18, 19, 288, 0, 17, 86, 2083 }, // U+C494
    { 16, 19, 288, 0, 17, 76, 2169 }, // U+C49C
    { 16, 19, 288, 0, 17, 76, 2245 }, // U+C4B8
    { 17, 19, 288, 0, 17, 81, 2321 }, // U+C4BC
    { 17, 18, 288, 1, 16, 77, 2402 }, // U+C4E9
    { 17, 15, 288, 1, 15, 64, 2479 }, // U+C4F0
    { 17, 19, 288, 1, 17, 81, 2543 }, // U+C4F1
    { 17, 18, 288, 1, 16, 77, 2624 }, // U+C4F4
    { 18, 19, 288, 0, 17, 86, 2701 }, // U+C4F8
    { 18, 18, 288, 0, 16, 81, 2787 }, // U+C4FA
    { 18, 19, 288, 0, 17, 86, 2868 }, // U+C4FF
    { 17, 19, 288, 1, 17, 81, 2954 }, // U+C500
    { 17, 19, 288, 1, 17, 81, 3035 }, // U+C501
    { 16, 19, 288, 0, 17, 76, 3116 }, // U+C50C
    { 16, 19, 288, 0, 17, 76, 3192 }, // U+C510
    { 17, 19, 288, 0, 17, 81, 3268 }, // U+C514
    { 16, 19, 288, 0, 17, 76, 3349 }, // U+C51C
    { 16, 19, 288, 0, 17, 76, 3425 }, // U+C528
    { 16, 19, 288, 0, 17, 76, 3501 }, // U+C529
    { 17, 19, 288, 0, 17, 81, 3577 }, // U+C52C
    { 17, 19, 288, 0, 17, 81, 3658 }, // U+C530
    { 16, 19, 288, 0, 17, 76, 3739 }, // U+C538
    { 16, 18, 288, 0, 16, 72, 3815 }, // U+C539
    { 18, 19, 288, 0, 17, 86, 3887 }, // U+C53B
    { 16, 19, 288, 0, 17, 76, 3973 }, // U+C53D
    { 17, 19, 288, 1, 17, 81, 4049 }, // U+C544
    { 17, 19, 288, 1, 17, 81, 4130 }, // U+C545
    { 17, 19, 288, 1, 17, 81, 4211 }, // U+C548
    { 17, 19, 288, 1, 17, 81, 4292 }, // U+C549
    { 17, 19, 288, 1, 17, 81, 4373 }, // U+C54A
    { 17, 19, 288, 1, 17, 81, 4454 }, // U+C54C
    { 17, 19, 288, 1, 17, 81, 4535 }, // U+C54D
    { 17, 18, 288, 1, 16, 77, 4616 }, // U+C54E
    { 17, 18, 288, 1, 16, 77, 4693 }, // U+C553
    { 17, 19, 288, 1, 17, 81, 4770 }, // U+C554
    { 17, 19, 288, 1, 17, 81, 4851 }, // U+C555
    { 17, 19, 288, 1, 17, 81, 4932 }, // U+C557
    { 17, 19, 288, 1, 17, 81, 5013 }, // U+C558
    { 17, 19, 288, 1, 17, 81, 5094 }, // U+C559
    { 17, 19, 288, 1, 17, 81, 5175 }, // U+C55D
    { 17, 19, 288, 1, 17, 81, 5256 }, // U+C55E
    { 16, 19, 288, 1, 17, 76, 5337 }, // U+C560
    { 16, 19, 288, 0, 17, 76, 5413 }, // U+C561
    { 17, 19, 288, 0, 17, 81, 5489 }, // U+C564
    { 17, 19, 288, 0, 17, 81, 5570 }, // U+C568
    { 16, 19, 288, 0, 17, 76, 5651 }, // U+C570
    { 16, 18, 288, 0, 16, 72, 5727 }, // U+C571
    { 17, 19, 288, 0, 17, 81, 5799 }, // U+C573
    { 18, 19, 288, 0, 17, 86, 5880 }, // U+C574
    { 17, 19, 288, 0, 17, 81, 5966 }, // U+C575
    { 17, 19, 288, 1, 17, 81, 6047 }, // U+C57C
    { 17, 18, 288, 1, 16, 77, 6128 }, // U+C57D
    { 17, 19, 288, 1, 17, 81, 6205 }, // U+C580
    { 17, 19, 288, 1, 17, 81, 6286 }, // U+C584
    { 17, 19, 288, 1, 17, 81, 6367 }, // U+C587
    { 17, 19, 288, 1, 17, 81, 6448 }, // U+C58C
    { 17, 19, 288, 1, 17, 81, 6529 }, // U+C58D
    { 17, 19, 288, 1, 17, 81, 6610 }, // U+C58F
    { 17, 19, 288, 1, 17, 81, 6691 }, // U+C591
    { 17, 19, 288, 1, 17, 81, 6772 }, // U+C595
    { 17, 20, 288, 1, 17, 85, 6853 }, // U+C597
    { 16, 19, 288, 1, 17, 76, 6938 }, // U+C598
    { 17, 19, 288, 0, 17, 81, 7014 }, // U+C59C
    { 17, 19, 288, 0, 17, 81, 7095 }, // U+C5A0
    { 16, 18, 288, 0, 16, 72, 7176 }, // U+C5A9
    { 15, 19, 288, 1, 17, 72, 0 }, // U+C5B4
    { 15, 19, 288, 1, 17, 72, 72 }, // U+C5B5
    { 16, 19, 288, 1, 17, 76, 144 }, // U+C5B8
    { 16, 18, 288, 1, 16, 72, 220 }, // U+C5B9
    { 16, 19, 288, 1, 17, 76, 292 }, // U+C5BB
    { 16, 19, 288, 1, 17, 76, 368 }, // U+C5BC
    { 15, 19, 288, 1, 17, 72, 444 }, // U+C5BD
    { 15, 19, 288, 1, 17, 72, 516 }, // U+C5BE
    { 15, 19, 288, 1, 17, 72, 588 }, // U+C5C4
    { 15, 19, 288, 1, 17, 72, 660 }, // U+C5C5
    { 17, 19, 288, 1, 17, 81, 732 }, // U+C5C6
    { 16, 19, 288, 1, 17, 76, 813 }, // U+C5C7
    { 17, 19, 288, 1, 17, 81, 889 }, // U+C5C8
    { 15, 19, 288, 1, 17, 72, 970 }, // U+C5C9
    { 16, 19, 288, 1, 17, 76, 1042 }, // U+C5CA
    { 15, 19, 288, 1, 17, 72, 1118 }, // U+C5CC
    { 16, 19, 288, 1, 17, 76, 1190 }, // U+C5CE
    { 16, 19, 288, 1, 17, 76, 1266 }, // U+C5D0
    { 16, 19, 288, 0, 17, 76, 1342 }, // U+C5D1
    { 17, 19, 288, 0, 17, 81, 1418 }, // U+C5D4
    { 17, 19, 288, 0, 17, 81, 1499 }, // U+C5D8
    { 16, 19, 288, 0, 17, 76, 1580 }, // U+C5E0
    { 16, 18, 288, 0, 16, 72, 1656 }, // U+C5E1
    { 17, 19, 288, 0, 17, 81, 1728 }, // U+C5E3
    { 17, 19, 288, 0, 17, 81, 1809 }, // U+C5E5
    { 15, 19, 288, 1, 17, 72, 1890 }, // U+C5EC
    { 15, 19, 288, 1, 17, 72, 1962 }, // U+C5ED
    { 15, 19, 288, 1, 17, 72, 2034 }, // U+C5EE
    { 16, 19, 288, 1, 17, 76, 2106 }, // U+C5F0
    { 16, 19, 288, 1, 17, 76, 2182 }, // U+C5F4
    { 15, 19, 288, 1, 17, 72, 2258 }, // U+C5F6
    { 15, 19, 288, 1, 17, 72, 2330 }, // U+C5F7
    { 15, 19, 288, 1, 17, 72, 2402 }, // U+C5FC
    { 15, 19, 288, 1, 17, 72, 2474 }, // U+C5FD
    { 17, 19, 288, 1, 17, 81, 2546 }, // U+C5FE
    { 16, 19, 288, 1, 17, 76, 2627 }, // U+C5FF
    { 17, 19, 288, 1, 17, 81, 2703 }, // U+C600
    { 15, 19, 288, 1, 17, 72, 2784 }, // U+C601
    { 16, 19, 288, 1, 17, 76, 2856 }, // U+C605
    { 16, 19, 288, 1, 17, 76, 2932 }, // U+C606
    { 15, 19, 288, 1, 17, 72, 3008 }, // U+C607
    { 16, 19, 288, 0, 17, 76, 3080 }, // U+C608
    { 17, 19, 288, 0, 17, 81, 3156 }, // U+C60C
    { 17, 19, 288, 0, 17, 81, 3237 }, // U+C610
    { 16, 19, 288, 0, 17, 76, 3318 }, // U+C618
    { 16, 18, 288, 0, 16, 72, 3394 }, // U+C619
    { 17, 19, 288, 0, 17, 81, 3466 }, // U+C61B
    { 18, 19, 288, 0, 17, 86, 3547 }, // U+C61C
    { 17, 16, 288, 1, 16, 68, 3633 }, // U+C624
    { 18, 19, 288, 0, 17, 86, 3701 }, // U+C625
    { 18, 18, 288, 0, 16, 81, 3787 }, // U+C628
    { 18, 19, 288, 0, 17, 86, 3868 }, // U+C62C
    { 18, 19, 288, 0, 17, 86, 3954 }, // U+C62D
    { 18, 19, 288, 0, 17, 86, 4040 }, // U+C62E
    { 18, 19, 288, 0, 17, 86, 4126 }, // U+C630
    { 18, 19, 288, 0, 17, 86, 4212 }, // U+C633
    { 18, 19, 288, 0, 17, 86, 4298 }, // U+C634
    { 18, 19, 288, 0, 17, 86, 4384 }, // U+C635
    { 18, 18, 288, 0, 16, 81, 4470 }, // U+C637
    { 18, 18, 288, 0, 16, 81, 4551 }, // U+C639
    { 18, 19, 288, 0, 17, 86, 4632 }, // U+C63B
    { 18, 19, 288, 0, 17, 86, 4718 }, // U+C640
    { 18, 19, 288, 0, 17, 86, 4804 }, // U+C641
    { 18, 19, 288, 0, 17, 86, 4890 }, // U+C644
    { 18, 19, 288, 0, 17, 86, 4976 }, // U+C648
    { 18, 19, 288, 0, 17, 86, 5062 }, // U+C650
    { 18, 19, 288, 0, 17, 86, 5148 }, // U+C651
    { 18, 18, 288, 0, 16, 81, 5234 }, // U+C653
    { 18, 19, 288, 0, 17, 86, 5315 }, // U+C654
    { 18, 19, 288, 0, 17, 86, 5401 }, // U+C655
    { 16, 19, 288, 0, 17, 76, 5487 }, // U+C65C
    { 17, 19, 288, 0, 17, 81, 5563 }, // U+C65D
    { 17, 19, 288, 0, 17, 81, 5644 }, // U+C660
    { 17, 19, 288, 0, 17, 81, 5725 }, // U+C66C
    { 18, 19, 288, 0, 17, 86, 5806 }, // U+C66F
    { 17, 19, 288, 0, 17, 81, 5892 }, // U+C671
    { 15, 19, 288, 1, 17, 72, 5973 }, // U+C678
    { 16, 19, 288, 0, 17, 76, 6045 }, // U+C679
    { 17, 19, 288, 0, 17, 81, 6121 }, // U+C67C
    { 17, 19, 288, 0, 17, 81, 6202 }, // U+C680
    { 16, 19, 288, 0, 17, 76, 6283 }, // U+C688
    { 16, 19, 288, 0, 17, 76, 6359 }, // U+C689
    { 17, 19, 288, 0, 17, 81, 6435 }, // U+C68B
    { 16, 19, 288, 0, 17, 76, 6516 }, // U+C68D
    { 17, 16, 288, 1, 16, 68, 6592 }, // U+C694
    { 18, 18, 288, 0, 16, 81, 6660 }, // U+C695
    { 18, 18, 288, 0, 16, 81, 6741 }, // U+C698
    { 18, 19, 288, 0, 17, 86, 6822 }, // U+C69C
    { 18, 19, 288, 0, 17, 86, 6908 }, // U+C6A4
    { 18, 19, 288, 0, 17, 86, 6994 }, // U+C6A5
    { 18, 19, 288, 0, 17, 86, 7080 }, // U+C6A7
    { 18, 19, 288, 0, 17, 86, 7166 }, // U+C6A9
    { 17, 18, 288, 0, 16, 77, 7252 }, // U+C6B0
    { 18, 19, 288, 0, 17, 86, 7329 }, // U+C6B1
    { 17, 19, 288, 0, 17, 81, 7415 }, // U+C6B4
    { 18, 19, 288, 0, 17, 86, 0 }, // U+C6B8
    { 18, 19, 288, 0, 17, 86, 86 }, // U+C6B9
    { 18, 19, 288, 0, 17, 86, 172 }, // U+C6BA
    { 18, 19, 288, 0, 17, 86, 258 }, // U+C6C0
    { 18, 19, 288, 0, 17, 86, 344 }, // U+C6C1
    { 17, 19, 288, 1, 17, 81, 430 }, // U+C6C3
    { 18, 18, 288, 0, 16, 81, 511 }, // U+C6C5
    { 16, 19, 288, 0, 17, 76, 592 }, // U+C6CC
    { 16, 19, 288, 0, 17, 76, 668 }, // U+C6CD
    { 17, 19, 288, 0, 17, 81, 744 }, // U+C6D0
    { 17, 19, 288, 0, 17, 81, 825 }, // U+C6D4
    { 16, 19, 288, 0, 17, 76, 906 }, // U+C6DC
    { 16, 19, 288, 0, 17, 76, 982 }, // U+C6DD
    { 18, 19, 288, 0, 17, 86, 1058 }, // U+C6E0
    { 16, 19, 288, 0, 17, 76, 1144 }, // U+C6E1
    { 17, 19, 288, 0, 17, 81, 1220 }, // U+C6E8
    { 16, 19, 288, 0, 17, 76, 1301 }, // U+C6E9
    { 17, 19, 288, 0, 17, 81, 1377 }, // U+C6EC
    { 17, 19, 288, 0, 17, 81, 1458 }, // U+C6F0
    { 16, 19, 288, 0, 17, 76, 1539 }, // U+C6F8
    { 16, 19, 288, 0, 17, 76, 1615 }, // U+C6F9
    { 17, 19, 288, 0, 17, 81, 1691 }, // U+C6FD
    { 16, 19, 288, 0, 17, 76, 1772 }, // U+C704
    { 16, 19, 288, 0, 17, 76, 1848 }, // U+C705
    { 17, 19, 288, 0, 17, 81, 1924 }, // U+C708
    { 17, 19, 288, 0, 17, 81, 2005 }, // U+C70C
    { 16, 19, 288, 0, 17, 76, 2086 }, // U+C714
    { 16, 19, 288, 0, 17, 76, 2162 }, // U+C715
    { 17, 19, 288, 0, 17, 81, 2238 }, // U+C717
    { 16, 19, 288, 0, 17, 76, 2319 }, // U+C719
    { 17, 18, 288, 0, 16, 77, 2395 }, // U+C720
    { 18, 19, 288, 0, 17, 86, 2472 }, // U+C721
    { 17, 19, 288, 0, 17, 81, 2558 }, // U+C724
    { 18, 19, 288, 0, 17, 86, 2639 }, // U+C728
    { 18, 19, 288, 0, 17, 86, 2725 }, // U+C730
    { 18, 19, 288, 0, 17, 86, 2811 }, // U+C731
    { 18, 18, 288, 0, 16, 81, 2897 }, // U+C733
    { 18, 18, 288, 0, 16, 81, 2978 }, // U+C735
    { 18, 19, 288, 0, 17, 86, 3059 }, // U+C737
    { 17, 16, 288, 1, 16, 68, 3145 }, // U+C73C
    { 18, 18, 288, 0, 16, 81, 3213 }, // U+C73D
    { 18, 19, 288, 0, 17, 86, 3294 }, // U+C740
    { 18, 19, 288, 0, 17, 86, 3380 }, // U+C744
    { 18, 19, 288, 0, 17, 86, 3466 }, // U+C74A
    { 18, 18, 288, 0, 16, 81, 3552 }, // U+C74C
    { 18, 19, 288, 0, 17, 86, 3633 }, // U+C74D
    { 18, 18, 288, 0, 16, 81, 3719 }, // U+C74F
    { 18, 18, 288, 0, 16, 81, 3800 }, // U+C751
    { 18, 19, 288, 0, 17, 86, 3881 }, // U+C752
    { 18, 19, 288, 0, 17, 86, 3967 }, // U+C753
    { 18, 18, 288, 0, 16, 81, 4053 }, // U+C754
    { 18, 18, 288, 0, 16, 81, 4134 }, // U+C755
    { 18, 18, 288, 0, 16, 81, 4215 }, // U+C756
    { 17, 19, 288, 0, 17, 81, 4296 }, // U+C757
    { 15, 19, 288, 1, 17, 72, 4377 }, // U+C758
    { 17, 19, 288, 0, 17, 81, 4449 }, // U+C75C
    { 17, 19, 288, 0, 17, 81, 4530 }, // U+C760
    { 16, 18, 288, 0, 16, 72, 4611 }, // U+C768
    { 17, 18, 288, 0, 16, 77, 4683 }, // U+C76B
    { 15, 19, 288, 1, 17, 72, 4760 }, // U+C774
    { 15, 19, 288, 1, 17, 72, 4832 }, // U+C775
    { 16, 19, 288, 1, 17, 76, 4904 }, // U+C778
    { 16, 19, 288, 1, 17, 76, 4980 }, // U+C77C
    { 15, 18, 288, 1, 16, 68, 5056 }, // U+C77D
    { 15, 18, 288, 1, 16, 68, 5124 }, // U+C77E
    { 16, 19, 288, 1, 17, 76, 5192 }, // U+C783
    { 15, 19, 288, 1, 17, 72, 5268 }, // U+C784
    { 15, 19, 288, 1, 17, 72, 5340 }, // U+C785
    { 16, 19, 288, 1, 17, 76, 5412 }, // U+C787
    { 17, 19, 288, 1, 17, 81, 5488 }, // U+C788
    { 15, 19, 288, 1, 17, 72, 5569 }, // U+C789
    { 16, 19, 288, 1, 17, 76, 5641 }, // U+C78A
    { 16, 19, 288, 1, 17, 76, 5717 }, // U+C78E
    { 18, 19, 288, 0, 17, 86, 5793 }, // U+C790
    { 18, 18, 288, 0, 16, 81, 5879 }, // U+C791
    { 18, 19, 288, 0, 17, 86, 5960 }, // U+C794
    { 18, 19, 288, 0, 17, 86, 6046 }, // U+C796
    { 18, 19, 288, 0, 17, 86, 6132 }, // U+C797
    { 18, 19, 288, 0, 17, 86, 6218 }, // U+C798
    { 18, 19, 288, 0, 17, 86, 6304 }, // U+C79A
    { 18, 19, 288, 0, 17, 86, 6390 }, // U+C7A0
    { 18, 18, 288, 0, 16, 81, 6476 }, // U+C7A1
    { 18, 19, 288, 0, 17, 86, 6557 }, // U+C7A3
    { 18, 19, 288, 0, 17, 86, 6643 }, // U+C7A4
    { 18, 19, 288, 0, 17, 86, 6729 }, // U+C7A5
    { 18, 19, 288, 0, 17, 86, 6815 }, // U+C7A6
    { 16, 19, 288, 0, 17, 76, 6901 }, // U+C7AC
    { 16, 18, 288, 0, 16, 72, 6977 }, // U+C7AD
    { 17, 19, 288, 0, 17, 81, 7049 }, // U+C7B0
    { 17, 19, 288, 0, 17, 81, 7130 }, // U+C7B4
    { 16, 19, 288, 0, 17, 76, 7211 }, // U+C7BC
    { 16, 18, 288, 0, 16, 72, 7287 }, // U+C7BD
    { 17, 18, 288, 0, 16, 77, 7359 }, // U+C7BF
    { 18, 19, 288, 0, 17, 86, 0 }, // U+C7C0
    { 17, 19, 288, 0, 17, 81, 86 }, // U+C7C1
    { 18, 19, 288, 0, 17, 86, 167 }, // U+C7C8
    { 18, 18, 288, 0, 16, 81, 253 }, // U+C7C9
    { 18, 19, 288, 0, 17, 86, 334 }, // U+C7CC
    { 18, 19, 288, 0, 17, 86, 420 }, // U+C7CE
    { 18, 19, 288, 0, 17, 86, 506 }, // U+C7D0
    { 18, 19, 288, 0, 17, 86, 592 }, // U+C7D8
    { 18, 18, 288, 0, 16, 81, 678 }, // U+C7DD
    { 16, 19, 288, 0, 17, 76, 759 }, // U+C7E4
    { 17, 19, 288, 0, 17, 81, 835 }, // U+C7E8
    { 17, 19, 288, 0, 17, 81, 916 }, // U+C7EC
    { 16, 19, 288, 0, 17, 76, 997 }, // U+C800
    { 16, 19, 288, 0, 17, 76, 1073 }, // U+C801
    { 17, 19, 288, 0, 17, 81, 1149 }, // U+C804
    { 17, 19, 288, 0, 17, 81, 1230 }, // U+C808
    { 16, 19, 288, 0, 17, 76, 1311 }, // U+C80A
    { 16, 19, 288, 0, 17, 76, 1387 }, // U+C810
    { 16, 19, 288, 0, 17, 76, 1463 }, // U+C811
    { 17, 19, 288, 0, 17, 81, 1539 }, // U+C813
    { 16, 19, 288, 0, 17, 76, 1620 }, // U+C815
    { 17, 19, 288, 0, 17, 81, 1696 }, // U+C816
    { 16, 19, 288, 0, 17, 76, 1777 }, // U+C81C
    { 16, 19, 288, 0, 17, 76, 1853 }, // U+C81D
    { 17, 19, 288, 0, 17, 81, 1929 }, // U+C820
    { 17, 19, 288, 0, 17, 81, 2010 }, // U+C824
    { 16, 19, 288, 0, 17, 76, 2091 }, // U+C82C
    { 16, 18, 288, 0, 16, 72, 2167 }, // U+C82D
    { 17, 19, 288, 0, 17, 81, 2239 }, // U+C82F
    { 17, 19, 288, 0, 17, 81, 2320 }, // U+C831
    { 16, 19, 288, 0, 17, 76, 2401 }, // U+C838
    { 17, 19, 288, 0, 17, 81, 2477 }, // U+C83C
    { 17, 19, 288, 0, 17, 81, 2558 }, // U+C840
    { 16, 19, 288, 0, 17, 76, 2639 }, // U+C848
    { 16, 18, 288, 0, 16, 72, 2715 }, // U+C849
    { 18, 19, 288, 0, 17, 86, 2787 }, // U+C84C
    { 16, 19, 288, 0, 17, 76, 2873 }, // U+C84D
    { 16, 19, 288, 0, 17, 76, 2949 }, // U+C854
    { 17, 15, 288, 1, 15, 64, 3025 }, // U+C870
    { 17, 18, 288, 1, 16, 77, 3089 }, // U+C871
    { 17, 18, 288, 1, 16, 77, 3166 }, // U+C874
    { 18, 18, 288, 0, 16, 81, 3243 }, // U+C878
    { 18, 18, 288, 0, 16, 81, 3324 }, // U+C87A
    { 18, 18, 288, 0, 16, 81, 3405 }, // U+C880
    { 18, 18, 288, 0, 16, 81, 3486 }, // U+C881
    { 18, 18, 288, 0, 16, 81, 3567 }, // U+C883
    { 18, 18, 288, 0, 16, 81, 3648 }, // U+C885
    { 18, 18, 288, 0, 16, 81, 3729 }, // U+C886
    { 18, 18, 288, 0, 16, 81, 3810 }, // U+C887
    { 17, 18, 288, 0, 16, 77, 3891 }, // U+C88B
    { 18, 19, 288, 0, 17, 86, 3968 }, // U+C88C
    { 18, 19, 288, 0, 17, 86, 4054 }, // U+C88D
    { 18, 19, 288, 0, 17, 86, 4140 }, // U+C894
    { 18, 19, 288, 0, 17, 86, 4226 }, // U+C89D
    { 18, 19, 288, 0, 17, 86, 4312 }, // U+C89F
    { 18, 19, 288, 0, 17, 86, 4398 }, // U+C8A1
    { 16, 19, 288, 0, 17, 76, 4484 }, // U+C8A8
    { 17, 19, 288, 0, 17, 81, 4560 }, // U+C8BC
    { 16, 19, 288, 0, 17, 76, 4641 }, // U+C8BD
    { 15, 19, 288, 1, 17, 72, 4717 }, // U+C8C4
    { 17, 19, 288, 0, 17, 81, 4789 }, // U+C8C8
    { 17, 18, 288, 0, 16, 77, 4870 }, // U+C8CC
    { 16, 19, 288, 0, 17, 76, 4947 }, // U+C8D4
    { 16, 19, 288, 0, 17, 76, 5023 }, // U+C8D5
    { 17, 19, 288, 0, 16, 81, 5099 }, // U+C8D7
    { 16, 19, 288, 0, 17, 76, 5180 }, // U+C8D9
    { 17, 15, 288, 1, 15, 64, 5256 }, // U+C8E0
    { 17, 18, 288, 1, 16, 77, 5320 }, // U+C8E1
    { 17, 18, 288, 1, 16, 77, 5397 }, // U+C8E4
    { 18, 18, 288, 0, 16, 81, 5474 }, // U+C8F5
    { 18, 18, 288, 0, 16, 81, 5555 }, // U+C8FC
    { 17, 18, 288, 1, 16, 77, 5636 }, // U+C8FD
    { 17, 18, 288, 0, 16, 77, 5713 }, // U+C900
    { 18, 18, 288, 0, 16, 81, 5790 }, // U+C904
    { 18, 18, 288, 0, 16, 81, 5871 }, // U+C905
    { 18, 18, 288, 0, 16, 81, 5952 }, // U+C906
    { 18, 18, 288, 0, 16, 81, 6033 }, // U+C90C
    { 18, 18, 288, 0, 16, 81, 6114 }, // U+C90D
    { 17, 18, 288, 1, 16, 77, 6195 }, // U+C90F
    { 18, 18, 288, 0, 16, 81, 6272 }, // U+C911
    { 16, 19, 288, 0, 17, 76, 6353 }, // U+C918
    { 18, 19, 288, 0, 17, 86, 6429 }, // U+C92C
    { 16, 19, 288, 0, 17, 76, 6515 }, // U+C934
    { 16, 19, 288, 0, 17, 76, 6591 }, // U+C950
    { 16, 19, 288, 0, 17, 76, 6667 }, // U+C951
    { 17, 19, 288, 0, 17, 81, 6743 }, // U+C954
    { 17, 19, 288, 0, 17, 81, 6824 }, // U+C958
    { 16, 19, 288, 0, 17, 76, 6905 }, // U+C960
    { 16, 19, 288, 0, 17, 76, 6981 }, // U+C961
    { 18, 19, 288, 0, 17, 86, 7057 }, // U+C963
    { 18, 18, 288, 0, 16, 81, 7143 }, // U+C96C
    { 17, 18, 288, 0, 16, 77, 7224 }, // U+C970
    { 18, 18, 288, 0, 16, 81, 7301 }, // U+C974
    { 18, 18, 288, 0, 16, 81, 0 }, // U+C97C
    { 17, 15, 288, 1, 15, 64, 81 }, // U+C988
    { 17, 18, 288, 1, 16, 77, 145 }, // U+C989
    { 17, 18, 288, 1, 16, 77, 222 }, // U+C98C
    { 18, 18, 288, 0, 16, 81, 299 }, // U+C990
    { 18, 18, 288, 0, 16, 81, 380 }, // U+C998
    { 18, 18, 288, 0, 16, 81, 461 }, // U+C999
    { 18, 18, 288, 0, 16, 81, 542 }, // U+C99B
    { 18, 18, 288, 0, 16, 81, 623 }, // U+C99D
    { 16, 19, 288, 0, 17, 76, 704 }, // U+C9C0
    { 15, 18, 288, 0, 16, 68, 780 }, // U+C9C1
    { 17, 19, 288, 0, 17, 81, 848 }, // U+C9C4
    { 17, 19, 288, 0, 17, 81, 929 }, // U+C9C7
    { 17, 19, 288, 0, 17, 81, 1010 }, // U+C9C8
    { 15, 19, 288, 0, 17, 72, 1091 }, // U+C9CA
    { 15, 19, 288, 0, 17, 72, 1163 }, // U+C9D0
    { 15, 19, 288, 0, 17, 72, 1235 }, // U+C9D1
    { 17, 19, 288, 0, 17, 81, 1307 }, // U+C9D3
    { 16, 19, 288, 0, 17, 76, 1388 }, // U+C9D5
    { 16, 19, 288, 0, 17, 76, 1464 }, // U+C9D6
    { 17, 19, 288, 0, 17, 81, 1540 }, // U+C9D9
    { 16, 19, 288, 0, 17, 76, 1621 }, // U+C9DA
    { 18, 19, 288, 0, 17, 86, 1697 }, // U+C9DC
    { 18, 19, 288, 0, 17, 86, 1783 }, // U+C9DD
    { 18, 19, 288, 0, 17, 86, 1869 }, // U+C9E0
    { 18, 19, 288, 0, 17, 86, 1955 }, // U+C9E2
    { 18, 19, 288, 0, 17, 86, 2041 }, // U+C9E4
    { 18, 19, 288, 0, 17, 86, 2127 }, // U+C9E7
    { 18, 19, 288, 0, 17, 86, 2213 }, // U+C9EC
    { 18, 19, 288, 0, 17, 86, 2299 }, // U+C9ED
    { 18, 19, 288, 0, 17, 86, 2385 }, // U+C9EF
    { 18, 19, 288, 0, 17, 86, 2471 }, // U+C9F0
    { 18, 19, 288, 0, 17, 86, 2557 }, // U+C9F1
    { 17, 19, 288, 0, 17, 81, 2643 }, // U+C9F8
    { 17, 18, 288, 0, 16, 77, 2724 }, // U+C9F9
    { 17, 19, 288, 0, 17, 81, 2801 }, // U+C9FC
    { 18, 19, 288, 0, 17, 86, 2882 }, // U+CA00
    { 17, 19, 288, 0, 17, 81, 2968 }, // U+CA08
    { 17, 19, 288, 0, 17, 81, 3049 }, // U+CA09
    { 18, 19, 288, 0, 17, 86, 3130 }, // U+CA0B
    { 18, 19, 288, 0, 17, 86, 3216 }, // U+CA0C
    { 17, 19, 288, 0, 17, 81, 3302 }, // U+CA0D
    { 18, 19, 288, 0, 17, 86, 3383 }, // U+CA14
    { 18, 19, 288, 0, 17, 86, 3469 }, // U+CA18
    { 18, 19, 288, 0, 17, 86, 3555 }, // U+CA29
    { 16, 19, 288, 0, 17, 76, 3641 }, // U+CA4C
    { 16, 19, 288, 0, 17, 76, 3717 }, // U+CA4D
    { 17, 19, 288, 0, 17, 81, 3793 }, // U+CA50
    { 17, 19, 288, 0, 17, 81, 3874 }, // U+CA54
    { 16, 19, 288, 0, 17, 76, 3955 }, // U+CA5C
    { 16, 18, 288, 0, 16, 72, 4031 }, // U+CA5D
    { 17, 19, 288, 0, 17, 81, 4103 }, // U+CA5F
    { 18, 19, 288, 0, 17, 86, 4184 }, // U+CA60
    { 16, 19, 288, 0, 17, 76, 4270 }, // U+CA61
    { 17, 19, 288, 0, 17, 81, 4346 }, // U+CA68
    { 17, 19, 288, 0, 17, 81, 4427 }, // U+CA7D
    { 16, 19, 288, 0, 17, 76, 4508 }, // U+CA84
    { 18, 19, 288, 0, 17, 86, 4584 }, // U+CA98
    { 17, 15, 288, 1, 15, 64, 4670 }, // U+CABC
    { 17, 18, 288, 1, 16, 77, 4734 }, // U+CABD
    { 17, 18, 288, 1, 16, 77, 4811 }, // U+CAC0
    { 18, 18, 288, 0, 16, 81, 4888 }, // U+CAC4
    { 17, 18, 288, 1, 16, 77, 4969 }, // U+CACC
    { 17, 18, 288, 1, 16, 77, 5046 }, // U+CACD
    { 17, 18, 288, 1, 16, 77, 5123 }, // U+CACF
    { 17, 18, 288, 1, 16, 77, 5200 }, // U+CAD1
    { 17, 18, 288, 1, 16, 77, 5277 }, // U+CAD3
    { 18, 19, 288, 0, 17, 86, 5354 }, // U+CAD8
    { 17, 19, 288, 0, 17, 81, 5440 }, // U+CAD9
    { 17, 19, 288, 0, 17, 81, 5521 }, // U+CAE0
    { 18, 19, 288, 0, 17, 86, 5602 }, // U+CAEC
    { 17, 19, 288, 0, 17, 81, 5688 }, // U+CAF4
    { 18, 19, 288, 0, 17, 86, 5769 }, // U+CB08
    { 16, 19, 288, 0, 17, 76, 5855 }, // U+CB10
    { 17, 19, 288, 0, 17, 81, 5931 }, // U+CB14
    { 17, 19, 288, 0, 17, 81, 6012 }, // U+CB18
    { 16, 19, 288, 0, 17, 76, 6093 }, // U+CB20
    { 16, 19, 288, 0, 17, 76, 6169 }, // U+CB21
    { 17, 18, 288, 1, 16, 77, 6245 }, // U+CB41
    { 18, 18, 288, 0, 16, 81, 6322 }, // U+CB48
    { 17, 18, 288, 0, 16, 77, 6403 }, // U+CB49
    { 17, 18, 288, 1, 16, 77, 6480 }, // U+CB4C
    { 18, 18, 288, 0, 16, 81, 6557 }, // U+CB50
    { 17, 18, 288, 1, 16, 77, 6638 }, // U+CB58
    { 17, 18, 288, 1, 16, 77, 6715 }, // U+CB59
    { 17, 18, 288, 1, 16, 77, 6792 }, // U+CB5D
    { 16, 19, 288, 0, 17, 76, 6869 }, // U+CB64
    { 17, 19, 288, 0, 17, 81, 6945 }, // U+CB78
    { 16, 18, 288, 0, 16, 72, 7026 }, // U+CB79
    { 16, 19, 288, 0, 17, 76, 7098 }, // U+CB9C
    { 18, 18, 288, 0, 16, 81, 7174 }, // U+CBB8
    { 17, 15, 288, 1, 15, 64, 7255 }, // U+CBD4
    { 17, 18, 288, 1, 16, 77, 0 }, // U+CBE4
    { 17, 18, 288, 1, 16, 77, 77 }, // U+CBE7
    { 17, 18, 288, 1, 16, 77, 154 }, // U+CBE9
    { 16, 19, 288, 0, 17, 76, 231 }, // U+CC0C
    { 16, 19, 288, 0, 17, 76, 307 }, // U+CC0D
    { 17, 19, 288, 0, 17, 81, 383 }, // U+CC10
    { 17, 19, 288, 0, 17, 81, 464 }, // U+CC14
    { 16, 19, 288, 0, 17, 76, 545 }, // U+CC1C
    { 16, 19, 288, 0, 17, 76, 621 }, // U+CC1D
    { 16, 19, 288, 0, 17, 76, 697 }, // U+CC21
    { 17, 19, 288, 0, 17, 81, 773 }, // U+CC22
    { 17, 19, 288, 0, 17, 81, 854 }, // U+CC27
    { 18, 19, 288, 0, 17, 86, 935 }, // U+CC28
    { 18, 19, 288, 0, 17, 86, 1021 }, // U+CC29
    { 18, 19, 288, 0, 17, 86, 1107 }, // U+CC2C
    { 18, 19, 288, 0, 17, 86, 1193 }, // U+CC2E
    { 18, 19, 288, 0, 17, 86, 1279 }, // U+CC30
    { 18, 19, 288, 0, 17, 86, 1365 }, // U+CC38
    { 18, 19, 288, 0, 17, 86, 1451 }, // U+CC39
    { 18, 19, 288, 0, 17, 86, 1537 }, // U+CC3B
    { 18, 19, 288, 0, 17, 86, 1623 }, // U+CC3C
    { 18, 19, 288, 0, 17, 86, 1709 }, // U+CC3D
    { 18, 19, 288, 0, 17, 86, 1795 }, // U+CC3E
    { 16, 19, 288, 0, 17, 76, 1881 }, // U+CC44
    { 16, 19, 288, 0, 17, 76, 1957 }, // U+CC45
    { 17, 19, 288, 0, 17, 81, 2033 }, // U+CC48
    { 17, 19, 288, 0, 17, 81, 2114 }, // U+CC4C
    { 16, 19, 288, 0, 17, 76, 2195 }, // U+CC54
    { 16, 19, 288, 0, 17, 76, 2271 }, // U+CC55
    { 17, 19, 288, 0, 17, 81, 2347 }, // U+CC57
    { 18, 19, 288, 0, 17, 86, 2428 }, // U+CC58
    { 17, 19, 288, 0, 17, 81, 2514 }, // U+CC59
    { 18, 19, 288, 0, 17, 86, 2595 }, // U+CC60
    { 18, 19, 288, 0, 17, 86, 2681 }, // U+CC64
    { 18, 19, 288, 0, 17, 86, 2767 }, // U+CC66
    { 18, 19, 288, 0, 17, 86, 2853 }, // U+CC68
    { 18, 19, 288, 0, 17, 86, 2939 }, // U+CC70
    { 18, 19, 288, 0, 17, 86, 3025 }, // U+CC75
    { 16, 19, 288, 0, 17, 76, 3111 }, // U+CC98
    { 16, 19, 288, 0, 17, 76, 3187 }, // U+CC99
    { 17, 19, 288, 0, 17, 81, 3263 }, // U+CC9C
    { 17, 19, 288, 0, 17, 81, 3344 }, // U+CCA0
    { 16, 19, 288, 0, 17, 76, 3425 }, // U+CCA8
    { 16, 19, 288, 0, 17, 76, 3501 }, // U+CCA9
    { 17, 19, 288, 0, 17, 81, 3577 }, // U+CCAB
    { 18, 19, 288, 0, 17, 86, 3658 }, // U+CCAC
    { 16, 19, 288, 0, 17, 76, 3744 }, // U+CCAD
    { 16, 19, 288, 0, 17, 76, 3820 }, // U+CCB4
    { 16, 19, 288, 0, 17, 76, 3896 }, // U+CCB5
    { 17, 19, 288, 0, 17, 81, 3972 }, // U+CCB8
    { 17, 19, 288, 0, 17, 81, 4053 }, // U+CCBC
    { 16, 19, 288, 0, 17, 76, 4134 }, // U+CCC4
    { 16, 19, 288, 0, 17, 76, 4210 }, // U+CCC5
    { 17, 19, 288, 0, 17, 81, 4286 }, // U+CCC7
    { 17, 19, 288, 0, 17, 81, 4367 }, // U+CCC9
    { 16, 19, 288, 0, 17, 76, 4448 }, // U+CCD0
    { 17, 19, 288, 0, 17, 81, 4524 }, // U+CCD4
    { 18, 20, 288, 0, 17, 90, 4605 }, // U+CCE4
    { 16, 19, 288, 0, 17, 76, 4695 }, // U+CCEC
    { 17, 18, 288, 0, 17, 77, 4771 }, // U+CCF0
    { 17, 19, 288, 0, 17, 81, 4848 }, // U+CD01
    { 17, 17, 288, 1, 17, 73, 4929 }, // U+CD08
    { 18, 19, 288, 0, 17, 86, 5002 }, // U+CD09
    { 18, 19, 288, 0, 17, 86, 5088 }, // U+CD0C
    { 18, 19, 288, 0, 17, 86, 5174 }, // U+CD10
    { 18, 19, 288, 0, 17, 86, 5260 }, // U+CD18
    { 18, 19, 288, 0, 17, 86, 5346 }, // U+CD19
    { 18, 19, 288, 0, 17, 86, 5432 }, // U+CD1B
    { 18, 19, 288, 0, 17, 86, 5518 }, // U+CD1D
    { 18, 19, 288, 0, 17, 86, 5604 }, // U+CD24
    { 18, 19, 288, 0, 17, 86, 5690 }, // U+CD28
    { 18, 19, 288, 0, 17, 86, 5776 }, // U+CD2C
    { 18, 19, 288, 0, 17, 86, 5862 }, // U+CD39
    { 16, 19, 288, 0, 17, 76, 5948 }, // U+CD5C
    { 17, 19, 288, 0, 17, 81, 6024 }, // U+CD60
    { 17, 19, 288, 0, 17, 81, 6105 }, // U+CD64
    { 16, 19, 288, 0, 17, 76, 6186 }, // U+CD6C
    { 16, 19, 288, 0, 17, 76, 6262 }, // U+CD6D
    { 17, 19, 288, 0, 17, 81, 6338 }, // U+CD6F
    { 16, 19, 288, 0, 17, 76, 6419 }, // U+CD71
    { 17, 17, 288, 1, 17, 73, 6495 }, // U+CD78
    { 18, 19, 288, 0, 17, 86, 6568 }, // U+CD88
    { 18, 19, 288, 0, 17, 86, 6654 }, // U+CD94
    { 18, 19, 288, 0, 17, 86, 6740 }, // U+CD95
    { 17, 19, 288, 0, 17, 81, 6826 }, // U+CD98
    { 18, 19, 288, 0, 17, 86, 6907 }, // U+CD9C
    { 18, 19, 288, 0, 17, 86, 6993 }, // U+CDA4
    { 18, 19, 288, 0, 17, 86, 7079 }, // U+CDA5
    { 17, 19, 288, 1, 17, 81, 7165 }, // U+CDA7
    { 18, 19, 288, 0, 17, 86, 7246 }, // U+CDA9
    { 16, 19, 288, 0, 17, 76, 7332 }, // U+CDB0
    { 18, 20, 288, 0, 17, 90, 0 }, // U+CDC4
    { 16, 19, 288, 0, 17, 76, 90 }, // U+CDCC
    { 16, 19, 288, 1, 17, 76, 166 }, // U+CDD0
    { 16, 19, 288, 0, 17, 76, 242 }, // U+CDE8
    { 17, 18, 288, 0, 16, 77, 318 }, // U+CDEC
    { 17, 19, 288, 0, 17, 81, 395 }, // U+CDF0
    { 16, 19, 288, 0, 17, 76, 476 }, // U+CDF8
    { 16, 19, 288, 0, 17, 76, 552 }, // U+CDF9
    { 18, 19, 288, 0, 17, 86, 628 }, // U+CDFB
    { 16, 19, 288, 0, 17, 76, 714 }, // U+CDFD
    { 18, 19, 288, 0, 17, 86, 790 }, // U+CE04
    { 17, 19, 288, 0, 17, 81, 876 }, // U+CE08
    { 18, 19, 288, 0, 17, 86, 957 }, // U+CE0C
    { 18, 19, 288, 0, 17, 86, 1043 }, // U+CE14
    { 18, 19, 288, 0, 17, 86, 1129 }, // U+CE19
    { 17, 16, 288, 1, 16, 68, 1215 }, // U+CE20
    { 18, 19, 288, 0, 17, 86, 1283 }, // U+CE21
    { 17, 19, 288, 0, 17, 81, 1369 }, // U+CE24
    { 18, 19, 288, 0, 17, 86, 1450 }, // U+CE28
    { 18, 19, 288, 0, 17, 86, 1536 }, // U+CE30
    { 18, 19, 288, 0, 17, 86, 1622 }, // U+CE31
    { 18, 19, 288, 0, 17, 86, 1708 }, // U+CE33
    { 18, 19, 288, 0, 17, 86, 1794 }, // U+CE35
    { 15, 19, 288, 1, 17, 72, 1880 }, // U+CE58
    { 15, 19, 288, 1, 17, 72, 1952 }, // U+CE59
    { 16, 19, 288, 1, 17, 76, 2024 }, // U+CE5C
    { 16, 19, 288, 1, 17, 76, 2100 }, // U+CE5F
    { 16, 19, 288, 1, 17, 76, 2176 }, // U+CE60
    { 15, 19, 288, 1, 17, 72, 2252 }, // U+CE61
    { 15, 19, 288, 1, 17, 72, 2324 }, // U+CE68
    { 15, 19, 288, 1, 17, 72, 2396 }, // U+CE69
    { 17, 19, 288, 1, 17, 81, 2468 }, // U+CE6B
    { 16, 19, 288, 1, 17, 76, 2549 }, // U+CE6D
    { 18, 19, 288, 0, 17, 86, 2625 }, // U+CE74
    { 17, 19, 288, 1, 17, 81, 2711 }, // U+CE75
    { 17, 19, 288, 1, 17, 81, 2792 }, // U+CE78
    { 17, 18, 288, 1, 16, 77, 2873 }, // U+CE7C
    { 17, 19, 288, 1, 17, 81, 2950 }, // U+CE84
    { 18, 18, 288, 0, 16, 81, 3031 }, // U+CE85
    { 17, 19, 288, 1, 17, 81, 3112 }, // U+CE87
    { 18, 19, 288, 0, 17, 86, 3193 }, // U+CE89
    { 16, 19, 288, 0, 17, 76, 3279 }, // U+CE90
    { 16, 19, 288, 1, 17, 76, 3355 }, // U+CE91
    { 16, 19, 288, 1, 17, 76, 3431 }, // U+CE94
    { 16, 19, 288, 1, 17, 76, 3507 }, // U+CE98
    { 16, 19, 288, 1, 17, 76, 3583 }, // U+CEA0
    { 16, 19, 288, 1, 17, 76, 3659 }, // U+CEA1
    { 17, 19, 288, 1, 17, 81, 3735 }, // U+CEA3
    { 17, 19, 288, 1, 17, 81, 3816 }, // U+CEA4
    { 16, 19, 288, 1, 17, 76, 3897 }, // U+CEA5
    { 18, 19, 288, 0, 17, 86, 3973 }, // U+CEAC
    { 17, 19, 288, 1, 17, 81, 4059 }, // U+CEAD
    { 18, 18, 288, 0, 16, 81, 4140 }, // U+CEC1
    { 16, 19, 288, 0, 17, 76, 4221 }, // U+CEE4
    { 15, 19, 288, 1, 17, 72, 4297 }, // U+CEE5
    { 16, 19, 288, 1, 17, 76, 4369 }, // U+CEE8
    { 16, 19, 288, 1, 17, 76, 4445 }, // U+CEEB
    { 16, 19, 288, 1, 17, 76, 4521 }, // U+CEEC
    { 15, 19, 288, 1, 17, 72, 4597 }, // U+CEF4
    { 15, 18, 288, 1, 16, 68, 4669 }, // U+CEF5
    { 16, 19, 288, 1, 17, 76, 4737 }, // U+CEF7
    { 17, 19, 288, 1, 17, 81, 4813 }, // U+CEF8
    { 15, 19, 288, 1, 17, 72, 4894 }, // U+CEF9
    { 16, 19, 288, 0, 17, 76, 4966 }, // U+CF00
    { 16, 18, 288, 1, 16, 72, 5042 }, // U+CF01
    { 16, 19, 288, 1, 17, 76, 5114 }, // U+CF04
    { 16, 19, 288, 1, 17, 76, 5190 }, // U+CF08
    { 16, 19, 288, 1, 17, 76, 5266 }, // U+CF10
    { 16, 19, 288, 1, 17, 76, 5342 }, // U+CF11
    { 17, 19, 288, 1, 17, 81, 5418 }, // U+CF13
    { 16, 19, 288, 1, 17, 76, 5499 }, // U+CF15
    { 16, 19, 288, 0, 17, 76, 5575 }, // U+CF1C
    { 16, 19, 288, 1, 17, 76, 5651 }, // U+CF20
    { 16, 19, 288, 1, 17, 76, 5727 }, // U+CF24
    { 15, 19, 288, 1, 17, 72, 5803 }, // U+CF2C
    { 15, 19, 288, 1, 17, 72, 5875 }, // U+CF2D
    { 16, 19, 288, 1, 17, 76, 5947 }, // U+CF2F
    { 17, 19, 288, 1, 17, 81, 6023 }, // U+CF30
    { 15, 19, 288, 1, 17, 72, 6104 }, // U+CF31
    { 16, 19, 288, 0, 17, 76, 6176 }, // U+CF38
    { 18, 15, 288, 0, 15, 68, 6252 }, // U+CF54
    { 18, 18, 288, 0, 16, 81, 6320 }, // U+CF55
    { 18, 18, 288, 0, 16, 81, 6401 }, // U+CF58
    { 18, 18, 288, 0, 16, 81, 6482 }, // U+CF5C
    { 18, 18, 288, 0, 16, 81, 6563 }, // U+CF64
    { 18, 18, 288, 0, 16, 81, 6644 }, // U+CF65
    { 18, 18, 288, 0, 16, 81, 6725 }, // U+CF67
    { 18, 18, 288, 0, 16, 81, 6806 }, // U+CF69
    { 18, 19, 288, 0, 17, 86, 6887 }, // U+CF70
    { 18, 19, 288, 0, 17, 86, 6973 }, // U+CF71
    { 18, 19, 288, 0, 17, 86, 7059 }, // U+CF74
    { 18, 19, 288, 0, 17, 86, 7145 }, // U+CF78
    { 18, 19, 288, 0, 17, 86, 7231 }, // U+CF80
    { 18, 19, 288, 0, 17, 86, 7317 }, // U+CF85
    { 16, 19, 288, 0, 17, 76, 7403 }, // U+CF8C
    { 17, 19, 288, 0, 17, 81, 7479 }, // U+CFA1
    { 16, 19, 288, 0, 17, 76, 0 }, // U+CFA8
    { 17, 18, 288, 0, 16, 77, 76 }, // U+CFB0
    { 18, 15, 288, 0, 15, 68, 153 }, // U+CFC4
    { 18, 18, 288, 0, 16, 81, 221 }, // U+CFE0
    { 17, 18, 288, 1, 16, 77, 302 }, // U+CFE1
    { 17, 18, 288, 1, 16, 77, 379 }, // U+CFE4
    { 18, 18, 288, 0, 16, 81, 456 }, // U+CFE8
    { 17, 18, 288, 1, 16, 77, 537 }, // U+CFF0
    { 17, 18, 288, 0, 16, 77, 614 }, // U+CFF1
    { 17, 18, 288, 1, 16, 77, 691 }, // U+CFF3
    { 17, 18, 288, 1, 16, 77, 768 }, // U+CFF5
    { 16, 19, 288, 0, 17, 76, 845 }, // U+CFFC
    { 17, 18, 288, 0, 16, 77, 921 }, // U+D000
    { 17, 19, 288, 0, 17, 81, 998 }, // U+D004
    { 16, 18, 288, 0, 16, 72, 1079 }, // U+D011
    { 16, 19, 288, 0, 17, 76, 1151 }, // U+D018
    { 17, 19, 288, 0, 17, 81, 1227 }, // U+D02D
    { 15, 19, 288, 1, 17, 72, 1308 }, // U+D034
    { 16, 19, 288, 0, 17, 76, 1380 }, // U+D035
    { 17, 19, 288, 0, 17, 81, 1456 }, // U+D038
    { 17, 19, 288, 0, 17, 81, 1537 }, // U+D03C
    { 15, 19, 288, 0, 17, 72, 1618 }, // U+D044
    { 16, 19, 288, 0, 17, 76, 1690 }, // U+D045
    { 17, 19, 288, 0, 17, 81, 1766 }, // U+D047
    { 16, 19, 288, 0, 17, 76, 1847 }, // U+D049
    { 18, 18, 288, 0, 16, 81, 1923 }, // U+D050
    { 17, 18, 288, 1, 16, 77, 2004 }, // U+D054
    { 18, 18, 288, 0, 16, 81, 2081 }, // U+D058
    { 17, 18, 288, 1, 16, 77, 2162 }, // U+D060
    { 18, 15, 288, 0, 15, 68, 2239 }, // U+D06C
    { 17, 18, 288, 1, 16, 77, 2307 }, // U+D06D
    { 17, 18, 288, 1, 16, 77, 2384 }, // U+D070
    { 18, 18, 288, 0, 16, 81, 2461 }, // U+D074
    { 17, 18, 288, 1, 16, 77, 2542 }, // U+D07C
    { 17, 18, 288, 0, 16, 77, 2619 }, // U+D07D
    { 17, 18, 288, 1, 16, 77, 2696 }, // U+D081
    { 15, 19, 288, 1, 17, 72, 2773 }, // U+D0A4
    { 15, 18, 288, 1, 16, 68, 2845 }, // U+D0A5
    { 16, 19, 288, 1, 17, 76, 2913 }, // U+D0A8
    { 16, 18, 288, 1, 16, 72, 2989 }, // U+D0AC
    { 15, 19, 288, 1, 17, 72, 3061 }, // U+D0B4
    { 15, 18, 288, 1, 16, 68, 3133 }, // U+D0B5
    { 16, 19, 288, 1, 17, 76, 3201 }, // U+D0B7
    { 15, 19, 288, 1, 17, 72, 3277 }, // U+D0B9
    { 17, 19, 288, 1, 17, 81, 3349 }, // U+D0C0
    { 17, 18, 288, 1, 16, 77, 3430 }, // U+D0C1
    { 17, 19, 288, 1, 17, 81, 3507 }, // U+D0C4
    { 17, 19, 288, 1, 17, 81, 3588 }, // U+D0C8
    { 17, 19, 288, 1, 17, 81, 3669 }, // U+D0C9
    { 17, 19, 288, 1, 17, 81, 3750 }, // U+D0D0
    { 17, 19, 288, 1, 17, 81, 3831 }, // U+D0D1
    { 17, 19, 288, 1, 17, 81, 3912 }, // U+D0D3
    { 17, 19, 288, 1, 17, 81, 3993 }, // U+D0D4
    { 17, 19, 288, 1, 17, 81, 4074 }, // U+D0D5
    { 15, 19, 288, 1, 17, 72, 4155 }, // U+D0DC
    { 15, 18, 288, 1, 16, 68, 4227 }, // U+D0DD
    { 16, 19, 288, 1, 17, 76, 4295 }, // U+D0E0
    { 16, 19, 288, 1, 17, 76, 4371 }, // U+D0E4
    { 15, 19, 288, 1, 17, 72, 4447 }, // U+D0EC
    { 15, 19, 288, 1, 17, 72, 4519 }, // U+D0ED
    { 17, 19, 288, 1, 17, 81, 4591 }, // U+D0EF
    { 17, 19, 288, 1, 17, 81, 4672 }, // U+D0F0
    { 16, 19, 288, 1, 17, 76, 4753 }, // U+D0F1
    { 17, 19, 288, 1, 17, 81, 4829 }, // U+D0F8
    { 17, 18, 288, 1, 16, 77, 4910 }, // U+D10D
    { 15, 19, 288, 1, 17, 72, 4987 }, // U+D130
    { 15, 19, 288, 1, 17, 72, 5059 }, // U+D131
    { 16, 19, 288, 1, 17, 76, 5131 }, // U+D134
    { 16, 19, 288, 1, 17, 76, 5207 }, // U+D138
    { 15, 19, 288, 1, 17, 72, 5283 }, // U+D13A
    { 15, 19, 288, 1, 17, 72, 5355 }, // U+D140
    { 15, 19, 288, 1, 17, 72, 5427 }, // U+D141
    { 16, 19, 288, 1, 17, 76, 5499 }, // U+D143
    { 17, 19, 288, 1, 16, 81, 5575 }, // U+D144
    { 15, 19, 288, 1, 17, 72, 5656 }, // U+D145
    { 15, 19, 288, 1, 17, 72, 5728 }, // U+D14C
    { 15, 19, 288, 1, 17, 72, 5800 }, // U+D14D
    { 16, 19, 288, 1, 17, 76, 5872 }, // U+D150
    { 16, 19, 288, 1, 17, 76, 5948 }, // U+D154
    { 15, 19, 288, 1, 17, 72, 6024 }, // U+D15C
    { 15, 19, 288, 1, 17, 72, 6096 }, // U+D15D
    { 16, 19, 288, 1, 17, 76, 6168 }, // U+D15F
    { 16, 19, 288, 1, 17, 76, 6244 }, // U+D161
    { 15, 19, 288, 1, 17, 72, 6320 }, // U+D168
    { 16, 19, 288, 1, 17, 76, 6392 }, // U+D16C
    { 17, 19, 288, 1, 16, 81, 6468 }, // U+D17C
    { 15, 19, 288, 1, 17, 72, 6549 }, // U+D184
    { 16, 19, 288, 1, 17, 76, 6621 }, // U+D188
    { 17, 15, 288, 1, 15, 64, 6697 }, // U+D1A0
    { 18, 18, 288, 0, 16, 81, 6761 }, // U+D1A1
    { 18, 18, 288, 0, 16, 81, 6842 }, // U+D1A4
    { 18, 19, 288, 0, 17, 86, 6923 }, // U+D1A8
    { 18, 18, 288, 0, 16, 81, 7009 }, // U+D1B0
    { 18, 19, 288, 0, 17, 86, 7090 }, // U+D1B1
    { 18, 18, 288, 0, 16, 81, 7176 }, // U+D1B3
    { 18, 18, 288, 0, 16, 81, 7257 }, // U+D1B5
    { 18, 18, 288, 0, 16, 81, 7338 }, // U+D1BA
    { 18, 19, 288, 0, 17, 86, 0 }, // U+D1BC
    { 18, 19, 288, 0, 17, 86, 86 }, // U+D1C0
    { 16, 19, 288, 0, 17, 76, 172 }, // U+D1D8
    { 15, 19, 288, 1, 17, 72, 248 }, // U+D1F4
    { 17, 18, 288, 0, 16, 77, 320 }, // U+D1F8
    { 17, 19, 288, 0, 17, 81, 397 }, // U+D207
    { 16, 19, 288, 0, 17, 76, 478 }, // U+D209
    { 17, 15, 288, 1, 15, 64, 554 }, // U+D210
    { 17, 18, 288, 0, 16, 77, 618 }, // U+D22C
    { 18, 18, 288, 0, 16, 81, 695 }, // U+D22D
    { 17, 18, 288, 0, 16, 77, 776 }, // U+D230
    { 18, 19, 288, 0, 17, 86, 853 }, // U+D234
    { 18, 18, 288, 0, 16, 81, 939 }, // U+D23C
    { 18, 19, 288, 0, 17, 86, 1020 }, // U+D23D
    { 17, 18, 288, 0, 16, 77, 1106 }, // U+D23F
    { 18, 18, 288, 0, 16, 81, 1183 }, // U+D241
    { 16, 19, 288, 0, 17, 76, 1264 }, // U+D248
    { 18, 19, 288, 0, 17, 86, 1340 }, // U+D25C
    { 16, 19, 288, 0, 17, 76, 1426 }, // U+D264
    { 16, 19, 288, 0, 17, 76, 1502 }, // U+D280
    { 16, 18, 288, 0, 16, 72, 1578 }, // U+D281
    { 17, 19, 288, 0, 17, 81, 1650 }, // U+D284
    { 17, 19, 288, 0, 17, 81, 1731 }, // U+D288
    { 16, 19, 288, 0, 17, 76, 1812 }, // U+D290
    { 16, 19, 288, 0, 17, 76, 1888 }, // U+D291
    { 16, 19, 288, 0, 17, 76, 1964 }, // U+D295
    { 17, 18, 288, 0, 16, 77, 2040 }, // U+D29C
    { 17, 18, 288, 0, 16, 77, 2117 }, // U+D2A0
    { 18, 19, 288, 0, 17, 86, 2194 }, // U+D2A4
    { 18, 18, 288, 0, 16, 81, 2280 }, // U+D2AC
    { 18, 18, 288, 0, 16, 81, 2361 }, // U+D2B1
    { 17, 15, 288, 1, 15, 64, 2442 }, // U+D2B8
    { 18, 18, 288, 0, 16, 81, 2506 }, // U+D2B9
    { 18, 18, 288, 0, 16, 81, 2587 }, // U+D2BC
    { 18, 18, 288, 0, 16, 81, 2668 }, // U+D2BF
    { 18, 18, 288, 0, 16, 81, 2749 }, // U+D2C0
    { 18, 18, 288, 0, 16, 81, 2830 }, // U+D2C2
    { 18, 18, 288, 0, 16, 81, 2911 }, // U+D2C8
    { 18, 18, 288, 0, 16, 81, 2992 }, // U+D2C9
    { 18, 18, 288, 0, 16, 81, 3073 }, // U+D2CB
    { 16, 19, 288, 0, 17, 76, 3154 }, // U+D2D4
    { 17, 18, 288, 0, 16, 77, 3230 }, // U+D2D8
    { 17, 19, 288, 0, 17, 81, 3307 }, // U+D2DC
    { 16, 19, 288, 0, 17, 76, 3388 }, // U+D2E4
    { 16, 19, 288, 0, 17, 76, 3464 }, // U+D2E5
    { 14, 19, 288, 2, 17, 67, 3540 }, // U+D2F0
    { 14, 19, 288, 2, 17, 67, 3607 }, // U+D2F1
    { 15, 19, 288, 2, 17, 72, 3674 }, // U+D2F4
    { 15, 19, 288, 2, 17, 72, 3746 }, // U+D2F8
    { 14, 19, 288, 2, 17, 67, 3818 }, // U+D300
    { 14, 19, 288, 2, 17, 67, 3885 }, // U+D301
    { 16, 19, 288, 2, 17, 76, 3952 }, // U+D303
    { 15, 19, 288, 2, 17, 72, 4028 }, // U+D305
    { 18, 19, 288, 0, 17, 86, 4100 }, // U+D30C
    { 18, 18, 288, 0, 16, 81, 4186 }, // U+D30D
    { 18, 19, 288, 0, 17, 86, 4267 }, // U+D30E
    { 18, 19, 288, 0, 17, 86, 4353 }, // U+D310
    { 18, 19, 288, 0, 17, 86, 4439 }, // U+D314
    { 18, 19, 288, 0, 17, 86, 4525 }, // U+D316
    { 18, 19, 288, 0, 17, 86, 4611 }, // U+D31C
    { 18, 19, 288, 0, 17, 86, 4697 }, // U+D31D
    { 18, 19, 288, 0, 17, 86, 4783 }, // U+D31F
    { 18, 19, 288, 0, 17, 86, 4869 }, // U+D320
    { 18, 19, 288, 0, 17, 86, 4955 }, // U+D321
    { 18, 18, 288, 0, 16, 81, 5041 }, // U+D325
    { 16, 19, 288, 0, 17, 76, 5122 }, // U+D328
    { 16, 18, 288, 0, 16, 72, 5198 }, // U+D329
    { 17, 19, 288, 0, 17, 81, 5270 }, // U+D32C
    { 17, 19, 288, 0, 17, 81, 5351 }, // U+D330
    { 16, 19, 288, 0, 17, 76, 5432 }, // U+D338
    { 16, 19, 288, 0, 17, 76, 5508 }, // U+D339
    { 18, 19, 288, 0, 17, 86, 5584 }, // U+D33B
    { 18, 19, 288, 0, 17, 86, 5670 }, // U+D33C
    { 17, 19, 288, 0, 17, 81, 5756 }, // U+D33D
    { 18, 19, 288, 0, 17, 86, 5837 }, // U+D344
    { 18, 18, 288, 0, 16, 81, 5923 }, // U+D345
    { 16, 19, 288, 0, 17, 76, 6004 }, // U+D37C
    { 16, 19, 288, 0, 17, 76, 6080 }, // U+D37D
    { 17, 19, 288, 0, 17, 81, 6156 }, // U+D380
    { 17, 19, 288, 0, 17, 81, 6237 }, // U+D384
    { 16, 19, 288, 0, 17, 76, 6318 }, // U+D38C
    { 16, 18, 288, 0, 16, 72, 6394 }, // U+D38D
    { 17, 19, 288, 0, 17, 81, 6466 }, // U+D38F
    { 18, 19, 288, 0, 17, 86, 6547 }, // U+D390
    { 16, 19, 288, 0, 17, 76, 6633 }, // U+D391
    { 17, 19, 288, 0, 17, 81, 6709 }, // U+D398
    { 16, 18, 288, 0, 16, 72, 6790 }, // U+D399
    { 17, 19, 288, 0, 17, 81, 6862 }, // U+D39C
    { 17, 19, 288, 0, 17, 81, 6943 }, // U+D3A0
    { 16, 19, 288, 0, 17, 76, 7024 }, // U+D3A8
    { 16, 19, 288, 0, 17, 76, 7100 }, // U+D3A9
    { 18, 19, 288, 0, 17, 86, 7176 }, // U+D3AB
    { 17, 19, 288, 0, 17, 81, 7262 }, // U+D3AD
    { 16, 19, 288, 0, 17, 76, 7343 }, // U+D3B4
    { 17, 19, 288, 0, 17, 81, 0 }, // U+D3B8
    { 17, 19, 288, 0, 17, 81, 81 }, // U+D3BC
    { 16, 19, 288, 0, 17, 76, 162 }, // U+D3C4
    { 16, 19, 288, 0, 17, 76, 238 }, // U+D3C5
    { 18, 18, 288, 0, 16, 81, 314 }, // U+D3C8
    { 17, 19, 288, 0, 17, 81, 395 }, // U+D3C9
    { 17, 19, 288, 0, 17, 81, 476 }, // U+D3D0
    { 17, 19, 288, 0, 17, 81, 557 }, // U+D3D8
    { 16, 19, 288, 0, 17, 76, 638 }, // U+D3E1
    { 18, 19, 288, 0, 17, 86, 714 }, // U+D3E3
    { 17, 15, 288, 1, 15, 64, 800 }, // U+D3EC
    { 18, 18, 288, 0, 16, 81, 864 }, // U+D3ED
    { 18, 18, 288, 0, 16, 81, 945 }, // U+D3F0
    { 18, 18, 288, 0, 16, 81, 1026 }, // U+D3F4
    { 18, 18, 288, 0, 16, 81, 1107 }, // U+D3FC
    { 18, 18, 288, 0, 16, 81, 1188 }, // U+D3FD
    { 18, 18, 288, 0, 16, 81, 1269 }, // U+D3FF
    { 18, 18, 288, 0, 16, 81, 1350 }, // U+D401
    { 18, 19, 288, 0, 17, 86, 1431 }, // U+D408
    { 18, 19, 288, 0, 17, 86, 1517 }, // U+D41D
    { 16, 19, 288, 0, 17, 76, 1603 }, // U+D440
    { 16, 19, 288, 1, 17, 76, 1679 }, // U+D444
    { 17, 15, 288, 1, 15, 64, 1755 }, // U+D45C
    { 18, 18, 288, 0, 16, 81, 1819 }, // U+D460
    { 18, 18, 288, 0, 16, 81, 1900 }, // U+D464
    { 18, 18, 288, 0, 16, 81, 1981 }, // U+D46D
    { 18, 18, 288, 0, 16, 81, 2062 }, // U+D46F
    { 17, 18, 288, 0, 16, 77, 2143 }, // U+D478
    { 18, 18, 288, 0, 16, 81, 2220 }, // U+D479
    { 17, 18, 288, 0, 16, 77, 2301 }, // U+D47C
    { 18, 18, 288, 0, 16, 81, 2378 }, // U+D47F
    { 18, 18, 288, 0, 16, 81, 2459 }, // U+D480
    { 18, 18, 288, 0, 16, 81, 2540 }, // U+D482
    { 18, 18, 288, 0, 16, 81, 2621 }, // U+D488
    { 18, 18, 288, 0, 16, 81, 2702 }, // U+D489
    { 17, 18, 288, 1, 16, 77, 2783 }, // U+D48B
    { 18, 18, 288, 0, 16, 81, 2860 }, // U+D48D
    { 16, 19, 288, 0, 17, 76, 2941 }, // U+D494
    { 17, 19, 288, 0, 17, 81, 3017 }, // U+D4A9
    { 16, 19, 288, 0, 17, 76, 3098 }, // U+D4CC
    { 17, 19, 288, 0, 17, 81, 3174 }, // U+D4D0
    { 17, 19, 288, 0, 17, 81, 3255 }, // U+D4D4
    { 16, 19, 288, 0, 17, 76, 3336 }, // U+D4DC
    { 17, 19, 288, 0, 17, 81, 3412 }, // U+D4DF
    { 17, 18, 288, 0, 16, 77, 3493 }, // U+D4E8
    { 17, 18, 288, 0, 16, 77, 3570 }, // U+D4EC
    { 18, 18, 288, 0, 16, 81, 3647 }, // U+D4F0
    { 18, 18, 288, 0, 16, 81, 3728 }, // U+D4F8
    { 18, 18, 288, 0, 16, 81, 3809 }, // U+D4FB
    { 18, 18, 288, 0, 16, 81, 3890 }, // U+D4FD
    { 17, 15, 288, 1, 15, 64, 3971 }, // U+D504
    { 18, 18, 288, 0, 16, 81, 4035 }, // U+D508
    { 18, 18, 288, 0, 16, 81, 4116 }, // U+D50C
    { 18, 18, 288, 0, 16, 81, 4197 }, // U+D514
    { 18, 18, 288, 0, 16, 81, 4278 }, // U+D515
    { 18, 18, 288, 0, 16, 81, 4359 }, // U+D517
    { 16, 19, 288, 0, 17, 76, 4440 }, // U+D53C
    { 16, 18, 288, 0, 16, 72, 4516 }, // U+D53D
    { 17, 19, 288, 0, 17, 81, 4588 }, // U+D540
    { 17, 19, 288, 0, 17, 81, 4669 }, // U+D544
    { 16, 19, 288, 0, 17, 76, 4750 }, // U+D54C
    { 16, 19, 288, 0, 17, 76, 4826 }, // U+D54D
    { 17, 19, 288, 0, 17, 81, 4902 }, // U+D54F
    { 16, 19, 288, 0, 17, 76, 4983 }, // U+D551
    { 18, 19, 288, 1, 17, 86, 5059 }, // U+D558
    { 17, 19, 288, 1, 17, 81, 5145 }, // U+D559
    { 17, 19, 288, 1, 17, 81, 5226 }, // U+D55C
    { 17, 19, 288, 1, 17, 81, 5307 }, // U+D560
    { 17, 19, 288, 1, 17, 81, 5388 }, // U+D565
    { 17, 19, 288, 1, 17, 81, 5469 }, // U+D568
    { 17, 19, 288, 1, 17, 81, 5550 }, // U+D569
    { 17, 19, 288, 1, 17, 81, 5631 }, // U+D56B
    { 17, 19, 288, 1, 17, 81, 5712 }, // U+D56D
    { 17, 19, 288, 0, 17, 81, 5793 }, // U+D574
    { 16, 19, 288, 0, 17, 76, 5874 }, // U+D575
    { 17, 19, 288, 0, 17, 81, 5950 }, // U+D578
    { 17, 19, 288, 0, 17, 81, 6031 }, // U+D57C
    { 16, 19, 288, 0, 17, 76, 6112 }, // U+D584
    { 16, 19, 288, 0, 17, 76, 6188 }, // U+D585
    { 18, 19, 288, 0, 17, 86, 6264 }, // U+D587
    { 18, 19, 288, 0, 17, 86, 6350 }, // U+D588
    { 17, 19, 288, 0, 17, 81, 6436 }, // U+D589
    { 17, 19, 288, 1, 17, 81, 6517 }, // U+D590
    { 17, 19, 288, 1, 17, 81, 6598 }, // U+D5A5
    { 15, 19, 288, 1, 17, 72, 6679 }, // U+D5C8
    { 15, 19, 288, 1, 17, 72, 6751 }, // U+D5C9
    { 16, 19, 288, 1, 17, 76, 6823 }, // U+D5CC
    { 16, 19, 288, 1, 17, 76, 6899 }, // U+D5D0
    { 15, 19, 288, 1, 17, 72, 6975 }, // U+D5D2
    { 15, 19, 288, 1, 17, 72, 7047 }, // U+D5D8
    { 15, 19, 288, 1, 17, 72, 7119 }, // U+D5D9
    { 17, 19, 288, 1, 17, 81, 7191 }, // U+D5DB
    { 16, 19, 288, 1, 17, 76, 7272 }, // U+D5DD
    { 17, 19, 288, 0, 17, 81, 0 }, // U+D5E4
    { 17, 19, 288, 0, 17, 81, 81 }, // U+D5E5
    { 17, 19, 288, 0, 17, 81, 162 }, // U+D5E8
    { 17, 19, 288, 0, 17, 81, 243 }, // U+D5EC
    { 17, 19, 288, 0, 17, 81, 324 }, // U+D5F4
    { 17, 19, 288, 0, 17, 81, 405 }, // U+D5F5
    { 18, 19, 288, 0, 17, 86, 486 }, // U+D5F7
    { 17, 19, 288, 0, 17, 81, 572 }, // U+D5F9
    { 15, 19, 288, 1, 17, 72, 653 }, // U+D600
    { 16, 19, 288, 0, 17, 76, 725 }, // U+D601
    { 17, 19, 288, 0, 17, 81, 801 }, // U+D604
    { 17, 19, 288, 0, 17, 81, 882 }, // U+D608
    { 16, 19, 288, 0, 17, 76, 963 }, // U+D610
    { 16, 19, 288, 0, 17, 76, 1039 }, // U+D611
    { 17, 19, 288, 0, 17, 81, 1115 }, // U+D613
    { 18, 19, 288, 0, 17, 86, 1196 }, // U+D614
    { 16, 19, 288, 0, 17, 76, 1282 }, // U+D615
    { 17, 19, 288, 0, 17, 81, 1358 }, // U+D61C
    { 17, 19, 288, 0, 17, 81, 1439 }, // U+D620
    { 17, 19, 288, 0, 17, 81, 1520 }, // U+D624
    { 17, 19, 288, 0, 17, 81, 1601 }, // U+D62D
    { 17, 17, 288, 1, 17, 73, 1682 }, // U+D638
    { 18, 19, 288, 0, 17, 86, 1755 }, // U+D639
    { 18, 19, 288, 0, 17, 86, 1841 }, // U+D63C
    { 18, 19, 288, 0, 17, 86, 1927 }, // U+D640
    { 18, 19, 288, 0, 17, 86, 2013 }, // U+D645
    { 18, 19, 288, 0, 17, 86, 2099 }, // U+D648
    { 18, 19, 288, 0, 17, 86, 2185 }, // U+D649
    { 18, 19, 288, 0, 17, 86, 2271 }, // U+D64B
    { 18, 19, 288, 0, 17, 86, 2357 }, // U+D64D
    { 18, 19, 288, 0, 17, 86, 2443 }, // U+D651
    { 18, 19, 288, 0, 17, 86, 2529 }, // U+D654
    { 18, 19, 288, 0, 17, 86, 2615 }, // U+D655
    { 18, 19, 288, 0, 17, 86, 2701 }, // U+D658
    { 18, 19, 288, 0, 17, 86, 2787 }, // U+D65C
    { 18, 19, 288, 0, 17, 86, 2873 }, // U+D667
    { 18, 19, 288, 0, 17, 86, 2959 }, // U+D669
    { 16, 19, 288, 0, 17, 76, 3045 }, // U+D670
    { 16, 19, 288, 0, 17, 76, 3121 }, // U+D671
    { 17, 19, 288, 0, 17, 81, 3197 }, // U+D674
    { 17, 19, 288, 0, 17, 81, 3278 }, // U+D683
    { 17, 19, 288, 0, 17, 81, 3359 }, // U+D685
    { 16, 19, 288, 0, 17, 76, 3440 }, // U+D68C
    { 16, 19, 288, 0, 17, 76, 3516 }, // U+D68D
    { 17, 19, 288, 0, 17, 81, 3592 }, // U+D690
    { 17, 19, 288, 0, 17, 81, 3673 }, // U+D694
    { 16, 19, 288, 0, 17, 76, 3754 }, // U+D69D
    { 17, 19, 288, 0, 17, 81, 3830 }, // U+D69F
    { 16, 19, 288, 0, 17, 76, 3911 }, // U+D6A1
    { 17, 17, 288, 1, 17, 73, 3987 }, // U+D6A8
    { 18, 19, 288, 0, 17, 86, 4060 }, // U+D6AC
    { 18, 19, 288, 0, 17, 86, 4146 }, // U+D6B0
    { 18, 19, 288, 0, 17, 86, 4232 }, // U+D6B9
    { 18, 19, 288, 0, 17, 86, 4318 }, // U+D6BB
    { 17, 19, 288, 1, 17, 81, 4404 }, // U+D6C4
    { 18, 19, 288, 0, 17, 86, 4485 }, // U+D6C5
    { 18, 19, 288, 0, 17, 86, 4571 }, // U+D6C8
    { 18, 19, 288, 0, 17, 86, 4657 }, // U+D6CC
    { 18, 19, 288, 0, 17, 86, 4743 }, // U+D6D1
    { 18, 19, 288, 0, 17, 86, 4829 }, // U+D6D4
    { 18, 19, 288, 0, 17, 86, 4915 }, // U+D6D7
    { 18, 19, 288, 0, 17, 86, 5001 }, // U+D6D9
    { 16, 19, 288, 0, 17, 76, 5087 }, // U+D6E0
    { 17, 19, 288, 0, 17, 81, 5163 }, // U+D6E4
    { 17, 19, 288, 0, 17, 81, 5244 }, // U+D6E8
    { 16, 19, 288, 0, 17, 76, 5325 }, // U+D6F0
    { 16, 19, 288, 0, 17, 76, 5401 }, // U+D6F5
    { 16, 19, 288, 0, 17, 76, 5477 }, // U+D6FC
    { 16, 19, 288, 0, 17, 76, 5553 }, // U+D6FD
    { 17, 19, 288, 0, 17, 81, 5629 }, // U+D700
    { 17, 19, 288, 0, 17, 81, 5710 }, // U+D704
    { 17, 19, 288, 0, 17, 81, 5791 }, // U+D711
    { 16, 19, 288, 0, 17, 76, 5872 }, // U+D718
    { 16, 19, 288, 0, 17, 76, 5948 }, // U+D719
    { 17, 19, 288, 0, 17, 81, 6024 }, // U+D71C
    { 17, 19, 288, 0, 17, 81, 6105 }, // U+D720
    { 16, 19, 288, 0, 17, 76, 6186 }, // U+D728
    { 16, 19, 288, 0, 17, 76, 6262 }, // U+D729
    { 17, 19, 288, 0, 17, 81, 6338 }, // U+D72B
    { 16, 19, 288, 0, 17, 76, 6419 }, // U+D72D
    { 17, 19, 288, 1, 17, 81, 6495 }, // U+D734
    { 18, 19, 288, 0, 17, 86, 6576 }, // U+D735
    { 18, 19, 288, 0, 17, 86, 6662 }, // U+D738
    { 18, 19, 288, 0, 17, 86, 6748 }, // U+D73C
    { 18, 19, 288, 0, 17, 86, 6834 }, // U+D744
    { 17, 19, 288, 0, 17, 81, 6920 }, // U+D747
    { 18, 19, 288, 0, 17, 86, 7001 }, // U+D749
    { 17, 16, 288, 1, 16, 68, 7087 }, // U+D750
    { 18, 19, 288, 0, 17, 86, 7155 }, // U+D751
    { 18, 19, 288, 0, 17, 86, 7241 }, // U+D754
    { 18, 19, 288, 0, 17, 86, 0 }, // U+D756
    { 18, 19, 288, 0, 17, 86, 86 }, // U+D757
    { 18, 19, 288, 0, 17, 86, 172 }, // U+D758
    { 18, 19, 288, 0, 17, 86, 258 }, // U+D759
    { 18, 19, 288, 0, 17, 86, 344 }, // U+D760
    { 18, 19, 288, 0, 17, 86, 430 }, // U+D761
    { 18, 19, 288, 0, 17, 86, 516 }, // U+D763
    { 18, 19, 288, 0, 17, 86, 602 }, // U+D765
    { 18, 19, 288, 0, 17, 86, 688 }, // U+D769
    { 16, 19, 288, 0, 17, 76, 774 }, // U+D76C
    { 17, 19, 288, 0, 17, 81, 850 }, // U+D770
    { 17, 19, 288, 0, 17, 81, 931 }, // U+D774
    { 16, 19, 288, 0, 17, 76, 1012 }, // U+D77C
    { 16, 19, 288, 0, 17, 76, 1088 }, // U+D77D
    { 16, 19, 288, 0, 17, 76, 1164 }, // U+D781
    { 15, 19, 288, 1, 17, 72, 1240 }, // U+D788
    { 15, 19, 288, 1, 17, 72, 1312 }, // U+D789
    { 16, 19, 288, 1, 17, 76, 1384 }, // U+D78C
    { 16, 19, 288, 1, 17, 76, 1460 }, // U+D790
    { 15, 19, 288, 1, 17, 72, 1536 }, // U+D798
    { 15, 19, 288, 1, 17, 72, 1608 }, // U+D799
    { 16, 19, 288, 1, 17, 76, 1680 }, // U+D79B
    { 15, 19, 288, 1, 17, 72, 1756 }, // U+D79D
};

static const EpdUnicodeInterval kimchi_ui_10_regularIntervals[] = {
    { 0x20, 0x7E, 0x0 },
    { 0xA0, 0x148, 0x5F },
    { 0x14A, 0x17F, 0x108 },
    { 0x1A0, 0x1A1, 0x13E },
    { 0x1AF, 0x1B0, 0x140 },
    { 0x1C5, 0x21F, 0x142 },
    { 0x300, 0x31E, 0x19D },
    { 0x321, 0x36F, 0x1BC },
    { 0x400, 0x49D, 0x20B },
    { 0x4A0, 0x4FF, 0x2A9 },
    { 0x1EA0, 0x1EF9, 0x309 },
    { 0x2000, 0x200D, 0x363 },
    { 0x2010, 0x2027, 0x371 },
    { 0x202F, 0x2060, 0x389 },
    { 0x2070, 0x2071, 0x3BB },
    { 0x2074, 0x208E, 0x3BD },
    { 0x2090, 0x209C, 0x3D8 },
    { 0x20A0, 0x20BF, 0x3E5 },
    { 0x2190, 0x2199, 0x405 },
    { 0x21A9, 0x21AA, 0x40F },
    { 0x21B0, 0x21B1, 0x411 },
    { 0x21B3, 0x21B5, 0x413 },
    { 0x21BA, 0x21BB, 0x416 },
    { 0x21D0, 0x21D0, 0x418 },
    { 0x21D2, 0x21D2, 0x419 },
    { 0x21D4, 0x21D4, 0x41A },
    { 0x21DE, 0x21DF, 0x41B },
    { 0x21E4, 0x21E5, 0x41D },
    { 0x21E7, 0x21E7, 0x41F },
    { 0x21EA, 0x21EA, 0x420 },
    { 0x2202, 0x2202, 0x421 },
    { 0x2205, 0x2206, 0x422 },
    { 0x220F, 0x220F, 0x424 },
    { 0x2211, 0x2212, 0x425 },
    { 0x221A, 0x221A, 0x427 },
    { 0x221E, 0x221E, 0x428 },
    { 0x222B, 0x222B, 0x429 },
    { 0x2248, 0x2248, 0x42A },
    { 0x2260, 0x2260, 0x42B },
    { 0x2264, 0x2265, 0x42C },
    { 0x226A, 0x226B, 0x42E },
    { 0x22EF, 0x22EF, 0x430 },
    { 0x3131, 0x3164, 0x431 },
    { 0x318D, 0x318D, 0x465 },
    { 0xAC00, 0xAC01, 0x466 },
    { 0xAC04, 0xAC04, 0x468 },
    { 0xAC07, 0xAC0A, 0x469 },
    { 0xAC10, 0xAC17, 0x46D },
    { 0xAC19, 0xAC1D, 0x475 },
    { 0xAC20, 0xAC20, 0x47A },
    { 0xAC24, 0xAC24, 0x47B },
    { 0xAC2C, 0xAC2D, 0x47C },
    { 0xAC2F, 0xAC31, 0x47E },
    { 0xAC38, 0xAC39, 0x481 },
    { 0xAC3C, 0xAC3C, 0x483 },
    { 0xAC40, 0xAC40, 0x484 },
    { 0xAC4B, 0xAC4B, 0x485 },
    { 0xAC4D, 0xAC4D, 0x486 },
    { 0xAC54, 0xAC54, 0x487 },
    { 0xAC58, 0xAC58, 0x488 },
    { 0xAC5C, 0xAC5C, 0x489 },
    { 0xAC70, 0xAC71, 0x48A },
    { 0xAC74, 0xAC74, 0x48C },
    { 0xAC77, 0xAC78, 0x48D },
    { 0xAC7A, 0xAC7A, 0x48F },
    { 0xAC80, 0xAC81, 0x490 },
    { 0xAC83, 0xAC86, 0x492 },
    { 0xAC89, 0xAC8C, 0x496 },
    { 0xAC90, 0xAC90, 0x49A },
    { 0xAC94, 0xAC94, 0x49B },
    { 0xAC9C, 0xAC9D, 0x49C },
    { 0xAC9F, 0xACA1, 0x49E },
    { 0xACA8, 0xACAA, 0x4A1 },
    { 0xACAC, 0xACAC, 0x4A4 },
    { 0xACAF, 0xACB0, 0x4A5 },
    { 0xACB8, 0xACB9, 0x4A7 },
    { 0xACBB, 0xACBD, 0x4A9 },
    { 0xACC1, 0xACC1, 0x4AC },
    { 0xACC4, 0xACC4, 0x4AD },
    { 0xACC8, 0xACC8, 0x4AE },
    { 0xACCC, 0xACCC, 0x4AF },
    { 0xACD5, 0xACD5, 0x4B0 },
    { 0xACD7, 0xACD7, 0x4B1 },
    { 0xACE0, 0xACE1, 0x4B2 },
    { 0xACE4, 0xACE4, 0x4B4 },
    { 0xACE7, 0xACE8, 0x4B5 },
    { 0xACEA, 0xACEA, 0x4B7 },
    { 0xACEC, 0xACEC, 0x4B8 },
    { 0xACEF, 0xACF1, 0x4B9 },
    { 0xACF3, 0xACF3, 0x4BC },
    { 0xACF5, 0xACF6, 0x4BD },
    { 0xACFC, 0xACFD, 0x4BF },
    { 0xAD00, 0xAD00, 0x4C1 },
    { 0xAD04, 0xAD04, 0x4C2 },
    { 0xAD06, 0xAD06, 0x4C3 },
    { 0xAD0C, 0xAD0D, 0x4C4 },
    { 0xAD0F, 0xAD0F, 0x4C6 },
    { 0xAD11, 0xAD11, 0x4C7 },
    { 0xAD18, 0xAD18, 0x4C8 },
    { 0xAD1C, 0xAD1C, 0x4C9 },
    { 0xAD20, 0xAD20, 0x4CA },
    { 0xAD29, 0xAD29, 0x4CB },
    { 0xAD2C, 0xAD2D, 0x4CC },
    { 0xAD34, 0xAD35, 0x4CE },
    { 0xAD38, 0xAD38, 0x4D0 },
    { 0xAD3C, 0xAD3C, 0x4D1 },
    { 0xAD44, 0xAD45, 0x4D2 },
    { 0xAD47, 0xAD47, 0x4D4 },
    { 0xAD49, 0xAD49, 0x4D5 },
    { 0xAD50, 0xAD50, 0x4D6 },
    { 0xAD54, 0xAD54, 0x4D7 },
    { 0xAD58, 0xAD58, 0x4D8 },
    { 0xAD61, 0xAD61, 0x4D9 },
    { 0xAD63, 0xAD63, 0x4DA },
    { 0xAD6C, 0xAD6D, 0x4DB },
    { 0xAD70, 0xAD70, 0x4DD },
    { 0xAD73, 0xAD76, 0x4DE },
    { 0xAD7B, 0xAD7D, 0x4E2 },
    { 0xAD7F, 0xAD7F, 0x4E5 },
    { 0xAD81, 0xAD82, 0x4E6 },
    { 0xAD88, 0xAD89, 0x4E8 },
    { 0xAD8C, 0xAD8C, 0x4EA },
    { 0xAD90, 0xAD90, 0x4EB },
    { 0xAD9C, 0xAD9D, 0x4EC },
    { 0xADA4, 0xADA4, 0x4EE },
    { 0xADB7, 0xADB7, 0x4EF },
    { 0xADC0, 0xADC1, 0x4F0 },
    { 0xADC4, 0xADC4, 0x4F2 },
    { 0xADC8, 0xADC8, 0x4F3 },
    { 0xADD0, 0xADD1, 0x4F4 },
    { 0xADD3, 0xADD3, 0x4F6 },
    { 0xADDC, 0xADDC, 0x4F7 },
    { 0xADE0, 0xADE0, 0x4F8 },
    { 0xADE4, 0xADE4, 0x4F9 },
    { 0xADF8, 0xADF9, 0x4FA },
    { 0xADFC, 0xADFC, 0x4FC },
    { 0xADFF, 0xAE01, 0x4FD },
    { 0xAE08, 0xAE09, 0x500 },
    { 0xAE0B, 0xAE0B, 0x502 },
    { 0xAE0D, 0xAE0D, 0x503 },
    { 0xAE14, 0xAE14, 0x504 },
    { 0xAE30, 0xAE31, 0x505 },
    { 0xAE34, 0xAE34, 0x507 },
    { 0xAE37, 0xAE38, 0x508 },
    { 0xAE3A, 0xAE3A, 0x50A },
    { 0xAE40, 0xAE41, 0x50B },
    { 0xAE43, 0xAE43, 0x50D },
    { 0xAE45, 0xAE46, 0x50E },
    { 0xAE4A, 0xAE4A, 0x510 },
    { 0xAE4C, 0xAE4E, 0x511 },
    { 0xAE50, 0xAE50, 0x514 },
    { 0xAE54, 0xAE54, 0x515 },
    { 0xAE56, 0xAE56, 0x516 },
    { 0xAE5C, 0xAE5D, 0x517 },
    { 0xAE5F, 0xAE61, 0x519 },
    { 0xAE65, 0xAE65, 0x51C },
    { 0xAE68, 0xAE69, 0x51D },
    { 0xAE6C, 0xAE6C, 0x51F },
    { 0xAE70, 0xAE70, 0x520 },
    { 0xAE78, 0xAE79, 0x521 },
    { 0xAE7B, 0xAE7D, 0x523 },
    { 0xAE84, 0xAE85, 0x526 },
    { 0xAE8C, 0xAE8C, 0x528 },
    { 0xAEBC, 0xAEBE, 0x529 },
    { 0xAEC0, 0xAEC0, 0x52C },
    { 0xAEC4, 0xAEC4, 0x52D },
    { 0xAECC, 0xAECD, 0x52E },
    { 0xAECF, 0xAED1, 0x530 },
    { 0xAED8, 0xAED9, 0x533 },
    { 0xAEDC, 0xAEDC, 0x535 },
    { 0xAEE8, 0xAEE8, 0x536 },
    { 0xAEEB, 0xAEEB, 0x537 },
    { 0xAEED, 0xAEED, 0x538 },
    { 0xAEF4, 0xAEF4, 0x539 },
    { 0xAEF8, 0xAEF8, 0x53A },
    { 0xAEFC, 0xAEFC, 0x53B },
    { 0xAF07, 0xAF08, 0x53C },
    { 0xAF0D, 0xAF0D, 0x53E },
    { 0xAF10, 0xAF10, 0x53F },
    { 0xAF2C, 0xAF2D, 0x540 },
    { 0xAF30, 0xAF30, 0x542 },
    { 0xAF32, 0xAF32, 0x543 },
    { 0xAF34, 0xAF34, 0x544 },
    { 0xAF3C, 0xAF3D, 0x545 },
    { 0xAF3F, 0xAF3F, 0x547 },
    { 0xAF41, 0xAF43, 0x548 },
    { 0xAF48, 0xAF49, 0x54B },
    { 0xAF50, 0xAF50, 0x54D },
    { 0xAF5C, 0xAF5D, 0x54E },
    { 0xAF64, 0xAF65, 0x550 },
    { 0xAF79, 0xAF79, 0x552 },
    { 0xAF80, 0xAF80, 0x553 },
    { 0xAF84, 0xAF84, 0x554 },
    { 0xAF88, 0xAF88, 0x555 },
    { 0xAF90, 0xAF91, 0x556 },
    { 0xAF95, 0xAF95, 0x558 },
    { 0xAF9C, 0xAF9C, 0x559 },
    { 0xAFB8, 0xAFB9, 0x55A },
    { 0xAFBC, 0xAFBC, 0x55C },
    { 0xAFC0, 0xAFC0, 0x55D },
    { 0xAFC7, 0xAFC9, 0x55E },
    { 0xAFCB, 0xAFCB, 0x561 },
    { 0xAFCD, 0xAFCE, 0x562 },
    { 0xAFD4, 0xAFD4, 0x564 },
    { 0xAFDC, 0xAFDC, 0x565 },
    { 0xAFE8, 0xAFE9, 0x566 },
    { 0xAFF0, 0xAFF1, 0x568 },
    { 0xAFF4, 0xAFF4, 0x56A },
    { 0xAFF8, 0xAFF8, 0x56B },
    { 0xB000, 0xB001, 0x56C },
    { 0xB004, 0xB004, 0x56E },
    { 0xB00C, 0xB00C, 0x56F },
    { 0xB010, 0xB010, 0x570 },
    { 0xB014, 0xB014, 0x571 },
    { 0xB01C, 0xB01D, 0x572 },
    { 0xB028, 0xB028, 0x574 },
    { 0xB044, 0xB045, 0x575 },
    { 0xB048, 0xB048, 0x577 },
    { 0xB04A, 0xB04A, 0x578 },
    { 0xB04C, 0xB04C, 0x579 },
    { 0xB04E, 0xB04E, 0x57A },
    { 0xB053, 0xB055, 0x57B },
    { 0xB057, 0xB057, 0x57E },
    { 0xB059, 0xB059, 0x57F },
    { 0xB05D, 0xB05D, 0x580 },
    { 0xB07C, 0xB07D, 0x581 },
    { 0xB080, 0xB080, 0x583 },
    { 0xB084, 0xB084, 0x584 },
    { 0xB08C, 0xB08D, 0x585 },
    { 0xB08F, 0xB08F, 0x587 },
    { 0xB091, 0xB091, 0x588 },
    { 0xB098, 0xB09A, 0x589 },
    { 0xB09C, 0xB09C, 0x58C },
    { 0xB09F, 0xB0A2, 0x58D },
    { 0xB0A8, 0xB0A9, 0x591 },
    { 0xB0AB, 0xB0AF, 0x593 },
    { 0xB0B1, 0xB0B1, 0x598 },
    { 0xB0B3, 0xB0B5, 0x599 },
    { 0xB0B8, 0xB0B8, 0x59C },
    { 0xB0BC, 0xB0BC, 0x59D },
    { 0xB0C4, 0xB0C5, 0x59E },
    { 0xB0C7, 0xB0C9, 0x5A0 },
    { 0xB0D0, 0xB0D1, 0x5A3 },
    { 0xB0D4, 0xB0D4, 0x5A5 },
    { 0xB0D8, 0xB0D8, 0x5A6 },
    { 0xB0E0, 0xB0E0, 0x5A7 },
    { 0xB0E5, 0xB0E5, 0x5A8 },
    { 0xB108, 0xB109, 0x5A9 },
    { 0xB10B, 0xB10C, 0x5AB },
    { 0xB110, 0xB110, 0x5AD },
    { 0xB112, 0xB113, 0x5AE },
    { 0xB118, 0xB119, 0x5B0 },
    { 0xB11B, 0xB11D, 0x5B2 },
    { 0xB123, 0xB125, 0x5B5 },
    { 0xB128, 0xB128, 0x5B8 },
    { 0xB12C, 0xB12C, 0x5B9 },
    { 0xB134, 0xB135, 0x5BA },
    { 0xB137, 0xB139, 0x5BC },
    { 0xB140, 0xB141, 0x5BF },
    { 0xB144, 0xB144, 0x5C1 },
    { 0xB148, 0xB148, 0x5C2 },
    { 0xB150, 0xB151, 0x5C3 },
    { 0xB154, 0xB155, 0x5C5 },
    { 0xB158, 0xB158, 0x5C7 },
    { 0xB15C, 0xB15C, 0x5C8 },
    { 0xB160, 0xB160, 0x5C9 },
    { 0xB178, 0xB179, 0x5CA },
    { 0xB17C, 0xB17C, 0x5CC },
    { 0xB180, 0xB180, 0x5CD },
    { 0xB182, 0xB182, 0x5CE },
    { 0xB188, 0xB189, 0x5CF },
    { 0xB18B, 0xB18B, 0x5D1 },
    { 0xB18D, 0xB18D, 0x5D2 },
    { 0xB192, 0xB194, 0x5D3 },
    { 0xB198, 0xB198, 0x5D6 },
    { 0xB19C, 0xB19C, 0x5D7 },
    { 0xB1A8, 0xB1A8, 0x5D8 },
    { 0xB1CC, 0xB1CC, 0x5D9 },
    { 0xB1D0, 0xB1D0, 0x5DA },
    { 0xB1D4, 0xB1D4, 0x5DB },
    { 0xB1DC, 0xB1DD, 0x5DC },
    { 0xB1DF, 0xB1DF, 0x5DE },
    { 0xB1E8, 0xB1E9, 0x5DF },
    { 0xB1EC, 0xB1EC, 0x5E1 },
    { 0xB1F0, 0xB1F0, 0x5E2 },
    { 0xB1F9, 0xB1F9, 0x5E3 },
    { 0xB1FB, 0xB1FB, 0x5E4 },
    { 0xB1FD, 0xB1FD, 0x5E5 },
    { 0xB204, 0xB205, 0x5E6 },
    { 0xB208, 0xB208, 0x5E8 },
    { 0xB20B, 0xB20C, 0x5E9 },
    { 0xB214, 0xB215, 0x5EB },
    { 0xB217, 0xB217, 0x5ED },
    { 0xB219, 0xB219, 0x5EE },
    { 0xB220, 0xB220, 0x5EF },
    { 0xB234, 0xB234, 0x5F0 },
    { 0xB23C, 0xB23C, 0x5F1 },
    { 0xB258, 0xB258, 0x5F2 },
    { 0xB25C, 0xB25C, 0x5F3 },
    { 0xB260, 0xB260, 0x5F4 },
    { 0xB268, 0xB269, 0x5F5 },
    { 0xB274, 0xB275, 0x5F7 },
    { 0xB27C, 0xB27C, 0x5F9 },
    { 0xB284, 0xB285, 0x5FA },
    { 0xB289, 0xB289, 0x5FC },
    { 0xB290, 0xB291, 0x5FD },
    { 0xB294, 0xB294, 0x5FF },
    { 0xB298, 0xB29A, 0x600 },
    { 0xB2A0, 0xB2A1, 0x603 },
    { 0xB2A3, 0xB2A3, 0x605 },
    { 0xB2A5, 0xB2A6, 0x606 },
    { 0xB2AA, 0xB2AA, 0x608 },
    { 0xB2AC, 0xB2AC, 0x609 },
    { 0xB2B0, 0xB2B0, 0x60A },
    { 0xB2B4, 0xB2B4, 0x60B },
    { 0xB2C8, 0xB2C9, 0x60C },
    { 0xB2CC, 0xB2CC, 0x60E },
    { 0xB2D0, 0xB2D0, 0x60F },
    { 0xB2D2, 0xB2D2, 0x610 },
    { 0xB2D8, 0xB2D9, 0x611 },
    { 0xB2DB, 0xB2DB, 0x613 },
    { 0xB2DD, 0xB2DD, 0x614 },
    { 0xB2E2, 0xB2E2, 0x615 },
    { 0xB2E4, 0xB2E6, 0x616 },
    { 0xB2E8, 0xB2E8, 0x619 },
    { 0xB2EB, 0xB2EF, 0x61A },
    { 0xB2F3, 0xB2F5, 0x61F },
    { 0xB2F7, 0xB2FB, 0x622 },
    { 0xB2FF, 0xB301, 0x627 },
    { 0xB304, 0xB304, 0x62A },
    { 0xB308, 0xB308, 0x62B },
    { 0xB310, 0xB311, 0x62C },
    { 0xB313, 0xB315, 0x62E },
    { 0xB31C, 0xB31C, 0x631 },
    { 0xB354, 0xB356, 0x632 },
    { 0xB358, 0xB358, 0x635 },
    { 0xB35B, 0xB35C, 0x636 },
    { 0xB35E, 0xB35F, 0x638 },
    { 0xB364, 0xB365, 0x63A },
    { 0xB367, 0xB367, 0x63C },
    { 0xB369, 0xB369, 0x63D },
    { 0xB36B, 0xB36B, 0x63E },
    { 0xB36E, 0xB36E, 0x63F },
    { 0xB370, 0xB371, 0x640 },
    { 0xB374, 0xB374, 0x642 },
    { 0xB378, 0xB378, 0x643 },
    { 0xB380, 0xB381, 0x644 },
    { 0xB383, 0xB385, 0x646 },
    { 0xB38C, 0xB38C, 0x649 },
    { 0xB390, 0xB390, 0x64A },
    { 0xB394, 0xB394, 0x64B },
    { 0xB3A0, 0xB3A1, 0x64C },
    { 0xB3A8, 0xB3A8, 0x64E },
    { 0xB3AC, 0xB3AC, 0x64F },
    { 0xB3C4, 0xB3C5, 0x650 },
    { 0xB3C8, 0xB3C8, 0x652 },
    { 0xB3CB, 0xB3CC, 0x653 },
    { 0xB3CE, 0xB3CE, 0x655 },
    { 0xB3D0, 0xB3D0, 0x656 },
    { 0xB3D4, 0xB3D5, 0x657 },
    { 0xB3D7, 0xB3D7, 0x659 },
    { 0xB3D9, 0xB3D9, 0x65A },
    { 0xB3DB, 0xB3DB, 0x65B },
    { 0xB3DD, 0xB3DD, 0x65C },
    { 0xB3E0, 0xB3E0, 0x65D },
    { 0xB3E4, 0xB3E4, 0x65E },
    { 0xB3E8, 0xB3E8, 0x65F },
    { 0xB3FC, 0xB3FC, 0x660 },
    { 0xB410, 0xB410, 0x661 },
    { 0xB418, 0xB418, 0x662 },
    { 0xB41C, 0xB41C, 0x663 },
    { 0xB420, 0xB420, 0x664 },
    { 0xB428, 0xB429, 0x665 },
    { 0xB42B, 0xB42B, 0x667 },
    { 0xB434, 0xB434, 0x668 },
    { 0xB450, 0xB451, 0x669 },
    { 0xB454, 0xB454, 0x66B },
    { 0xB458, 0xB458, 0x66C },
    { 0xB460, 0xB461, 0x66D },
    { 0xB463, 0xB463, 0x66F },
    { 0xB465, 0xB465, 0x670 },
    { 0xB46C, 0xB46C, 0x671 },
    { 0xB480, 0xB480, 0x672 },
    { 0xB488, 0xB488, 0x673 },
    { 0xB49D, 0xB49D, 0x674 },
    { 0xB4A4, 0xB4A4, 0x675 },
    { 0xB4A8, 0xB4A8, 0x676 },
    { 0xB4AC, 0xB4AC, 0x677 },
    { 0xB4B5, 0xB4B5, 0x678 },
    { 0xB4B7, 0xB4B7, 0x679 },
    { 0xB4B9, 0xB4B9, 0x67A },
    { 0xB4C0, 0xB4C0, 0x67B },
    { 0xB4C4, 0xB4C4, 0x67C },
    { 0xB4C8, 0xB4C8, 0x67D },
    { 0xB4D0, 0xB4D0, 0x67E },
    { 0xB4D5, 0xB4D5, 0x67F },
    { 0xB4DC, 0xB4DD, 0x680 },
    { 0xB4E0, 0xB4E0, 0x682 },
    { 0xB4E3, 0xB4E4, 0x683 },
    { 0xB4E6, 0xB4E6, 0x685 },
    { 0xB4EC, 0xB4ED, 0x686 },
    { 0xB4EF, 0xB4EF, 0x688 },
    { 0xB4F1, 0xB4F1, 0x689 },
    { 0xB4F8, 0xB4F8, 0x68A },
    { 0xB514, 0xB515, 0x68B },
    { 0xB518, 0xB518, 0x68D },
    { 0xB51B, 0xB51C, 0x68E },
    { 0xB524, 0xB525, 0x690 },
    { 0xB527, 0xB52A, 0x692 },
    { 0xB530, 0xB531, 0x696 },
    { 0xB534, 0xB534, 0x698 },
    { 0xB538, 0xB538, 0x699 },
    { 0xB540, 0xB541, 0x69A },
    { 0xB543, 0xB545, 0x69C },
    { 0xB54B, 0xB54D, 0x69F },
    { 0xB550, 0xB550, 0x6A2 },
    { 0xB554, 0xB554, 0x6A3 },
    { 0xB55C, 0xB55D, 0x6A4 },
    { 0xB55F, 0xB561, 0x6A6 },
    { 0xB5A0, 0xB5A1, 0x6A9 },
    { 0xB5A4, 0xB5A4, 0x6AB },
    { 0xB5A8, 0xB5A8, 0x6AC },
    { 0xB5AA, 0xB5AB, 0x6AD },
    { 0xB5B0, 0xB5B1, 0x6AF },
    { 0xB5B3, 0xB5B5, 0x6B1 },
    { 0xB5BB, 0xB5BD, 0x6B4 },
    { 0xB5C0, 0xB5C0, 0x6B7 },
    { 0xB5C4, 0xB5C4, 0x6B8 },
    { 0xB5CC, 0xB5CD, 0x6B9 },
    { 0xB5CF, 0xB5D1, 0x6BB },
    { 0xB5D8, 0xB5D8, 0x6BE },
    { 0xB5EC, 0xB5EC, 0x6BF },
    { 0xB610, 0xB611, 0x6C0 },
    { 0xB614, 0xB614, 0x6C2 },
    { 0xB618, 0xB618, 0x6C3 },
    { 0xB625, 0xB625, 0x6C4 },
    { 0xB62C, 0xB62C, 0x6C5 },
    { 0xB634, 0xB634, 0x6C6 },
    { 0xB648, 0xB648, 0x6C7 },
    { 0xB664, 0xB664, 0x6C8 },
    { 0xB668, 0xB668, 0x6C9 },
    { 0xB69C, 0xB69D, 0x6CA },
    { 0xB6A0, 0xB6A0, 0x6CC },
    { 0xB6A4, 0xB6A4, 0x6CD },
    { 0xB6AB, 0xB6AC, 0x6CE },
    { 0xB6B1, 0xB6B1, 0x6D0 },
    { 0xB6D4, 0xB6D4, 0x6D1 },
    { 0xB6F0, 0xB6F0, 0x6D2 },
    { 0xB6F4, 0xB6F4, 0x6D3 },
    { 0xB6F8, 0xB6F8, 0x6D4 },
    { 0xB700, 0xB701, 0x6D5 },
    { 0xB705, 0xB705, 0x6D7 },
    { 0xB728, 0xB729, 0x6D8 },
    { 0xB72C, 0xB72C, 0x6DA },
    { 0xB72F, 0xB730, 0x6DB },
    { 0xB738, 0xB739, 0x6DD },
    { 0xB73B, 0xB73B, 0x6DF },
    { 0xB744, 0xB744, 0x6E0 },
    { 0xB748, 0xB748, 0x6E1 },
    { 0xB74C, 0xB74C, 0x6E2 },
    { 0xB754, 0xB755, 0x6E3 },
    { 0xB760, 0xB760, 0x6E5 },
    { 0xB764, 0xB764, 0x6E6 },
    { 0xB768, 0xB768, 0x6E7 },
    { 0xB770, 0xB771, 0x6E8 },
    { 0xB773, 0xB773, 0x6EA },
    { 0xB775, 0xB775, 0x6EB },
    { 0xB77C, 0xB77D, 0x6EC },
    { 0xB780, 0xB780, 0x6EE },
    { 0xB784, 0xB784, 0x6EF },
    { 0xB78C, 0xB78D, 0x6F0 },
    { 0xB78F, 0xB792, 0x6F2 },
    { 0xB796, 0xB799, 0x6F6 },
    { 0xB79C, 0xB79C, 0x6FA },
    { 0xB7A0, 0xB7A0, 0x6FB },
    { 0xB7A8, 0xB7A9, 0x6FC },
    { 0xB7AB, 0xB7AD, 0x6FE },
    { 0xB7B4, 0xB7B5, 0x701 },
    { 0xB7B8, 0xB7B8, 0x703 },
    { 0xB7C7, 0xB7C7, 0x704 },
    { 0xB7C9, 0xB7C9, 0x705 },
    { 0xB7EC, 0xB7ED, 0x706 },
    { 0xB7F0, 0xB7F0, 0x708 },
    { 0xB7F4, 0xB7F4, 0x709 },
    { 0xB7FC, 0xB7FD, 0x70A },
    { 0xB7FF, 0xB801, 0x70C },
    { 0xB807, 0xB809, 0x70F },
    { 0xB80C, 0xB80C, 0x712 },
    { 0xB810, 0xB810, 0x713 },
    { 0xB818, 0xB819, 0x714 },
    { 0xB81B, 0xB81B, 0x716 },
    { 0xB81D, 0xB81D, 0x717 },
    { 0xB824, 0xB825, 0x718 },
    { 0xB828, 0xB828, 0x71A },
    { 0xB82C, 0xB82C, 0x71B },
    { 0xB834, 0xB835, 0x71C },
    { 0xB837, 0xB839, 0x71E },
    { 0xB840, 0xB840, 0x721 },
    { 0xB844, 0xB844, 0x722 },
    { 0xB851, 0xB851, 0x723 },
    { 0xB853, 0xB853, 0x724 },
    { 0xB85C, 0xB85D, 0x725 },
    { 0xB860, 0xB860, 0x727 },
    { 0xB864, 0xB864, 0x728 },
    { 0xB86C, 0xB86D, 0x729 },
    { 0xB86F, 0xB86F, 0x72B },
    { 0xB871, 0xB871, 0x72C },
    { 0xB878, 0xB878, 0x72D },
    { 0xB87C, 0xB87C, 0x72E },
    { 0xB88D, 0xB88D, 0x72F },
    { 0xB8A8, 0xB8A8, 0x730 },
    { 0xB8B0, 0xB8B0, 0x731 },
    { 0xB8B4, 0xB8B4, 0x732 },
    { 0xB8B8, 0xB8B8, 0x733 },
    { 0xB8C0, 0xB8C1, 0x734 },
    { 0xB8C3, 0xB8C3, 0x736 },
    { 0xB8C5, 0xB8C5, 0x737 },
    { 0xB8CC, 0xB8CC, 0x738 },
    { 0xB8D0, 0xB8D0, 0x739 },
    { 0xB8D4, 0xB8D4, 0x73A },
    { 0xB8DD, 0xB8DD, 0x73B },
    { 0xB8DF, 0xB8DF, 0x73C },
    { 0xB8E1, 0xB8E1, 0x73D },
    { 0xB8E8, 0xB8E9, 0x73E },
    { 0xB8EC, 0xB8EC, 0x740 },
    { 0xB8F0, 0xB8F0, 0x741 },
    { 0xB8F8, 0xB8F9, 0x742 },
    { 0xB8FB, 0xB8FB, 0x744 },
    { 0xB8FD, 0xB8FD, 0x745 },
    { 0xB904, 0xB904, 0x746 },
    { 0xB918, 0xB918, 0x747 },
    { 0xB920, 0xB920, 0x748 },
    { 0xB93C, 0xB93D, 0x749 },
    { 0xB940, 0xB940, 0x74B },
    { 0xB944, 0xB944, 0x74C },
    { 0xB94C, 0xB94C, 0x74D },
    { 0xB94F, 0xB94F, 0x74E },
    { 0xB951, 0xB951, 0x74F },
    { 0xB958, 0xB959, 0x750 },
    { 0xB95C, 0xB95C, 0x752 },
    { 0xB960, 0xB960, 0x753 },
    { 0xB968, 0xB969, 0x754 },
    { 0xB96B, 0xB96B, 0x756 },
    { 0xB96D, 0xB96D, 0x757 },
    { 0xB974, 0xB975, 0x758 },
    { 0xB978, 0xB978, 0x75A },
    { 0xB97C, 0xB97C, 0x75B },
    { 0xB984, 0xB985, 0x75C },
    { 0xB987, 0xB987, 0x75E },
    { 0xB989, 0xB98A, 0x75F },
    { 0xB98D, 0xB98E, 0x761 },
    { 0xB9AC, 0xB9AD, 0x763 },
    { 0xB9B0, 0xB9B0, 0x765 },
    { 0xB9B4, 0xB9B4, 0x766 },
    { 0xB9BC, 0xB9BD, 0x767 },
    { 0xB9BF, 0xB9BF, 0x769 },
    { 0xB9C1, 0xB9C1, 0x76A },
    { 0xB9C8, 0xB9C9, 0x76B },
    { 0xB9CC, 0xB9CC, 0x76D },
    { 0xB9CE, 0xB9D2, 0x76E },
    { 0xB9D8, 0xB9D9, 0x773 },
    { 0xB9DB, 0xB9DB, 0x775 },
    { 0xB9DD, 0xB9DE, 0x776 },
    { 0xB9E1, 0xB9E1, 0x778 },
    { 0xB9E3, 0xB9E5, 0x779 },
    { 0xB9E8, 0xB9E8, 0x77C },
    { 0xB9EC, 0xB9EC, 0x77D },
    { 0xB9F4, 0xB9F5, 0x77E },
    { 0xB9F7, 0xB9FA, 0x780 },
    { 0xBA00, 0xBA01, 0x784 },
    { 0xBA08, 0xBA08, 0x786 },
    { 0xBA15, 0xBA15, 0x787 },
    { 0xBA38, 0xBA39, 0x788 },
    { 0xBA3C, 0xBA3C, 0x78A },
    { 0xBA40, 0xBA40, 0x78B },
    { 0xBA42, 0xBA42, 0x78C },
    { 0xBA48, 0xBA49, 0x78D },
    { 0xBA4B, 0xBA4B, 0x78F },
    { 0xBA4D, 0xBA4E, 0x790 },
    { 0xBA53, 0xBA55, 0x792 },
    { 0xBA58, 0xBA58, 0x795 },
    { 0xBA5C, 0xBA5C, 0x796 },
    { 0xBA64, 0xBA65, 0x797 },
    { 0xBA67, 0xBA69, 0x799 },
    { 0xBA70, 0xBA71, 0x79C },
    { 0xBA74, 0xBA74, 0x79E },
    { 0xBA78, 0xBA78, 0x79F },
    { 0xBA83, 0xBA85, 0x7A0 },
    { 0xBA87, 0xBA87, 0x7A3 },
    { 0xBA8C, 0xBA8C, 0x7A4 },
    { 0xBAA8, 0xBAA9, 0x7A5 },
    { 0xBAAB, 0xBAAC, 0x7A7 },
    { 0xBAB0, 0xBAB0, 0x7A9 },
    { 0xBAB2, 0xBAB2, 0x7AA },
    { 0xBAB8, 0xBAB9, 0x7AB },
    { 0xBABB, 0xBABB, 0x7AD },
    { 0xBABD, 0xBABD, 0x7AE },
    { 0xBAC4, 0xBAC4, 0x7AF },
    { 0xBAC8, 0xBAC8, 0x7B0 },
    { 0xBAD8, 0xBAD9, 0x7B1 },
    { 0xBAFC, 0xBAFC, 0x7B3 },
    { 0xBB00, 0xBB00, 0x7B4 },
    { 0xBB04, 0xBB04, 0x7B5 },
    { 0xBB0D, 0xBB0D, 0x7B6 },
    { 0xBB0F, 0xBB0F, 0x7B7 },
    { 0xBB11, 0xBB11, 0x7B8 },
    { 0xBB18, 0xBB18, 0x7B9 },
    { 0xBB1C, 0xBB1C, 0x7BA },
    { 0xBB20, 0xBB20, 0x7BB },
    { 0xBB29, 0xBB29, 0x7BC },
    { 0xBB2B, 0xBB2B, 0x7BD },
    { 0xBB34, 0xBB36, 0x7BE },
    { 0xBB38, 0xBB38, 0x7C1 },
    { 0xBB3B, 0xBB3E, 0x7C2 },
    { 0xBB44, 0xBB45, 0x7C6 },
    { 0xBB47, 0xBB47, 0x7C8 },
    { 0xBB49, 0xBB49, 0x7C9 },
    { 0xBB4D, 0xBB4D, 0x7CA },
    { 0xBB4F, 0xBB50, 0x7CB },
    { 0xBB54, 0xBB54, 0x7CD },
    { 0xBB58, 0xBB58, 0x7CE },
    { 0xBB61, 0xBB61, 0x7CF },
    { 0xBB63, 0xBB63, 0x7D0 },
    { 0xBB6C, 0xBB6C, 0x7D1 },
    { 0xBB88, 0xBB88, 0x7D2 },
    { 0xBB8C, 0xBB8C, 0x7D3 },
    { 0xBB90, 0xBB90, 0x7D4 },
    { 0xBBA4, 0xBBA4, 0x7D5 },
    { 0xBBA8, 0xBBA8, 0x7D6 },
    { 0xBBAC, 0xBBAC, 0x7D7 },
    { 0xBBB4, 0xBBB4, 0x7D8 },
    { 0xBBB7, 0xBBB7, 0x7D9 },
    { 0xBBC0, 0xBBC0, 0x7DA },
    { 0xBBC4, 0xBBC4, 0x7DB },
    { 0xBBC8, 0xBBC8, 0x7DC },
    { 0xBBD0, 0xBBD0, 0x7DD },
    { 0xBBD3, 0xBBD3, 0x7DE },
    { 0xBBF8, 0xBBF9, 0x7DF },
    { 0xBBFC, 0xBBFC, 0x7E1 },
    { 0xBBFF, 0xBC00, 0x7E2 },
    { 0xBC02, 0xBC02, 0x7E4 },
    { 0xBC08, 0xBC09, 0x7E5 },
    { 0xBC0B, 0xBC0D, 0x7E7 },
    { 0xBC0F, 0xBC0F, 0x7EA },
    { 0xBC11, 0xBC11, 0x7EB },
    { 0xBC14, 0xBC18, 0x7EC },
    { 0xBC1B, 0xBC1F, 0x7F1 },
    { 0xBC24, 0xBC25, 0x7F6 },
    { 0xBC27, 0xBC27, 0x7F8 },
    { 0xBC29, 0xBC29, 0x7F9 },
    { 0xBC2D, 0xBC2D, 0x7FA },
    { 0xBC30, 0xBC31, 0x7FB },
    { 0xBC34, 0xBC34, 0x7FD },
    { 0xBC38, 0xBC38, 0x7FE },
    { 0xBC40, 0xBC41, 0x7FF },
    { 0xBC43, 0xBC45, 0x801 },
    { 0xBC49, 0xBC49, 0x804 },
    { 0xBC4C, 0xBC4D, 0x805 },
    { 0xBC50, 0xBC50, 0x807 },
    { 0xBC5D, 0xBC5D, 0x808 },
    { 0xBC84, 0xBC85, 0x809 },
    { 0xBC88, 0xBC88, 0x80B },
    { 0xBC8B, 0xBC8C, 0x80C },
    { 0xBC8E, 0xBC8E, 0x80E },
    { 0xBC94, 0xBC95, 0x80F },
    { 0xBC97, 0xBC97, 0x811 },
    { 0xBC99, 0xBC9A, 0x812 },
    { 0xBCA0, 0xBCA1, 0x814 },
    { 0xBCA4, 0xBCA4, 0x816 },
    { 0xBCA7, 0xBCA8, 0x817 },
    { 0xBCB0, 0xBCB1, 0x819 },
    { 0xBCB3, 0xBCB5, 0x81B },
    { 0xBCBC, 0xBCBD, 0x81E },
    { 0xBCC0, 0xBCC0, 0x820 },
    { 0xBCC4, 0xBCC4, 0x821 },
    { 0xBCCD, 0xBCCD, 0x822 },
    { 0xBCCF, 0xBCD1, 0x823 },
    { 0xBCD5, 0xBCD5, 0x826 },
    { 0xBCD8, 0xBCD8, 0x827 },
    { 0xBCDC, 0xBCDC, 0x828 },
    { 0xBCF4, 0xBCF6, 0x829 },
    { 0xBCF8, 0xBCF8, 0x82C },
    { 0xBCFC, 0xBCFC, 0x82D },
    { 0xBD04, 0xBD05, 0x82E },
    { 0xBD07, 0xBD07, 0x830 },
    { 0xBD09, 0xBD09, 0x831 },
    { 0xBD10, 0xBD10, 0x832 },
    { 0xBD14, 0xBD14, 0x833 },
    { 0xBD24, 0xBD24, 0x834 },
    { 0xBD2C, 0xBD2C, 0x835 },
    { 0xBD40, 0xBD40, 0x836 },
    { 0xBD48, 0xBD49, 0x837 },
    { 0xBD4C, 0xBD4C, 0x839 },
    { 0xBD50, 0xBD50, 0x83A },
    { 0xBD58, 0xBD59, 0x83B },
    { 0xBD64, 0xBD64, 0x83D },
    { 0xBD68, 0xBD68, 0x83E },
    { 0xBD80, 0xBD81, 0x83F },
    { 0xBD84, 0xBD84, 0x841 },
    { 0xBD87, 0xBD8A, 0x842 },
    { 0xBD90, 0xBD91, 0x846 },
    { 0xBD93, 0xBD93, 0x848 },
    { 0xBD95, 0xBD95, 0x849 },
    { 0xBD99, 0xBD9A, 0x84A },
    { 0xBD9C, 0xBD9C, 0x84C },
    { 0xBDA4, 0xBDA4, 0x84D },
    { 0xBDB0, 0xBDB0, 0x84E },
    { 0xBDB8, 0xBDB8, 0x84F },
    { 0xBDD4, 0xBDD5, 0x850 },
    { 0xBDD8, 0xBDD8, 0x852 },
    { 0xBDDC, 0xBDDC, 0x853 },
    { 0xBDE9, 0xBDE9, 0x854 },
    { 0xBDF0, 0xBDF0, 0x855 },
    { 0xBDF4, 0xBDF4, 0x856 },
    { 0xBDF8, 0xBDF8, 0x857 },
    { 0xBE00, 0xBE00, 0x858 },
    { 0xBE03, 0xBE03, 0x859 },
    { 0xBE05, 0xBE05, 0x85A },
    { 0xBE0C, 0xBE0D, 0x85B },
    { 0xBE10, 0xBE10, 0x85D },
    { 0xBE14, 0xBE14, 0x85E },
    { 0xBE1C, 0xBE1D, 0x85F },
    { 0xBE1F, 0xBE1F, 0x861 },
    { 0xBE44, 0xBE45, 0x862 },
    { 0xBE48, 0xBE48, 0x864 },
    { 0xBE4C, 0xBE4C, 0x865 },
    { 0xBE4E, 0xBE4E, 0x866 },
    { 0xBE54, 0xBE55, 0x867 },
    { 0xBE57, 0xBE57, 0x869 },
    { 0xBE59, 0xBE5B, 0x86A },
    { 0xBE60, 0xBE61, 0x86D },
    { 0xBE64, 0xBE64, 0x86F },
    { 0xBE68, 0xBE68, 0x870 },
    { 0xBE6A, 0xBE6A, 0x871 },
    { 0xBE70, 0xBE71, 0x872 },
    { 0xBE73, 0xBE75, 0x874 },
    { 0xBE7B, 0xBE7D, 0x877 },
    { 0xBE80, 0xBE80, 0x87A },
    { 0xBE84, 0xBE84, 0x87B },
    { 0xBE8C, 0xBE8D, 0x87C },
    { 0xBE8F, 0xBE91, 0x87E },
    { 0xBE98, 0xBE99, 0x881 },
    { 0xBEA8, 0xBEA8, 0x883 },
    { 0xBED0, 0xBED1, 0x884 },
    { 0xBED4, 0xBED4, 0x886 },
    { 0xBED7, 0xBED8, 0x887 },
    { 0xBEE0, 0xBEE0, 0x889 },
    { 0xBEE3, 0xBEE5, 0x88A },
    { 0xBEEC, 0xBEEC, 0x88D },
    { 0xBF01, 0xBF01, 0x88E },
    { 0xBF08, 0xBF09, 0x88F },
    { 0xBF18, 0xBF19, 0x891 },
    { 0xBF1B, 0xBF1D, 0x893 },
    { 0xBF40, 0xBF41, 0x896 },
    { 0xBF44, 0xBF44, 0x898 },
    { 0xBF48, 0xBF48, 0x899 },
    { 0xBF50, 0xBF51, 0x89A },
    { 0xBF55, 0xBF55, 0x89C },
    { 0xBF94, 0xBF94, 0x89D },
    { 0xBFB0, 0xBFB0, 0x89E },
    { 0xBFC5, 0xBFC5, 0x89F },
    { 0xBFCC, 0xBFCD, 0x8A0 },
    { 0xBFD0, 0xBFD0, 0x8A2 },
    { 0xBFD4, 0xBFD4, 0x8A3 },
    { 0xBFDC, 0xBFDC, 0x8A4 },
    { 0xBFDF, 0xBFDF, 0x8A5 },
    { 0xBFE1, 0xBFE1, 0x8A6 },
    { 0xC03C, 0xC03C, 0x8A7 },
    { 0xC051, 0xC051, 0x8A8 },
    { 0xC058, 0xC058, 0x8A9 },
    { 0xC05C, 0xC05C, 0x8AA },
    { 0xC060, 0xC060, 0x8AB },
    { 0xC068, 0xC069, 0x8AC },
    { 0xC090, 0xC091, 0x8AE },
    { 0xC094, 0xC094, 0x8B0 },
    { 0xC098, 0xC098, 0x8B1 },
    { 0xC0A0, 0xC0A1, 0x8B2 },
    { 0xC0A3, 0xC0A3, 0x8B4 },
    { 0xC0A5, 0xC0A5, 0x8B5 },
    { 0xC0AC, 0xC0AD, 0x8B6 },
    { 0xC0AF, 0xC0B0, 0x8B8 },
    { 0xC0B3, 0xC0B6, 0x8BA },
    { 0xC0BC, 0xC0BD, 0x8BE },
    { 0xC0BF, 0xC0C1, 0x8C0 },
    { 0xC0C5, 0xC0C5, 0x8C3 },
    { 0xC0C8, 0xC0C9, 0x8C4 },
    { 0xC0CC, 0xC0CC, 0x8C6 },
    { 0xC0D0, 0xC0D0, 0x8C7 },
    { 0xC0D8, 0xC0D9, 0x8C8 },
    { 0xC0DB, 0xC0DD, 0x8CA },
    { 0xC0E4, 0xC0E5, 0x8CD },
    { 0xC0E8, 0xC0E8, 0x8CF },
    { 0xC0EC, 0xC0EC, 0x8D0 },
    { 0xC0F4, 0xC0F5, 0x8D1 },
    { 0xC0F7, 0xC0F7, 0x8D3 },
    { 0xC0F9, 0xC0F9, 0x8D4 },
    { 0xC100, 0xC100, 0x8D5 },
    { 0xC104, 0xC104, 0x8D6 },
    { 0xC108, 0xC108, 0x8D7 },
    { 0xC110, 0xC110, 0x8D8 },
    { 0xC115, 0xC115, 0x8D9 },
    { 0xC11C, 0xC120, 0x8DA },
    { 0xC123, 0xC124, 0x8DF },
    { 0xC126, 0xC127, 0x8E1 },
    { 0xC12C, 0xC12D, 0x8E3 },
    { 0xC12F, 0xC131, 0x8E5 },
    { 0xC136, 0xC136, 0x8E8 },
    { 0xC138, 0xC139, 0x8E9 },
    { 0xC13C, 0xC13C, 0x8EB },
    { 0xC140, 0xC140, 0x8EC },
    { 0xC148, 0xC149, 0x8ED },
    { 0xC14B, 0xC14D, 0x8EF },
    { 0xC154, 0xC155, 0x8F2 },
    { 0xC158, 0xC158, 0x8F4 },
    { 0xC15C, 0xC15C, 0x8F5 },
    { 0xC164, 0xC165, 0x8F6 },
    { 0xC167, 0xC169, 0x8F8 },
    { 0xC170, 0xC170, 0x8FB },
    { 0xC174, 0xC174, 0x8FC },
    { 0xC178, 0xC178, 0x8FD },
    { 0xC185, 0xC185, 0x8FE },
    { 0xC18C, 0xC18E, 0x8FF },
    { 0xC190, 0xC190, 0x902 },
    { 0xC194, 0xC194, 0x903 },
    { 0xC196, 0xC196, 0x904 },
    { 0xC19C, 0xC19D, 0x905 },
    { 0xC19F, 0xC19F, 0x907 },
    { 0xC1A1, 0xC1A1, 0x908 },
    { 0xC1A5, 0xC1A5, 0x909 },
    { 0xC1A8, 0xC1A9, 0x90A },
    { 0xC1AC, 0xC1AC, 0x90C },
    { 0xC1B0, 0xC1B0, 0x90D },
    { 0xC1BD, 0xC1BD, 0x90E },
    { 0xC1C4, 0xC1C4, 0x90F },
    { 0xC1C8, 0xC1C8, 0x910 },
    { 0xC1CC, 0xC1CC, 0x911 },
    { 0xC1D4, 0xC1D4, 0x912 },
    { 0xC1D7, 0xC1D8, 0x913 },
    { 0xC1E0, 0xC1E0, 0x915 },
    { 0xC1E4, 0xC1E4, 0x916 },
    { 0xC1E8, 0xC1E8, 0x917 },
    { 0xC1F0, 0xC1F1, 0x918 },
    { 0xC1F3, 0xC1F3, 0x91A },
    { 0xC1FC, 0xC1FD, 0x91B },
    { 0xC200, 0xC200, 0x91D },
    { 0xC204, 0xC204, 0x91E },
    { 0xC20C, 0xC20D, 0x91F },
    { 0xC20F, 0xC20F, 0x921 },
    { 0xC211, 0xC211, 0x922 },
    { 0xC218, 0xC219, 0x923 },
    { 0xC21C, 0xC21C, 0x925 },
    { 0xC21F, 0xC220, 0x926 },
    { 0xC228, 0xC229, 0x928 },
    { 0xC22B, 0xC22B, 0x92A },
    { 0xC22D, 0xC22D, 0x92B },
    { 0xC22F, 0xC22F, 0x92C },
    { 0xC231, 0xC232, 0x92D },
    { 0xC234, 0xC234, 0x92F },
    { 0xC248, 0xC248, 0x930 },
    { 0xC250, 0xC251, 0x931 },
    { 0xC254, 0xC254, 0x933 },
    { 0xC258, 0xC258, 0x934 },
    { 0xC260, 0xC260, 0x935 },
    { 0xC265, 0xC265, 0x936 },
    { 0xC26C, 0xC26D, 0x937 },
    { 0xC270, 0xC270, 0x939 },
    { 0xC274, 0xC274, 0x93A },
    { 0xC27C, 0xC27D, 0x93B },
    { 0xC27F, 0xC27F, 0x93D },
    { 0xC281, 0xC281, 0x93E },
    { 0xC288, 0xC289, 0x93F },
    { 0xC290, 0xC290, 0x941 },
    { 0xC298, 0xC298, 0x942 },
    { 0xC29B, 0xC29B, 0x943 },
    { 0xC29D, 0xC29D, 0x944 },
    { 0xC2A4, 0xC2A5, 0x945 },
    { 0xC2A8, 0xC2A8, 0x947 },
    { 0xC2AC, 0xC2AD, 0x948 },
    { 0xC2B4, 0xC2B5, 0x94A },
    { 0xC2B7, 0xC2B7, 0x94C },
    { 0xC2B9, 0xC2B9, 0x94D },
    { 0xC2DC, 0xC2DD, 0x94E },
    { 0xC2E0, 0xC2E0, 0x950 },
    { 0xC2E3, 0xC2E4, 0x951 },
    { 0xC2EB, 0xC2ED, 0x953 },
    { 0xC2EF, 0xC2EF, 0x956 },
    { 0xC2F1, 0xC2F1, 0x957 },
    { 0xC2F6, 0xC2F6, 0x958 },
    { 0xC2F8, 0xC2F9, 0x959 },
    { 0xC2FB, 0xC2FC, 0x95B },
    { 0xC300, 0xC300, 0x95D },
    { 0xC308, 0xC309, 0x95E },
    { 0xC30C, 0xC30D, 0x960 },
    { 0xC313, 0xC315, 0x962 },
    { 0xC318, 0xC318, 0x965 },
    { 0xC31C, 0xC31C, 0x966 },
    { 0xC324, 0xC325, 0x967 },
    { 0xC328, 0xC329, 0x969 },
    { 0xC345, 0xC345, 0x96B },
    { 0xC368, 0xC369, 0x96C },
    { 0xC36C, 0xC36C, 0x96E },
    { 0xC370, 0xC370, 0x96F },
    { 0xC372, 0xC372, 0x970 },
    { 0xC378, 0xC379, 0x971 },
    { 0xC37C, 0xC37D, 0x973 },
    { 0xC384, 0xC384, 0x975 },
    { 0xC388, 0xC388, 0x976 },
    { 0xC38C, 0xC38C, 0x977 },
    { 0xC3C0, 0xC3C0, 0x978 },
    { 0xC3D8, 0xC3D9, 0x979 },
    { 0xC3DC, 0xC3DC, 0x97B },
    { 0xC3DF, 0xC3E0, 0x97C },
    { 0xC3E2, 0xC3E2, 0x97E },
    { 0xC3E8, 0xC3E9, 0x97F },
    { 0xC3ED, 0xC3ED, 0x981 },
    { 0xC3F4, 0xC3F5, 0x982 },
    { 0xC3F8, 0xC3F8, 0x984 },
    { 0xC408, 0xC408, 0x985 },
    { 0xC410, 0xC410, 0x986 },
    { 0xC424, 0xC424, 0x987 },
    { 0xC42C, 0xC42C, 0x988 },
    { 0xC430, 0xC430, 0x989 },
    { 0xC434, 0xC434, 0x98A },
    { 0xC43C, 0xC43D, 0x98B },
    { 0xC448, 0xC448, 0x98D },
    { 0xC464, 0xC465, 0x98E },
    { 0xC468, 0xC468, 0x990 },
    { 0xC46C, 0xC46C, 0x991 },
    { 0xC474, 0xC475, 0x992 },
    { 0xC479, 0xC479, 0x994 },
    { 0xC480, 0xC480, 0x995 },
    { 0xC494, 0xC494, 0x996 },
    { 0xC49C, 0xC49C, 0x997 },
    { 0xC4B8, 0xC4B8, 0x998 },
    { 0xC4BC, 0xC4BC, 0x999 },
    { 0xC4E9, 0xC4E9, 0x99A },
    { 0xC4F0, 0xC4F1, 0x99B },
    { 0xC4F4, 0xC4F4, 0x99D },
    { 0xC4F8, 0xC4F8, 0x99E },
    { 0xC4FA, 0xC4FA, 0x99F },
    { 0xC4FF, 0xC501, 0x9A0 },
    { 0xC50C, 0xC50C, 0x9A3 },
    { 0xC510, 0xC510, 0x9A4 },
    { 0xC514, 0xC514, 0x9A5 },
    { 0xC51C, 0xC51C, 0x9A6 },
    { 0xC528, 0xC529, 0x9A7 },
    { 0xC52C, 0xC52C, 0x9A9 },
    { 0xC530, 0xC530, 0x9AA },
    { 0xC538, 0xC539, 0x9AB },
    { 0xC53B, 0xC53B, 0x9AD },
    { 0xC53D, 0xC53D, 0x9AE },
    { 0xC544, 0xC545, 0x9AF },
    { 0xC548, 0xC54A, 0x9B1 },
    { 0xC54C, 0xC54E, 0x9B4 },
    { 0xC553, 0xC555, 0x9B7 },
    { 0xC557, 0xC559, 0x9BA },
    { 0xC55D, 0xC55E, 0x9BD },
    { 0xC560, 0xC561, 0x9BF },
    { 0xC564, 0xC564, 0x9C1 },
    { 0xC568, 0xC568, 0x9C2 },
    { 0xC570, 0xC571, 0x9C3 },
    { 0xC573, 0xC575, 0x9C5 },
    { 0xC57C, 0xC57D, 0x9C8 },
    { 0xC580, 0xC580, 0x9CA },
    { 0xC584, 0xC584, 0x9CB },
    { 0xC587, 0xC587, 0x9CC },
    { 0xC58C, 0xC58D, 0x9CD },
    { 0xC58F, 0xC58F, 0x9CF },
    { 0xC591, 0xC591, 0x9D0 },
    { 0xC595, 0xC595, 0x9D1 },
    { 0xC597, 0xC598, 0x9D2 },
    { 0xC59C, 0xC59C, 0x9D4 },
    { 0xC5A0, 0xC5A0, 0x9D5 },
    { 0xC5A9, 0xC5A9, 0x9D6 },
    { 0xC5B4, 0xC5B5, 0x9D7 },
    { 0xC5B8, 0xC5B9, 0x9D9 },
    { 0xC5BB, 0xC5BE, 0x9DB },
    { 0xC5C4, 0xC5CA, 0x9DF },
    { 0xC5CC, 0xC5CC, 0x9E6 },
    { 0xC5CE, 0xC5CE, 0x9E7 },
    { 0xC5D0, 0xC5D1, 0x9E8 },
    { 0xC5D4, 0xC5D4, 0x9EA },
    { 0xC5D8, 0xC5D8, 0x9EB },
    { 0xC5E0, 0xC5E1, 0x9EC },
    { 0xC5E3, 0xC5E3, 0x9EE },
    { 0xC5E5, 0xC5E5, 0x9EF },
    { 0xC5EC, 0xC5EE, 0x9F0 },
    { 0xC5F0, 0xC5F0, 0x9F3 },
    { 0xC5F4, 0xC5F4, 0x9F4 },
    { 0xC5F6, 0xC5F7, 0x9F5 },
    { 0xC5FC, 0xC601, 0x9F7 },
    { 0xC605, 0xC608, 0x9FD },
    { 0xC60C, 0xC60C, 0xA01 },
    { 0xC610, 0xC610, 0xA02 },
    { 0xC618, 0xC619, 0xA03 },
    { 0xC61B, 0xC61C, 0xA05 },
    { 0xC624, 0xC625, 0xA07 },
    { 0xC628, 0xC628, 0xA09 },
    { 0xC62C, 0xC62E, 0xA0A },
    { 0xC630, 0xC630, 0xA0D },
    { 0xC633, 0xC635, 0xA0E },
    { 0xC637, 0xC637, 0xA11 },
    { 0xC639, 0xC639, 0xA12 },
    { 0xC63B, 0xC63B, 0xA13 },
    { 0xC640, 0xC641, 0xA14 },
    { 0xC644, 0xC644, 0xA16 },
    { 0xC648, 0xC648, 0xA17 },
    { 0xC650, 0xC651, 0xA18 },
    { 0xC653, 0xC655, 0xA1A },
    { 0xC65C, 0xC65D, 0xA1D },
    { 0xC660, 0xC660, 0xA1F },
    { 0xC66C, 0xC66C, 0xA20 },
    { 0xC66F, 0xC66F, 0xA21 },
    { 0xC671, 0xC671, 0xA22 },
    { 0xC678, 0xC679, 0xA23 },
    { 0xC67C, 0xC67C, 0xA25 },
    { 0xC680, 0xC680, 0xA26 },
    { 0xC688, 0xC689, 0xA27 },
    { 0xC68B, 0xC68B, 0xA29 },
    { 0xC68D, 0xC68D, 0xA2A },
    { 0xC694, 0xC695, 0xA2B },
    { 0xC698, 0xC698, 0xA2D },
    { 0xC69C, 0xC69C, 0xA2E },
    { 0xC6A4, 0xC6A5, 0xA2F },
    { 0xC6A7, 0xC6A7, 0xA31 },
    { 0xC6A9, 0xC6A9, 0xA32 },
    { 0xC6B0, 0xC6B1, 0xA33 },
    { 0xC6B4, 0xC6B4, 0xA35 },
    { 0xC6B8, 0xC6BA, 0xA36 },
    { 0xC6C0, 0xC6C1, 0xA39 },
    { 0xC6C3, 0xC6C3, 0xA3B },
    { 0xC6C5, 0xC6C5, 0xA3C },
    { 0xC6CC, 0xC6CD, 0xA3D },
    { 0xC6D0, 0xC6D0, 0xA3F },
    { 0xC6D4, 0xC6D4, 0xA40 },
    { 0xC6DC, 0xC6DD, 0xA41 },
    { 0xC6E0, 0xC6E1, 0xA43 },
    { 0xC6E8, 0xC6E9, 0xA45 },
    { 0xC6EC, 0xC6EC, 0xA47 },
    { 0xC6F0, 0xC6F0, 0xA48 },
    { 0xC6F8, 0xC6F9, 0xA49 },
    { 0xC6FD, 0xC6FD, 0xA4B },
    { 0xC704, 0xC705, 0xA4C },
    { 0xC708, 0xC708, 0xA4E },
    { 0xC70C, 0xC70C, 0xA4F },
    { 0xC714, 0xC715, 0xA50 },
    { 0xC717, 0xC717, 0xA52 },
    { 0xC719, 0xC719, 0xA53 },
    { 0xC720, 0xC721, 0xA54 },
    { 0xC724, 0xC724, 0xA56 },
    { 0xC728, 0xC728, 0xA57 },
    { 0xC730, 0xC731, 0xA58 },
    { 0xC733, 0xC733, 0xA5A },
    { 0xC735, 0xC735, 0xA5B },
    { 0xC737, 0xC737, 0xA5C },
    { 0xC73C, 0xC73D, 0xA5D },
    { 0xC740, 0xC740, 0xA5F },
    { 0xC744, 0xC744, 0xA60 },
    { 0xC74A, 0xC74A, 0xA61 },
    { 0xC74C, 0xC74D, 0xA62 },
    { 0xC74F, 0xC74F, 0xA64 },
    { 0xC751, 0xC758, 0xA65 },
    { 0xC75C, 0xC75C, 0xA6D },
    { 0xC760, 0xC760, 0xA6E },
    { 0xC768, 0xC768, 0xA6F },
    { 0xC76B, 0xC76B, 0xA70 },
    { 0xC774, 0xC775, 0xA71 },
    { 0xC778, 0xC778, 0xA73 },
    { 0xC77C, 0xC77E, 0xA74 },
    { 0xC783, 0xC785, 0xA77 },
    { 0xC787, 0xC78A, 0xA7A },
    { 0xC78E, 0xC78E, 0xA7E },
    { 0xC790, 0xC791, 0xA7F },
    { 0xC794, 0xC794, 0xA81 },
    { 0xC796, 0xC798, 0xA82 },
    { 0xC79A, 0xC79A, 0xA85 },
    { 0xC7A0, 0xC7A1, 0xA86 },
    { 0xC7A3, 0xC7A6, 0xA88 },
    { 0xC7AC, 0xC7AD, 0xA8C },
    { 0xC7B0, 0xC7B0, 0xA8E },
    { 0xC7B4, 0xC7B4, 0xA8F },
    { 0xC7BC, 0xC7BD, 0xA90 },
    { 0xC7BF, 0xC7C1, 0xA92 },
    { 0xC7C8, 0xC7C9, 0xA95 },
    { 0xC7CC, 0xC7CC, 0xA97 },
    { 0xC7CE, 0xC7CE, 0xA98 },
    { 0xC7D0, 0xC7D0, 0xA99 },
    { 0xC7D8, 0xC7D8, 0xA9A },
    { 0xC7DD, 0xC7DD, 0xA9B },
    { 0xC7E4, 0xC7E4, 0xA9C },
    { 0xC7E8, 0xC7E8, 0xA9D },
    { 0xC7EC, 0xC7EC, 0xA9E },
    { 0xC800, 0xC801, 0xA9F },
    { 0xC804, 0xC804, 0xAA1 },
    { 0xC808, 0xC808, 0xAA2 },
    { 0xC80A, 0xC80A, 0xAA3 },
    { 0xC810, 0xC811, 0xAA4 },
    { 0xC813, 0xC813, 0xAA6 },
    { 0xC815, 0xC816, 0xAA7 },
    { 0xC81C, 0xC81D, 0xAA9 },
    { 0xC820, 0xC820, 0xAAB },
    { 0xC824, 0xC824, 0xAAC },
    { 0xC82C, 0xC82D, 0xAAD },
    { 0xC82F, 0xC82F, 0xAAF },
    { 0xC831, 0xC831, 0xAB0 },
    { 0xC838, 0xC838, 0xAB1 },
    { 0xC83C, 0xC83C, 0xAB2 },
    { 0xC840, 0xC840, 0xAB3 },
    { 0xC848, 0xC849, 0xAB4 },
    { 0xC84C, 0xC84D, 0xAB6 },
    { 0xC854, 0xC854, 0xAB8 },
    { 0xC870, 0xC871, 0xAB9 },
    { 0xC874, 0xC874, 0xABB },
    { 0xC878, 0xC878, 0xABC },
    { 0xC87A, 0xC87A, 0xABD },
    { 0xC880, 0xC881, 0xABE },
    { 0xC883, 0xC883, 0xAC0 },
    { 0xC885, 0xC887, 0xAC1 },
    { 0xC88B, 0xC88D, 0xAC4 },
    { 0xC894, 0xC894, 0xAC7 },
    { 0xC89D, 0xC89D, 0xAC8 },
    { 0xC89F, 0xC89F, 0xAC9 },
    { 0xC8A1, 0xC8A1, 0xACA },
    { 0xC8A8, 0xC8A8, 0xACB },
    { 0xC8BC, 0xC8BD, 0xACC },
    { 0xC8C4, 0xC8C4, 0xACE },
    { 0xC8C8, 0xC8C8, 0xACF },
    { 0xC8CC, 0xC8CC, 0xAD0 },
    { 0xC8D4, 0xC8D5, 0xAD1 },
    { 0xC8D7, 0xC8D7, 0xAD3 },
    { 0xC8D9, 0xC8D9, 0xAD4 },
    { 0xC8E0, 0xC8E1, 0xAD5 },
    { 0xC8E4, 0xC8E4, 0xAD7 },
    { 0xC8F5, 0xC8F5, 0xAD8 },
    { 0xC8FC, 0xC8FD, 0xAD9 },
    { 0xC900, 0xC900, 0xADB },
    { 0xC904, 0xC906, 0xADC },
    { 0xC90C, 0xC90D, 0xADF },
    { 0xC90F, 0xC90F, 0xAE1 },
    { 0xC911, 0xC911, 0xAE2 },
    { 0xC918, 0xC918, 0xAE3 },
    { 0xC92C, 0xC92C, 0xAE4 },
    { 0xC934, 0xC934, 0xAE5 },
    { 0xC950, 0xC951, 0xAE6 },
    { 0xC954, 0xC954, 0xAE8 },
    { 0xC958, 0xC958, 0xAE9 },
    { 0xC960, 0xC961, 0xAEA },
    { 0xC963, 0xC963, 0xAEC },
    { 0xC96C, 0xC96C, 0xAED },
    { 0xC970, 0xC970, 0xAEE },
    { 0xC974, 0xC974, 0xAEF },
    { 0xC97C, 0xC97C, 0xAF0 },
    { 0xC988, 0xC989, 0xAF1 },
    { 0xC98C, 0xC98C, 0xAF3 },
    { 0xC990, 0xC990, 0xAF4 },
    { 0xC998, 0xC999, 0xAF5 },
    { 0xC99B, 0xC99B, 0xAF7 },
    { 0xC99D, 0xC99D, 0xAF8 },
    { 0xC9C0, 0xC9C1, 0xAF9 },
    { 0xC9C4, 0xC9C4, 0xAFB },
    { 0xC9C7, 0xC9C8, 0xAFC },
    { 0xC9CA, 0xC9CA, 0xAFE },
    { 0xC9D0, 0xC9D1, 0xAFF },
    { 0xC9D3, 0xC9D3, 0xB01 },
    { 0xC9D5, 0xC9D6, 0xB02 },
    { 0xC9D9, 0xC9DA, 0xB04 },
    { 0xC9DC, 0xC9DD, 0xB06 },
    { 0xC9E0, 0xC9E0, 0xB08 },
    { 0xC9E2, 0xC9E2, 0xB09 },
    { 0xC9E4, 0xC9E4, 0xB0A },
    { 0xC9E7, 0xC9E7, 0xB0B },
    { 0xC9EC, 0xC9ED, 0xB0C },
    { 0xC9EF, 0xC9F1, 0xB0E },
    { 0xC9F8, 0xC9F9, 0xB11 },
    { 0xC9FC, 0xC9FC, 0xB13 },
    { 0xCA00, 0xCA00, 0xB14 },
    { 0xCA08, 0xCA09, 0xB15 },
    { 0xCA0B, 0xCA0D, 0xB17 },
    { 0xCA14, 0xCA14, 0xB1A },
    { 0xCA18, 0xCA18, 0xB1B },
    { 0xCA29, 0xCA29, 0xB1C },
    { 0xCA4C, 0xCA4D, 0xB1D },
    { 0xCA50, 0xCA50, 0xB1F },
    { 0xCA54, 0xCA54, 0xB20 },
    { 0xCA5C, 0xCA5D, 0xB21 },
    { 0xCA5F, 0xCA61, 0xB23 },
    { 0xCA68, 0xCA68, 0xB26 },
    { 0xCA7D, 0xCA7D, 0xB27 },
    { 0xCA84, 0xCA84, 0xB28 },
    { 0xCA98, 0xCA98, 0xB29 },
    { 0xCABC, 0xCABD, 0xB2A },
    { 0xCAC0, 0xCAC0, 0xB2C },
    { 0xCAC4, 0xCAC4, 0xB2D },
    { 0xCACC, 0xCACD, 0xB2E },
    { 0xCACF, 0xCACF, 0xB30 },
    { 0xCAD1, 0xCAD1, 0xB31 },
    { 0xCAD3, 0xCAD3, 0xB32 },
    { 0xCAD8, 0xCAD9, 0xB33 },
    { 0xCAE0, 0xCAE0, 0xB35 },
    { 0xCAEC, 0xCAEC, 0xB36 },
    { 0xCAF4, 0xCAF4, 0xB37 },
    { 0xCB08, 0xCB08, 0xB38 },
    { 0xCB10, 0xCB10, 0xB39 },
    { 0xCB14, 0xCB14, 0xB3A },
    { 0xCB18, 0xCB18, 0xB3B },
    { 0xCB20, 0xCB21, 0xB3C },
    { 0xCB41, 0xCB41, 0xB3E },
    { 0xCB48, 0xCB49, 0xB3F },
    { 0xCB4C, 0xCB4C, 0xB41 },
    { 0xCB50, 0xCB50, 0xB42 },
    { 0xCB58, 0xCB59, 0xB43 },
    { 0xCB5D, 0xCB5D, 0xB45 },
    { 0xCB64, 0xCB64, 0xB46 },
    { 0xCB78, 0xCB79, 0xB47 },
    { 0xCB9C, 0xCB9C, 0xB49 },
    { 0xCBB8, 0xCBB8, 0xB4A },
    { 0xCBD4, 0xCBD4, 0xB4B },
    { 0xCBE4, 0xCBE4, 0xB4C },
    { 0xCBE7, 0xCBE7, 0xB4D },
    { 0xCBE9, 0xCBE9, 0xB4E },
    { 0xCC0C, 0xCC0D, 0xB4F },
    { 0xCC10, 0xCC10, 0xB51 },
    { 0xCC14, 0xCC14, 0xB52 },
    { 0xCC1C, 0xCC1D, 0xB53 },
    { 0xCC21, 0xCC22, 0xB55 },
    { 0xCC27, 0xCC29, 0xB57 },
    { 0xCC2C, 0xCC2C, 0xB5A },
    { 0xCC2E, 0xCC2E, 0xB5B },
    { 0xCC30, 0xCC30, 0xB5C },
    { 0xCC38, 0xCC39, 0xB5D },
    { 0xCC3B, 0xCC3E, 0xB5F },
    { 0xCC44, 0xCC45, 0xB63 },
    { 0xCC48, 0xCC48, 0xB65 },
    { 0xCC4C, 0xCC4C, 0xB66 },
    { 0xCC54, 0xCC55, 0xB67 },
    { 0xCC57, 0xCC59, 0xB69 },
    { 0xCC60, 0xCC60, 0xB6C },
    { 0xCC64, 0xCC64, 0xB6D },
    { 0xCC66, 0xCC66, 0xB6E },
    { 0xCC68, 0xCC68, 0xB6F },
    { 0xCC70, 0xCC70, 0xB70 },
    { 0xCC75, 0xCC75, 0xB71 },
    { 0xCC98, 0xCC99, 0xB72 },
    { 0xCC9C, 0xCC9C, 0xB74 },
    { 0xCCA0, 0xCCA0, 0xB75 },
    { 0xCCA8, 0xCCA9, 0xB76 },
    { 0xCCAB, 0xCCAD, 0xB78 },
    { 0xCCB4, 0xCCB5, 0xB7B },
    { 0xCCB8, 0xCCB8, 0xB7D },
    { 0xCCBC, 0xCCBC, 0xB7E },
    { 0xCCC4, 0xCCC5, 0xB7F },
    { 0xCCC7, 0xCCC7, 0xB81 },
    { 0xCCC9, 0xCCC9, 0xB82 },
    { 0xCCD0, 0xCCD0, 0xB83 },
    { 0xCCD4, 0xCCD4, 0xB84 },
    { 0xCCE4, 0xCCE4, 0xB85 },
    { 0xCCEC, 0xCCEC, 0xB86 },
    { 0xCCF0, 0xCCF0, 0xB87 },
    { 0xCD01, 0xCD01, 0xB88 },
    { 0xCD08, 0xCD09, 0xB89 },
    { 0xCD0C, 0xCD0C, 0xB8B },
    { 0xCD10, 0xCD10, 0xB8C },
    { 0xCD18, 0xCD19, 0xB8D },
    { 0xCD1B, 0xCD1B, 0xB8F },
    { 0xCD1D, 0xCD1D, 0xB90 },
    { 0xCD24, 0xCD24, 0xB91 },
    { 0xCD28, 0xCD28, 0xB92 },
    { 0xCD2C, 0xCD2C, 0xB93 },
    { 0xCD39, 0xCD39, 0xB94 },
    { 0xCD5C, 0xCD5C, 0xB95 },
    { 0xCD60, 0xCD60, 0xB96 },
    { 0xCD64, 0xCD64, 0xB97 },
    { 0xCD6C, 0xCD6D, 0xB98 },
    { 0xCD6F, 0xCD6F, 0xB9A },
    { 0xCD71, 0xCD71, 0xB9B },
    { 0xCD78, 0xCD78, 0xB9C },
    { 0xCD88, 0xCD88, 0xB9D },
    { 0xCD94, 0xCD95, 0xB9E },
    { 0xCD98, 0xCD98, 0xBA0 },
    { 0xCD9C, 0xCD9C, 0xBA1 },
    { 0xCDA4, 0xCDA5, 0xBA2 },
    { 0xCDA7, 0xCDA7, 0xBA4 },
    { 0xCDA9, 0xCDA9, 0xBA5 },
    { 0xCDB0, 0xCDB0, 0xBA6 },
    { 0xCDC4, 0xCDC4, 0xBA7 },
    { 0xCDCC, 0xCDCC, 0xBA8 },
    { 0xCDD0, 0xCDD0, 0xBA9 },
    { 0xCDE8, 0xCDE8, 0xBAA },
    { 0xCDEC, 0xCDEC, 0xBAB },
    { 0xCDF0, 0xCDF0, 0xBAC },
    { 0xCDF8, 0xCDF9, 0xBAD },
    { 0xCDFB, 0xCDFB, 0xBAF },
    { 0xCDFD, 0xCDFD, 0xBB0 },
    { 0xCE04, 0xCE04, 0xBB1 },
    { 0xCE08, 0xCE08, 0xBB2 },
    { 0xCE0C, 0xCE0C, 0xBB3 },
    { 0xCE14, 0xCE14, 0xBB4 },
    { 0xCE19, 0xCE19, 0xBB5 },
    { 0xCE20, 0xCE21, 0xBB6 },
    { 0xCE24, 0xCE24, 0xBB8 },
    { 0xCE28, 0xCE28, 0xBB9 },
    { 0xCE30, 0xCE31, 0xBBA },
    { 0xCE33, 0xCE33, 0xBBC },
    { 0xCE35, 0xCE35, 0xBBD },
    { 0xCE58, 0xCE59, 0xBBE },
    { 0xCE5C, 0xCE5C, 0xBC0 },
    { 0xCE5F, 0xCE61, 0xBC1 },
    { 0xCE68, 0xCE69, 0xBC4 },
    { 0xCE6B, 0xCE6B, 0xBC6 },
    { 0xCE6D, 0xCE6D, 0xBC7 },
    { 0xCE74, 0xCE75, 0xBC8 },
    { 0xCE78, 0xCE78, 0xBCA },
    { 0xCE7C, 0xCE7C, 0xBCB },
    { 0xCE84, 0xCE85, 0xBCC },
    { 0xCE87, 0xCE87, 0xBCE },
    { 0xCE89, 0xCE89, 0xBCF },
    { 0xCE90, 0xCE91, 0xBD0 },
    { 0xCE94, 0xCE94, 0xBD2 },
    { 0xCE98, 0xCE98, 0xBD3 },
    { 0xCEA0, 0xCEA1, 0xBD4 },
    { 0xCEA3, 0xCEA5, 0xBD6 },
    { 0xCEAC, 0xCEAD, 0xBD9 },
    { 0xCEC1, 0xCEC1, 0xBDB },
    { 0xCEE4, 0xCEE5, 0xBDC },
    { 0xCEE8, 0xCEE8, 0xBDE },
    { 0xCEEB, 0xCEEC, 0xBDF },
    { 0xCEF4, 0xCEF5, 0xBE1 },
    { 0xCEF7, 0xCEF9, 0xBE3 },
    { 0xCF00, 0xCF01, 0xBE6 },
    { 0xCF04, 0xCF04, 0xBE8 },
    { 0xCF08, 0xCF08, 0xBE9 },
    { 0xCF10, 0xCF11, 0xBEA },
    { 0xCF13, 0xCF13, 0xBEC },
    { 0xCF15, 0xCF15, 0xBED },
    { 0xCF1C, 0xCF1C, 0xBEE },
    { 0xCF20, 0xCF20, 0xBEF },
    { 0xCF24, 0xCF24, 0xBF0 },
    { 0xCF2C, 0xCF2D, 0xBF1 },
    { 0xCF2F, 0xCF31, 0xBF3 },
    { 0xCF38, 0xCF38, 0xBF6 },
    { 0xCF54, 0xCF55, 0xBF7 },
    { 0xCF58, 0xCF58, 0xBF9 },
    { 0xCF5C, 0xCF5C, 0xBFA },
    { 0xCF64, 0xCF65, 0xBFB },
    { 0xCF67, 0xCF67, 0xBFD },
    { 0xCF69, 0xCF69, 0xBFE },
    { 0xCF70, 0xCF71, 0xBFF },
    { 0xCF74, 0xCF74, 0xC01 },
    { 0xCF78, 0xCF78, 0xC02 },
    { 0xCF80, 0xCF80, 0xC03 },
    { 0xCF85, 0xCF85, 0xC04 },
    { 0xCF8C, 0xCF8C, 0xC05 },
    { 0xCFA1, 0xCFA1, 0xC06 },
    { 0xCFA8, 0xCFA8, 0xC07 },
    { 0xCFB0, 0xCFB0, 0xC08 },
    { 0xCFC4, 0xCFC4, 0xC09 },
    { 0xCFE0, 0xCFE1, 0xC0A },
    { 0xCFE4, 0xCFE4, 0xC0C },
    { 0xCFE8, 0xCFE8, 0xC0D },
    { 0xCFF0, 0xCFF1, 0xC0E },
    { 0xCFF3, 0xCFF3, 0xC10 },
    { 0xCFF5, 0xCFF5, 0xC11 },
    { 0xCFFC, 0xCFFC, 0xC12 },
    { 0xD000, 0xD000, 0xC13 },
    { 0xD004, 0xD004, 0xC14 },
    { 0xD011, 0xD011, 0xC15 },
    { 0xD018, 0xD018, 0xC16 },
    { 0xD02D, 0xD02D, 0xC17 },
    { 0xD034, 0xD035, 0xC18 },
    { 0xD038, 0xD038, 0xC1A },
    { 0xD03C, 0xD03C, 0xC1B },
    { 0xD044, 0xD045, 0xC1C },
    { 0xD047, 0xD047, 0xC1E },
    { 0xD049, 0xD049, 0xC1F },
    { 0xD050, 0xD050, 0xC20 },
    { 0xD054, 0xD054, 0xC21 },
    { 0xD058, 0xD058, 0xC22 },
    { 0xD060, 0xD060, 0xC23 },
    { 0xD06C, 0xD06D, 0xC24 },
    { 0xD070, 0xD070, 0xC26 },
    { 0xD074, 0xD074, 0xC27 },
    { 0xD07C, 0xD07D, 0xC28 },
    { 0xD081, 0xD081, 0xC2A },
    { 0xD0A4, 0xD0A5, 0xC2B },
    { 0xD0A8, 0xD0A8, 0xC2D },
    { 0xD0AC, 0xD0AC, 0xC2E },
    { 0xD0B4, 0xD0B5, 0xC2F },
    { 0xD0B7, 0xD0B7, 0xC31 },
    { 0xD0B9, 0xD0B9, 0xC32 },
    { 0xD0C0, 0xD0C1, 0xC33 },
    { 0xD0C4, 0xD0C4, 0xC35 },
    { 0xD0C8, 0xD0C9, 0xC36 },
    { 0xD0D0, 0xD0D1, 0xC38 },
    { 0xD0D3, 0xD0D5, 0xC3A },
    { 0xD0DC, 0xD0DD, 0xC3D },
    { 0xD0E0, 0xD0E0, 0xC3F },
    { 0xD0E4, 0xD0E4, 0xC40 },
    { 0xD0EC, 0xD0ED, 0xC41 },
    { 0xD0EF, 0xD0F1, 0xC43 },
    { 0xD0F8, 0xD0F8, 0xC46 },
    { 0xD10D, 0xD10D, 0xC47 },
    { 0xD130, 0xD131, 0xC48 },
    { 0xD134, 0xD134, 0xC4A },
    { 0xD138, 0xD138, 0xC4B },
    { 0xD13A, 0xD13A, 0xC4C },
    { 0xD140, 0xD141, 0xC4D },
    { 0xD143, 0xD145, 0xC4F },
    { 0xD14C, 0xD14D, 0xC52 },
    { 0xD150, 0xD150, 0xC54 },
    { 0xD154, 0xD154, 0xC55 },
    { 0xD15C, 0xD15D, 0xC56 },
    { 0xD15F, 0xD15F, 0xC58 },
    { 0xD161, 0xD161, 0xC59 },
    { 0xD168, 0xD168, 0xC5A },
    { 0xD16C, 0xD16C, 0xC5B },
    { 0xD17C, 0xD17C, 0xC5C },
    { 0xD184, 0xD184, 0xC5D },
    { 0xD188, 0xD188, 0xC5E },
    { 0xD1A0, 0xD1A1, 0xC5F },
    { 0xD1A4, 0xD1A4, 0xC61 },
    { 0xD1A8, 0xD1A8, 0xC62 },
    { 0xD1B0, 0xD1B1, 0xC63 },
    { 0xD1B3, 0xD1B3, 0xC65 },
    { 0xD1B5, 0xD1B5, 0xC66 },
    { 0xD1BA, 0xD1BA, 0xC67 },
    { 0xD1BC, 0xD1BC, 0xC68 },
    { 0xD1C0, 0xD1C0, 0xC69 },
    { 0xD1D8, 0xD1D8, 0xC6A },
    { 0xD1F4, 0xD1F4, 0xC6B },
    { 0xD1F8, 0xD1F8, 0xC6C },
    { 0xD207, 0xD207, 0xC6D },
    { 0xD209, 0xD209, 0xC6E },
    { 0xD210, 0xD210, 0xC6F },
    { 0xD22C, 0xD22D, 0xC70 },
    { 0xD230, 0xD230, 0xC72 },
    { 0xD234, 0xD234, 0xC73 },
    { 0xD23C, 0xD23D, 0xC74 },
    { 0xD23F, 0xD23F, 0xC76 },
    { 0xD241, 0xD241, 0xC77 },
    { 0xD248, 0xD248, 0xC78 },
    { 0xD25C, 0xD25C, 0xC79 },
    { 0xD264, 0xD264, 0xC7A },
    { 0xD280, 0xD281, 0xC7B },
    { 0xD284, 0xD284, 0xC7D },
    { 0xD288, 0xD288, 0xC7E },
    { 0xD290, 0xD291, 0xC7F },
    { 0xD295, 0xD295, 0xC81 },
    { 0xD29C, 0xD29C, 0xC82 },
    { 0xD2A0, 0xD2A0, 0xC83 },
    { 0xD2A4, 0xD2A4, 0xC84 },
    { 0xD2AC, 0xD2AC, 0xC85 },
    { 0xD2B1, 0xD2B1, 0xC86 },
    { 0xD2B8, 0xD2B9, 0xC87 },
    { 0xD2BC, 0xD2BC, 0xC89 },
    { 0xD2BF, 0xD2C0, 0xC8A },
    { 0xD2C2, 0xD2C2, 0xC8C },
    { 0xD2C8, 0xD2C9, 0xC8D },
    { 0xD2CB, 0xD2CB, 0xC8F },
    { 0xD2D4, 0xD2D4, 0xC90 },
    { 0xD2D8, 0xD2D8, 0xC91 },
    { 0xD2DC, 0xD2DC, 0xC92 },
    { 0xD2E4, 0xD2E5, 0xC93 },
    { 0xD2F0, 0xD2F1, 0xC95 },
    { 0xD2F4, 0xD2F4, 0xC97 },
    { 0xD2F8, 0xD2F8, 0xC98 },
    { 0xD300, 0xD301, 0xC99 },
    { 0xD303, 0xD303, 0xC9B },
    { 0xD305, 0xD305, 0xC9C },
    { 0xD30C, 0xD30E, 0xC9D },
    { 0xD310, 0xD310, 0xCA0 },
    { 0xD314, 0xD314, 0xCA1 },
    { 0xD316, 0xD316, 0xCA2 },
    { 0xD31C, 0xD31D, 0xCA3 },
    { 0xD31F, 0xD321, 0xCA5 },
    { 0xD325, 0xD325, 0xCA8 },
    { 0xD328, 0xD329, 0xCA9 },
    { 0xD32C, 0xD32C, 0xCAB },
    { 0xD330, 0xD330, 0xCAC },
    { 0xD338, 0xD339, 0xCAD },
    { 0xD33B, 0xD33D, 0xCAF },
    { 0xD344, 0xD345, 0xCB2 },
    { 0xD37C, 0xD37D, 0xCB4 },
    { 0xD380, 0xD380, 0xCB6 },
    { 0xD384, 0xD384, 0xCB7 },
    { 0xD38C, 0xD38D, 0xCB8 },
    { 0xD38F, 0xD391, 0xCBA },
    { 0xD398, 0xD399, 0xCBD },
    { 0xD39C, 0xD39C, 0xCBF },
    { 0xD3A0, 0xD3A0, 0xCC0 },
    { 0xD3A8, 0xD3A9, 0xCC1 },
    { 0xD3AB, 0xD3AB, 0xCC3 },
    { 0xD3AD, 0xD3AD, 0xCC4 },
    { 0xD3B4, 0xD3B4, 0xCC5 },
    { 0xD3B8, 0xD3B8, 0xCC6 },
    { 0xD3BC, 0xD3BC, 0xCC7 },
    { 0xD3C4, 0xD3C5, 0xCC8 },
    { 0xD3C8, 0xD3C9, 0xCCA },
    { 0xD3D0, 0xD3D0, 0xCCC },
    { 0xD3D8, 0xD3D8, 0xCCD },
    { 0xD3E1, 0xD3E1, 0xCCE },
    { 0xD3E3, 0xD3E3, 0xCCF },
    { 0xD3EC, 0xD3ED, 0xCD0 },
    { 0xD3F0, 0xD3F0, 0xCD2 },
    { 0xD3F4, 0xD3F4, 0xCD3 },
    { 0xD3FC, 0xD3FD, 0xCD4 },
    { 0xD3FF, 0xD3FF, 0xCD6 },
    { 0xD401, 0xD401, 0xCD7 },
    { 0xD408, 0xD408, 0xCD8 },
    { 0xD41D, 0xD41D, 0xCD9 },
    { 0xD440, 0xD440, 0xCDA },
    { 0xD444, 0xD444, 0xCDB },
    { 0xD45C, 0xD45C, 0xCDC },
    { 0xD460, 0xD460, 0xCDD },
    { 0xD464, 0xD464, 0xCDE },
    { 0xD46D, 0xD46D, 0xCDF },
    { 0xD46F, 0xD46F, 0xCE0 },
    { 0xD478, 0xD479, 0xCE1 },
    { 0xD47C, 0xD47C, 0xCE3 },
    { 0xD47F, 0xD480, 0xCE4 },
    { 0xD482, 0xD482, 0xCE6 },
    { 0xD488, 0xD489, 0xCE7 },
    { 0xD48B, 0xD48B, 0xCE9 },
    { 0xD48D, 0xD48D, 0xCEA },
    { 0xD494, 0xD494, 0xCEB },
    { 0xD4A9, 0xD4A9, 0xCEC },
    { 0xD4CC, 0xD4CC, 0xCED },
    { 0xD4D0, 0xD4D0, 0xCEE },
    { 0xD4D4, 0xD4D4, 0xCEF },
    { 0xD4DC, 0xD4DC, 0xCF0 },
    { 0xD4DF, 0xD4DF, 0xCF1 },
    { 0xD4E8, 0xD4E8, 0xCF2 },
    { 0xD4EC, 0xD4EC, 0xCF3 },
    { 0xD4F0, 0xD4F0, 0xCF4 },
    { 0xD4F8, 0xD4F8, 0xCF5 },
    { 0xD4FB, 0xD4FB, 0xCF6 },
    { 0xD4FD, 0xD4FD, 0xCF7 },
    { 0xD504, 0xD504, 0xCF8 },
    { 0xD508, 0xD508, 0xCF9 },
    { 0xD50C, 0xD50C, 0xCFA },
    { 0xD514, 0xD515, 0xCFB },
    { 0xD517, 0xD517, 0xCFD },
    { 0xD53C, 0xD53D, 0xCFE },
    { 0xD540, 0xD540, 0xD00 },
    { 0xD544, 0xD544, 0xD01 },
    { 0xD54C, 0xD54D, 0xD02 },
    { 0xD54F, 0xD54F, 0xD04 },
    { 0xD551, 0xD551, 0xD05 },
    { 0xD558, 0xD559, 0xD06 },
    { 0xD55C, 0xD55C, 0xD08 },
    { 0xD560, 0xD560, 0xD09 },
    { 0xD565, 0xD565, 0xD0A },
    { 0xD568, 0xD569, 0xD0B },
    { 0xD56B, 0xD56B, 0xD0D },
    { 0xD56D, 0xD56D, 0xD0E },
    { 0xD574, 0xD575, 0xD0F },
    { 0xD578, 0xD578, 0xD11 },
    { 0xD57C, 0xD57C, 0xD12 },
    { 0xD584, 0xD585, 0xD13 },
    { 0xD587, 0xD589, 0xD15 },
    { 0xD590, 0xD590, 0xD18 },
    { 0xD5A5, 0xD5A5, 0xD19 },
    { 0xD5C8, 0xD5C9, 0xD1A },
    { 0xD5CC, 0xD5CC, 0xD1C },
    { 0xD5D0, 0xD5D0, 0xD1D },
    { 0xD5D2, 0xD5D2, 0xD1E },
    { 0xD5D8, 0xD5D9, 0xD1F },
    { 0xD5DB, 0xD5DB, 0xD21 },
    { 0xD5DD, 0xD5DD, 0xD22 },
    { 0xD5E4, 0xD5E5, 0xD23 },
    { 0xD5E8, 0xD5E8, 0xD25 },
    { 0xD5EC, 0xD5EC, 0xD26 },
    { 0xD5F4, 0xD5F5, 0xD27 },
    { 0xD5F7, 0xD5F7, 0xD29 },
    { 0xD5F9, 0xD5F9, 0xD2A },
    { 0xD600, 0xD601, 0xD2B },
    { 0xD604, 0xD604, 0xD2D },
    { 0xD608, 0xD608, 0xD2E },
    { 0xD610, 0xD611, 0xD2F },
    { 0xD613, 0xD615, 0xD31 },
    { 0xD61C, 0xD61C, 0xD34 },
    { 0xD620, 0xD620, 0xD35 },
    { 0xD624, 0xD624, 0xD36 },
    { 0xD62D, 0xD62D, 0xD37 },
    { 0xD638, 0xD639, 0xD38 },
    { 0xD63C, 0xD63C, 0xD3A },
    { 0xD640, 0xD640, 0xD3B },
    { 0xD645, 0xD645, 0xD3C },
    { 0xD648, 0xD649, 0xD3D },
    { 0xD64B, 0xD64B, 0xD3F },
    { 0xD64D, 0xD64D, 0xD40 },
    { 0xD651, 0xD651, 0xD41 },
    { 0xD654, 0xD655, 0xD42 },
    { 0xD658, 0xD658, 0xD44 },
    { 0xD65C, 0xD65C, 0xD45 },
    { 0xD667, 0xD667, 0xD46 },
    { 0xD669, 0xD669, 0xD47 },
    { 0xD670, 0xD671, 0xD48 },
    { 0xD674, 0xD674, 0xD4A },
    { 0xD683, 0xD683, 0xD4B },
    { 0xD685, 0xD685, 0xD4C },
    { 0xD68C, 0xD68D, 0xD4D },
    { 0xD690, 0xD690, 0xD4F },
    { 0xD694, 0xD694, 0xD50 },
    { 0xD69D, 0xD69D, 0xD51 },
    { 0xD69F, 0xD69F, 0xD52 },
    { 0xD6A1, 0xD6A1, 0xD53 },
    { 0xD6A8, 0xD6A8, 0xD54 },
    { 0xD6AC, 0xD6AC, 0xD55 },
    { 0xD6B0, 0xD6B0, 0xD56 },
    { 0xD6B9, 0xD6B9, 0xD57 },
    { 0xD6BB, 0xD6BB, 0xD58 },
    { 0xD6C4, 0xD6C5, 0xD59 },
    { 0xD6C8, 0xD6C8, 0xD5B },
    { 0xD6CC, 0xD6CC, 0xD5C },
    { 0xD6D1, 0xD6D1, 0xD5D },
    { 0xD6D4, 0xD6D4, 0xD5E },
    { 0xD6D7, 0xD6D7, 0xD5F },
    { 0xD6D9, 0xD6D9, 0xD60 },
    { 0xD6E0, 0xD6E0, 0xD61 },
    { 0xD6E4, 0xD6E4, 0xD62 },
    { 0xD6E8, 0xD6E8, 0xD63 },
    { 0xD6F0, 0xD6F0, 0xD64 },
    { 0xD6F5, 0xD6F5, 0xD65 },
    { 0xD6FC, 0xD6FD, 0xD66 },
    { 0xD700, 0xD700, 0xD68 },
    { 0xD704, 0xD704, 0xD69 },
    { 0xD711, 0xD711, 0xD6A },
    { 0xD718, 0xD719, 0xD6B },
    { 0xD71C, 0xD71C, 0xD6D },
    { 0xD720, 0xD720, 0xD6E },
    { 0xD728, 0xD729, 0xD6F },
    { 0xD72B, 0xD72B, 0xD71 },
    { 0xD72D, 0xD72D, 0xD72 },
    { 0xD734, 0xD735, 0xD73 },
    { 0xD738, 0xD738, 0xD75 },
    { 0xD73C, 0xD73C, 0xD76 },
    { 0xD744, 0xD744, 0xD77 },
    { 0xD747, 0xD747, 0xD78 },
    { 0xD749, 0xD749, 0xD79 },
    { 0xD750, 0xD751, 0xD7A },
    { 0xD754, 0xD754, 0xD7C },
    { 0xD756, 0xD759, 0xD7D },
    { 0xD760, 0xD761, 0xD81 },
    { 0xD763, 0xD763, 0xD83 },
    { 0xD765, 0xD765, 0xD84 },
    { 0xD769, 0xD769, 0xD85 },
    { 0xD76C, 0xD76C, 0xD86 },
    { 0xD770, 0xD770, 0xD87 },
    { 0xD774, 0xD774, 0xD88 },
    { 0xD77C, 0xD77D, 0xD89 },
    { 0xD781, 0xD781, 0xD8B },
    { 0xD788, 0xD789, 0xD8C },
    { 0xD78C, 0xD78C, 0xD8E },
    { 0xD790, 0xD790, 0xD8F },
    { 0xD798, 0xD799, 0xD90 },
    { 0xD79B, 0xD79B, 0xD92 },
    { 0xD79D, 0xD79D, 0xD93 },
};

static const EpdFontGroup kimchi_ui_10_regularGroups[] = {
    { 0, 1663, 3405, 95, 0 },
    { 1663, 1722, 4317, 96, 95 },
    { 3385, 1951, 6352, 127, 191 },
    { 5336, 2003, 5627, 95, 318 },
    { 7339, 677, 964, 110, 413 },
    { 8016, 3355, 8167, 170, 523 },
    { 11371, 1958, 4471, 84, 693 },
    { 13329, 1482, 5544, 90, 777 },
    { 14811, 853, 1727, 88, 867 },
    { 15664, 378, 698, 42, 955 },
    { 16042, 1067, 1760, 32, 997 },
    { 17109, 753, 1728, 28, 1029 },
    { 17862, 377, 621, 16, 1057 },
    { 18239, 2771, 8164, 122, 1073 },
    { 21010, 2572, 8175, 94, 1195 },
    { 23582, 3086, 8107, 93, 1289 },
    { 26668, 2666, 8146, 97, 1382 },
    { 29334, 1875, 8122, 92, 1479 },
    { 31209, 2417, 8121, 97, 1571 },
    { 33626, 2663, 8184, 96, 1668 },
    { 36289, 2554, 8188, 98, 1764 },
    { 38843, 2220, 8113, 97, 1862 },
    { 41063, 2135, 8175, 94, 1959 },
    { 43198, 2138, 8131, 96, 2053 },
    { 45336, 2452, 8140, 95, 2149 },
    { 47788, 3042, 8135, 93, 2244 },
    { 50830, 2900, 8153, 91, 2337 },
    { 53730, 2910, 8139, 91, 2428 },
    { 56640, 2819, 8150, 95, 2519 },
    { 59459, 2895, 8117, 93, 2614 },
    { 62354, 3121, 8105, 93, 2707 },
    { 65475, 3282, 8158, 92, 2800 },
    { 68757, 2929, 8135, 91, 2892 },
    { 71686, 2973, 8134, 96, 2983 },
    { 74659, 2534, 8140, 97, 3079 },
    { 77193, 2424, 8113, 94, 3176 },
    { 79617, 2532, 8150, 93, 3270 },
    { 82149, 2774, 8116, 90, 3363 },
    { 84923, 731, 1957, 23, 3453 },
};

static const uint16_t kimchi_ui_10_regularKernLeftCodepoints[] = {
    0x0022, 0x0024, 0x0025, 0x0026, 0x0027, 0x0028, 0x0029, 0x002A, 0x002B, 0x002C, 0x002D, 0x002E,
    0x002F, 0x0030, 0x0031, 0x0032, 0x0033, 0x0034, 0x0035, 0x0036, 0x0037, 0x0038, 0x0039, 0x003A,
    0x003B, 0x003D, 0x003E, 0x003F, 0x0041, 0x0042, 0x0043, 0x0044, 0x0045, 0x0046, 0x0047, 0x0048,
    0x0049, 0x004A, 0x004B, 0x004C, 0x004D, 0x004E, 0x004F, 0x0050, 0x0051, 0x0052, 0x0053, 0x0054,
    0x0055, 0x0056, 0x0057, 0x0058, 0x0059, 0x005A, 0x005B, 0x005C, 0x005D, 0x005E, 0x005F, 0x0061,
    0x0062, 0x0063, 0x0064, 0x0065, 0x0066, 0x0067, 0x0068, 0x0069, 0x006A, 0x006B, 0x006C, 0x006D,
    0x006E, 0x006F, 0x0070, 0x0071, 0x0072, 0x0074, 0x0075, 0x0076, 0x0077, 0x0078, 0x0079, 0x007A,
    0x007B, 0x007C, 0x007D, 0x007E, 0x00A1, 0x00A2, 0x00A5, 0x00A9, 0x00AA, 0x00AB, 0x00AC, 0x00AD,
    0x00AE, 0x00B0, 0x00B1, 0x00B2, 0x00B3, 0x00B5, 0x00B6, 0x00B7, 0x00BA, 0x00BB, 0x00BF, 0x00C0,
    0x00C1, 0x00C2, 0x00C3, 0x00C4, 0x00C5, 0x00C6, 0x00C7, 0x00C8, 0x00C9, 0x00CA, 0x00CB, 0x00CC,
    0x00CD, 0x00CE, 0x00CF, 0x00D0, 0x00D1, 0x00D2, 0x00D3, 0x00D4, 0x00D5, 0x00D6, 0x00D7, 0x00D8,
    0x00D9, 0x00DA, 0x00DB, 0x00DC, 0x00DD, 0x00DE, 0x00DF, 0x00E0, 0x00E1, 0x00E2, 0x00E3, 0x00E4,
    0x00E5, 0x00E6, 0x00E7, 0x00E8, 0x00E9, 0x00EA, 0x00EB, 0x00EC, 0x00ED, 0x00EE, 0x00EF, 0x00F0,
    0x00F1, 0x00F2, 0x00F3, 0x00F4, 0x00F5, 0x00F6, 0x00F7, 0x00F8, 0x00F9, 0x00FA, 0x00FB, 0x00FC,
    0x00FD, 0x00FE, 0x00FF, 0x0100, 0x0101, 0x0102, 0x0103, 0x0104, 0x0105, 0x0106, 0x0107, 0x0108,
    0x0109, 0x010A, 0x010B, 0x010C, 0x010D, 0x010E, 0x010F, 0x0111, 0x0112, 0x0113, 0x0114, 0x0115,
    0x0116, 0x0117, 0x0118, 0x0119, 0x011A, 0x011B, 0x011C, 0x011D, 0x011E, 0x011F, 0x0120, 0x0121,
    0x0122, 0x0123, 0x0124, 0x0125, 0x0126, 0x0127, 0x0129, 0x012A, 0x012B, 0x012D, 0x012E, 0x012F,
    0x0130, 0x0131, 0x0133, 0x0134, 0x0135, 0x0136, 0x0137, 0x0139, 0x013A, 0x013B, 0x013C, 0x013D,
    0x013E, 0x013F, 0x0140, 0x0141, 0x0142, 0x0143, 0x0144, 0x0145, 0x0146, 0x0147, 0x0148, 0x014A,
    0x014C, 0x014D, 0x014E, 0x014F, 0x0150, 0x0151, 0x0152, 0x0153, 0x0154, 0x0155, 0x0156, 0x0157,
    0x0158, 0x0159, 0x015A, 0x015B, 0x015C, 0x015D, 0x015E, 0x015F, 0x0160, 0x0161, 0x0162, 0x0163,
    0x0164, 0x0165, 0x0166, 0x0167, 0x0168, 0x0169, 0x016A, 0x016B, 0x016C, 0x016D, 0x016E, 0x016F,
    0x0170, 0x0171, 0x0172, 0x0173, 0x0174, 0x0175, 0x0176, 0x0177, 0x0178, 0x0179, 0x017A, 0x017B,
    0x017C, 0x017D, 0x017E, 0x017F, 0x01A0, 0x01A1, 0x01AF, 0x01B0, 0x01C5, 0x01C6, 0x01C8, 0x01C9,
    0x01CB, 0x01CC, 0x01CD, 0x01CE, 0x01CF, 0x01D0, 0x01D1, 0x01D2, 0x01D3, 0x01D4, 0x01D5, 0x01D6,
    0x01D7, 0x01D8, 0x01D9, 0x01DA, 0x01DB, 0x01DC, 0x01DD, 0x01DE, 0x01DF, 0x01E0, 0x01E1, 0x01E2,
    0x01E3, 0x01E4, 0x01E5, 0x01E6, 0x01E7, 0x01E8, 0x01E9, 0x01EA, 0x01EB, 0x01EC, 0x01ED, 0x01F0,
    0x01F1, 0x01F2, 0x01F3, 0x01F4, 0x01F5, 0x01F6, 0x01F8, 0x01F9, 0x01FA, 0x01FB, 0x01FC, 0x01FD,
    0x01FE, 0x01FF, 0x0200, 0x0201, 0x0202, 0x0203, 0x0204, 0x0205, 0x0206, 0x0207, 0x0208, 0x0209,
    0x020A, 0x020B, 0x020C, 0x020D, 0x020E, 0x020F, 0x0210, 0x0211, 0x0212, 0x0213, 0x0214, 0x0215,
    0x0216, 0x0217, 0x0218, 0x0219, 0x021A, 0x021B, 0x021E, 0x021F, 0x0400, 0x0401, 0x0402, 0x0403,
    0x0404, 0x0405, 0x0406, 0x0408, 0x0409, 0x040A, 0x040B, 0x040C, 0x040D, 0x0410, 0x0411, 0x0412,
    0x0413, 0x0414, 0x0415, 0x0416, 0x0418, 0x0419, 0x041A, 0x041B, 0x041C, 0x041D, 0x041E, 0x041F,
    0x0420, 0x0421, 0x0422, 0x0423, 0x0424, 0x0425, 0x0426, 0x0427, 0x0428, 0x0429, 0x042A, 0x042B,
    0x042C, 0x042D, 0x042E, 0x042F, 0x0430, 0x0431, 0x0432, 0x0433, 0x0434, 0x0435, 0x0436, 0x0437,
    0x0438, 0x0439, 0x043A, 0x043B, 0x043C, 0x043D, 0x043E, 0x043F, 0x0440, 0x0441, 0x0442, 0x0443,
    0x0444, 0x0445, 0x0446, 0x0447, 0x0448, 0x0449, 0x044A, 0x044B, 0x044C, 0x044D, 0x044E, 0x044F,
    0x0450, 0x0451, 0x0452, 0x0453, 0x0454, 0x0455, 0x0456, 0x0457, 0x0458, 0x0459, 0x045A, 0x045B,
    0x045C, 0x045D, 0x045E, 0x045F, 0x0460, 0x0462, 0x0464, 0x0465, 0x0466, 0x0468, 0x046E, 0x0472,
    0x0473, 0x0474, 0x0475, 0x0477, 0x0479, 0x0481, 0x048A, 0x048B, 0x048C, 0x048E, 0x048F, 0x0490,
    0x0491, 0x0492, 0x0493, 0x0497, 0x0498, 0x049A, 0x049B, 0x049C, 0x049D, 0x04A0, 0x04A1, 0x04A2,
    0x04A3, 0x04A4, 0x04A5, 0x04A7, 0x04A9, 0x04AA, 0x04AB, 0x04AC, 0x04AD, 0x04AE, 0x04AF, 0x04B0,
    0x04B1, 0x04B2, 0x04B3, 0x04B5, 0x04B7, 0x04B9, 0x04BA, 0x04BB, 0x04BD, 0x04BF, 0x04C0, 0x04C1,
    0x04C3, 0x04C4, 0x04C6, 0x04C7, 0x04C8, 0x04C9, 0x04CA, 0x04CC, 0x04CD, 0x04CE, 0x04CF, 0x04D0,
    0x04D1, 0x04D2, 0x04D3, 0x04D4, 0x04D5, 0x04D6, 0x04D7, 0x04D9, 0x04DA, 0x04DB, 0x04DC, 0x04E0,
    0x04E2, 0x04E3, 0x04E4, 0x04E5, 0x04E6, 0x04E7, 0x04E8, 0x04E9, 0x04EA, 0x04EB, 0x04EF, 0x04F1,
    0x04F3, 0x04F5, 0x04F6, 0x04F7, 0x04F9, 0x04FA, 0x04FB, 0x04FC, 0x04FD, 0x04FE, 0x04FF, 0x1EA0,
    0x1EA1, 0x1EA2, 0x1EA3, 0x1EA4, 0x1EA5, 0x1EA6, 0x1EA7, 0x1EA8, 0x1EA9, 0x1EAA, 0x1EAB, 0x1EAC,
    0x1EAD, 0x1EAE, 0x1EAF, 0x1EB0, 0x1EB1, 0x1EB2, 0x1EB3, 0x1EB4, 0x1EB5, 0x1EB6, 0x1EB7, 0x1EB8,
    0x1EB9, 0x1EBA, 0x1EBB, 0x1EBC, 0x1EBD, 0x1EBE, 0x1EBF, 0x1EC0, 0x1EC1, 0x1EC2, 0x1EC3, 0x1EC4,
    0x1EC5, 0x1EC6, 0x1EC7, 0x1EC8, 0x1EC9, 0x1ECA, 0x1ECB, 0x1ECC, 0x1ECD, 0x1ECE, 0x1ECF, 0x1ED0,
    0x1ED1, 0x1ED2, 0x1ED3, 0x1ED4, 0x1ED5, 0x1ED6, 0x1ED7, 0x1ED8, 0x1ED9, 0x1EDA, 0x1EDB, 0x1EDC,
    0x1EDD, 0x1EDE, 0x1EDF, 0x1EE0, 0x1EE1, 0x1EE2, 0x1EE3, 0x1EE4, 0x1EE5, 0x1EE6, 0x1EE7, 0x1EE8,
    0x1EE9, 0x1EEA, 0x1EEB, 0x1EEC, 0x1EED, 0x1EEE, 0x1EEF, 0x1EF0, 0x1EF1, 0x1EF2, 0x1EF3, 0x1EF4,
    0x1EF5, 0x1EF6, 0x1EF7, 0x1EF8, 0x1EF9, 0x2018, 0x2019, 0x201A, 0x201C, 0x201D, 0x201E, 0x2020,
    0x2021, 0x2024, 0x2025, 0x2026, 0x2034, 0x2039, 0x203A, 0x2046, 0x204B, 0x204C, 0x204F, 0x2070,
    0x2071, 0x2074, 0x2077, 0x2078, 0x2079, 0x2080, 0x2081, 0x2082, 0x2083, 0x2084, 0x2085, 0x2086,
    0x2087, 0x2088, 0x2089, 0x208A, 0x208B, 0x208C, 0x208D, 0x208E, 0x2090, 0x2091, 0x2092, 0x2093,
    0x2095, 0x2096, 0x2097, 0x2098, 0x2099, 0x209A, 0x209B, 0x209C, 0x20A1, 0x20A8, 0x20A9, 0x20B2,
    0x20B5, 0x20BD, 0x20BF, 0x2190, 0x21D0, 0x2206, 0x2212, 0x221E, 0x2248, 0x2260, 0x2264, 0x2265,
    0x22EF,
};

static const uint8_t kimchi_ui_10_regularKernLeftClassIds[] = {
      1,   2,   3,   4,   1,   5,   6,   7,   8,   9,   8,   9,  10,  11,  12,  13,
     14,  15,  16,  17,  18,  14,  11,  19,  19,  20,  21,  22,  23,  24,  25,  26,
     27,  28,  29,  30,  30,  31,  32,  33,  30,  30,  26,  34,  26,  35,   2,  36,
     31,  37,  38,  39,  40,  41,  42,  43,  44,   7,  45,  46,  47,  48,  30,  49,
     50,  51,  46,  52,  52,  53,  30,  46,  46,  47,  47,  51,  54,  55,  56,  57,
     58,  59,  57,  60,  61,  30,   6,  62,  63,  48,  64,  26,  65,  66,  67,   8,
     68,  69,  20,  70,  71,  72,  30,  73,  65,  74,  75,  23,  23,  23,  23,  23,
     23,  27,  25,  27,  27,  27,  27,  30,  30,  76,  76,  26,  30,  26,  26,  26,
     26,  26,  77,  26,  31,  31,  31,  31,  78,  79,  80,  46,  46,  46,  46,  46,
     46,  49,  48,  49,  49,  49,  49,  52,  81,  82,  83,  47,  84,  47,  47,  47,
     85,  85,   8,  47,  56,  56,  56,  56,  57,  47,  57,  23,  86,  23,  46,  23,
     46,  25,  48,  25,  48,  25,  48,  25,  48,  26,  87,  88,  27,  49,  27,  49,
     27,  49,  27,  49,  27,  49,  29,  51,  29,  51,  29,  51,  29,  51,  30,  46,
     89,  46,  90,  76,  91,  92,  30,  52,  30,  52,  52,  31,  93,  32,  53,  94,
     95,  33,  30,  96,  30,  97,  98,  99,  98,  30,  46,  30,  46,  30,  46,  30,
     26,  47,  26,  47,  26,  47,  27,  49,  35, 100,  35, 100,  35, 100,   2, 101,
      2, 101,   2, 101,   2, 101, 102,  55, 103,  55, 104,  55,  31,  56,  31,  56,
     31,  56,  31,  56,  31,  56,  31,  56, 105,  58,  78,  57,  78,  41,  60,  41,
     60,  41,  60, 100,  26, 106,  36,  56, 107,  60,  52,  52,  52,  52,  23,  46,
     95, 108,  26,  47,  31,  56,  31,  56,  31,  56,  31,  56,  31,  56, 109,  23,
     46,  23,  46,  27,  49,  29,  51,  29,  51, 110,  53,  26,  47,  26,  47,  52,
    111,  60,  60,  29,  51, 112,  30,  46,  23,  46,  27,  49,  26,  47,  23,  46,
     23,  46,  27,  49,  27,  49, 113, 114,  76, 115,  26,  47,  26,  47,  35, 100,
     35, 100,  31,  56,  31,  56,   2, 101,  36,  55,  30,  46, 116, 116, 117, 118,
    106,   2, 119, 120, 121, 121,  46, 122, 119, 123, 124,  24, 118, 125, 116, 126,
    119, 119, 122, 119, 119, 119,  26, 119,  34,  25, 118, 127, 128, 129, 125, 119,
    119, 125, 121, 119, 121,  26, 130, 119,  46, 131, 132, 133, 134,  49, 135, 136,
     46,  46,  53,  46,  46,  46, 121,  46, 121, 137, 138, 139, 121,  59, 140,  46,
     46, 140, 141, 142, 141, 121, 121,  46,  49,  49,  46, 133, 137, 132, 142, 143,
    142, 141, 141,  46,  53,  46, 139,  46, 119, 121,  25, 137, 123, 123,  24,  26,
    121, 144, 139, 139, 145, 137, 119, 140, 121,  34, 121, 118, 133, 118, 133,  59,
     14, 122,  53, 122,  53, 122,  53, 140, 140, 118, 133, 141,  49,  25, 137, 118,
    133, 127, 139, 127, 139, 129,  59, 140, 140,  46,  46,  46,  49,  49, 119, 129,
     24, 121, 140, 119,  46, 140, 140,  46, 119, 140, 119, 123,  46, 123,  46, 116,
     49, 116,  49, 121,  26, 121, 129,  14, 119,  46, 119,  46,  26, 121,  26, 121,
     26, 121, 139, 139, 139,  46, 118, 133,  46, 118, 133, 129,  59, 129,  59,  23,
     46,  23,  46,  23, 146,  23,  46,  23, 147,  23,  46,  23,  46,  23,  46,  23,
     46,  23,  46,  23,  46,  23,  46,  27,  49,  27,  49,  27,  49,  27, 148,  27,
     49,  27, 149,  27,  49,  27,  49,  30, 150,  30, 151,  26,  47,  26,  47,  26,
    152,  26,  47,  26, 153,  26,  47,  26,  47, 154,  47, 154,  47, 154,  47, 154,
     47, 154,  47,  31,  56,  31,  56, 155, 156, 155, 156, 155, 156, 155, 156, 155,
     56,  78,  57, 157,  57, 158,  57, 158, 159, 160, 161, 162, 160, 161, 162,  65,
     65,   9,   9, 163, 161,  66,  74,   6,  34,  46,  19, 164, 165, 166, 167,  71,
    164, 168, 168, 168, 168, 168, 168, 168, 168, 168, 168, 168, 168, 168, 168, 168,
    169, 169, 169, 169, 170, 170, 170, 170, 170, 170, 170, 170,  25, 101,  38,  29,
     25, 171,  24,   8,  20, 172,   8, 173,  20,  20,  20,  20,   8,
};

static const uint16_t kimchi_ui_10_regularKernRightCodepoints[] = {
    0x0022, 0x0023, 0x0026, 0x0027, 0x0029, 0x002A, 0x002B, 0x002C, 0x002D, 0x002E, 0x002F, 0x0030,
    0x0031, 0x0032, 0x0033, 0x0034, 0x0035, 0x0036, 0x0037, 0x0038, 0x0039, 0x003A, 0x003B, 0x003C,
    0x003D, 0x003F, 0x0041, 0x0042, 0x0043, 0x0044, 0x0045, 0x0046, 0x0047, 0x0048, 0x0049, 0x004A,
    0x004B, 0x004C, 0x004D, 0x004E, 0x004F, 0x0050, 0x0051, 0x0052, 0x0054, 0x0055, 0x0056, 0x0057,
    0x0058, 0x0059, 0x005A, 0x005C, 0x005D, 0x005E, 0x005F, 0x0060, 0x0061, 0x0062, 0x0063, 0x0064,
    0x0065, 0x0066, 0x0067, 0x0068, 0x0069, 0x006A, 0x006B, 0x006C, 0x006D, 0x006E, 0x006F, 0x0070,
    0x0071, 0x0072, 0x0073, 0x0074, 0x0075, 0x0076, 0x0077, 0x0078, 0x0079, 0x007A, 0x007C, 0x007D,
    0x007E, 0x00A2, 0x00A5, 0x00A9, 0x00AA, 0x00AB, 0x00AC, 0x00AD, 0x00AE, 0x00B0, 0x00B1, 0x00B3,
    0x00B5, 0x00B6, 0x00B7, 0x00B9, 0x00BA, 0x00BB, 0x00BF, 0x00C0, 0x00C1, 0x00C2, 0x00C3, 0x00C4,
    0x00C5, 0x00C6, 0x00C7, 0x00C8, 0x00C9, 0x00CA, 0x00CB, 0x00CC, 0x00CD, 0x00CE, 0x00CF, 0x00D0,
    0x00D1, 0x00D2, 0x00D3, 0x00D4, 0x00D5, 0x00D6, 0x00D7, 0x00D8, 0x00D9, 0x00DA, 0x00DB, 0x00DC,
    0x00DD, 0x00DE, 0x00DF, 0x00E0, 0x00E1, 0x00E2, 0x00E3, 0x00E4, 0x00E5, 0x00E6, 0x00E7, 0x00E8,
    0x00E9, 0x00EA, 0x00EB, 0x00EC, 0x00ED, 0x00EE, 0x00EF, 0x00F0, 0x00F1, 0x00F2, 0x00F3, 0x00F4,
    0x00F5, 0x00F6, 0x00F7, 0x00F8, 0x00F9, 0x00FA, 0x00FB, 0x00FC, 0x00FD, 0x00FE, 0x00FF, 0x0100,
    0x0101, 0x0102, 0x0103, 0x0104, 0x0105, 0x0106, 0x0107, 0x0108, 0x0109, 0x010A, 0x010B, 0x010C,
    0x010D, 0x010E, 0x010F, 0x0110, 0x0111, 0x0112, 0x0113, 0x0114, 0x0115, 0x0116, 0x0117, 0x0118,
    0x0119, 0x011A, 0x011B, 0x011C, 0x011D, 0x011E, 0x011F, 0x0120, 0x0121, 0x0122, 0x0123, 0x0124,
    0x0125, 0x0126, 0x0127, 0x0128, 0x0129, 0x012A, 0x012B, 0x012C, 0x012D, 0x012E, 0x012F, 0x0130,
    0x0131, 0x0133, 0x0134, 0x0135, 0x0136, 0x0137, 0x0139, 0x013A, 0x013B, 0x013C, 0x013D, 0x013E,
    0x0140, 0x0141, 0x0142, 0x0143, 0x0144, 0x0145, 0x0146, 0x0147, 0x0148, 0x014A, 0x014B, 0x014C,
    0x014D, 0x014E, 0x014F, 0x0150, 0x0151, 0x0152, 0x0153, 0x0154, 0x0155, 0x0156, 0x0157, 0x0158,
    0x0159, 0x015B, 0x015D, 0x015F, 0x0161, 0x0162, 0x0163, 0x0164, 0x0165, 0x0166, 0x0167, 0x0168,
    0x0169, 0x016A, 0x016B, 0x016C, 0x016D, 0x016E, 0x016F, 0x0170, 0x0171, 0x0172, 0x0173, 0x0174,
    0x0175, 0x0176, 0x0177, 0x0178, 0x0179, 0x017A, 0x017B, 0x017C, 0x017D, 0x017E, 0x017F, 0x01A0,
    0x01A1, 0x01AF, 0x01B0, 0x01C5, 0x01C6, 0x01C8, 0x01C9, 0x01CB, 0x01CC, 0x01CD, 0x01CE, 0x01CF,
    0x01D0, 0x01D1, 0x01D2, 0x01D3, 0x01D4, 0x01D5, 0x01D6, 0x01D7, 0x01D8, 0x01D9, 0x01DA, 0x01DB,
    0x01DC, 0x01DD, 0x01DE, 0x01DF, 0x01E0, 0x01E1, 0x01E2, 0x01E3, 0x01E4, 0x01E5, 0x01E6, 0x01E7,
    0x01E8, 0x01E9, 0x01EA, 0x01EB, 0x01EC, 0x01ED, 0x01EF, 0x01F0, 0x01F2, 0x01F3, 0x01F4, 0x01F5,
    0x01F6, 0x01F8, 0x01F9, 0x01FA, 0x01FB, 0x01FC, 0x01FD, 0x01FE, 0x01FF, 0x0200, 0x0201, 0x0202,
    0x0203, 0x0204, 0x0205, 0x0206, 0x0207, 0x0208, 0x0209, 0x020A, 0x020B, 0x020C, 0x020D, 0x020E,
    0x020F, 0x0210, 0x0211, 0x0212, 0x0213, 0x0214, 0x0215, 0x0216, 0x0217, 0x0219, 0x021A, 0x021B,
    0x021E, 0x021F, 0x0400, 0x0401, 0x0402, 0x0403, 0x0404, 0x0406, 0x0407, 0x0408, 0x0409, 0x040A,
    0x040B, 0x040C, 0x040D, 0x040F, 0x0410, 0x0411, 0x0412, 0x0413, 0x0414, 0x0415, 0x0416, 0x0417,
    0x0418, 0x0419, 0x041A, 0x041B, 0x041C, 0x041D, 0x041E, 0x041F, 0x0420, 0x0421, 0x0422, 0x0423,
    0x0424, 0x0425, 0x0426, 0x0427, 0x0428, 0x0429, 0x042A, 0x042B, 0x042C, 0x042D, 0x042E, 0x042F,
    0x0430, 0x0431, 0x0432, 0x0433, 0x0434, 0x0435, 0x0436, 0x0437, 0x0438, 0x0439, 0x043A, 0x043B,
    0x043C, 0x043D, 0x043E, 0x043F, 0x0440, 0x0441, 0x0442, 0x0443, 0x0444, 0x0445, 0x0446, 0x0447,
    0x0448, 0x0449, 0x044A, 0x044B, 0x044C, 0x044E, 0x044F, 0x0450, 0x0451, 0x0452, 0x0453, 0x0454,
    0x0455, 0x0456, 0x0457, 0x0458, 0x0459, 0x045A, 0x045B, 0x045C, 0x045D, 0x045E, 0x045F, 0x0460,
    0x0464, 0x0465, 0x046E, 0x0472, 0x0473, 0x0474, 0x0475, 0x0477, 0x0478, 0x0479, 0x0481, 0x048A,
    0x048B, 0x048E, 0x048F, 0x0490, 0x0491, 0x0493, 0x0494, 0x0495, 0x0497, 0x049A, 0x049B, 0x049C,
    0x049D, 0x04A0, 0x04A1, 0x04A2, 0x04A3, 0x04A4, 0x04A5, 0x04A6, 0x04A7, 0x04A9, 0x04AA, 0x04AB,
    0x04AC, 0x04AD, 0x04AE, 0x04AF, 0x04B0, 0x04B1, 0x04B2, 0x04B3, 0x04B4, 0x04B7, 0x04B9, 0x04BA,
    0x04BB, 0x04BD, 0x04C0, 0x04C1, 0x04C3, 0x04C4, 0x04C6, 0x04C7, 0x04C8, 0x04C9, 0x04CA, 0x04CD,
    0x04CE, 0x04CF, 0x04D0, 0x04D1, 0x04D2, 0x04D3, 0x04D4, 0x04D5, 0x04D6, 0x04D7, 0x04D9, 0x04DA,
    0x04DB, 0x04DC, 0x04E1, 0x04E2, 0x04E3, 0x04E4, 0x04E5, 0x04E6, 0x04E7, 0x04E8, 0x04E9, 0x04EA,
    0x04EB, 0x04EF, 0x04F1, 0x04F3, 0x04F7, 0x04F9, 0x04FB, 0x04FC, 0x04FD, 0x04FE, 0x04FF, 0x1EA0,
    0x1EA1, 0x1EA2, 0x1EA3, 0x1EA4, 0x1EA5, 0x1EA6, 0x1EA7, 0x1EA8, 0x1EA9, 0x1EAA, 0x1EAB, 0x1EAC,
    0x1EAD, 0x1EAE, 0x1EAF, 0x1EB0, 0x1EB1, 0x1EB2, 0x1EB3, 0x1EB4, 0x1EB5, 0x1EB6, 0x1EB7, 0x1EB8,
    0x1EB9, 0x1EBA, 0x1EBB, 0x1EBC, 0x1EBD, 0x1EBE, 0x1EBF, 0x1EC0, 0x1EC1, 0x1EC2, 0x1EC3, 0x1EC4,
    0x1EC5, 0x1EC6, 0x1EC7, 0x1EC8, 0x1EC9, 0x1ECA, 0x1ECB, 0x1ECC, 0x1ECD, 0x1ECE, 0x1ECF, 0x1ED0,
    0x1ED1, 0x1ED2, 0x1ED3, 0x1ED4, 0x1ED5, 0x1ED6, 0x1ED7, 0x1ED8, 0x1ED9, 0x1EDA, 0x1EDB, 0x1EDC,
    0x1EDD, 0x1EDE, 0x1EDF, 0x1EE0, 0x1EE1, 0x1EE2, 0x1EE3, 0x1EE4, 0x1EE5, 0x1EE6, 0x1EE7, 0x1EE8,
    0x1EE9, 0x1EEA, 0x1EEB, 0x1EEC, 0x1EED, 0x1EEE, 0x1EEF, 0x1EF0, 0x1EF1, 0x1EF2, 0x1EF3, 0x1EF4,
    0x1EF5, 0x1EF6, 0x1EF7, 0x1EF8, 0x1EF9, 0x2018, 0x2019, 0x201A, 0x201B, 0x201C, 0x201D, 0x201E,
    0x201F, 0x2020, 0x2021, 0x2022, 0x2023, 0x2024, 0x2025, 0x2026, 0x2034, 0x2039, 0x203A, 0x2043,
    0x204B, 0x204C, 0x204D, 0x204F, 0x2070, 0x2074, 0x2075, 0x2076, 0x2077, 0x2078, 0x2079, 0x207E,
    0x2080, 0x2081, 0x2082, 0x2083, 0x2084, 0x2085, 0x2086, 0x2087, 0x2088, 0x2089, 0x208A, 0x208B,
    0x208C, 0x208D, 0x208E, 0x2090, 0x2091, 0x2092, 0x2093, 0x2095, 0x2096, 0x2097, 0x2098, 0x2099,
    0x209A, 0x209B, 0x209C, 0x20A1, 0x20A8, 0x20A9, 0x20AB, 0x20B2, 0x20B4, 0x20B5, 0x20B8, 0x20BF,
    0x2192, 0x21D2, 0x2206, 0x2212, 0x221E, 0x222B, 0x2248, 0x2260, 0x2264, 0x2265, 0x22EF,
};

static const uint8_t kimchi_ui_10_regularKernRightClassIds[] = {
      1,   2,   3,   1,   4,   5,   6,   7,   8,   9,  10,  11,  12,  13,  14,  15,
     16,  11,  17,  18,  19,  20,  20,  21,  22,  23,  24,  25,  26,  25,  25,  25,
     26,  25,  25,  27,  25,  25,  25,  25,  26,  25,  26,  25,  28,  29,  30,  31,
     32,  33,  34,  30,   4,  35,  36,  37,  38,  25,  39,  39,  39,  40,  39,  25,
     41,  42,  25,  25,  43,  43,  39,  43,  39,  43,  44,  45,  46,  47,  48,  49,
     47,  50,  25,   4,  51,  39,  52,  26,  53,  54,  55,   6,  56,  57,  22,  58,
     59,  60,  61,  62,  53,  63,  64,  24,  24,  24,  24,  24,  24,  24,  26,  25,
     25,  25,  25,  25,  25,  65,  66,  67,  25,  26,  26,  26,  26,  26,  68,  26,
     29,  29,  29,  29,  33,  25,  25,  38,  38,  38,  69,  70,  38,  38,  39,  39,
     39,  39,  71,  72,  73,  74,  75,  39,  43,  39,  39,  39,  76,  71,   6,  39,
     46,  46,  46,  77,  47,  25,  78,  24,  38,  24,  38,  24,  38,  26,  39,  26,
     39,  26,  39,  26,  39,  25,  39,  79,  39,  25,  39,  25,  39,  25,  39,  25,
     39,  25,  39,  26,  39,  26,  39,  26,  39,  26,  39,  25,  25,  80,  81,  65,
     82,  65,  83,  65,  84,  85,  86,  25,  41,  41,  27,  87,  25,  25,  25,  25,
     25,  25,  25,  25,  25,  25,  25,  25,  43,  25,  43,  25,  43,  25,  43,  26,
     88,  26,  39,  26,  39,  26,  39,  25,  43,  25,  43,  25,  43,  44,  44,  44,
     44,  89,  45,  90,  45,  91,  45,  29,  92,  29,  46,  29,  46,  29,  46,  29,
     46,  29,  46,  31,  48,  33,  47,  33,  34,  50,  34,  50,  34,  50,  25,  26,
     39,  29,  46,  93,  39,  25,  25,  25,  43,  24,  38,  25,  94,  26,  39,  29,
     46,  29,  46,  29,  46,  29,  46,  29,  46,  88,  24,  38,  24,  38,  24,  38,
     26,  39,  26,  39,  25,  25,  26,  39,  26,  39,  95,  42,  25,  88,  26,  39,
     93,  25,  43,  24,  38,  24,  38,  26,  39,  24,  38,  24,  38,  25,  39,  25,
     39,  65,  96,  65,  97,  26,  39,  26,  39,  25,  43,  25,  43,  29,  46,  29,
     46,  44,  28,  45,  25,  25,  98,  98,  99,  98,  26,  98,  65, 100, 101,  98,
     99,  98,  98,  98, 102,  98,  98,  98, 103,  98, 104, 105, 106,  98,  98, 101,
     98,  98,  26,  98,  98,  26,  99, 107, 108,  32,  98, 109,  98,  98, 110,  98,
     98, 111,  98, 112,  38,  11,  43,  43, 113,  39, 114, 115,  43,  43,  43, 116,
     43,  43,  39,  43,  43,  39, 117, 118,  39, 114,  43, 119,  43,  43, 120, 121,
     43,  43, 122,  39,  39,  98,  43,  39,  44, 121, 123, 124, 116,  43,  98,  43,
     43, 118,  43,  98,  98,  43,  98,  26,  39,  30, 118, 118,  26,  39,  39, 106,
     43,  98,  43,  98,  43,  45,  98,  43, 114,  98,  43,  98,  43,  98,  95,  98,
     43,  98,  43,  98,  43,  39,  26,  39,  99,  95, 107, 118, 107, 118,  32, 114,
     99,  38,  38,  98,  98,  45,  98,  32,  98,  43, 116, 106,  43,  98,  43,  98,
     43,  98, 102,  38, 102,  38, 102,  38,  98,  39,  39,  26,  39,  32,  95,  98,
     43,  98,  43,  26,  39,  26,  39,  26,  39, 118, 118, 118,  43,  43,  45,  32,
    114,  32, 114,  24,  38,  24,  38,  24,  38,  24, 125,  24,  38,  24,  38,  24,
     38,  24,  38,  24,  38,  24,  38,  24,  38,  24,  38,  25,  39,  25,  39,  25,
     39,  25,  39,  25, 126,  25,  39,  25,  39,  25,  39,  25,  41,  25,  41,  26,
     39,  26,  39,  26,  39,  26,  39,  26,  39,  26,  39,  26,  39,  26,  39,  26,
     39,  26,  39,  26,  39,  26,  39,  29,  46,  29,  46,  29,  46,  29,  46,  29,
     46,  29,  46,  29,  46,  33,  47, 127,  47, 127,  47, 127,  47, 128, 129, 130,
    131, 128, 129, 130, 132,  53,  53, 133, 133,   7,   7, 134, 135,  54,  63, 133,
     25, 133,  43,  20, 136, 137, 138, 136, 139, 136, 138, 140, 141, 141, 141, 141,
    141, 141, 141, 141, 141, 141, 141, 141, 141, 141, 141, 141, 141, 141, 141, 142,
    142, 142, 142, 142, 142, 142, 142,  26,  25, 143,  39,  26, 115,  26, 144,  25,
      6,  22, 145,   6, 146, 147,  22,  22,  22,  22,   6,
};

static const uint16_t kimchi_ui_10_regularKernRowOffsets[] = {
        0,    11,    17,    20,    40,    49,    50,    63,    88,   115,   121,   131,   135,   136,   141,   146,
      150,   155,   197,   205,   223,   244,   247,   297,   303,   312,   334,   341,   367,   399,   410,   417,
      457,   496,   517,   532,   592,   638,   676,   694,   747,   764,   773,   827,   829,   870,   891,   921,
      937,   958,  1001,  1008,  1025,  1044,  1084,  1125,  1138,  1186,  1210,  1228,  1239,  1248,  1273,  1284,
     1292,  1304,  1315,  1316,  1342,  1358,  1359,  1372,  1396,  1425,  1456,  1460,  1461,  1474,  1527,  1544,
     1551,  1568,  1586,  1622,  1643,  1673,  1694,  1730,  1748,  1760,  1796,  1832,  1868,  1891,  1930,  1941,
     1980,  1983,  1996,  2035,  2075,  2091,  2151,  2211,  2272,  2310,  2313,  2324,  2346,  2376,  2416,  2417,
     2430,  2436,  2459,  2495,  2501,  2531,  2591,  2600,  2606,  2635,  2674,  2724,  2731,  2733,  2758,  2809,
     2831,  2848,  2853,  2854,  2869,  2901,  2902,  2921,  2922,  2937,  2969,  3014,  3054,  3078,  3090,  3125,
     3170,  3212,  3247,  3274,  3301,  3323,  3345,  3362,  3397,  3427,  3456,  3516,  3535,  3588,  3641,  3689,
     3706,  3758,  3783,  3810,  3811,  3812,  3813,  3818,  3838,  3858,  3878,  3883,  3895,  3898,
};

static const uint8_t kimchi_ui_10_regularKernSparseCols[] = {
      2,   6,   8,  14,  23,  26,  99, 100, 101, 133, 144,  74,  81,  82,  83,  96,
    122, 127, 128, 134,   0,  27,  29,  30,  32,  46,  47,  52,  55,  77,  88,  89,
     90,  98, 106, 109, 117, 126, 127, 142,  38,  41,  70,  75,  86,  87,  95, 123,
    125, 127,   2,   6,   8,  14,  23,  26,  35,  66,  99, 100, 101, 133, 144,  12,
     13,  16,  27,  29,  30,  31,  32,  48,  59,  88,  89,  90,  94,  98, 103, 104,
    106, 109, 113, 116, 119, 126, 127, 142,   0,  10,  11,  13,  15,  16,  17,  18,
     22,  27,  32,  36,  59,  88,  89,  90,  94,  98, 106, 109, 116, 119, 126, 128,
    130, 131, 134,   6,   8,  26,  95,  99, 133,   6,   8,  16,  32,  35, 106, 126,
    127, 129, 133,   6,   8, 129, 133,  14,   6,   8,  53, 129, 133,   6,   8,  11,
     55, 133,   6,   8,  55, 133,   6,   8,  35, 129, 133,   1,   2,   6,   8,  10,
     13,  14,  15,  16,  17,  18,  19,  20,  23,  26,  35,  37,  38,  43,  53,  68,
     69,  70,  74,  75,  81,  82,  83,  87,  96,  99, 101, 118, 121, 122, 124, 125,
    129, 133, 140, 141, 144,  27,  29,  88,  89,  90,  98, 109, 127,  23,  29,  30,
     31,  32,  46,  48,  77, 101, 103, 106, 109, 113, 117, 126, 127, 142, 143,  16,
     23,  27,  29,  30,  31,  32,  33,  88,  89,  90,  98, 100, 101, 103, 106, 109,
    126, 127, 142, 143,  23, 101, 144,   0,   4,  11,  20,  21,  22,  25,  27,  29,
     30,  32,  34,  40,  44,  46,  47,  52,  53,  55,  56,  59,  60,  62,  71,  72,
     73,  74,  77,  81,  82,  83,  85,  88,  89,  90,  93,  96,  98, 106, 107, 109,
    110, 117, 120, 122, 126, 127, 128, 134, 142,  74,  81,  82,  83,  96, 122,  31,
     35,  74,  81,  82,  83,  96, 103, 122,   6,   8,   9,  23,  27,  29,  31,  32,
     35,  55,  88,  89,  90,  98, 101, 103, 106, 109, 126, 127, 129, 133,  74,  81,
     82,  83,  95,  96, 122,   6,   8,  23,  26,  35,  38,  42,  45,  46,  49,  58,
     70,  75,  76,  77,  87,  91,  95,  99, 101, 117, 125, 129, 133, 140, 141,  23,
     27,  29,  31,  32,  40,  41,  71,  72,  73,  74,  80,  81,  82,  83,  85,  86,
     88,  89,  90,  93,  95,  96,  98, 101, 103, 106, 109, 120, 122, 123, 126,  35,
     64,  65,  74,  81,  82,  83,  85,  95,  96, 122,   6,   8,   9,  35,  95, 129,
    133,   5,   7,  20,  21,  25,  38,  40,  45,  46,  47,  50,  53,  54,  55,  58,
     60,  70,  71,  72,  73,  74,  75,  76,  77,  81,  82,  83,  85,  87,  91,  93,
     95,  96, 107, 110, 117, 120, 122, 125, 145,   0,   4,   5,   7,  11,  23,  25,
     27,  29,  30,  32,  34,  44,  46,  50,  52,  53,  54,  55,  56,  60,  77,  88,
     89,  90,  98, 101, 106, 107, 109, 110, 117, 126, 127, 128, 130, 131, 134, 142,
      2,   5,   6,   7,   8,  23,  26,  38,  50,  54,  60,  70,  75,  87,  99, 101,
    125, 129, 133, 140, 141,  29,  32,  38,  70,  74,  75,  81,  82,  83,  87,  96,
    106, 122, 125, 126,   2,   5,   6,   7,   8,   9,  14,  19,  20,  23,  25,  26,
     35,  37,  38,  42,  43,  45,  46,  47,  48,  49,  50,  53,  54,  58,  60,  62,
     68,  69,  70,  74,  75,  76,  77,  81,  82,  83,  87,  91,  94,  95,  96,  99,
    101, 107, 110, 113, 116, 117, 118, 119, 121, 122, 124, 125, 129, 133, 140, 141,
      2,   5,   6,   7,   8,   9,  14,  19,  20,  21,  23,  25,  26,  35,  37,  38,
     43,  50,  53,  54,  60,  67,  68,  69,  70,  74,  75,  81,  82,  83,  87,  95,
     96,  99, 101, 107, 110, 118, 121, 122, 124, 125, 129, 133, 140, 141,   2,   5,
      6,   7,   8,  14,  19,  20,  21,  23,  25,  26,  37,  38,  42,  43,  50,  53,
     54,  60,  68,  69,  70,  75,  87,  95,  99, 101, 107, 110, 118, 121, 124, 125,
    129, 133, 140, 141,   5,   7,  20,  21,  25,  38,  50,  53,  54,  55,  60,  70,
     75,  87,  95, 107, 110, 125,   2,   5,   6,   7,   8,  14,  19,  20,  21,  23,
     25,  26,  27,  37,  38,  42,  43,  45,  50,  53,  54,  55,  58,  60,  62,  67,
     68,  69,  70,  72,  75,  76,  87,  88,  89,  90,  91,  95,  98,  99, 101, 107,
    109, 110, 118, 121, 124, 125, 129, 133, 140, 141, 145,   5,   7,  20,  25,  50,
     53,  54,  60,  74,  81,  82,  83,  95,  96, 107, 110, 122,  38,  41,  70,  75,
     86,  87,  95, 123, 125,   0,   4,   6,   8,  11,  20,  21,  22,  25,  27,  29,
     30,  32,  34,  40,  44,  46,  47,  52,  53,  55,  56,  59,  60,  62,  71,  72,
     73,  74,  77,  81,  82,  83,  85,  88,  89,  90,  93,  96,  98, 106, 107, 109,
    110, 117, 120, 122, 126, 127, 128, 133, 134, 142, 143,  95, 127,   4,  10,  11,
     13,  14,  15,  17,  18,  25,  27,  28,  29,  34,  40,  41,  42,  46,  56,  59,
     71,  72,  73,  77,  85,  86,  88,  89,  90,  93,  98, 102, 107, 108, 109, 110,
    112, 117, 120, 123, 127, 143,  11,  27,  29,  30,  32,  46,  55,  77,  88,  89,
     90,  94,  98, 106, 109, 116, 117, 119, 126, 127, 142,   3,  23,  27,  29,  30,
     31,  32,  46,  47,  48,  52,  55,  77,  88,  89,  90,  94,  95,  98, 101, 103,
    106, 109, 113, 116, 117, 119, 126, 127, 142,  27,  32,  48,  55,  88,  89,  90,
     94,  95,  98, 106, 109, 113, 116, 119, 126,  27,  29,  30,  32,  46,  48,  55,
     77,  88,  89,  90,  94,  98, 106, 109, 113, 116, 117, 119, 126, 142,   5,   6,
      7,   8,   9,  14,  23,  26,  32,  35,  37,  38,  43,  50,  53,  54,  60,  67,
     68,  69,  70,  74,  75,  81,  82,  83,  87,  95,  96,  99, 101, 106, 118, 121,
    122, 124, 125, 126, 129, 132, 133, 140, 141,  27,  35,  88,  89,  90,  98, 109,
      3,  29,  30,  35,  51,  74,  80,  81,  82,  83,  84,  85,  86,  95,  96, 122,
    142,   5,   7,  14,  20,  27,  38,  50,  53,  54,  60,  70,  75,  87,  88,  89,
     90,  98, 109, 125,   5,   6,   7,   8,   9,  20,  23,  26,  27,  33,  38,  39,
     44,  46,  47,  48,  50,  54,  60,  70,  75,  77,  87,  88,  89,  90,  95,  98,
     99, 101, 109, 113, 117, 125, 128, 129, 133, 134, 140, 141,   5,   7,  14,  20,
     24,  27,  29,  30,  32,  38,  43,  50,  54,  60,  67,  70,  75,  79,  80,  84,
     87,  88,  89,  90,  92,  95,  97,  98, 105, 106, 109, 121, 125, 126, 127, 128,
    132, 134, 140, 141, 142,  27,  32,  88,  89,  90,  95,  98, 106, 109, 126, 127,
    128, 134,   6,   8,   9,  20,  21,  23,  26,  27,  32,  35,  37,  38,  53,  54,
     68,  69,  70,  73,  74,  75,  80,  81,  82,  83,  87,  88,  89,  90,  95,  96,
     98,  99, 101, 106, 109, 112, 115, 118, 122, 124, 125, 126, 128, 129, 133, 134,
    140, 141,   2,   6,   8,  23,  26,  27,  33,  38,  53,  70,  75,  87,  88,  89,
     90,  98,  99, 101, 109, 125, 128, 129, 133, 134,   5,   7,  21,  27,  38,  50,
     53,  54,  60,  70,  75,  87,  88,  89,  90,  98, 109, 125,  27,  38,  70,  75,
     87,  88,  89,  90,  98, 109, 125,  38,  41,  70,  75,  86,  87,  95, 123, 125,
     12,  13,  16,  27,  29,  30,  31,  32,  48,  59,  88,  89,  90,  94,  98, 103,
    104, 106, 109, 113, 116, 119, 126, 127, 142,  27,  29,  32,  88,  89,  90,  98,
    106, 109, 126, 127,  40,  71,  72,  73,  85,  93,  95, 120,   2,  23,  26,  38,
     70,  75,  79,  87,  99, 101, 125, 144,  23,  27,  32,  88,  89,  90,  98, 101,
    106, 109, 126, 109,   2,  14,  23,  25,  26,  31,  32,  37,  38,  43,  68,  69,
     70,  75,  87,  99, 101, 103, 106, 107, 110, 118, 121, 124, 125, 126,   2,   6,
      8,  14,  23,  25,  26,  35,  66,  99, 100, 101, 107, 110, 133, 144, 136,   6,
      8,  14,  23,  26,  44,  53,  79,  99, 101, 129, 133, 144,   5,   7,   9,  20,
     27,  32,  35,  50,  54,  60,  88,  89,  90,  95,  98, 106, 109, 126, 127, 128,
    134, 140, 141, 144,  12,  13,  16,  23,  26,  27,  29,  30,  31,  32,  48,  59,
     88,  89,  90,  94,  98,  99, 101, 103, 104, 106, 109, 113, 116, 119, 126, 127,
    142,  11,  12,  13,  16,  17,  23,  27,  29,  30,  31,  32,  33,  46,  47,  48,
     77,  88,  89,  90,  98, 100, 101, 103, 106, 109, 113, 117, 126, 127, 142, 144,
     90, 127, 128, 134,  95,  27,  29,  32,  88,  89,  90,  98, 103, 106, 109, 111,
    126, 143,   2,   5,   6,   7,   8,  14,  19,  20,  21,  23,  25,  26,  27,  37,
     38,  42,  43,  45,  50,  53,  54,  55,  58,  60,  62,  67,  68,  69,  70,  72,
     75,  76,  87,  88,  89,  90,  91,  95,  98,  99, 101, 107, 109, 110, 118, 121,
    124, 125, 129, 133, 140, 141, 145,   6,   8,  23,  26,  27,  29,  33,  88,  89,
     90,  98,  99, 101, 109, 127, 129, 133,  74,  81,  82,  83,  96, 122, 127,   3,
     29,  30,  35,  51,  74,  80,  81,  82,  83,  84,  85,  86,  95,  96, 122, 142,
      3,  29,  30,  35,  41,  51,  74,  80,  81,  82,  83,  84,  85,  86,  95,  96,
    122, 142,  11,  16,  24,  27,  29,  33,  39,  40,  41,  44,  71,  72,  73,  74,
     79,  80,  81,  82,  83,  84,  85,  86,  88,  89,  90,  92,  93,  95,  96,  97,
     98, 105, 109, 120, 122, 123,  11,  27,  29,  30,  32,  46,  55,  77,  88,  89,
     90,  94,  98, 106, 109, 116, 117, 119, 126, 127, 142,   3,  23,  27,  29,  30,
     31,  32,  46,  47,  48,  52,  55,  77,  88,  89,  90,  94,  95,  98, 101, 103,
    106, 109, 113, 116, 117, 119, 126, 127, 142,  11,  27,  29,  30,  32,  46,  55,
     77,  88,  89,  90,  94,  98, 106, 109, 116, 117, 119, 126, 127, 142,   0,   3,
      4,  11,  16,  27,  34,  40,  41,  52,  55,  56,  71,  72,  73,  74,  80,  81,
     82,  83,  85,  86,  88,  89,  90,  93,  95,  96,  98, 109, 120, 122, 123, 127,
    140, 141,  40,  41,  71,  72,  73,  74,  80,  81,  82,  83,  85,  86,  93,  95,
     96, 120, 122, 123,  35,  52,  64,  65,  74,  81,  82,  83,  85,  95,  96, 122,
     11,  16,  24,  27,  29,  33,  39,  40,  41,  44,  71,  72,  73,  74,  79,  80,
     81,  82,  83,  84,  85,  86,  88,  89,  90,  92,  93,  95,  96,  97,  98, 105,
    109, 120, 122, 123,  11,  16,  24,  27,  29,  33,  39,  40,  41,  44,  71,  72,
     73,  74,  79,  80,  81,  82,  83,  84,  85,  86,  88,  89,  90,  92,  93,  95,
     96,  97,  98, 105, 109, 120, 122, 123,  11,  16,  24,  27,  29,  33,  39,  40,
     41,  44,  71,  72,  73,  74,  79,  80,  81,  82,  83,  84,  85,  86,  88,  89,
     90,  92,  93,  95,  96,  97,  98, 105, 109, 120, 122, 123,   3,  29,  30,  35,
     40,  41,  51,  71,  72,  73,  74,  80,  81,  82,  83,  84,  85,  86,  93,  95,
     96, 122, 142,   0,   4,   5,   7,  11,  23,  25,  27,  29,  30,  32,  34,  44,
     46,  50,  52,  53,  54,  55,  56,  60,  77,  88,  89,  90,  98, 101, 106, 107,
    109, 110, 117, 126, 127, 128, 130, 131, 134, 142,  35,  64,  65,  74,  81,  82,
     83,  85,  95,  96, 122,   0,   4,   5,   7,  11,  23,  25,  27,  29,  30,  32,
     34,  44,  46,  50,  52,  53,  54,  55,  56,  60,  77,  88,  89,  90,  98, 101,
    106, 107, 109, 110, 117, 126, 127, 128, 130, 131, 134, 142,  32, 106, 126,  35,
     64,  65,  66,  74,  78,  81,  82,  83,  85,  95,  96, 122,   0,   4,   5,   7,
     11,  23,  25,  27,  29,  30,  32,  34,  44,  46,  50,  52,  53,  54,  55,  56,
     60,  77,  88,  89,  90,  98, 101, 106, 107, 109, 110, 117, 126, 127, 128, 130,
    131, 134, 142,   5,   6,   7,   8,   9,  20,  23,  26,  27,  33,  38,  39,  44,
     46,  47,  48,  50,  54,  60,  70,  75,  77,  87,  88,  89,  90,  95,  98,  99,
    101, 109, 113, 117, 125, 128, 129, 133, 134, 140, 141,  27,  29,  30,  32,  55,
     88,  89,  90,  95,  98, 106, 109, 126, 127, 129, 142,   2,   5,   6,   7,   8,
      9,  14,  19,  20,  23,  25,  26,  35,  37,  38,  42,  43,  45,  46,  47,  48,
     49,  50,  53,  54,  58,  60,  62,  68,  69,  70,  74,  75,  76,  77,  81,  82,
     83,  87,  91,  94,  95,  96,  99, 101, 107, 110, 113, 116, 117, 118, 119, 121,
    122, 124, 125, 129, 133, 140, 141,   2,   5,   6,   7,   8,   9,  14,  19,  20,
     23,  25,  26,  35,  37,  38,  42,  43,  45,  46,  47,  48,  49,  50,  53,  54,
     58,  60,  62,  68,  69,  70,  74,  75,  76,  77,  81,  82,  83,  87,  91,  94,
     95,  96,  99, 101, 107, 110, 113, 116, 117, 118, 119, 121, 122, 124, 125, 129,
    133, 140, 141,   2,   5,   6,   7,   8,   9,  14,  19,  20,  21,  23,  25,  26,
     35,  37,  38,  42,  43,  45,  46,  47,  48,  49,  50,  53,  54,  58,  60,  62,
     68,  69,  70,  74,  75,  76,  77,  81,  82,  83,  87,  91,  94,  95,  96,  99,
    101, 107, 110, 113, 116, 117, 118, 119, 121, 122, 124, 125, 129, 133, 140, 141,
      2,   5,   6,   7,   8,  14,  19,  20,  21,  23,  25,  26,  37,  38,  42,  43,
     50,  53,  54,  60,  68,  69,  70,  75,  87,  95,  99, 101, 107, 110, 118, 121,
    124, 125, 129, 133, 140, 141,   6,   8, 133,  27,  38,  70,  75,  87,  88,  89,
     90,  98, 109, 125,   3,  29,  30,  35,  40,  51,  71,  72,  73,  74,  80,  81,
     82,  83,  84,  85,  86,  93,  95,  96, 122, 142,   3,  23,  27,  29,  30,  31,
     32,  46,  47,  48,  52,  55,  77,  88,  89,  90,  94,  95,  98, 101, 103, 106,
    109, 113, 116, 117, 119, 126, 127, 142,   5,   7,  20,  21,  25,  38,  40,  45,
     46,  47,  50,  53,  54,  55,  58,  60,  70,  71,  72,  73,  74,  75,  76,  77,
     81,  82,  83,  85,  87,  91,  93,  95,  96, 107, 110, 117, 120, 122, 125, 145,
     95,  27,  32,  88,  89,  90,  95,  98, 106, 109, 126, 127, 128, 134,  24,  79,
     80,  84,  92,  95,   3,  29,  30,  35,  40,  41,  51,  71,  72,  73,  74,  80,
     81,  82,  83,  84,  85,  86,  93,  95,  96, 122, 142,  11,  16,  24,  27,  29,
     33,  39,  40,  41,  44,  71,  72,  73,  74,  79,  80,  81,  82,  83,  84,  85,
     86,  88,  89,  90,  92,  93,  95,  96,  97,  98, 105, 109, 120, 122, 123,  74,
     81,  82,  83,  96, 122,   3,  11,  23,  27,  29,  30,  31,  32,  46,  47,  48,
     52,  55,  77,  88,  89,  90,  94,  98, 101, 103, 106, 109, 113, 116, 117, 119,
    126, 127, 142,   2,   5,   6,   7,   8,   9,  14,  19,  20,  23,  25,  26,  35,
     37,  38,  42,  43,  45,  46,  47,  48,  49,  50,  53,  54,  58,  60,  62,  68,
     69,  70,  74,  75,  76,  77,  81,  82,  83,  87,  91,  94,  95,  96,  99, 101,
    107, 110, 113, 116, 117, 118, 119, 121, 122, 124, 125, 129, 133, 140, 141,  35,
     64,  65,  74,  81,  82,  83,  96, 122,   6,   8,   9,  35, 129, 133,   3,  23,
     27,  29,  30,  31,  32,  46,  47,  48,  52,  55,  77,  88,  89,  90,  94,  98,
    101, 103, 106, 109, 113, 116, 117, 119, 126, 127, 142,   5,   7,  20,  21,  25,
     38,  40,  45,  46,  47,  50,  53,  54,  55,  58,  60,  70,  71,  72,  73,  74,
     75,  76,  77,  81,  82,  83,  85,  87,  91,  93,  96, 107, 110, 117, 120, 122,
    125, 145,   0,   4,  11,  20,  21,  22,  25,  27,  29,  30,  32,  34,  40,  44,
     46,  47,  52,  53,  55,  56,  59,  60,  62,  71,  72,  73,  74,  77,  81,  82,
     83,  85,  88,  89,  90,  93,  96,  98, 106, 107, 109, 110, 117, 120, 122, 126,
    127, 128, 134, 142,  74,  81,  82,  83,  96, 109, 122,  35, 102,   5,   7,  14,
     20,  21,  25,  38,  50,  53,  54,  55,  60,  67,  70,  75,  87, 107, 108, 109,
    110, 114, 116, 118, 119, 125,   2,   5,   6,   7,   8,  14,  19,  20,  21,  23,
     25,  26,  27,  37,  38,  42,  43,  45,  50,  53,  54,  55,  58,  60,  62,  67,
     68,  69,  70,  75,  76,  87,  88,  89,  90,  91,  98,  99, 101, 107, 109, 110,
    118, 121, 124, 125, 129, 133, 140, 141, 145,   6,   8,   9,  23,  27,  29,  31,
     32,  35,  55,  88,  89,  90,  98, 101, 103, 106, 109, 126, 127, 129, 133,   5,
      7,  20,  21,  25,  38,  50,  53,  54,  55,  60,  70,  75,  87, 107, 110, 125,
      6,   8,  35, 129, 133, 119,  27,  29,  30,  32,  55,  88,  89,  90,  98, 106,
    109, 126, 127, 129, 142,   5,   6,   7,   8,  27,  35,  37,  38,  50,  53,  54,
     60,  68,  69,  70,  75,  87,  88,  89,  90,  98, 109, 112, 115, 118, 124, 125,
    129, 133, 140, 141, 146,  35,   5,   7,  21,  27,  38,  50,  53,  54,  60,  70,
     75,  87,  88,  89,  90,  98, 109, 119, 125, 129,  27,  32,  48,  55,  88,  89,
     90,  94,  98, 106, 109, 113, 116, 119, 126,   5,   6,   7,   8,  27,  35,  37,
     38,  50,  53,  54,  60,  68,  69,  70,  75,  87,  88,  89,  90,  98, 109, 112,
    115, 118, 124, 125, 129, 133, 140, 141, 146,   6,   8,   9,  20,  21,  23,  26,
     27,  32,  35,  37,  38,  53,  54,  68,  69,  70,  74,  75,  81,  82,  83,  87,
     88,  89,  90,  96,  98,  99, 101, 106, 109, 112, 115, 118, 122, 124, 125, 126,
    128, 129, 133, 134, 140, 141,   5,   7,  14,  20,  24,  27,  29,  30,  32,  38,
     43,  50,  54,  60,  67,  70,  75,  79,  80,  84,  87,  88,  89,  90,  92,  97,
     98, 105, 106, 109, 121, 125, 126, 127, 128, 132, 134, 140, 141, 142,   3,  27,
     29,  31,  32,  46,  47,  48,  52,  77,  88,  89,  90,  94,  98, 103, 106, 109,
    113, 116, 117, 119, 126, 127,   3,  29,  30,  35,  51,  74,  81,  82,  83,  96,
    122, 142,  11,  16,  24,  27,  29,  33,  39,  40,  41,  44,  71,  72,  73,  74,
     79,  80,  81,  82,  83,  84,  85,  86,  88,  89,  90,  92,  93,  96,  97,  98,
    105, 109, 120, 122, 123,   2,   5,   6,   7,   8,   9,  14,  19,  20,  21,  23,
     25,  26,  35,  37,  38,  43,  50,  53,  54,  60,  67,  68,  69,  70,  74,  75,
     81,  82,  83,  87,  96,  99, 101, 107, 110, 118, 121, 122, 124, 125, 129, 133,
    140, 141,   5,   6,   7,   8,   9,  14,  23,  26,  32,  35,  37,  38,  43,  50,
     53,  54,  60,  67,  68,  69,  70,  74,  75,  81,  82,  83,  87,  96,  99, 101,
    106, 118, 121, 122, 124, 125, 126, 129, 132, 133, 140, 141,  11,  24,  27,  29,
     30,  32,  40,  46,  55,  71,  72,  73,  77,  79,  80,  84,  85,  88,  89,  90,
     92,  93,  94,  95,  98, 106, 109, 116, 117, 119, 124, 125, 126, 127, 142,  11,
     24,  27,  29,  30,  32,  46,  55,  77,  79,  80,  84,  88,  89,  90,  92,  94,
     95,  98, 106, 109, 116, 117, 119, 126, 127, 142,  24,  27,  29,  30,  32,  46,
     48,  55,  77,  79,  80,  84,  88,  89,  90,  92,  94,  95,  98, 106, 109, 113,
    116, 117, 119, 126, 142,  27,  29,  30,  32,  46,  48,  55,  77,  88,  89,  90,
     94,  95,  98, 106, 109, 113, 116, 117, 119, 126, 142,   3,  29,  30,  35,  40,
     51,  71,  72,  73,  74,  80,  81,  82,  83,  84,  85,  86,  93,  95,  96, 122,
    142,   3,  29,  30,  35,  51,  74,  80,  81,  82,  83,  84,  85,  86,  95,  96,
    122, 142,   3,  23,  24,  27,  29,  30,  31,  32,  46,  47,  48,  52,  55,  77,
     79,  80,  84,  88,  89,  90,  92,  94,  95,  98, 101, 103, 106, 109, 113, 116,
    117, 119, 126, 127, 142,   3,  23,  27,  29,  30,  31,  32,  46,  47,  48,  52,
     55,  77,  88,  89,  90,  94,  95,  98, 101, 103, 106, 109, 113, 116, 117, 119,
    126, 127, 142,   6,   8,   9,  23,  27,  29,  31,  32,  35,  40,  55,  71,  72,
     73,  85,  88,  89,  90,  93,  95,  98, 101, 103, 106, 109, 126, 127, 129, 133,
      2,   5,   6,   7,   8,   9,  14,  19,  20,  23,  25,  26,  35,  37,  38,  42,
     43,  45,  46,  47,  48,  49,  50,  53,  54,  58,  60,  62,  68,  69,  70,  74,
     75,  76,  77,  81,  82,  83,  87,  91,  94,  95,  96,  99, 101, 107, 110, 113,
    116, 117, 118, 119, 121, 122, 124, 125, 129, 133, 140, 141,  27,  32,  74,  80,
     81,  82,  83,  88,  89,  90,  95,  96,  98, 106, 109, 126, 127, 128, 134,   2,
      5,   6,   7,   8,  14,  19,  20,  21,  23,  25,  26,  27,  37,  38,  42,  43,
     45,  50,  53,  54,  55,  58,  60,  62,  67,  68,  69,  70,  72,  75,  76,  87,
     88,  89,  90,  91,  95,  98,  99, 101, 107, 109, 110, 118, 121, 124, 125, 129,
    133, 140, 141, 145,   2,   5,   6,   7,   8,  14,  19,  20,  21,  23,  25,  26,
     27,  37,  38,  42,  43,  45,  50,  53,  54,  55,  58,  60,  62,  67,  68,  69,
     70,  72,  75,  76,  87,  88,  89,  90,  91,  95,  98,  99, 101, 107, 109, 110,
    118, 121, 124, 125, 129, 133, 140, 141, 145,   6,   8,   9,  20,  21,  23,  26,
     27,  32,  35,  37,  38,  53,  54,  68,  69,  70,  73,  74,  75,  80,  81,  82,
     83,  87,  88,  89,  90,  95,  96,  98,  99, 101, 106, 109, 112, 115, 118, 122,
    124, 125, 126, 128, 129, 133, 134, 140, 141,   2,   6,   8,   9,  14,  23,  26,
     63,  99, 100, 101, 102, 112, 115, 129, 133, 144,   1,   2,   5,   6,   7,   8,
      9,  10,  14,  17,  19,  20,  21,  23,  26,  35,  37,  38,  42,  43,  44,  45,
     46,  50,  53,  54,  58,  59,  60,  63,  68,  69,  70,  75,  76,  77,  87,  91,
     99, 100, 101, 102, 112, 115, 117, 118, 121, 124, 125, 129, 133, 144,  11,  27,
     29,  30,  32,  46,  77,  88,  89,  90,  98, 102, 106, 108, 109, 112, 116, 117,
    118, 119, 126, 127, 128, 134, 142,   0,  10,  11,  13,  15,  16,  17,  18,  22,
     27,  32,  36,  59,  88,  89,  90,  94,  98, 106, 109, 116, 119, 126, 128, 130,
    131, 134, 138, 139,  61,  57, 135, 136, 137, 138,  11,  27,  29,  30,  32,  41,
     46,  77,  86,  88,  89,  90,  98, 106, 108, 109, 117, 123, 126, 142,  11,  27,
     29,  30,  32,  41,  46,  77,  86,  88,  89,  90,  98, 106, 108, 109, 117, 123,
    126, 142,  11,  27,  29,  30,  32,  41,  46,  77,  86,  88,  89,  90,  98, 106,
    108, 109, 117, 123, 126, 142,   6,   8,   9,  35, 133,   0,   4,  11,  22,  34,
     52,  53,  56,  62, 127, 128, 134,  32, 106, 126,
};

static const int8_t kimchi_ui_10_regularKernSparseValues[] = {
     -11,  -27,  -27,  -20,  -26,  -53,  -53,  -15,  -26,  -27,  -26,   15,   15,   15,   15,   15,
      15,  -20,  -22,  -22,  -11,  -18,  -20,  -13,  -24,  -11,  -11,  -13,   -7,  -11,  -18,  -18,
     -18,  -18,  -24,  -37,  -11,  -24,  -29,  -13,   -4,    9,   -4,   -4,    9,   -4,   31,    9,
      -4,  -11,  -11,  -44,  -44,  -15,  -26,  -31,  -22,   11,  -31,  -11,  -26,  -44,  -26,  -11,
      -4,   -7,  -23,  -16,  -16,  -20,  -25,   -7,   -5,  -34,  -34,  -23,   -9,  -23,  -55,  -16,
     -25,  -45,   -7,   -9,   -9,  -25,  -20,  -16,  -27,   -8,  -28,   -9,   -5,   -5,   -7,   -2,
     -29,  -11,  -12,  -44,  -17,  -22,  -11,  -22,  -29,  -11,  -12,  -11,  -29,  -29,  -23,  -19,
     -44,  -44,  -19,  -13,  -13,  -20,   13,  -20,  -13,   -8,   -8,   -7,  -11,  -15,  -11,  -11,
     -15,  -17,   -8,  -14,  -14,  -15,  -14,   -5,   -7,   -7,  -11,  -17,   -7,  -11,  -11,   -3,
      -2,  -11,   -9,   -9,   -2,   -9,  -11,  -11,  -15,  -15,  -11,  -18,  -15,  -41,  -41,   -5,
     -11,  -19,   -3,    7,   -5,   -3,  -11,  -29,  -35,  -31,  -52,  -15,  -17,  -13,  -20,  -15,
     -15,  -17,   29,  -17,   29,   29,   29,  -17,   29,  -31,  -35,  -15,  -13,   29,  -15,  -17,
     -46,  -41,  -29,  -29,  -35,  -11,  -20,  -22,  -11,  -11,  -11,  -28,  -15,  -17,  -22,  -20,
     -17,  -31,  -13,  -11,  -13,  -17,  -17,  -31,  -15,  -11,  -13,  -31,  -18,  -20,  -13,  -24,
      -1,  -26,  -24,  -24,  -18,  -29,  -20,  -26,  -26,  -26,  -26,  -11,   -1,  -35,  -29,  -50,
     -29,  -31,  -24,  -24,  -20,  -20,  -20,  -26,  -26,  -11,   -1,  -17,  -20,  -11,  -28,  -22,
     -19,  -24,  -26,    2,  -11,  -22,  -22,  -24,  -11,  -23,  -26,   -3,  -11,  -11,    2,    2,
       2,   15,  -22,   15,   15,   15,    2,  -28,  -28,  -46,    2,   15,  -28,  -24,  -11,  -28,
     -11,  -22,    2,   15,  -24,  -42,  -33,  -33,  -19,   11,   11,   11,   11,   11,   11,   -2,
     -13,   11,   11,   11,   11,   11,   -2,   11,  -15,  -15,  -13,  -11,  -10,  -11,   -4,  -11,
     -13,   -2,  -10,  -10,  -10,  -10,  -11,   -4,  -11,  -10,  -11,  -11,  -13,  -15,   24,   24,
      24,   24,   11,   24,   24,  -13,  -24,  -29,  -22,  -11,  -13,   -2,  -11,  -11,  -11,  -11,
     -13,  -13,  -11,  -11,  -13,  -11,   11,  -22,  -29,  -11,  -13,  -39,  -41,  -18,  -18,   -7,
     -10,   -7,   -2,   -7,   11,   11,   11,   11,   11,   11,   11,   11,   11,   11,   11,   11,
     -10,  -10,  -10,   11,   15,   22,  -10,   -7,   -2,   -7,  -10,   11,   11,   11,   -7,   11,
       1,   26,   24,   24,   24,   24,   11,   11,   24,   24,  -11,  -11,  -18,  -17,   11,  -26,
     -11,  -34,  -34,  -22,  -11,  -11,  -13,   11,  -11,  -13,  -20,  -34,  -17,  -51,   -5,  -11,
     -49,  -13,   11,   11,   11,   28,  -13,  -11,  -13,   28,   28,   28,   11,  -13,  -11,   11,
      13,   28,  -11,  -11,  -13,   11,   28,  -13,  -11,  -29,  -55,  -27,  -43,  -15,   14,   -9,
     -31,  -22,   -1,  -12,  -42,   -7,  -22,  -40,  -31,  -20,  -69,  -26,  -57,  -47,  -22,  -31,
     -31,  -31,  -31,   14,  -12,   -9,  -31,   -9,  -22,  -23,  -28,  -13,  -15,  -15,  -35,   -1,
     -11,  -14,  -13,  -14,  -24,  -24,  -31,   -2,  -14,  -14,  -14,   -2,   -2,   -2,  -31,  -24,
      -2,  -46,  -44,  -25,  -25,   -6,   -8,   -2,   -2,   15,   -2,   15,   15,   15,   -2,   15,
      -8,   15,   -2,   -8,  -11,  -23,  -11,  -47,  -11,  -26,  -22,  -11,  -26,  -28,  -10,  -29,
     -18,  -24,  -26,  -18,  -24,  -24,  -20,  -20,  -20,  -15,  -23,  -42,  -23,  -24,  -49,  -17,
     -37,  -37,  -42,   29,  -42,  -41,  -31,   29,   29,   29,  -26,  -37,  -20,   42,   29,  -29,
     -28,  -10,  -10,  -20,  -20,  -20,  -24,  -20,  -24,   29,  -24,  -26,  -39,  -39,  -40,  -40,
     -17,  -16,  -31,  -16,  -31,  -24,  -11,  -20,  -24,  -20,  -21,  -11,  -31,  -26,  -17,  -17,
     -15,  -16,  -18,  -36,  -29,  -13,  -17,  -30,  -17,   28,  -32,   28,   28,   28,  -17,   13,
      28,  -31,  -21,  -11,  -11,  -17,  -15,   28,  -17,  -17,  -37,  -31,  -30,  -30,  -17,  -16,
     -31,  -16,  -31,  -11,  -17,  -24,  -20,  -19,  -11,  -20,  -17,  -17,  -11,  -11,  -16,  -18,
     -16,  -27,  -17,  -17,  -17,  -17,  -17,   13,  -20,  -19,  -11,  -11,  -17,  -11,  -17,  -17,
     -35,  -31,  -29,  -29,  -22,  -22,  -18,  -17,   -4,   -9,  -22,  -13,  -22,   -2,  -37,   -9,
      -9,   -9,   13,   -4,   -4,   -9,  -20,  -25,  -12,  -25,  -12,  -22,  -20,  -33,  -31,  -24,
     -11,  -11,   15,  -23,  -25,  -13,  -22,  -13,  -25,  -29,  -42,   -3,  -13,  -42,  -20,  -15,
     -23,  -23,  -25,   -9,  -25,  -13,  -44,   15,   15,   15,  -13,   13,   15,  -11,  -24,  -11,
      15,  -11,  -23,  -22,  -23,  -25,  -35,  -43,  -36,  -36,  -11,  -13,  -13,  -20,  -11,  -13,
     -11,  -13,  -24,   28,   28,   28,   28,   11,   28,  -11,  -11,   28,   -4,    9,   -4,   -4,
       9,   -4,   13,    9,   -4,  -26,  -26,   13,   13,  -11,   -1,  -17,  -20,  -11,  -41,  -39,
     -37,  -24,  -26,    2,  -11,  -39,  -22,  -24,  -11,  -23,  -26,   -3,  -11,  -11,    2,    2,
       2,   15,  -39,   15,   15,   15,    2,  -41,  -41,  -59,    2,   15,  -41,  -24,  -11,  -41,
     -11,  -39,    2,   15,  -24,  -56,  -52,   13,  -52,  -37,  -17,   11,  -11,  -22,  -15,  -35,
     -15,  -18,  -15,  -15,  -15,  -13,  -18,  -13,  -26,  -22,   11,   31,   15,  -26,  -22,  -15,
      11,   11,   11,  -26,   11,   31,  -18,  -18,  -18,   11,  -18,   18,  -13,  -35,  -35,  -26,
      15,  -26,   11,   31,  -13,  -17,  -13,  -15,  -17,  -17,  -24,   -7,   -3,   -7,  -15,  -15,
     -15,  -14,  -15,  -24,  -15,  -14,   -7,  -14,  -24,  -15,  -17,   -4,  -11,  -13,  -17,  -17,
      -9,  -28,   -7,   -6,   -7,  -11,   -4,   -7,  -13,  -13,  -13,  -13,   11,  -13,  -11,   -9,
     -28,  -13,   -7,  -13,   -7,  -13,  -28,  -20,  -17,  -24,  -20,   -2,   -2,  -24,  -24,  -24,
      -4,   11,  -24,  -20,  -24,   -2,   -4,   -4,  -20,  -17,  -17,  -17,  -28,   -6,   -5,   -6,
      -6,  -17,  -17,  -17,   -6,  -17,  -28,  -17,   -5,   -6,   -6,   -6,  -28,  -17,   -9,  -18,
      -9,  -18,   -9,  -20,  -11,  -20,    3,   -5,   -5,   -7,   -7,   -9,  -13,   -9,   -9,   -7,
      -5,   -5,   -7,   33,   -7,   33,   33,   33,   -7,   15,   33,  -20,  -11,    3,   -5,   -7,
      33,   -5,   -7,    3,  -29,   -7,  -18,  -13,  -13,  -17,   11,  -17,  -17,  -17,  -17,  -17,
      11,   11,   11,   13,   11,   13,   13,   24,   26,   26,   11,   13,   13,   11,   24,   13,
      22,  -14,  -14,  -15,  -28,  -18,   -7,  -14,  -17,  -36,  -14,   -7,   -7,   -7,  -18,  -18,
     -18,  -18,  -18,   -7,  -13,  -20,  -13,  -20,  -11,  -13,  -13,  -18,  -18,  -11,   -6,   11,
      11,    8,    3,    8,  -13,  -24,  -13,   -6,   -6,    8,   -6,  -18,  -18,  -18,   13,  -18,
     -18,  -13,  -18,    3,    3,   -6,    6,  -26,  -20,    6,  -16,  -16,   -7,   -7,   -5,   -9,
       4,  -11,   -3,   -3,   -5,   -2,   -3,   -7,   -7,   -7,   -4,   -2,   -2,    4,    4,    4,
      -2,  -11,  -11,  -11,    4,   15,    4,  -11,    4,   -5,  -11,   -3,   -2,   -5,  -13,    9,
      -4,    9,   11,   11,   -3,  -17,  -18,  -17,  -41,  -17,   13,  -17,  -18,  -17,  -18,  -13,
       5,    5,  -11,  -11,  -18,  -11,  -13,  -22,  -20,  -11,  -11,  -26,   -6,   -7,  -13,  -13,
      -6,   -6,   -7,   13,   13,   -7,   13,   13,   28,   13,   -7,  -11,  -31,  -11,   13,   26,
     -11,  -20,  -22,  -11,  -11,  -15,  -15,   -6,   13,   -6,   -7,  -11,   12,  -26,  -35,   12,
     -16,  -16,  -11,  -24,  -24,  -22,  -18,  -17,  -11,   -6,  -11,   -6,   -6,   -6,  -17,  -17,
     -17,  -17,  -18,  -22,  -17,   -6,   14,  -26,  -24,   14,   -7,   -7,  -11,  -20,   -7,   -7,
     -11,   -7,   -7,   -7,   -7,   -7,  -20,  -20,  -20,  -20,  -20,   -7,  -11,   -5,   -5,   -5,
      -5,  -22,  -11,  -11,  -11,  -11,   -5,   -4,    9,   -4,   -4,    9,   -4,   15,    9,   -4,
     -11,   -4,   -7,  -23,  -16,  -16,  -20,  -25,   -7,   -5,  -34,  -34,  -23,   -9,  -23,  -66,
     -16,  -25,  -45,   -7,   -9,   -9,  -25,  -20,  -16,  -22,  -11,  -22,  -22,  -22,  -22,  -22,
     -22,  -22,  -22,  -11,   11,   11,   11,   11,   11,   11,   15,   11,  -13,  -24,  -24,  -11,
     -11,  -11,   13,  -11,  -24,  -24,  -11,  -24,  -11,  -17,  -20,  -17,  -17,  -17,  -17,  -11,
     -20,  -39,  -20,  -17,  -11,  -16,  -23,   -2,  -23,   -2,   -3,   -4,   -9,   -4,   -4,   -4,
      -9,   -9,   -9,  -23,  -23,   -2,   -3,   -2,   -2,   -4,   -4,   -4,   -9,   -3,  -11,  -44,
     -44,  -15,  -26,   -4,  -31,  -22,   11,  -31,  -11,  -26,   -4,   -4,  -44,  -26,   -3,  -35,
     -35,  -18,  -29,  -37,   11,  -11,   15,  -37,  -29,  -46,  -35,  -29,  -13,  -13,  -11,  -13,
     -17,  -18,  -11,  -13,  -11,  -13,  -17,  -41,  -17,   13,  -17,  -18,  -17,  -18,  -29,    5,
       5,  -20,  -20,  -13,  -11,   -4,   -7,  -11,  -15,  -49,  -29,  -16,  -35,  -42,   -7,   -5,
     -34,  -34,  -49,   -9,  -49,  -15,  -11,  -55,  -16,  -42,  -45,   -7,   -9,   -9,  -42,  -20,
     -16,  -13,  -17,  -15,  -17,  -11,  -11,  -42,  -20,  -18,  -13,  -29,  -11,  -11,  -11,  -11,
     -11,  -42,  -42,  -42,  -42,  -11,  -11,  -29,  -29,  -64,  -11,  -11,  -29,  -28,  -18,  -11,
     -22,  -20,  -11,  -11,   13,  -18,  -13,  -15,  -18,  -18,  -18,  -18,  -15,  -15,  -18,  -15,
     -15,  -11,  -20,  -25,  -12,  -25,  -12,  -22,  -20,  -33,  -31,  -24,  -11,  -11,   15,  -23,
     -25,  -13,  -22,  -13,  -25,  -29,  -42,   -3,  -13,  -42,  -20,  -15,  -23,  -23,  -25,   -9,
     -25,  -13,  -44,   15,   15,   15,  -13,   15,   15,  -11,  -24,  -11,   15,  -11,  -23,  -22,
     -23,  -25,  -35,  -43,  -36,  -36,  -11,  -33,  -33,  -13,  -13,  -18,  -17,  -13,  -18,  -18,
     -18,  -18,  -13,  -13,  -18,  -18,  -41,  -33,   11,   11,   11,   11,   11,   11,  -22,   11,
      11,   11,   13,   11,   13,   13,   24,   26,   26,   11,   13,   13,   17,   24,   13,   22,
      11,   11,   11,   13,   13,   11,   24,   13,   26,   26,   26,   11,   13,   13,   13,   24,
      13,   22,   15,   29,   13,   29,   28,   29,   13,   29,  -18,   17,   41,   29,   41,   13,
      13,   26,   13,   26,   24,   13,   29,   -7,   29,   29,   29,   37,   41,   17,   24,   13,
      29,   13,   29,   29,   13,  -18,  -13,  -31,  -17,  -17,  -24,   -7,   -3,   -7,  -31,  -31,
     -31,  -14,  -15,  -24,  -15,  -14,   -7,  -14,  -24,  -15,  -17,   -4,  -11,  -29,  -17,  -17,
      -9,  -28,   -7,   -6,   -7,  -11,   -4,   -7,  -29,  -29,  -29,  -13,   11,  -13,  -11,   -9,
     -28,  -13,   -7,  -13,   -7,  -13,  -28,  -20,  -17,  -13,  -39,  -17,  -17,  -24,   -7,   -3,
      -7,  -39,  -39,  -39,  -14,  -15,  -24,  -15,  -14,   -7,  -14,  -24,  -15,  -17,   11,    1,
      18,   15,   15,   13,   18,   13,   11,   13,    6,   18,   13,   13,   24,   11,   11,   11,
      22,   22,   13,   11,   13,   13,   13,   24,   15,   22,   13,   13,   13,   11,   11,   11,
     -13,  -13,   11,   13,   11,   11,   24,   13,   13,   13,   26,   13,   11,   13,   11,   13,
      26,   11,   13,   13,   11,   13,    1,   26,   24,   24,   24,   24,   11,   11,   24,   24,
      15,   29,   13,   29,   28,   29,   13,   42,   -7,   17,   41,   42,   41,   24,   13,   26,
      24,   26,   24,   13,   42,   -7,   29,   29,   29,   37,   41,   18,   24,   13,   29,   13,
      29,   29,   13,  -18,   15,   29,   13,   29,   28,   29,   13,   42,   -6,   17,   41,   42,
      41,   13,   13,   26,   13,   28,   24,   13,   42,   -7,   29,   29,   29,   37,   41,   17,
      26,   13,   29,   13,   29,   29,   13,  -18,   15,   29,   13,   29,   28,   29,   13,   42,
     -18,   17,   41,   42,   41,   13,   13,   26,   13,   26,   24,   13,   42,   -7,   29,   29,
      29,   37,   41,   17,   24,   13,   29,   13,   29,   29,   13,  -18,   11,   11,   11,   13,
      13,   13,   11,   13,   13,   13,   24,   13,   26,   26,   26,   11,   13,   13,   13,   13,
      26,   13,   22,  -29,  -55,  -43,  -43,  -15,   14,   -9,  -31,  -22,   -1,  -12,  -57,   -7,
     -22,  -42,  -31,  -20,  -69,  -26,  -57,  -47,  -22,  -31,  -31,  -31,  -31,   14,  -12,   -9,
     -31,   -9,  -22,  -23,  -28,  -13,  -15,  -15,  -35,   -1,   11,    1,   26,   24,   24,   24,
      24,   11,   13,   24,   24,  -29,  -55,  -39,  -43,  -15,   14,   -9,  -31,  -22,   -1,  -12,
     -42,   -7,  -22,  -38,  -31,  -20,  -69,  -26,  -57,  -47,  -22,  -31,  -31,  -31,  -31,   14,
     -12,   -9,  -31,   -9,  -22,  -23,  -28,  -13,  -15,  -15,  -35,   -1,  -11,  -11,  -22,   11,
       1,   26,   11,   24,   11,   24,   24,   24,   11,   11,   24,   24,  -29,  -55,  -27,  -43,
     -15,   14,   -9,  -31,  -22,   -1,  -23,  -53,   -7,  -22,  -40,  -31,  -20,  -69,  -26,  -57,
     -47,  -22,  -31,  -31,  -31,  -31,   14,  -12,   -9,  -31,   -9,  -22,  -23,  -28,  -24,  -15,
     -15,  -35,   -1,  -13,  -20,  -13,  -20,  -11,  -13,  -13,  -18,  -18,  -11,   -6,   11,   11,
       3,    3,    3,  -13,  -24,  -13,   -6,   -6,    3,   -6,  -18,  -18,  -18,   13,  -18,  -18,
     -13,  -18,    3,    3,   -6,    6,  -26,  -20,    6,  -16,  -16,  -24,  -15,  -11,  -24,   -3,
     -24,  -24,  -24,   11,  -24,  -24,  -24,  -24,  -17,  -17,  -11,  -11,  -34,  -22,  -47,  -22,
     -26,  -22,  -22,  -26,  -28,  -10,  -29,  -18,  -24,  -26,  -18,  -24,  -35,  -20,  -20,  -40,
     -26,  -34,  -42,  -34,  -35,  -49,  -17,  -37,  -37,  -42,   29,  -42,  -41,  -31,   29,   29,
      29,  -26,  -37,  -20,   42,   29,  -29,  -28,  -10,  -10,  -20,  -20,  -20,  -24,  -20,  -24,
      29,  -24,  -26,  -39,  -39,  -40,  -40,  -11,  -34,  -11,  -47,  -11,  -26,  -22,  -11,  -26,
     -28,  -10,  -29,  -18,  -24,  -26,  -18,  -24,  -24,  -20,  -20,  -20,  -15,  -34,  -42,  -34,
     -24,  -49,  -17,  -37,  -37,  -42,   29,  -42,  -41,  -31,   29,   29,   29,  -26,  -37,  -20,
      42,   29,  -29,  -28,  -10,  -10,  -20,  -20,  -20,  -24,  -20,  -24,   29,  -24,  -26,  -39,
     -39,  -40,  -40,  -11,  -23,  -22,  -47,  -22,  -26,  -22,  -11,  -26,  -11,  -46,  -10,  -68,
     -18,  -24,  -26,  -18,  -24,  -24,  -20,  -20,  -20,  -15,  -23,  -42,  -23,  -24,  -49,  -17,
     -37,  -37,  -42,   29,  -42,  -41,  -31,   29,   29,   29,  -26,  -37,  -20,   42,   29,  -29,
     -28,  -10,  -10,  -20,  -20,  -20,  -24,  -20,  -24,   29,  -24,  -26,  -77,  -39,  -63,  -40,
     -17,  -16,  -31,  -16,  -31,  -11,  -17,  -24,  -20,  -19,  -11,  -20,  -17,  -17,  -11,  -11,
     -16,  -18,  -16,  -27,  -17,  -17,  -17,  -17,  -17,   15,  -20,  -19,  -11,  -11,  -17,  -11,
     -17,  -17,  -35,  -31,  -29,  -29,  -15,  -15,  -15,  -24,   -5,   -5,   -5,   -5,  -22,  -24,
     -24,  -11,  -11,   -5,   11,   11,   11,   13,   13,   11,   13,   13,   13,   24,   13,   24,
      26,   26,   11,   13,   13,   13,   18,   24,   13,   22,   -4,  -11,  -39,  -17,  -17,   -9,
     -28,   -7,   -6,   -7,  -11,   -4,   -7,  -39,  -39,  -39,  -13,   11,  -13,  -11,   -9,  -28,
     -13,   -7,  -13,   -7,  -13,  -28,  -20,  -17,  -34,  -34,  -22,  -11,  -11,  -13,   11,  -11,
     -13,  -20,  -34,  -17,  -51,   -5,  -11,  -49,  -13,   11,   11,   11,   28,  -13,  -11,  -13,
      28,   28,   28,   11,  -13,  -11,   11,   15,   28,  -11,  -11,  -13,   11,   28,  -13,  -11,
      11,  -31,  -18,  -31,  -41,  -31,   13,  -17,  -18,  -17,  -18,  -13,    5,    5,   11,   11,
      11,   11,   11,   11,   11,   11,   11,   13,   11,   11,   11,   11,   11,   11,   24,   11,
      24,   26,   26,   11,   13,   13,   11,   11,   24,   13,   22,   15,   29,   13,   29,   28,
      29,   13,   41,   -6,   17,   41,   41,   41,   24,   13,   26,   26,   26,   24,   13,   41,
      -7,   29,   29,   29,   37,   41,   15,   26,   13,   29,   13,   29,   29,   13,  -18,   24,
      24,   24,   24,   24,   24,   -4,  -11,  -11,  -13,  -17,  -17,   -9,  -28,   -7,   -6,   -7,
     -11,   -4,   -7,  -13,  -13,  -13,  -13,  -13,  -11,   -9,  -28,  -13,   -7,  -13,   -7,  -13,
     -28,  -20,  -17,  -11,  -23,  -11,  -47,  -11,  -26,  -22,  -11,  -26,  -28,  -10,  -29,  -18,
     -24,  -26,  -18,  -24,  -24,  -20,  -20,  -20,  -15,  -23,  -42,  -23,  -24,  -49,  -17,  -24,
     -24,  -26,   29,  -26,  -24,  -20,   29,   29,   29,  -26,  -24,  -20,   42,   29,  -29,  -28,
     -10,  -10,  -20,  -20,  -20,  -24,  -20,  -24,   29,  -24,  -26,  -39,  -39,  -40,  -40,   11,
       1,    1,   24,   24,   24,   24,   24,   24,  -11,  -11,  -18,  -17,  -26,  -11,   -4,  -11,
     -13,  -17,  -17,   -9,  -28,   -7,   -6,   -7,  -11,   -4,   -7,  -13,  -13,  -13,  -13,  -13,
     -11,   -9,  -28,  -13,   -7,  -13,   -7,  -13,  -28,  -20,  -17,  -34,  -34,  -22,  -11,  -11,
     -13,   11,  -11,  -13,  -20,  -34,  -17,  -51,   -5,  -11,  -49,  -13,   11,   11,   11,   28,
     -13,  -11,  -13,   28,   28,   28,   11,  -13,  -11,   11,   28,  -11,  -11,  -13,   11,   28,
     -13,  -11,  -26,  -26,  -11,   -1,  -17,  -20,  -11,  -28,  -22,  -19,  -24,  -26,    2,  -11,
     -22,  -22,  -24,  -11,  -23,  -26,   -3,  -11,  -11,    2,    2,    2,   15,  -22,   15,   15,
      15,    2,  -28,  -28,  -28,    2,   15,  -28,  -24,  -11,  -28,  -11,  -22,    2,   15,  -24,
     -42,  -33,  -33,  -19,   11,   11,   11,   11,   11,  -18,   11,   20,   11,  -56,  -56,  -13,
     -35,  -17,   -4,   -9,  -33,  -29,  -38,   -2,  -37,  -15,   -9,   -9,   -9,  -21,  -11,  -13,
      -4,  -11,  -20,  -18,  -15,   -9,  -20,  -25,  -12,  -25,  -12,  -22,  -20,  -33,  -31,  -24,
     -11,  -11,   15,  -23,  -25,  -13,  -22,  -13,  -25,  -29,  -42,   -3,  -13,  -42,  -20,  -15,
     -23,  -23,  -25,  -25,  -13,  -25,   15,   15,   15,  -13,   15,  -11,  -24,  -11,   15,  -11,
     -23,  -22,  -23,  -25,  -35,  -43,  -36,  -36,  -11,  -15,  -15,  -13,  -11,  -10,  -11,   -4,
     -11,  -13,   -2,  -10,  -10,  -10,  -10,  -11,  -21,  -11,  -21,  -11,  -11,  -29,  -15,  -22,
     -22,  -18,  -17,   -4,   -9,  -22,  -13,  -22,   -2,  -37,   -9,   -9,   -9,   -4,   -4,   -9,
     -15,  -15,  -13,  -11,  -15,  -11,  -24,  -15,  -11,  -24,   -3,  -24,  -24,  -24,  -24,  -24,
     -24,  -24,  -17,  -17,  -11,   -9,  -29,   -9,  -29,  -20,  -17,   -9,   -9,   -9,  -13,  -20,
      -9,   -9,   -9,   -9,   -9,   -9,  -20,  -20,  -20,  -20,  -20,  -15,  -15,   -9,   -9,   -9,
     -39,  -29,  -13,  -13,  -18,   15,   -7,   -7,  -11,  -20,   -7,   -7,  -11,   -7,   -7,   -7,
      -7,   -7,  -20,  -20,  -20,  -20,  -20,  -11,   -7,  -13,  -24,  -20,   -2,   -2,  -24,  -24,
     -24,   -4,  -24,  -20,  -24,   -2,   -4,   -4,  -20,   -9,  -59,   -9,  -59,  -20,  -17,   -9,
      -9,   -9,  -13,  -20,   -9,   -9,   -9,   -9,   -9,   -9,  -20,  -20,  -20,  -20,  -20,  -15,
     -15,   -9,   -9,   -9,  -63,  -59,  -13,  -13,  -18,  -11,  -11,  -18,  -11,  -13,  -22,  -20,
     -11,  -11,  -26,   -6,   -7,  -13,  -13,   -6,   -6,   -7,   13,   -7,   13,   13,   13,   -7,
     -11,  -11,  -11,   13,  -11,  -20,  -22,  -11,  -11,  -15,  -15,   -6,   13,   -6,   -7,  -11,
      12,  -26,  -35,   12,  -16,  -16,   -7,   -7,   -5,   -9,    4,  -11,   -3,   -3,   -5,   -2,
      -3,   -7,   -7,   -7,   -4,   -2,   -2,    4,    4,    4,   -2,  -11,  -11,  -11,    4,    4,
     -11,    4,   -5,  -11,   -3,   -2,   -5,  -13,    9,   -4,    9,   11,   11,   -3,   -9,  -32,
     -32,   -9,  -55,   -9,   -9,   -7,  -18,   -9,  -32,  -32,  -32,  -18,  -32,   -9,  -55,  -32,
      -7,  -18,   -9,  -18,  -55,  -23,   11,   11,   11,   13,   11,   13,   13,   13,   13,   13,
      13,   22,   15,   29,   13,   29,   28,   29,   13,   29,  -18,   17,   29,   29,   29,   13,
      13,   13,   13,   13,   13,   13,   29,  -18,   29,   29,   29,   13,   29,   13,   13,   29,
      37,   29,   29,   13,  -18,  -17,  -16,  -31,  -16,  -31,  -24,  -11,  -20,  -24,  -20,  -21,
     -11,  -31,  -26,  -17,  -17,  -15,  -16,  -18,  -36,  -29,  -13,  -17,  -17,  -17,   28,  -17,
      28,   28,   28,  -17,   28,  -31,  -21,  -11,  -11,  -17,  -15,   28,  -17,  -17,  -37,  -31,
     -30,  -30,   -9,  -18,   -9,  -18,   -9,  -20,  -11,  -20,    3,   -5,   -5,   -7,   -7,   -9,
     -13,   -9,   -9,   -7,   -5,   -5,   -7,   33,   -7,   33,   33,   33,   -7,   33,  -20,  -11,
       3,   -5,   -7,   33,   -5,   -7,    3,  -29,   -7,  -18,  -13,  -13,  -13,   13,  -15,  -17,
     -17,  -24,   11,   -7,   -3,   11,   11,   11,   -7,   13,   13,   13,   11,  -15,  -15,  -15,
      13,   11,  -14,   15,  -15,  -24,  -15,  -14,   -7,  -14,   11,   11,  -24,  -15,  -17,  -13,
      11,  -15,  -17,  -17,  -24,   -7,   -3,   -7,   11,   11,   11,  -15,  -15,  -15,   11,  -14,
      15,  -15,  -24,  -15,  -14,   -7,  -14,  -24,  -15,  -17,   11,  -17,  -17,  -17,  -28,   -6,
      -5,   -6,   -6,   11,   11,   11,  -17,  -17,  -17,   11,   -6,   15,  -17,  -28,  -17,   -5,
      -6,   -6,   -6,  -28,  -17,  -17,  -17,  -17,  -28,   -6,   -5,   -6,   -6,  -17,  -17,  -17,
      -6,   15,  -17,  -28,  -17,   -5,   -6,   -6,   -6,  -28,  -17,   11,   11,   11,   13,   11,
      11,   11,   11,   11,   24,   13,   24,   26,   26,   11,   13,   13,   11,   17,   24,   13,
      22,   11,   11,   11,   13,   11,   13,   13,   24,   26,   26,   11,   13,   13,   13,   24,
      13,   22,   -4,  -11,   11,  -13,  -17,  -17,   -9,  -28,   -7,   -6,   -7,  -11,   -4,   -7,
      11,   11,   11,  -13,  -13,  -13,   11,  -13,   13,  -13,  -11,   -9,  -28,  -13,   -7,  -13,
      -7,  -13,  -28,  -20,  -17,   -4,  -11,  -13,  -17,  -17,   -9,  -28,   -7,   -6,   -7,  -11,
      -4,   -7,  -13,  -13,  -13,  -13,   15,  -13,  -11,   -9,  -28,  -13,   -7,  -13,   -7,  -13,
     -28,  -20,  -17,  -15,  -15,  -13,  -11,  -10,  -11,   -4,  -11,  -13,   11,   -2,   11,   11,
      11,   11,  -10,  -10,  -10,   11,   15,  -10,  -11,   -4,  -11,  -10,  -11,  -11,  -13,  -15,
     -11,  -23,  -22,  -47,  -22,  -26,  -22,  -11,  -26,  -28,  -10,  -29,  -18,  -24,  -26,  -18,
     -24,  -24,  -20,  -20,  -20,  -15,  -23,  -42,  -23,  -24,  -49,  -17,  -37,  -37,  -42,   29,
     -42,  -41,  -31,   29,   29,   29,  -26,  -37,  -20,   55,   29,  -29,  -28,  -10,  -10,  -20,
     -20,  -20,  -24,  -20,  -24,   29,  -24,  -26,  -39,  -39,  -40,  -40,  -17,  -18,   11,   11,
      11,   11,   11,  -17,  -41,  -17,   13,   11,  -17,  -18,  -17,  -18,  -13,    5,    5,  -20,
     -25,  -23,  -25,  -23,  -22,  -20,  -33,  -31,  -24,  -11,  -22,   15,  -23,  -25,  -13,  -22,
     -13,  -25,  -29,  -42,   -3,  -13,  -42,  -20,  -15,  -23,  -23,  -25,   -9,  -25,  -13,  -44,
      15,   15,   15,  -13,   13,   15,  -11,  -24,  -11,   15,  -11,  -23,  -22,  -23,  -25,  -35,
     -43,  -36,  -36,  -11,  -20,  -25,  -23,  -25,  -23,  -22,  -20,  -33,  -31,  -24,  -11,  -22,
      15,  -23,  -25,  -13,  -22,  -13,  -25,  -29,  -42,   -3,  -13,  -42,  -20,  -15,  -23,  -23,
     -25,   -9,  -25,  -13,  -44,   15,   15,   15,  -13,   15,   15,  -11,  -24,  -11,   15,  -11,
     -23,  -22,  -23,  -25,  -35,  -43,  -36,  -36,  -11,  -11,  -11,  -18,  -11,  -13,  -22,  -20,
     -11,  -11,  -26,   -6,   -7,  -13,  -13,   -6,   -6,   -7,   13,   13,   -7,   13,   13,   28,
      13,   -7,  -11,  -31,  -11,   11,   26,  -11,  -20,  -22,  -11,  -11,  -15,  -15,   -6,   13,
      -6,   -7,  -11,   12,  -26,  -35,   12,  -16,  -16,  -20,  -28,  -28,  -31,  -20,  -31,  -48,
     -20,  -48,  -20,  -31,  -17,  -46,  -28,  -41,  -28,  -31,  -41,  -22,  -20,  -33,  -20,  -33,
     -46,  -15,  -31,  -13,  -18,  -31,  -18,  -44,  -41,  -13,  -18,  -20,   -7,  -25,    5,  -13,
       5,  -35,  -28,  -20,  -28,   -4,  -20,  -22,  -18,  -18,  -20,  -20,  -13,    5,  -20,  -13,
     -41,  -17,  -44,  -13,  -39,  -20,    5,  -18,  -36,  -18,  -20,  -61,  -33,  -42,  -22,  -31,
     -29,  -20,  -35,  -17,  -17,  -31,  -31,  -62,  -31,   17,  -35,  -20,  -48,   20,  -17,  -17,
     -11,  -13,  -35,  -41,  -31,  -31,  -20,  -27,   -8,  -28,   -9,   -5,   -5,   -7,   -2,  -29,
     -11,  -12,  -44,  -17,  -22,  -11,  -22,  -29,  -11,  -12,  -11,  -29,  -29,  -23,  -19,  -44,
    -103,  -19,   -4,    7,   -2,   -7,   -3,  -13,   -2,    4,  -29,  -40,  -30,  -29,  -36,   20,
     -16,  -16,   20,  -40,  -40,  -63,  -40,  -36,  -13,  -50,  -16,   20,  -36,  -29,  -29,  -40,
     -30,  -29,  -36,   20,  -16,  -16,   20,  -40,  -40,  -63,  -40,  -36,  -13,  -40,  -16,   20,
     -36,  -29,  -29,  -40,  -30,  -29,  -36,   20,  -16,  -16,   20,  -40,  -40,  -40,  -40,  -36,
     -13,  -40,  -16,   20,  -36,  -29,  -22,  -22,  -13,  -17,  -22,  -31,  -26,  -11,  -20,  -26,
     -24,  -11,  -26,  -11,  -44,  -31,  -31,  -11,  -11,  -11,
};

static const EpdFontData kimchi_ui_10_regular = {
    kimchi_ui_10_regularBitmaps,
    kimchi_ui_10_regularGlyphs,
    kimchi_ui_10_regularIntervals,
    1657,
    25,
    20,
    -6,
    true,
    kimchi_ui_10_regularGroups,
    39,
    nullptr,
    nullptr,  // kernLeftClasses: built-in fonts use the split arrays below
    nullptr,  // kernRightClasses
    kimchi_ui_10_regularKernLeftCodepoints,
    kimchi_ui_10_regularKernLeftClassIds,
    kimchi_ui_10_regularKernRightCodepoints,
    kimchi_ui_10_regularKernRightClassIds,
    nullptr,  // kernMatrix: built-in fonts use the sparse form below
    kimchi_ui_10_regularKernRowOffsets,
    kimchi_ui_10_regularKernSparseCols,
    kimchi_ui_10_regularKernSparseValues,
    733,
    731,
    173,
    147,
    nullptr,
    0,
};
